comparison_type,group_A,group_B,N_A,N_B,mean_A,mean_B,mean_difference_B_minus_A,median_A,median_B,median_difference_B_minus_A,SD_A,SD_B,SD_ratio_B_over_A,IQR_A,IQR_B,wasserstein_distance,P05_difference_B_minus_A,P25_difference_B_minus_A,P75_difference_B_minus_A,P95_difference_B_minus_A,P99_difference_B_minus_A
pooled_weather,Clear,Rain,3050121,215014,0.6217374587344199,0.6547038693007173,0.032966410566297455,0.734564667636877,0.7790428199242082,0.04447815228733121,1.4783786610521161,1.5125826352672285,1.0231361390124303,0.5611698102707106,0.5588626083864354,0.0405114775406599,-0.03175705606758894,0.021175087851097563,0.018867885966822318,0.12472567574211801,0.24664927522165936
same_hour_weather,Clear 00,Rain 00,94466,14109,0.5984329673243352,0.5602117056864759,-0.038221261637859216,0.6906587366963226,0.7561100732706882,0.06545133657436564,1.662968383505969,1.932934434184344,1.1623398576641706,0.7180287921360867,0.8863682512874786,0.20915766114595905,-0.7635802706740229,-0.10499488035332344,0.06334457879806854,0.5768691674410955,0.6049143577809986
same_hour_weather,Clear 01,Rain 01,56391,970,0.6109066909479987,0.4519689400576497,-0.15893775089034895,0.7238383530127476,0.42932583807220104,-0.29451251494054653,1.6275366254579704,1.3002907042013991,0.7989317621872332,0.7545901598203657,0.5649065967838867,0.30166982933915004,0.5646808608446815,0.045407774476688256,-0.14427578855979084,-0.7216042188246237,-2.7090327399304295
same_hour_weather,Clear 02,Rain 02,35516,5060,0.6107220556197488,0.5676935416313932,-0.04302851398835561,0.7557885863606996,0.7664030963789121,0.010614510018212564,1.6857285705086587,2.0713003877845892,1.228727105906253,0.7807937659664332,0.9199040285201159,0.23880704666427402,-0.8010975711964461,-0.09092971181083692,0.04818055074284566,0.6409720508341383,1.6070191954496638
same_hour_weather,Clear 03,Rain 03,23313,6262,0.6414715803995302,0.6587815278323764,0.017309947432846196,0.7270704502756884,0.7905455961659138,0.0634751458902254,1.7075135478797652,2.002698283923624,1.1728740228213077,0.8023364281097186,0.9004932237384426,0.17142010642154187,-0.3442940558374652,-0.0559113637671739,0.042245431861550164,0.5474522546787575,1.488525487273491
same_hour_weather,Clear 04,Rain 04,19257,2429,0.5811928961746947,0.6519030268955908,0.07071013072089605,0.5171074168535321,0.5766853537394996,0.059577936885967464,1.7981441030603966,1.7623058984679705,0.9800693367503581,0.776572944561238,0.7711662696091764,0.08022019495017284,0.31803008672275723,0.02812609407197919,0.022719419119917594,0.09797580422383323,0.4106542556428625
same_hour_weather,Clear 06,Rain 06,64055,2296,0.6653848154065725,0.6594479614596858,-0.0059368539468867,0.6821869836328238,0.6658504009800781,-0.016336582652745735,1.6497571178154828,1.4722657782449484,0.8924136543168496,0.6990274663321977,0.6633690362783409,0.08421717675042417,0.28265029020015997,0.013549275372077785,-0.022109154681778986,-0.1712068625167844,-1.0592822942140678
same_hour_weather,Clear 07,Rain 07,117426,24795,0.6733392685910262,0.7295584225759116,0.05621915398488542,0.7889836142023974,0.818512122585838,0.029528508383440677,1.7480303967461743,1.6757921208315025,0.9586744738254336,0.6649771266718796,0.6341429712419986,0.07086353998137786,0.310024028344869,0.030834155429880994,0.0,-0.06174562688905283,0.14987490105753754
same_hour_weather,Clear 08,Rain 08,163042,12153,0.6137949676631904,0.664989565481437,0.051194597818246534,0.7482381827757053,0.7926711798183047,0.0444329970425994,1.7225808872339439,1.48571661866754,0.862494545062118,0.5910792140031667,0.5384586962249703,0.134999425445395,0.5597490651643682,0.05634765631822414,0.003727138540027819,-0.2129342715114788,-1.0293620217297246
same_hour_weather,Clear 09,Rain 09,163703,10587,0.6144051200743551,0.6808659864494789,0.06646086637512383,0.714804597174999,0.7822947826618215,0.06749018548682251,1.4804209519837859,1.2446882153906982,0.8407664142572406,0.5499263961952761,0.5013326695266601,0.14017159663499765,0.4957165877561711,0.06591106043155504,0.01731733376293909,-0.19266771315301412,-1.1375828353943502
same_hour_weather,Clear 13,Rain 13,152341,18293,0.6161767622754484,0.6759225626732489,0.05974580039780053,0.7074578515291577,0.7511544366967565,0.04369658516759878,1.3451360216803072,1.1622150946225205,0.8640130632816695,0.502940272342459,0.41880511783287167,0.1145081663428821,0.38382595626087157,0.07794546464519475,-0.006189689864392611,-0.14505630472441466,-0.5537110900886484
same_hour_weather,Clear 14,Rain 14,191474,14109,0.6114261798367369,0.6572363534595504,0.04581017362281359,0.7104267270516574,0.7298196420221424,0.01939291497048501,1.3651808086137756,1.1375591451351912,0.8332662882144419,0.47522801458320135,0.41929176261163614,0.11320341700347575,0.4103155690002473,0.043967339449464016,-0.011968912522101194,-0.21834671025074814,-0.580975828243564
same_hour_weather,Clear 15,Rain 15,207217,16887,0.5660795711866596,0.6111576786385188,0.04507810745185914,0.6925427891895951,0.7315779648933649,0.0390351757037698,1.4367438321929327,1.2486211984297633,0.869063204206672,0.4909115326999124,0.41632941370240295,0.10570500657622062,0.3427338802732969,0.07182950545629263,-0.0027526135412168085,-0.1537805495927953,-1.0036640468437623
same_hour_weather,Clear 16,Rain 16,188333,3593,0.6512571574658815,0.7913841274689837,0.14012697000310215,0.7503010280470894,0.9055191634173957,0.15521813537030626,1.2208516855020743,1.3688788537938497,1.1212491001565839,0.4594684975793913,0.5170776328440031,0.19299403200862417,0.2547641422737713,0.07700727307349392,0.13461640833810573,0.3773613633717079,0.26607124496367174
same_hour_weather,Clear 17,Rain 17,185684,11200,0.6384705660433814,0.7318695667077892,0.09339900066440787,0.7734894235899158,0.838207004118244,0.06471758052832821,1.3049779256931293,1.2518286772873708,0.9592719176628764,0.48302933159769634,0.4521442950798774,0.09924018628647512,0.3197410493714869,0.06658430479253119,0.03569926827471226,0.11147798388480168,0.21646710278455306
same_hour_weather,Clear 18,Rain 18,169155,18393,0.6529298249008428,0.6389405231084968,-0.013989301792346032,0.7871166057620406,0.8028747055174312,0.015758099755390664,1.3455233542126077,1.285709553861544,0.9555460704834318,0.4955180514660472,0.4821206305498269,0.03429805785472371,0.012379846264732208,0.010894621758530287,-0.0025027991576900277,-0.1140462176517203,-0.5538460043369122
same_hour_weather,Clear 19,Rain 19,147729,19030,0.6503316405395002,0.6379020435696399,-0.012429596969860346,0.8029692142532177,0.7521993477323365,-0.05076986652088111,1.3418181065143089,1.4894758290860473,1.1100430243524693,0.5394138475140503,0.5439402765672186,0.07522684152775946,-0.12118913240533191,-0.02498087480083705,-0.02045444574766886,0.1415401491253887,1.2149209754668897
same_hour_weather,Clear 20,Rain 20,167377,9786,0.657487115026388,0.5733900319982139,-0.08409708302817409,0.8041140652042125,0.8343192621799325,0.030205196975719995,1.5737152137589567,1.7899129826813858,1.1373804911029752,0.597491114029947,0.615540416554312,0.12485753615462974,-0.7488693361462571,-0.012402388579154822,0.005646913945210108,0.09479250031744368,0.05317635047841929
same_hour_weather,Clear 21,Rain 21,154879,12305,0.626672250248116,0.7081301180155432,0.08145786776742714,0.785350026028712,0.8279283635765621,0.04257833754785012,1.6870896532869184,1.5304778911068675,0.9071704566055943,0.6328062199418877,0.6136248436773886,0.09903894530112045,0.4734035032039954,0.031759300310272576,0.012577924045773403,-0.02823368121083547,-0.2876058925595615
same_hour_weather,Clear 22,Rain 22,141078,5957,0.6210324078140261,0.6729013389844056,0.051868931170379495,0.7331814335030937,0.8079319448784859,0.07475051137539213,1.6456219783620436,1.5545569176715843,0.944662223835209,0.6565933313595101,0.6769183292100981,0.07961187823058714,0.260454330731275,0.015128203051208655,0.0354532009017966,0.06607311807921912,-0.322554947084674
same_hour_weather,Clear 23,Rain 23,112367,6800,0.6261232889595361,0.5485602768388994,-0.07756301212063665,0.6955343457414775,0.6802470206786686,-0.015287325062808943,1.582830852933968,1.874207503496781,1.1840857789843502,0.6778077681699133,0.7018964678453873,0.16226613912478627,-0.8318723100880039,-0.04614025561562607,-0.022051555940152068,0.22938172873988227,1.2632729711697648
within_weather_hour_pair,Clear 00,Clear 01,94466,56391,0.5984329673243352,0.6109066909479987,0.012473723623663502,0.6906587366963226,0.7238383530127476,0.033179616316424965,1.662968383505969,1.6275366254579704,0.9786936670598034,0.7180287921360867,0.7545901598203657,0.030016870323469405,0.06338859184831236,-0.030327991228955742,0.006233376455323292,-0.046218096296348765,-0.1156579357976879
within_weather_hour_pair,Clear 00,Clear 02,94466,35516,0.5984329673243352,0.6107220556197488,0.012289088295413642,0.6906587366963226,0.7557885863606996,0.06512984966437696,1.662968383505969,1.6857285705086587,1.0136864820933669,0.7180287921360867,0.7807937659664332,0.03587349529659882,-0.007599233115715975,-0.0397954614713214,0.022969512359025113,0.04096666538894045,0.25528042566777476
within_weather_hour_pair,Clear 00,Clear 03,94466,23313,0.5984329673243352,0.6414715803995302,0.043038613075195076,0.6906587366963226,0.7270704502756884,0.03641171357936579,1.662968383505969,1.7075135478797652,1.0267865371438292,0.7180287921360867,0.8023364281097186,0.060209746816919985,0.03338521589158994,-0.03142005803979017,0.05288757793384169,0.13860492352734033,0.4779398805204176
within_weather_hour_pair,Clear 00,Clear 04,94466,19257,0.5984329673243352,0.5811928961746947,-0.017240071149640435,0.6906587366963226,0.5171074168535321,-0.17355131984279049,1.662968383505969,1.7981441030603966,1.081285802481369,0.7180287921360867,0.776572944561238,0.09969450476262479,-0.13527386119986673,-0.05189530632438752,0.006648846100763772,0.18105180524641717,1.0535448308765831
within_weather_hour_pair,Clear 00,Clear 05,94466,31605,0.5984329673243352,0.5866008699097299,-0.011832097414605225,0.6906587366963226,0.49589052106436127,-0.19476821563196134,1.662968383505969,1.6054244239551354,0.9653968409011385,0.7180287921360867,0.7009115148438364,0.08914932164497748,0.2672850027567766,0.015090809632238189,-0.0020264676600121323,-0.042836979877771686,-0.30268573012466593
within_weather_hour_pair,Clear 00,Clear 06,94466,64055,0.5984329673243352,0.6653848154065725,0.06695184808223731,0.6906587366963226,0.6821869836328238,-0.008471753063498788,1.662968383505969,1.6497571178154828,0.9920556122283977,0.7180287921360867,0.6990274663321977,0.0711845980778505,0.2712248963756234,0.04694848403697505,0.027947158233086022,0.07820470164519211,0.04587559021255405
within_weather_hour_pair,Clear 00,Clear 07,94466,117426,0.5984329673243352,0.6733392685910262,0.07490630126669107,0.6906587366963226,0.7889836142023974,0.09832487750607477,1.662968383505969,1.7480303967461743,1.051150709829415,0.7180287921360867,0.6649771266718796,0.10795161171966007,-0.038445764327149634,0.07773962344965613,0.024687957985448983,0.1959778275034476,0.38663482806725735
within_weather_hour_pair,Clear 00,Clear 08,94466,163042,0.5984329673243352,0.6137949676631904,0.015362000338855264,0.6906587366963226,0.7482381827757053,0.0575794460793827,1.662968383505969,1.7225808872339439,1.0358470457521847,0.7180287921360867,0.5910792140031667,0.09691582460567635,-0.10090456613887366,0.08583961412523256,-0.041109964007687516,-0.10460157627830968,0.2933098506613945
within_weather_hour_pair,Clear 00,Clear 09,94466,163703,0.5984329673243352,0.6144051200743551,0.015972152750019952,0.6906587366963226,0.714804597174999,0.024145860478676395,1.662968383505969,1.4804209519837859,0.8902279602349831,0.7180287921360867,0.5499263961952761,0.17151859089908406,0.4099841617267227,0.09704706610027147,-0.0710553298405392,-0.4669049117008959,-0.8170784811974805
within_weather_hour_pair,Clear 00,Clear 10,94466,153317,0.5984329673243352,0.598404848658577,-2.8118665758136707e-05,0.6906587366963226,0.6952035807465887,0.004544844050266117,1.662968383505969,1.3241217252951694,0.7962398674733533,0.7180287921360867,0.5267792008590237,0.24303589466332742,0.6055931316433131,0.10222467074021219,-0.08902492053685074,-0.6765716260219119,-1.7140880879992118
within_weather_hour_pair,Clear 00,Clear 11,94466,142417,0.5984329673243352,0.5854976330686645,-0.012935334255670616,0.6906587366963226,0.6845311275340878,-0.0061276091622347595,1.662968383505969,1.329943424560903,0.7997406551753179,0.7180287921360867,0.5122168906793734,0.2500373072768838,0.601691342653179,0.10357135284839658,-0.10224054860831677,-0.7518107831928789,-1.6965094288134424
within_weather_hour_pair,Clear 00,Clear 12,94466,167979,0.5984329673243352,0.5982787984943126,-0.00015416883002250525,0.6906587366963226,0.6985477962272834,0.007889059530960751,1.662968383505969,1.327537160626149,0.7982936860334988,0.7180287921360867,0.5138231837662754,0.2469585893668331,0.5943593275525051,0.11029800358252023,-0.09390760478729099,-0.727556056537348,-1.5734606166258862
within_weather_hour_pair,Clear 00,Clear 13,94466,152341,0.5984329673243352,0.6161767622754484,0.017743794951113223,0.6906587366963226,0.7074578515291577,0.016799114832835138,1.662968383505969,1.3451360216803072,0.8088764855796063,0.7180287921360867,0.502940272342459,0.24379291865734545,0.6236434402212235,0.1268104308987022,-0.0882780888949255,-0.6581840828719099,-1.5218748754551434
within_weather_hour_pair,Clear 00,Clear 14,94466,191474,0.5984329673243352,0.6114261798367369,0.012993212512401708,0.6906587366963226,0.7104267270516574,0.01976799035533483,1.662968383505969,1.3651808086137756,0.8209301043568971,0.7180287921360867,0.47522801458320135,0.249098484615809,0.6123343916650912,0.14768887497447153,-0.09511190257841384,-0.6925318297925784,-1.5282237012980664
within_weather_hour_pair,Clear 00,Clear 15,94466,207217,0.5984329673243352,0.5660795711866596,-0.032353396137675516,0.6906587366963226,0.6925427891895951,0.0018840524932725033,1.662968383505969,1.4367438321929327,0.8639634081099629,0.7180287921360867,0.4909115326999124,0.20386286998876355,0.28330402125274246,0.121811949137283,-0.10530531029889134,-0.6954656149908274,-1.1637168174710144
within_weather_hour_pair,Clear 00,Clear 16,94466,188333,0.5984329673243352,0.6512571574658815,0.05282419014154638,0.6906587366963226,0.7503010280470894,0.05964229135076682,1.662968383505969,1.2208516855020743,0.7341400459629919,0.7180287921360867,0.4594684975793913,0.3081814607540433,0.7952381361718769,0.1784811883828002,-0.08007910617389524,-0.7730998474962067,-1.9801593329628835
within_weather_hour_pair,Clear 00,Clear 17,94466,185684,0.5984329673243352,0.6384705660433814,0.04003759871904622,0.6906587366963226,0.7734894235899158,0.08283068689359319,1.662968383505969,1.3049779256931293,0.7847280433208821,0.7180287921360867,0.48302933159769634,0.26310478135994403,0.5639803677344429,0.1696917340370706,-0.06530772650131977,-0.6950419315736738,-1.7785619573251852
within_weather_hour_pair,Clear 00,Clear 18,94466,169155,0.5984329673243352,0.6529298249008428,0.054496857576507685,0.6906587366963226,0.7871166057620406,0.09645786906571796,1.662968383505969,1.3455233542126077,0.809109401933364,0.7180287921360867,0.4955180514660472,0.24394519983790006,0.5256322696149845,0.1680221195004924,-0.05448862116954711,-0.6111677704336747,-1.5482389626100046
within_weather_hour_pair,Clear 00,Clear 19,94466,147729,0.5984329673243352,0.6503316405395002,0.05189867321516506,0.6906587366963226,0.8029692142532177,0.11231047755689505,1.662968383505969,1.3418181065143089,0.8068813092437801,0.7180287921360867,0.5394138475140503,0.22333210812221047,0.47151236279346986,0.14333885522119538,-0.03527608940084104,-0.5524826592714605,-1.582957906671675
within_weather_hour_pair,Clear 00,Clear 20,94466,167377,0.5984329673243352,0.657487115026388,0.05905414770205286,0.6906587366963226,0.8041140652042125,0.11345532850788986,1.662968383505969,1.5737152137589567,0.9463290038269739,0.7180287921360867,0.597491114029947,0.12389631128876562,0.25256141434139634,0.12053767810613963,0.0,-0.2713733031368808,-0.49088966262633527
within_weather_hour_pair,Clear 00,Clear 21,94466,154879,0.5984329673243352,0.626672250248116,0.028239282923780862,0.6906587366963226,0.785350026028712,0.09469128933238935,1.662968383505969,1.6870896532869184,1.014504947911334,0.7180287921360867,0.6328062199418877,0.08340986898251382,-0.030625966718909492,0.09071627358400702,0.005493701389807981,-0.12599638934692914,-0.1874330575932328
within_weather_hour_pair,Clear 00,Clear 22,94466,141078,0.5984329673243352,0.6210324078140261,0.02259944048969098,0.6906587366963226,0.7331814335030937,0.04252269680677112,1.662968383505969,1.6456219783620436,0.9895690108627594,0.7180287921360867,0.6565933313595101,0.050040428170221085,0.058313065795447594,0.06143546077657658,0.0,-0.08499783773677283,-0.16833471554166124
within_weather_hour_pair,Clear 00,Clear 23,94466,112367,0.5984329673243352,0.6261232889595361,0.02769032163520091,0.6906587366963226,0.6955343457414775,0.004875609045154938,1.662968383505969,1.582830852933968,0.951810550719521,0.7180287921360867,0.6778077681699133,0.05311929966246011,0.20726486292218538,0.040646439190694106,0.0004254152245206644,-0.08119566092806663,-0.30268573012466593
within_weather_hour_pair,Clear 01,Clear 02,56391,35516,0.6109066909479987,0.6107220556197488,-0.0001846353282498603,0.7238383530127476,0.7557885863606996,0.031950233347951995,1.6275366254579704,1.6857285705086587,1.0357546147597838,0.7545901598203657,0.7807937659664332,0.03447750980743511,-0.07098782496402833,-0.009467470242365661,0.01673613590370182,0.08718476168528921,0.37093836146546266
within_weather_hour_pair,Clear 01,Clear 03,56391,23313,0.6109066909479987,0.6414715803995302,0.030564889451531574,0.7238383530127476,0.7270704502756884,0.003232097262940825,1.6275366254579704,1.7075135478797652,1.049139860308391,0.7545901598203657,0.8023364281097186,0.05865827956027208,-0.030003375956722422,-0.00109206681083443,0.0466542014785184,0.1848230198236891,0.5935978163181055
within_weather_hour_pair,Clear 01,Clear 04,56391,19257,0.6109066909479987,0.5811928961746947,-0.029713794773303936,0.7238383530127476,0.5171074168535321,-0.20673093615921545,1.6275366254579704,1.7981441030603966,1.1048255842195989,0.7545901598203657,0.776572944561238,0.1116612802641339,-0.1986624530481791,-0.021567315095431777,0.0004154696454404805,0.22726990154276594,1.169202766674271
within_weather_hour_pair,Clear 01,Clear 05,56391,31605,0.6109066909479987,0.5866008699097299,-0.024305821038268727,0.7238383530127476,0.49589052106436127,-0.2279478319483863,1.6275366254579704,1.6054244239551354,0.9864136996016216,0.7545901598203657,0.7009115148438364,0.09530334858966781,0.20389641090846422,0.04541880086119393,-0.008259844115335424,0.0033811164185770792,-0.18702779432697803
within_weather_hour_pair,Clear 01,Clear 06,56391,64055,0.6109066909479987,0.6653848154065725,0.05447812445857381,0.7238383530127476,0.6821869836328238,-0.04165136937992375,1.6275366254579704,1.6497571178154828,1.0136528370605853,0.7545901598203657,0.6990274663321977,0.07467367690739847,0.20783630452731106,0.07727647526593079,0.02171378177776273,0.12442279794154087,0.16153352601024196
within_weather_hour_pair,Clear 01,Clear 07,56391,117426,0.6109066909479987,0.6733392685910262,0.062432577643027565,0.7238383530127476,0.7889836142023974,0.0651452611896498,1.6275366254579704,1.7480303967461743,1.0740344453104387,0.7545901598203657,0.6649771266718796,0.11582845515937598,-0.10183435617546199,0.10806761467861187,0.01845458153012569,0.24219592379979638,0.5022927638649453
within_weather_hour_pair,Clear 01,Clear 08,56391,163042,0.6109066909479987,0.6137949676631904,0.002888276715191762,0.7238383530127476,0.7482381827757053,0.024399829762957737,1.6275366254579704,1.7225808872339439,1.0583976177797099,0.7545901598203657,0.5910792140031667,0.11367467096787418,-0.16429315798718602,0.1161676053541883,-0.04734334046301081,-0.05838347998196092,0.4089677864590824
within_weather_hour_pair,Clear 01,Clear 09,56391,163703,0.6109066909479987,0.6144051200743551,0.0034984291263564504,0.7238383530127476,0.714804597174999,-0.00903375583774857,1.6275366254579704,1.4804209519837859,0.9096083792075722,0.7545901598203657,0.5499263961952761,0.16670379243373518,0.34659556987841034,0.12737505732922721,-0.07728870629586249,-0.4206868154045471,-0.7014205453997926
within_weather_hour_pair,Clear 01,Clear 10,56391,153317,0.6109066909479987,0.598404848658577,-0.012501842289421639,0.7238383530127476,0.6952035807465887,-0.028634772266158848,1.6275366254579704,1.3241217252951694,0.8135741491670435,0.7545901598203657,0.5267792008590237,0.23932445926242482,0.5422045397950007,0.13255266196916793,-0.09525829699217403,-0.6303535297255631,-1.5984301522015238
within_weather_hour_pair,Clear 01,Clear 11,56391,142417,0.6109066909479987,0.5854976330686645,-0.025409057879334118,0.7238383530127476,0.6845311275340878,-0.039307225478659724,1.6275366254579704,1.329943424560903,0.8171511496318382,0.7545901598203657,0.5122168906793734,0.24679395619046718,0.5383027508048667,0.13389934407735232,-0.10847392506364006,-0.7055926868965301,-1.5808514930157544
within_weather_hour_pair,Clear 01,Clear 12,56391,167979,0.6109066909479987,0.5982787984943126,-0.012627892453686007,0.7238383530127476,0.6985477962272834,-0.025290556785464213,1.6275366254579704,1.327537160626149,0.8156726797177882,0.7545901598203657,0.5138231837662754,0.2430683636954983,0.5309707357041927,0.14062599481147597,-0.10014098124261428,-0.6813379602409992,-1.4578026808281983
within_weather_hour_pair,Clear 01,Clear 13,56391,152341,0.6109066909479987,0.6161767622754484,0.005270071327449721,0.7238383530127476,0.7074578515291577,-0.016380501483589827,1.6275366254579704,1.3451360216803072,0.8264858686678103,0.7545901598203657,0.502940272342459,0.2394727865583978,0.5602548483729112,0.15713842212765794,-0.09451146535024879,-0.6119659865755611,-1.4062169396574555
within_weather_hour_pair,Clear 01,Clear 14,56391,191474,0.6109066909479987,0.6114261798367369,0.0005194888887382065,0.7238383530127476,0.7104267270516574,-0.013411625961090134,1.6275366254579704,1.3651808086137756,0.8388018968418786,0.7545901598203657,0.47522801458320135,0.2446021593904368,0.5489457998167788,0.17801686620342727,-0.10134527903373713,-0.6463137334962297,-1.4125657655003785
within_weather_hour_pair,Clear 01,Clear 15,56391,207217,0.6109066909479987,0.5660795711866596,-0.04482711976133902,0.7238383530127476,0.6925427891895951,-0.03129556382315246,1.6275366254579704,1.4367438321929327,0.8827720431720848,0.7545901598203657,0.4909115326999124,0.20021062909272455,0.2199154294044301,0.15213994036623874,-0.11153868675421463,-0.6492475186944786,-1.0480588816733265
within_weather_hour_pair,Clear 01,Clear 16,56391,188333,0.6109066909479987,0.6512571574658815,0.04035046651788288,0.7238383530127476,0.7503010280470894,0.026462675034341854,1.6275366254579704,1.2208516855020743,0.7501224036408646,0.7545901598203657,0.4594684975793913,0.30159192299750137,0.7318495443235645,0.20880917961175594,-0.08631248262921853,-0.726881751199858,-1.8645013971651956
within_weather_hour_pair,Clear 01,Clear 17,56391,185684,0.6109066909479987,0.6384705660433814,0.027563875095382717,0.7238383530127476,0.7734894235899158,0.04965107057716822,1.6275366254579704,1.3049779256931293,0.8018117105818883,0.7545901598203657,0.48302933159769634,0.2553366506467707,0.5005917758861306,0.20001972526602635,-0.07154110295664307,-0.648823835277325,-1.6629040215274973
within_weather_hour_pair,Clear 01,Clear 18,56391,169155,0.6109066909479987,0.6529298249008428,0.04202313395284418,0.7238383530127476,0.7871166057620406,0.063278252749293,1.6275366254579704,1.3455233542126077,0.8267238556514773,0.7545901598203657,0.4955180514660472,0.23550418695185474,0.4622436777666722,0.19835011072944814,-0.060721997624870405,-0.5649496741373259,-1.4325810268123167
within_weather_hour_pair,Clear 01,Clear 19,56391,147729,0.6109066909479987,0.6503316405395002,0.03942494959150156,0.7238383530127476,0.8029692142532177,0.07913086124047009,1.6275366254579704,1.3418181065143089,0.8244472569929027,0.7545901598203657,0.5394138475140503,0.21365383379371772,0.4081237709451575,0.17366684645015112,-0.04150946585616433,-0.5062645629751117,-1.4672999708739871
within_weather_hour_pair,Clear 01,Clear 20,56391,167377,0.6109066909479987,0.657487115026388,0.04658042407838936,0.7238383530127476,0.8041140652042125,0.0802757121914649,1.6275366254579704,1.5737152137589567,0.9669307523670203,0.7545901598203657,0.597491114029947,0.12247345567468546,0.18917282249308398,0.15086566933509538,-0.006233376455323292,-0.22515520684053203,-0.37523172682864736
within_weather_hour_pair,Clear 01,Clear 21,56391,154879,0.6109066909479987,0.626672250248116,0.01576555930011736,0.7238383530127476,0.785350026028712,0.061511673015964385,1.6275366254579704,1.6870896532869184,1.0365908987222887,0.7545901598203657,0.6328062199418877,0.09448881442418917,-0.09401455856722185,0.12104426481296277,-0.0007396750655153106,-0.07977829305058037,-0.0717751217955449
within_weather_hour_pair,Clear 01,Clear 22,56391,141078,0.6109066909479987,0.6210324078140261,0.010125716866027479,0.7238383530127476,0.7331814335030937,0.009343080490346156,1.6275366254579704,1.6456219783620436,1.0111121019466975,0.7545901598203657,0.6565933313595101,0.06048029906292258,-0.005075526052864765,0.09176345200553232,-0.006233376455323292,-0.038779741440424065,-0.052676779743973334
within_weather_hour_pair,Clear 01,Clear 23,56391,112367,0.6109066909479987,0.6261232889595361,0.015216598011537408,0.7238383530127476,0.6955343457414775,-0.028304007271270026,1.6275366254579704,1.582830852933968,0.9725316334976962,0.7545901598203657,0.6778077681699133,0.05243951960247415,0.14387627107387302,0.07097443041964985,-0.005807961230802627,-0.03497756463171786,-0.18702779432697803
within_weather_hour_pair,Clear 02,Clear 03,35516,23313,0.6107220556197488,0.6414715803995302,0.030749524779781434,0.7557885863606996,0.7270704502756884,-0.02871813608501117,1.6857285705086587,1.7075135478797652,1.0129231821493854,0.7807937659664332,0.8023364281097186,0.04840754191316594,0.04098444900730591,0.008375403431531231,0.029918065574816577,0.09763825813839988,0.22265945485264282
within_weather_hour_pair,Clear 02,Clear 04,35516,19257,0.6107220556197488,0.5811928961746947,-0.029529159445054076,0.7557885863606996,0.5171074168535321,-0.23868116950716745,1.6857285705086587,1.7981441030603966,1.0666866152228869,0.7807937659664332,0.776572944561238,0.09877838704900949,-0.12767462808415075,-0.012099844853066116,-0.01632066625826134,0.14008513985747673,0.7982644052088084
within_weather_hour_pair,Clear 02,Clear 05,35516,31605,0.6107220556197488,0.5866008699097299,-0.024121185710018866,0.7557885863606996,0.49589052106436127,-0.2598980652963383,1.6857285705086587,1.6054244239551354,0.9523623506426708,0.7807937659664332,0.7009115148438364,0.11940235815073005,0.27488423587249255,0.05488627110355959,-0.024995980019037245,-0.08380364526671213,-0.5579661557924407
within_weather_hour_pair,Clear 02,Clear 06,35516,64055,0.6107220556197488,0.6653848154065725,0.05466275978682367,0.7557885863606996,0.6821869836328238,-0.07360160272787575,1.6857285705086587,1.6497571178154828,0.9786611834654249,0.7807937659664332,0.6990274663321977,0.07603225660057683,0.2788241294913394,0.08674394550829645,0.00497764587406091,0.03723803625625166,-0.2094048354552207
within_weather_hour_pair,Clear 02,Clear 07,35516,117426,0.6107220556197488,0.6733392685910262,0.06261721297127743,0.7557885863606996,0.7889836142023974,0.03319502784169781,1.6857285705086587,1.7480303967461743,1.036958397293294,0.7807937659664332,0.6649771266718796,0.08916459190166787,-0.03084653121143366,0.11753508492097753,0.0017184456264238701,0.15501116211450716,0.1313544023994826
within_weather_hour_pair,Clear 02,Clear 08,35516,163042,0.6107220556197488,0.6137949676631904,0.0030729120434416224,0.7557885863606996,0.7482381827757053,-0.0075504035849942586,1.6857285705086587,1.7225808872339439,1.021861358566264,0.7807937659664332,0.5910792140031667,0.10688705037844738,-0.09330533302315769,0.12563507559655396,-0.06407947636671263,-0.14556824166725013,0.03802942499361972
within_weather_hour_pair,Clear 02,Clear 09,35516,163703,0.6107220556197488,0.6144051200743551,0.0036830644546063107,0.7557885863606996,0.714804597174999,-0.040983989185700564,1.6857285705086587,1.4804209519837859,0.8782083770088073,0.7807937659664332,0.5499263961952761,0.1940988055647207,0.41758339484243867,0.13684252757159288,-0.0940248421995643,-0.5078715770898363,-1.0723589068652553
within_weather_hour_pair,Clear 02,Clear 10,35516,153317,0.6107220556197488,0.598404848658577,-0.012317206961171778,0.7557885863606996,0.6952035807465887,-0.06058500561411084,1.6857285705086587,1.3241217252951694,0.7854892824742381,0.7807937659664332,0.5267792008590237,0.2676276990518312,0.613192364759029,0.1420201322115336,-0.11199443289587585,-0.7175382914108523,-1.9693685136669865
within_weather_hour_pair,Clear 02,Clear 11,35516,142417,0.6107220556197488,0.5854976330686645,-0.025224422551084258,0.7557885863606996,0.6845311275340878,-0.07125745882661172,1.6857285705086587,1.329943424560903,0.7889428036208702,0.7807937659664332,0.5122168906793734,0.27548124545956826,0.609290575768895,0.14336681431971798,-0.12521006096734189,-0.7927774485818193,-1.9517898544812171
within_weather_hour_pair,Clear 02,Clear 12,35516,167979,0.6107220556197488,0.5982787984943126,-0.012443257125436147,0.7557885863606996,0.6985477962272834,-0.05724079013341621,1.6857285705086587,1.327537160626149,0.7875153710099204,0.7807937659664332,0.5138231837662754,0.2712279571489807,0.6019585606682211,0.15009346505384163,-0.1168771171463161,-0.7685227219262885,-1.828741042293661
within_weather_hour_pair,Clear 02,Clear 13,35516,152341,0.6107220556197488,0.6161767622754484,0.005454706655699582,0.7557885863606996,0.7074578515291577,-0.04833073483154182,1.6857285705086587,1.3451360216803072,0.7979552848620347,0.7807937659664332,0.502940272342459,0.2671091081723893,0.6312426733369395,0.1666058923700236,-0.11124760125395061,-0.6991507482608503,-1.7771553011229182
within_weather_hour_pair,Clear 02,Clear 14,35516,191474,0.6107220556197488,0.6114261798367369,0.0007041242169880668,0.7557885863606996,0.7104267270516574,-0.04536185930904213,1.6857285705086587,1.3651808086137756,0.8098461593979156,0.7807937659664332,0.47522801458320135,0.27205673663383345,0.6199336247808072,0.18748433644579293,-0.11808141493743896,-0.7334984951815189,-1.7835041269658412
within_weather_hour_pair,Clear 02,Clear 15,35516,207217,0.6107220556197488,0.5660795711866596,-0.04464248443308916,0.7557885863606996,0.6925427891895951,-0.06324579717110446,1.6857285705086587,1.4367438321929327,0.8522984407622656,0.7807937659664332,0.4909115326999124,0.22843010329976082,0.29090325436845843,0.1616074106086044,-0.12827482265791645,-0.7364322803797678,-1.4189972431387892
within_weather_hour_pair,Clear 02,Clear 16,35516,188333,0.6107220556197488,0.6512571574658815,0.04053510184613274,0.7557885863606996,0.7503010280470894,-0.005487558313610141,1.6857285705086587,1.2208516855020743,0.7242279135920972,0.7807937659664332,0.4594684975793913,0.327006349069549,0.8028373692875929,0.2182766498541216,-0.10304861853292036,-0.8140665128851472,-2.2354397586306582
within_weather_hour_pair,Clear 02,Clear 17,35516,185684,0.6107220556197488,0.6384705660433814,0.027748510423632577,0.7557885863606996,0.7734894235899158,0.017700837229216226,1.6857285705086587,1.3049779256931293,0.7741328874193311,0.7807937659664332,0.48302933159769634,0.27952187919833366,0.5715796008501589,0.209487195508392,-0.08827723886034489,-0.7360085969626142,-2.03384238299296
within_weather_hour_pair,Clear 02,Clear 18,35516,169155,0.6107220556197488,0.6529298249008428,0.04220776928109404,0.7557885863606996,0.7871166057620406,0.031328019401341,1.6857285705086587,1.3455233542126077,0.7981850564510536,0.7807937659664332,0.4955180514660472,0.2589361666143408,0.5332315027307005,0.2078175809718138,-0.07745813352857223,-0.6521344358226151,-1.8035193882777794
within_weather_hour_pair,Clear 02,Clear 19,35516,147729,0.6107220556197488,0.6503316405395002,0.03960958491975142,0.7557885863606996,0.8029692142532177,0.04718062789251809,1.6857285705086587,1.3418181065143089,0.7959870467814538,0.7807937659664332,0.5394138475140503,0.2358540023446219,0.47911159590918584,0.18313431669251679,-0.05824560175986615,-0.5934493246604009,-1.8382383323394498
within_weather_hour_pair,Clear 02,Clear 20,35516,167377,0.6107220556197488,0.657487115026388,0.04676505940663922,0.7557885863606996,0.8041140652042125,0.0483254788435129,1.6857285705086587,1.5737152137589567,0.9335519616210203,0.7807937659664332,0.597491114029947,0.13157520912633225,0.2601606474571123,0.16033313957746104,-0.022969512359025113,-0.31233996852582124,-0.74617008829411
within_weather_hour_pair,Clear 02,Clear 21,35516,154879,0.6107220556197488,0.626672250248116,0.01595019462836722,0.7557885863606996,0.785350026028712,0.02956143966801239,1.6857285705086587,1.6870896532869184,1.0008074151450426,0.7807937659664332,0.6328062199418877,0.08699850022244959,-0.023026733603193517,0.13051173505532843,-0.01747581096921713,-0.1669630547358696,-0.44271348326100757
within_weather_hour_pair,Clear 02,Clear 22,35516,141078,0.6107220556197488,0.6210324078140261,0.010310352194277339,0.7557885863606996,0.7331814335030937,-0.02260715285760584,1.6857285705086587,1.6456219783620436,0.9762081554241481,0.7807937659664332,0.6565933313595101,0.06247490405385744,0.06591229891116357,0.10123092224789798,-0.022969512359025113,-0.12596450312571328,-0.423615141209436
within_weather_hour_pair,Clear 02,Clear 23,35516,112367,0.6107220556197488,0.6261232889595361,0.015401233339787268,0.7557885863606996,0.6955343457414775,-0.06025424061922202,1.6857285705086587,1.582830852933968,0.9389594983588362,0.7807937659664332,0.6778077681699133,0.08350182183589923,0.21486409603790135,0.08044190066201551,-0.02254409713450445,-0.12216232631700708,-0.5579661557924407
within_weather_hour_pair,Clear 03,Clear 04,23313,19257,0.6414715803995302,0.5811928961746947,-0.06027868422483551,0.7270704502756884,0.5171074168535321,-0.20996303342215628,1.7075135478797652,1.7981441030603966,1.0530775028363133,0.8023364281097186,0.776572944561238,0.08878281433277775,-0.16865907709145667,-0.020475248284597347,-0.04623873183307792,0.042446881719076845,0.5756049503561655
within_weather_hour_pair,Clear 03,Clear 05,23313,31605,0.6414715803995302,0.5866008699097299,-0.0548707104898003,0.7270704502756884,0.49589052106436127,-0.23117992921132713,1.7075135478797652,1.6054244239551354,0.9402118220078577,0.8023364281097186,0.7009115148438364,0.11998552510987631,0.23389978686518664,0.04651086767202836,-0.05491404559385382,-0.18144190340511201,-0.7806256106450835
within_weather_hour_pair,Clear 03,Clear 06,23313,64055,0.6414715803995302,0.6653848154065725,0.023913235007042233,0.7270704502756884,0.6821869836328238,-0.04488346664286458,1.7075135478797652,1.6497571178154828,0.9661751263197887,0.8023364281097186,0.6990274663321977,0.06490506150151612,0.23783968048403348,0.07836854207676522,-0.024940419700755667,-0.06040022188214822,-0.43206429030786353
within_weather_hour_pair,Clear 03,Clear 07,23313,117426,0.6414715803995302,0.6733392685910262,0.03186768819149599,0.7270704502756884,0.7889836142023974,0.06191316392670898,1.7075135478797652,1.7480303967461743,1.0237285665561595,0.8023364281097186,0.6649771266718796,0.07430759239692221,-0.07183098021873957,0.1091596814894463,-0.028199619948392707,0.05737290397610728,-0.09130505245316023
within_weather_hour_pair,Clear 03,Clear 08,23313,163042,0.6414715803995302,0.6137949676631904,-0.027676612736339812,0.7270704502756884,0.7482381827757053,0.02116773250001691,1.7075135478797652,1.7225808872339439,1.0088241404426266,0.8023364281097186,0.5910792140031667,0.12492719669256792,-0.1342897820304636,0.11725967216502273,-0.0939975419415292,-0.24320649980565,-0.1846300298590231
within_weather_hour_pair,Clear 03,Clear 09,23313,163703,0.6414715803995302,0.6144051200743551,-0.027066460325175123,0.7270704502756884,0.714804597174999,-0.012265853100689394,1.7075135478797652,1.4804209519837859,0.8670039273316676,0.8023364281097186,0.5499263961952761,0.20648713797478738,0.37659894583513276,0.12846712414006164,-0.12394290777438088,-0.6055098352282362,-1.295018361717898
within_weather_hour_pair,Clear 03,Clear 10,23313,153317,0.6414715803995302,0.598404848658577,-0.04306673174095321,0.7270704502756884,0.6952035807465887,-0.03186686952909967,1.7075135478797652,1.3241217252951694,0.7754677712158379,0.8023364281097186,0.5267792008590237,0.27909137316214083,0.5722079157517231,0.13364472878000236,-0.14191249847069243,-0.8151765495492522,-2.1920279685196293
within_weather_hour_pair,Clear 03,Clear 11,23313,142417,0.6414715803995302,0.5854976330686645,-0.05597394733086569,0.7270704502756884,0.6845311275340878,-0.04253932274160055,1.7075135478797652,1.329943424560903,0.7788772312889146,0.8023364281097186,0.5122168906793734,0.28650862330224075,0.5683061267615891,0.13499141088818675,-0.15512812654215846,-0.8904157067202192,-2.17444930933386
within_weather_hour_pair,Clear 03,Clear 12,23313,167979,0.6414715803995302,0.5982787984943126,-0.04319278190521758,0.7270704502756884,0.6985477962272834,-0.02852265404840504,1.7075135478797652,1.327537160626149,0.7774680102975252,0.8023364281097186,0.5138231837662754,0.2828471354813331,0.5609741116609152,0.1417180616223104,-0.14679518272113268,-0.8661609800646883,-2.051400497146304
within_weather_hour_pair,Clear 03,Clear 13,23313,152341,0.6414715803995302,0.6161767622754484,-0.025294818124081853,0.7270704502756884,0.7074578515291577,-0.01961259874653065,1.7075135478797652,1.3451360216803072,0.787774728552271,0.8023364281097186,0.502940272342459,0.2792140506867075,0.5902582243296336,0.15823048893849237,-0.1411656668287672,-0.7967890063992502,-1.999814755975561
within_weather_hour_pair,Clear 03,Clear 14,23313,191474,0.6414715803995302,0.6114261798367369,-0.030045400562793367,0.7270704502756884,0.7104267270516574,-0.01664372322403096,1.7075135478797652,1.3651808086137756,0.7995138956929113,0.8023364281097186,0.47522801458320135,0.284392460977925,0.5789491757735012,0.1791089330142617,-0.14799948051225553,-0.8311367533199188,-2.006163581818484
within_weather_hour_pair,Clear 03,Clear 15,23313,207217,0.6414715803995302,0.5660795711866596,-0.07539200921287059,0.7270704502756884,0.6925427891895951,-0.034527661086093286,1.7075135478797652,1.4367438321929327,0.8414245579351042,0.8023364281097186,0.4909115326999124,0.23997570453219053,0.24991880536115252,0.15323200717707317,-0.15819288823273303,-0.8340705385181677,-1.641656697991432
within_weather_hour_pair,Clear 03,Clear 16,23313,188333,0.6414715803995302,0.6512571574658815,0.009785577066351303,0.7270704502756884,0.7503010280470894,0.02323057777140103,1.7075135478797652,1.2208516855020743,0.7149879935172502,0.8023364281097186,0.4594684975793913,0.34123691304576387,0.761852920280287,0.20990124642259037,-0.13296668410773693,-0.9117047710235471,-2.458099213483301
within_weather_hour_pair,Clear 03,Clear 17,23313,185684,0.6414715803995302,0.6384705660433814,-0.0030010143561488567,0.7270704502756884,0.7734894235899158,0.046418973314227396,1.7075135478797652,1.3049779256931293,0.7642562645043327,0.8023364281097186,0.48302933159769634,0.2944849266274001,0.530595151842853,0.20111179207686078,-0.11819530443516146,-0.8336468551010141,-2.2565018378456028
within_weather_hour_pair,Clear 03,Clear 18,23313,169155,0.6414715803995302,0.6529298249008428,0.011458244501312609,0.7270704502756884,0.7871166057620406,0.06004615548635217,1.7075135478797652,1.3455233542126077,0.7880015686454471,0.8023364281097186,0.4955180514660472,0.2741914288868849,0.4922470537233946,0.19944217754028257,-0.1073761991033888,-0.749772693961015,-2.026178843130422
within_weather_hour_pair,Clear 03,Clear 19,23313,147729,0.6414715803995302,0.6503316405395002,0.008860060139969983,0.7270704502756884,0.8029692142532177,0.07589876397752926,1.7075135478797652,1.3418181065143089,0.7858316018519773,0.8023364281097186,0.5394138475140503,0.25128797245251533,0.4381271469018799,0.17475891326098555,-0.08816366733468273,-0.6910875827988008,-2.0608977871920926
within_weather_hour_pair,Clear 03,Clear 20,23313,167377,0.6414715803995302,0.657487115026388,0.016015534626857786,0.7270704502756884,0.8041140652042125,0.07704361492852407,1.7075135478797652,1.5737152137589567,0.9216414216525854,0.8023364281097186,0.597491114029947,0.14731332766301153,0.2191761984498064,0.1519577361459298,-0.05288757793384169,-0.4099782266642211,-0.9688295431467528
within_weather_hour_pair,Clear 03,Clear 21,23313,154879,0.6414715803995302,0.626672250248116,-0.014799330151414214,0.7270704502756884,0.785350026028712,0.05827957575302356,1.7075135478797652,1.6870896532869184,0.9880388096374361,0.8023364281097186,0.6328062199418877,0.10861795219963866,-0.06401118261049943,0.1221363316237972,-0.04739387654403371,-0.26460131287426947,-0.6653729381136504
within_weather_hour_pair,Clear 03,Clear 22,23313,141078,0.6414715803995302,0.6210324078140261,-0.020439172585504095,0.7270704502756884,0.7331814335030937,0.006110983227405331,1.7075135478797652,1.6456219783620436,0.9637533947566197,0.8023364281097186,0.6565933313595101,0.08054622244903914,0.024927849903857657,0.09285551881636675,-0.05288757793384169,-0.22360276126411316,-0.6462745960620788
within_weather_hour_pair,Clear 03,Clear 23,23313,112367,0.6414715803995302,0.6261232889595361,-0.015348291439994166,0.7270704502756884,0.6955343457414775,-0.03153610453421085,1.7075135478797652,1.582830852933968,0.9269799673914056,0.8023364281097186,0.6778077681699133,0.08964892825475201,0.17387964703059544,0.07206649723048428,-0.052462162709321025,-0.21980058445540696,-0.7806256106450835
within_weather_hour_pair,Clear 04,Clear 05,19257,31605,0.5811928961746947,0.5866008699097299,0.00540797373503521,0.5171074168535321,0.49589052106436127,-0.021216895789170853,1.7981441030603966,1.6054244239551354,0.892823006355688,0.776572944561238,0.7009115148438364,0.1182497212112199,0.4025588639566433,0.06698611595662571,-0.008675313760775905,-0.22388878512418886,-1.356230561001249
within_weather_hour_pair,Clear 04,Clear 06,19257,64055,0.5811928961746947,0.6653848154065725,0.08419191923187774,0.5171074168535321,0.6821869836328238,0.1650795667792917,1.7981441030603966,1.6497571178154828,0.9174777010405546,0.776572944561238,0.6990274663321977,0.13218035446128207,0.40649875757549014,0.09884379036136257,0.02129831213232225,-0.10284710360122507,-1.007669240664029
within_weather_hour_pair,Clear 04,Clear 07,19257,117426,0.5811928961746947,0.6733392685910262,0.0921463724163315,0.5171074168535321,0.7889836142023974,0.27187619734886526,1.7981441030603966,1.7480303967461743,0.9721303169034506,0.776572944561238,0.6649771266718796,0.11720241181470678,0.0968280968727171,0.12963492977404364,0.01803911188468521,0.014926022257030436,-0.6669100028093258
within_weather_hour_pair,Clear 04,Clear 08,19257,163042,0.5811928961746947,0.6137949676631904,0.0326020714884957,0.5171074168535321,0.7482381827757053,0.2311307659221732,1.7981441030603966,1.7225808872339439,0.9579771077869421,0.776572944561238,0.5910792140031667,0.1479219345555808,0.034369295060993066,0.13773492044962007,-0.04775881010845129,-0.28565338152472686,-0.7602349802151886
within_weather_hour_pair,Clear 04,Clear 09,19257,163703,0.5811928961746947,0.6144051200743551,0.03321222389966039,0.5171074168535321,0.714804597174999,0.19769718032146688,1.7981441030603966,1.4804209519837859,0.8233049561846273,0.776572944561238,0.5499263961952761,0.2611864529253619,0.5452580229265894,0.148942372424659,-0.07770417594130297,-0.647956716947313,-1.8706233120740636
within_weather_hour_pair,Clear 04,Clear 10,19257,153317,0.5811928961746947,0.598404848658577,0.017211952483882298,0.5171074168535321,0.6952035807465887,0.1780961638930566,1.7981441030603966,1.3241217252951694,0.7363824306636755,0.776572944561238,0.5267792008590237,0.32913986042940074,0.7408669928431798,0.1541199770645997,-0.09567376663761451,-0.8576234312683291,-2.767632918875795
within_weather_hour_pair,Clear 04,Clear 11,19257,142417,0.5811928961746947,0.5854976330686645,0.004304736893969818,0.5171074168535321,0.6845311275340878,0.16742371068055573,1.7981441030603966,1.329943424560903,0.7396200461894974,0.776572944561238,0.5122168906793734,0.33379165738831795,0.7369652038530458,0.1554666591727841,-0.10888939470908054,-0.932862588439296,-2.7500542596900255
within_weather_hour_pair,Clear 04,Clear 12,19257,167979,0.5811928961746947,0.5982787984943126,0.01708590231961793,0.5171074168535321,0.6985477962272834,0.18144037937375124,1.7981441030603966,1.327537160626149,0.7382818531433124,0.776572944561238,0.5138231837662754,0.33341851856866844,0.7296331887523718,0.16219330990690775,-0.10055645088805476,-0.9086078617837652,-2.6270054475024693
within_weather_hour_pair,Clear 04,Clear 13,19257,152341,0.5811928961746947,0.6161767622754484,0.03498386610075366,0.5171074168535321,0.7074578515291577,0.19035043467562562,1.7981441030603966,1.3451360216803072,0.748069089341015,0.776572944561238,0.502940272342459,0.3316153842630676,0.7589173014210903,0.17870573722308972,-0.09492693499568927,-0.8392358881183271,-2.5754197063317266
within_weather_hour_pair,Clear 04,Clear 14,19257,191474,0.5811928961746947,0.6114261798367369,0.030233283662042143,0.5171074168535321,0.7104267270516574,0.19331931019812532,1.7981441030603966,1.3651808086137756,0.7592165757406605,0.776572944561238,0.47522801458320135,0.33676838333390463,0.7476082528649579,0.19958418129885905,-0.10176074867917762,-0.8735836350389956,-2.5817685321746495
within_weather_hour_pair,Clear 04,Clear 15,19257,207217,0.5811928961746947,0.5660795711866596,-0.015113324988035082,0.5171074168535321,0.6925427891895951,0.175435372336063,1.7981441030603966,1.4367438321929327,0.7990148452215984,0.776572944561238,0.4909115326999124,0.2885485821031941,0.4185778824526092,0.1737072554616705,-0.11195415639965511,-0.8765174202372445,-2.2172616483475975
within_weather_hour_pair,Clear 04,Clear 16,19257,188333,0.5811928961746947,0.6512571574658815,0.07006426129118681,0.5171074168535321,0.7503010280470894,0.2331936111935573,1.7981441030603966,1.2208516855020743,0.6789509714066938,0.776572944561238,0.4594684975793913,0.4004126704365272,0.9305119973717436,0.2303764947071877,-0.08672795227465901,-0.9541516527426239,-3.0337041638394666
within_weather_hour_pair,Clear 04,Clear 17,19257,185684,0.5811928961746947,0.6384705660433814,0.057277669868686654,0.5171074168535321,0.7734894235899158,0.25638200673638367,1.7981441030603966,1.3049779256931293,0.7257360094066373,0.776572944561238,0.48302933159769634,0.35737010188054674,0.6992542289343097,0.22158704036145813,-0.07195657260208355,-0.876093736820091,-2.8321067882017683
within_weather_hour_pair,Clear 04,Clear 18,19257,169155,0.5811928961746947,0.6529298249008428,0.07173692872614812,0.5171074168535321,0.7871166057620406,0.27000918890850845,1.7981441030603966,1.3455233542126077,0.7482844961772309,0.776572944561238,0.4955180514660472,0.3391615246755978,0.6609061308148513,0.21991742582487991,-0.061137467270310886,-0.7922195756800918,-2.6017837934865877
within_weather_hour_pair,Clear 04,Clear 19,19257,147729,0.5811928961746947,0.6503316405395002,0.0691387443648055,0.5171074168535321,0.8029692142532177,0.28586179739968554,1.7981441030603966,1.3418181065143089,0.7462239006487676,0.776572944561238,0.5394138475140503,0.31971777506940624,0.6067862239933366,0.1952341615455829,-0.04192493550160481,-0.7335344645178776,-2.636502737548258
within_weather_hour_pair,Clear 04,Clear 20,19257,167377,0.5811928961746947,0.657487115026388,0.0762942188516933,0.5171074168535321,0.8041140652042125,0.28700664835068035,1.7981441030603966,1.5737152137589567,0.8751885964425946,0.776572944561238,0.597491114029947,0.2185943579851077,0.38783527554126307,0.17243298443052715,-0.006648846100763772,-0.45242510838329797,-1.5444344935029184
within_weather_hour_pair,Clear 04,Clear 21,19257,154879,0.5811928961746947,0.626672250248116,0.045479354073421296,0.5171074168535321,0.785350026028712,0.26824260917517984,1.7981441030603966,1.6870896532869184,0.9382394049595545,0.776572944561238,0.6328062199418877,0.1504814665852155,0.10464789448095724,0.14261157990839454,-0.001155144710955791,-0.3070481945933463,-1.240977888469816
within_weather_hour_pair,Clear 04,Clear 22,19257,141078,0.5811928961746947,0.6210324078140261,0.039839511639331415,0.5171074168535321,0.7331814335030937,0.2160740166495616,1.7981441030603966,1.6456219783620436,0.915178030259775,0.776572944561238,0.6565933313595101,0.13989272265883984,0.19358692699531432,0.1133307671009641,-0.006648846100763772,-0.26604964298319,-1.2218795464182444
within_weather_hour_pair,Clear 04,Clear 23,19257,112367,0.5811928961746947,0.6261232889595361,0.044930392784841344,0.5171074168535321,0.6955343457414775,0.17842692888794542,1.7981441030603966,1.582830852933968,0.8802580673262111,0.776572944561238,0.6778077681699133,0.1494199815143872,0.3425387241220521,0.09254174551508162,-0.006223430876243108,-0.2622474661744838,-1.356230561001249
within_weather_hour_pair,Clear 05,Clear 06,31605,64055,0.5866008699097299,0.6653848154065725,0.07878394549684253,0.49589052106436127,0.6821869836328238,0.18629646256846255,1.6054244239551354,1.6497571178154828,1.0276143138218423,0.7009115148438364,0.6990274663321977,0.08195560001436412,0.003939893618846835,0.03185767440473686,0.029973625893098155,0.1210416815229638,0.34856132033722
within_weather_hour_pair,Clear 05,Clear 07,31605,117426,0.5866008699097299,0.6733392685910262,0.08673839868129629,0.49589052106436127,0.7889836142023974,0.2930930931380361,1.6054244239551354,1.7480303967461743,1.0888275839479966,0.7009115148438364,0.6649771266718796,0.15491298947520643,-0.3057307670839262,0.06264881381741794,0.026714425645461115,0.2388148073812193,0.6893205581919233
within_weather_hour_pair,Clear 05,Clear 08,31605,163042,0.5866008699097299,0.6137949676631904,0.02719409775346049,0.49589052106436127,0.7482381827757053,0.25234766171134404,1.6054244239551354,1.7225808872339439,1.07297538366221,0.7009115148438364,0.5910792140031667,0.1347431993627798,-0.36818956889565024,0.07074880449299437,-0.039083496347675384,-0.061764596400538,0.5959955807860604
within_weather_hour_pair,Clear 05,Clear 09,31605,163703,0.5866008699097299,0.6144051200743551,0.027804250164625177,0.49589052106436127,0.714804597174999,0.21891407611063773,1.6054244239551354,1.4804209519837859,0.922136806874166,0.7009115148438364,0.5499263961952761,0.15380516185854778,0.14269915896994612,0.08195625646803328,-0.06902886218052706,-0.4240679318231242,-0.5143927510728146
within_weather_hour_pair,Clear 05,Clear 10,31605,153317,0.5866008699097299,0.598404848658577,0.011803978748847088,0.49589052106436127,0.6952035807465887,0.19931305968222746,1.6054244239551354,1.3241217252951694,0.8247798560539233,0.7009115148438364,0.5267792008590237,0.2204495969598218,0.3383081288865365,0.087133861107974,-0.0869984528768386,-0.6337346461441402,-1.4114023578745458
within_weather_hour_pair,Clear 05,Clear 11,31605,142417,0.5866008699097299,0.5854976330686645,-0.0011032368410653914,0.49589052106436127,0.6845311275340878,0.18864060646972658,1.6054244239551354,1.329943424560903,0.8284061240855204,0.7009115148438364,0.5122168906793734,0.22445174719928285,0.33440633989640245,0.08848054321615839,-0.10021408094830464,-0.7089738033151072,-1.3938236986887764
within_weather_hour_pair,Clear 05,Clear 12,31605,167979,0.5866008699097299,0.5982787984943126,0.01167792858458272,0.49589052106436127,0.6985477962272834,0.2026572751629221,1.6054244239551354,1.327537160626149,0.8269072905690688,0.7009115148438364,0.5138231837662754,0.2246781786217871,0.3270743247957285,0.09520719395028204,-0.09188113712727886,-0.6847190766595763,-1.2707748865012203
within_weather_hour_pair,Clear 05,Clear 13,31605,152341,0.5866008699097299,0.6161767622754484,0.029575892365718448,0.49589052106436127,0.7074578515291577,0.21156733046479648,1.6054244239551354,1.3451360216803072,0.8378694142240718,0.7009115148438364,0.502940272342459,0.22372668224542136,0.35635843746444695,0.11171962126646401,-0.08625162123491337,-0.6153471029941382,-1.2191891453304775
within_weather_hour_pair,Clear 05,Clear 14,31605,191474,0.5866008699097299,0.6114261798367369,0.024825309927006933,0.49589052106436127,0.7104267270516574,0.21453620598729617,1.6054244239551354,1.3651808086137756,0.8503550763545169,0.7009115148438364,0.47522801458320135,0.2284557097241827,0.3450493889083146,0.13259806534223334,-0.09308543491840171,-0.6496948499148067,-1.2255379711734005
within_weather_hour_pair,Clear 05,Clear 15,31605,207217,0.5866008699097299,0.5660795711866596,-0.02052129872307029,0.49589052106436127,0.6925427891895951,0.19665226812523384,1.6054244239551354,1.4367438321929327,0.8949308424331555,0.7009115148438364,0.4909115326999124,0.17970482801500207,0.016019018495965875,0.1067211395050448,-0.10327884263887921,-0.6526286351130557,-0.8610310873463485
within_weather_hour_pair,Clear 05,Clear 16,31605,188333,0.5866008699097299,0.6512571574658815,0.0646562875561516,0.49589052106436127,0.7503010280470894,0.25441050698272816,1.6054244239551354,1.2208516855020743,0.7604541623294699,0.7009115148438364,0.4594684975793913,0.2926528571317211,0.5279531334151003,0.163390378750562,-0.07805263851388311,-0.7302628676184351,-1.6774736028382176
within_weather_hour_pair,Clear 05,Clear 17,31605,185684,0.5866008699097299,0.6384705660433814,0.051869696133651444,0.49589052106436127,0.7734894235899158,0.2775989025255545,1.6054244239551354,1.3049779256931293,0.8128554083400427,0.7009115148438364,0.48302933159769634,0.2502363698694208,0.29669536497766635,0.15460092440483242,-0.06328125884130764,-0.6522049516959021,-1.4758762272005193
within_weather_hour_pair,Clear 05,Clear 18,31605,169155,0.5866008699097299,0.6529298249008428,0.06632895499111291,0.49589052106436127,0.7871166057620406,0.2912260846976793,1.6054244239551354,1.3455233542126077,0.8381106791048852,0.7009115148438364,0.4955180514660472,0.23244276691470206,0.25834726685820797,0.1529313098682542,-0.05246215350953498,-0.568330790555903,-1.2455532324853387
within_weather_hour_pair,Clear 05,Clear 19,31605,147729,0.5866008699097299,0.6503316405395002,0.06373077062977028,0.49589052106436127,0.8029692142532177,0.3070786931888564,1.6054244239551354,1.3418181065143089,0.8358027238732272,0.7009115148438364,0.5394138475140503,0.21325743965723026,0.20422736003669328,0.1282480455889572,-0.033249621740828905,-0.5096456793936888,-1.280272176547009
within_weather_hour_pair,Clear 05,Clear 20,31605,167377,0.5866008699097299,0.657487115026388,0.07088624511665809,0.49589052106436127,0.8041140652042125,0.3082235441398512,1.6054244239551354,1.5737152137589567,0.9802487057484403,0.7009115148438364,0.597491114029947,0.11953658729375485,-0.01472358841538024,0.10544686847390145,0.0020264676600121323,-0.2285363232591091,-0.18820393250166934
within_weather_hour_pair,Clear 05,Clear 21,31605,154879,0.5866008699097299,0.626672250248116,0.04007138033838609,0.49589052106436127,0.785350026028712,0.2894595049643507,1.6054244239551354,1.6870896532869184,1.0508683112784543,0.7009115148438364,0.6328062199418877,0.12115464297989866,-0.29791096947568607,0.07562546395176883,0.0075201690498201135,-0.08315940946915745,0.11525267253143312
within_weather_hour_pair,Clear 05,Clear 22,31605,141078,0.5866008699097299,0.6210324078140261,0.034431537904296206,0.49589052106436127,0.7331814335030937,0.23729091243873246,1.6054244239551354,1.6456219783620436,1.0250385840697984,0.7009115148438364,0.6565933313595101,0.08734420635058414,-0.20897193696132899,0.04634465114433839,0.0020264676600121323,-0.042160857859001144,0.1343510145830047
within_weather_hour_pair,Clear 05,Clear 23,31605,112367,0.5866008699097299,0.6261232889595361,0.039522419049806135,0.49589052106436127,0.6955343457414775,0.19964382467711628,1.6054244239551354,1.582830852933968,0.9859267302253284,0.7009115148438364,0.6778077681699133,0.06516240623723638,-0.0600201398345912,0.025555629558455917,0.0024518828845327967,-0.03835868105029494,0.0
within_weather_hour_pair,Clear 06,Clear 07,64055,117426,0.6653848154065725,0.6733392685910262,0.007954453184453758,0.6821869836328238,0.7889836142023974,0.10679663056957356,1.6497571178154828,1.7480303967461743,1.059568331525564,0.6990274663321977,0.6649771266718796,0.0826643970452483,-0.30967066070277305,0.03079113941268108,-0.0032592002476370396,0.1177731258582555,0.3407592378547033
within_weather_hour_pair,Clear 06,Clear 08,64055,163042,0.6653848154065725,0.6137949676631904,-0.051589847743382045,0.6821869836328238,0.7482381827757053,0.06605119914288149,1.6497571178154828,1.7225808872339439,1.0441421156072297,0.6990274663321977,0.5910792140031667,0.11406378951218259,-0.3721294625144971,0.03889113008825751,-0.06905712224077354,-0.1828062779235018,0.24743426044884043
within_weather_hour_pair,Clear 06,Clear 09,64055,163703,0.6653848154065725,0.6144051200743551,-0.050979695332217356,0.6821869836328238,0.714804597174999,0.03261761354217518,1.6497571178154828,1.4804209519837859,0.8973569115095423,0.6990274663321977,0.5499263961952761,0.14776095905643793,0.13875926535109928,0.050098582063296426,-0.09900248807362522,-0.545109613346088,-0.8629540714100346
within_weather_hour_pair,Clear 06,Clear 10,64055,153317,0.6653848154065725,0.598404848658577,-0.06697996674799545,0.6821869836328238,0.6952035807465887,0.013016597113764905,1.6497571178154828,1.3241217252951694,0.8026161614920008,0.6990274663321977,0.5267792008590237,0.21920006224119992,0.33436823526768966,0.05527618670323714,-0.11697207876993676,-0.754776327667104,-1.7599636782117658
within_weather_hour_pair,Clear 06,Clear 11,64055,142417,0.6653848154065725,0.5854976330686645,-0.07988718233790792,0.6821869836328238,0.6845311275340878,0.0023441439012640286,1.6497571178154828,1.329943424560903,0.8061449835245691,0.6990274663321977,0.5122168906793734,0.22612437392182902,0.3304664462775556,0.056622868811421534,-0.1301877068414028,-0.830015484838071,-1.7423850190259964
within_weather_hour_pair,Clear 06,Clear 12,64055,167979,0.6653848154065725,0.5982787984943126,-0.06710601691225981,0.6821869836328238,0.6985477962272834,0.01636081259445954,1.6497571178154828,1.327537160626149,0.8046864270444853,0.6990274663321977,0.5138231837662754,0.22317667906702296,0.3231344311768817,0.06334951954554519,-0.12185476302037701,-0.8057607581825401,-1.6193362068384403
within_weather_hour_pair,Clear 06,Clear 13,64055,152341,0.6653848154065725,0.6161767622754484,-0.049208053131124085,0.6821869836328238,0.7074578515291577,0.025270867896333926,1.6497571178154828,1.3451360216803072,0.8153539737179385,0.6990274663321977,0.502940272342459,0.22002265208637098,0.3524185438456001,0.07986194686172715,-0.11622524712801152,-0.736388784517102,-1.5677504656676975
within_weather_hour_pair,Clear 06,Clear 14,64055,191474,0.6653848154065725,0.6114261798367369,-0.0539586355698356,0.6821869836328238,0.7104267270516574,0.02823974341883362,1.6497571178154828,1.3651808086137756,0.8275041179525096,0.6990274663321977,0.47522801458320135,0.22534143869881879,0.34110949528946777,0.10074039093749648,-0.12305906081149987,-0.7707365314377705,-1.5740992915106204
within_weather_hour_pair,Clear 06,Clear 15,64055,207217,0.6653848154065725,0.5660795711866596,-0.09930524421991282,0.6821869836328238,0.6925427891895951,0.010355805556771291,1.6497571178154828,1.4367438321929327,0.8708820326809011,0.6990274663321977,0.4909115326999124,0.1829825195942823,0.01207912487711904,0.07486346510030795,-0.13325246853197736,-0.7736703166360195,-1.2095924076835685
within_weather_hour_pair,Clear 06,Clear 16,64055,188333,0.6653848154065725,0.6512571574658815,-0.01412765794069093,0.6821869836328238,0.7503010280470894,0.0681140444142656,1.6497571178154828,1.2208516855020743,0.7400190442085551,0.6990274663321977,0.4594684975793913,0.2841098717230264,0.5240132397962535,0.13153270434582515,-0.10802626440698126,-0.8513045491413989,-2.0260349231754375
within_weather_hour_pair,Clear 06,Clear 17,64055,185684,0.6653848154065725,0.6384705660433814,-0.02691424936319109,0.6821869836328238,0.7734894235899158,0.09130243995709197,1.6497571178154828,1.3049779256931293,0.7910121505771158,0.6990274663321977,0.48302933159769634,0.23844631245150275,0.2927554713588195,0.12274325000009556,-0.0932548847344058,-0.7732466332188659,-1.8244375475377392
within_weather_hour_pair,Clear 06,Clear 18,64055,169155,0.6653848154065725,0.6529298249008428,-0.012454990505729624,0.6821869836328238,0.7871166057620406,0.10492962212921675,1.6497571178154828,1.3455233542126077,0.8155887552673665,0.6990274663321977,0.4955180514660472,0.21874166095188405,0.25440737323936113,0.12107363546351735,-0.08243577940263314,-0.6893724720788668,-1.5941145528225587
within_weather_hour_pair,Clear 06,Clear 19,64055,147729,0.6653848154065725,0.6503316405395002,-0.01505317486707225,0.6821869836328238,0.8029692142532177,0.12078223062039384,1.6497571178154828,1.3418181065143089,0.8133428199970856,0.6990274663321977,0.5394138475140503,0.19659339055117298,0.20028746641784645,0.09639037118422034,-0.06322324763392706,-0.6306873609166526,-1.628833496884229
within_weather_hour_pair,Clear 06,Clear 20,64055,167377,0.6653848154065725,0.657487115026388,-0.007897700380184447,0.6821869836328238,0.8041140652042125,0.12192708157138865,1.6497571178154828,1.5737152137589567,0.9539072126221728,0.6990274663321977,0.597491114029947,0.09657103014525895,-0.018663482034227075,0.07358919406916459,-0.027947158233086022,-0.3495780047820729,-0.5367652528388893
within_weather_hour_pair,Clear 06,Clear 21,64055,154879,0.6653848154065725,0.626672250248116,-0.03871256515845645,0.6821869836328238,0.785350026028712,0.10316304239588814,1.6497571178154828,1.6870896532869184,1.0226291101085652,0.6990274663321977,0.6328062199418877,0.100381227481987,-0.3018508630945329,0.04376778954703198,-0.02245345684327804,-0.20420109099212125,-0.23330864780578686
within_weather_hour_pair,Clear 06,Clear 22,64055,141078,0.6653848154065725,0.6210324078140261,-0.04435240759254633,0.6821869836328238,0.7331814335030937,0.05099444987026991,1.6497571178154828,1.6456219783620436,0.9974934859145116,0.6990274663321977,0.6565933313595101,0.07379095669855296,-0.21291183058017582,0.014486976739601531,-0.027947158233086022,-0.16320253938196494,-0.2142103057542153
within_weather_hour_pair,Clear 06,Clear 23,64055,112367,0.6653848154065725,0.6261232889595361,-0.0392615264470364,0.6821869836328238,0.6955343457414775,0.013347362108653726,1.6497571178154828,1.582830852933968,0.9594326557777578,0.6990274663321977,0.6778077681699133,0.06006474519317281,-0.06396003345343804,-0.006302044846280941,-0.027521743008565358,-0.15940036257325874,-0.34856132033722
within_weather_hour_pair,Clear 07,Clear 08,117426,163042,0.6733392685910262,0.6137949676631904,-0.0595443009278358,0.7889836142023974,0.7482381827757053,-0.04074543142669207,1.7480303967461743,1.7225808872339439,0.9854410372041569,0.6649771266718796,0.5910792140031667,0.06646978068664967,-0.06245880181172403,0.00809999067557643,-0.0657979219931365,-0.3005794037817573,-0.09332497740586287
within_weather_hour_pair,Clear 07,Clear 09,117426,163703,0.6733392685910262,0.6144051200743551,-0.058934148516671114,0.7889836142023974,0.714804597174999,-0.07417901702739838,1.7480303967461743,1.4804209519837859,0.8469080141509421,0.6649771266718796,0.5499263961952761,0.18649992243962676,0.44842992605387233,0.019307442650615347,-0.09574328782598818,-0.6628827392043435,-1.2037133092647379
within_weather_hour_pair,Clear 07,Clear 10,117426,153317,0.6733392685910262,0.598404848658577,-0.0749344199324492,0.7889836142023974,0.6952035807465887,-0.09378003345580865,1.7480303967461743,1.3241217252951694,0.7574935354441898,0.6649771266718796,0.5267792008590237,0.2625795250535896,0.6440388959704627,0.02448504729055606,-0.11371287852229972,-0.8725494535253595,-2.100722916066469
within_weather_hour_pair,Clear 07,Clear 11,117426,142417,0.6733392685910262,0.5854976330686645,-0.08784163552236168,0.7889836142023974,0.6845311275340878,-0.10445248666830953,1.7480303967461743,1.329943424560903,0.7608239691005897,0.6649771266718796,0.5122168906793734,0.27151964997240713,0.6401371069803287,0.025831729398740455,-0.12692850659376576,-0.9477886106963265,-2.0831442568806997
within_weather_hour_pair,Clear 07,Clear 12,117426,167979,0.6733392685910262,0.5982787984943126,-0.07506047009671357,0.7889836142023974,0.6985477962272834,-0.09043581797511402,1.7480303967461743,1.327537160626149,0.7594474118397818,0.6649771266718796,0.5138231837662754,0.26570422362694257,0.6328050918796547,0.032558380132864106,-0.11859556277273997,-0.9235338840407956,-1.9600954446931436
within_weather_hour_pair,Clear 07,Clear 13,117426,152341,0.6733392685910262,0.6161767622754484,-0.05716250631557784,0.7889836142023974,0.7074578515291577,-0.08152576267323963,1.7480303967461743,1.3451360216803072,0.7695152350806803,0.6649771266718796,0.502940272342459,0.2595948661087113,0.6620892045483732,0.04907080744904607,-0.11296604688037448,-0.8541619103753575,-1.9085097035224008
within_weather_hour_pair,Clear 07,Clear 14,117426,191474,0.6733392685910262,0.6114261798367369,-0.06191308875428936,0.7889836142023974,0.7104267270516574,-0.07855688715073994,1.7480303967461743,1.3651808086137756,0.7809823050874606,0.6649771266718796,0.47522801458320135,0.26312671401934024,0.6507801559922408,0.0699492515248154,-0.11979986056386283,-0.888509657296026,-1.9148585293653237
within_weather_hour_pair,Clear 07,Clear 15,117426,207217,0.6733392685910262,0.5660795711866596,-0.10725969740436658,0.7889836142023974,0.6925427891895951,-0.09644082501280227,1.7480303967461743,1.4367438321929327,0.8219215380163423,0.6649771266718796,0.4909115326999124,0.22216638584079118,0.3217497855798921,0.04407232568762687,-0.12999326828434032,-0.891443442494275,-1.5503516455382718
within_weather_hour_pair,Clear 07,Clear 16,117426,188333,0.6733392685910262,0.6512571574658815,-0.022082111125144688,0.7889836142023974,0.7503010280470894,-0.03868258615530795,1.7480303967461743,1.2208516855020743,0.6984155926433527,0.6649771266718796,0.4594684975793913,0.3130744037160045,0.8336839004990265,0.10074156493314407,-0.10476706415934423,-0.9690776749996544,-2.366794161030141
within_weather_hour_pair,Clear 07,Clear 17,117426,185684,0.6733392685910262,0.6384705660433814,-0.03486870254764485,0.7889836142023974,0.7734894235899158,-0.015494190612481584,1.7480303967461743,1.3049779256931293,0.7465418954511583,0.6649771266718796,0.48302933159769634,0.2635159091418643,0.6024261320615926,0.09195211058741448,-0.08999568448676876,-0.8910197590771214,-2.1651967853924425
within_weather_hour_pair,Clear 07,Clear 18,117426,169155,0.6733392685910262,0.6529298249008428,-0.020409443690183382,0.7889836142023974,0.7871166057620406,-0.00186700844035681,1.7480303967461743,1.3455233542126077,0.7697368173443649,0.6649771266718796,0.4955180514660472,0.24190101591182972,0.5640780339421342,0.09028249605083627,-0.0791765791549961,-0.8071455979371223,-1.934873790677262
within_weather_hour_pair,Clear 07,Clear 19,117426,147729,0.6733392685910262,0.6503316405395002,-0.023007628051526008,0.7889836142023974,0.8029692142532177,0.01398560005082028,1.7480303967461743,1.3418181065143089,0.7676171472830228,0.6649771266718796,0.5394138475140503,0.21776795607765687,0.5099581271206195,0.06559923177153926,-0.05996404738629002,-0.7484604867749081,-1.9695927347389324
within_weather_hour_pair,Clear 07,Clear 20,117426,167377,0.6733392685910262,0.657487115026388,-0.015852153564638205,0.7889836142023974,0.8041140652042125,0.015130451001815093,1.7480303967461743,1.5737152137589567,0.9002790893615511,0.6649771266718796,0.597491114029947,0.11283927639479362,0.291007178668546,0.04279805465648351,-0.024687957985448983,-0.4673511306403284,-0.8775244906935926
within_weather_hour_pair,Clear 07,Clear 21,117426,154879,0.6733392685910262,0.626672250248116,-0.046667018342910205,0.7889836142023974,0.785350026028712,-0.0036335881736854203,1.7480303967461743,1.6870896532869184,0.9651374806910151,0.6649771266718796,0.6328062199418877,0.0527554509343256,0.007819797608240142,0.012976650134350898,-0.019194256595641,-0.32197421685037675,-0.5740678856604902
within_weather_hour_pair,Clear 07,Clear 22,117426,141078,0.6733392685910262,0.6210324078140261,-0.052306860777000086,0.7889836142023974,0.7331814335030937,-0.05580218069930365,1.7480303967461743,1.6456219783620436,0.9414149670539161,0.6649771266718796,0.6565933313595101,0.081541877490889,0.09675883012259723,-0.016304162673079547,-0.024687957985448983,-0.28097566524022044,-0.5549695436089186
within_weather_hour_pair,Clear 07,Clear 23,117426,112367,0.6733392685910262,0.6261232889595361,-0.04721597963149016,0.7889836142023974,0.6955343457414775,-0.09344926846091983,1.7480303967461743,1.582830852933968,0.9054938952321924,0.6649771266718796,0.6778077681699133,0.11572964796329245,0.245710627249335,-0.03709318425896202,-0.02426254276092832,-0.27717348843151424,-0.6893205581919233
within_weather_hour_pair,Clear 08,Clear 09,163042,163703,0.6137949676631904,0.6144051200743551,0.0006101524111646883,0.7482381827757053,0.714804597174999,-0.033433585600706306,1.7225808872339439,1.4804209519837859,0.8594202820634975,0.5910792140031667,0.5499263961952761,0.13345207686075816,0.5108887278655964,0.011207451975038918,-0.029945365832851678,-0.3623033354225862,-1.110388331858875
within_weather_hour_pair,Clear 08,Clear 10,163042,153317,0.6137949676631904,0.598404848658577,-0.0153901190046134,0.7482381827757053,0.6952035807465887,-0.053034602029116584,1.7225808872339439,1.3241217252951694,0.7686847886843762,0.5910792140031667,0.5267792008590237,0.2098591913147566,0.7064976977821867,0.01638505661497963,-0.04791495652916322,-0.5719700497436022,-2.0073979386606062
within_weather_hour_pair,Clear 08,Clear 11,163042,142417,0.6137949676631904,0.5854976330686645,-0.02829733459452588,0.7482381827757053,0.6845311275340878,-0.06370705524161746,1.7225808872339439,1.329943424560903,0.7720644263599583,0.5910792140031667,0.5122168906793734,0.21894749073949302,0.7025959087920527,0.017731738723164026,-0.061130584600629256,-0.6472092069145692,-1.9898192794748368
within_weather_hour_pair,Clear 08,Clear 12,163042,167979,0.6137949676631904,0.5982787984943126,-0.01551616916887777,0.7482381827757053,0.6985477962272834,-0.04969038654842195,1.7225808872339439,1.327537160626149,0.7706675317626789,0.5910792140031667,0.5138231837662754,0.2127961923566178,0.6952638936913788,0.024458389457287677,-0.05279764077960347,-0.6229544802590383,-1.8667704672872807
within_weather_hour_pair,Clear 08,Clear 13,163042,152341,0.6137949676631904,0.6161767622754484,0.002381794612257959,0.7482381827757053,0.7074578515291577,-0.04078033124654756,1.7225808872339439,1.3451360216803072,0.7808840976055855,0.5910792140031667,0.502940272342459,0.20596389127788314,0.7245480063600972,0.04097081677346964,-0.04716812488723798,-0.5535825065936002,-1.815184726116538
within_weather_hour_pair,Clear 08,Clear 14,163042,191474,0.6137949676631904,0.6114261798367369,-0.0023687878264535556,0.7482381827757053,0.7104267270516574,-0.03781145572404787,1.7225808872339439,1.3651808086137756,0.7925205827669038,0.5910792140031667,0.47522801458320135,0.2090171065163762,0.7132389578039648,0.061849260849238974,-0.05400193857072633,-0.5879302535142688,-1.8215335519594609
within_weather_hour_pair,Clear 08,Clear 15,163042,207217,0.6137949676631904,0.5660795711866596,-0.04771539647653078,0.7482381827757053,0.6925427891895951,-0.0556953935861102,1.7225808872339439,1.4367438321929327,0.8340646542874409,0.5910792140031667,0.4909115326999124,0.16875694947144299,0.3842085873916161,0.03597233501205044,-0.06419534629120383,-0.5908640387125177,-1.4570266681324089
within_weather_hour_pair,Clear 08,Clear 16,163042,188333,0.6137949676631904,0.6512571574658815,0.037462189802691115,0.7482381827757053,0.7503010280470894,0.0020628452713841172,1.7225808872339439,1.2208516855020743,0.7087340249446703,0.5910792140031667,0.4594684975793913,0.26061130738228805,0.8961427023107505,0.09264157425756764,-0.038969142166207726,-0.6684982712178971,-2.273469183624278
within_weather_hour_pair,Clear 08,Clear 17,163042,185684,0.6137949676631904,0.6384705660433814,0.024675598380190955,0.7482381827757053,0.7734894235899158,0.025251240814210485,1.7225808872339439,1.3049779256931293,0.7575713485295975,0.5910792140031667,0.48302933159769634,0.21506547940362106,0.6648849338733166,0.08385211991183805,-0.024197762493632258,-0.5904403552953641,-2.0718718079865797
within_weather_hour_pair,Clear 08,Clear 18,163042,169155,0.6137949676631904,0.6529298249008428,0.03913485723765242,0.7482381827757053,0.7871166057620406,0.03887842298633526,1.7225808872339439,1.3455233542126077,0.7811089535384309,0.5910792140031667,0.4955180514660472,0.19673071176625792,0.6265368357538582,0.08218250537525984,-0.013378657161859597,-0.506566194155365,-1.841548813271399
within_weather_hour_pair,Clear 08,Clear 19,163042,147729,0.6137949676631904,0.6503316405395002,0.036536672876309795,0.7482381827757053,0.8029692142532177,0.05473103147751235,1.7225808872339439,1.3418181065143089,0.7789579673491852,0.5910792140031667,0.5394138475140503,0.1800639072498778,0.5724169289323435,0.05749924109596283,0.005833874606846479,-0.44788108299315077,-1.8762677573330695
within_weather_hour_pair,Clear 08,Clear 20,163042,167377,0.6137949676631904,0.657487115026388,0.0436921473631976,0.7482381827757053,0.8041140652042125,0.05587588242850716,1.7225808872339439,1.5737152137589567,0.9135798646216086,0.5910792140031667,0.597491114029947,0.09401291160877788,0.35346598048027,0.03469806398090708,0.041109964007687516,-0.1667717268585711,-0.7841995132877297
within_weather_hour_pair,Clear 08,Clear 21,163042,154879,0.6137949676631904,0.626672250248116,0.012877282584925598,0.7482381827757053,0.785350026028712,0.03711184325300665,1.7225808872339439,1.6870896532869184,0.9793964775703415,0.5910792140031667,0.6328062199418877,0.04120846156433657,0.07027859941996417,0.004876659458774468,0.0466036653974955,-0.021394813068619456,-0.4807429082546273
within_weather_hour_pair,Clear 08,Clear 22,163042,141078,0.6137949676631904,0.6210324078140261,0.007237440150835717,0.7482381827757053,0.7331814335030937,-0.01505674927261158,1.7225808872339439,1.6456219783620436,0.9553234861467214,0.5910792140031667,0.6565933313595101,0.0632207257836301,0.15921763193432126,-0.024404153348655977,0.041109964007687516,0.019603738541536853,-0.4616445662030557
within_weather_hour_pair,Clear 08,Clear 23,163042,112367,0.6137949676631904,0.6261232889595361,0.012328321296345646,0.7482381827757053,0.6955343457414775,-0.05270383703422776,1.7225808872339439,1.582830852933968,0.9188717143353534,0.5910792140031667,0.6778077681699133,0.09881752444312057,0.30816942906105904,-0.04519317493453845,0.04153537923220818,0.023405915350243056,-0.5959955807860604
within_weather_hour_pair,Clear 09,Clear 10,163703,153317,0.6144051200743551,0.598404848658577,-0.01600027141577809,0.714804597174999,0.6952035807465887,-0.01960101642841028,1.4804209519837859,1.3241217252951694,0.8944224435089403,0.5499263961952761,0.5267792008590237,0.07642153387995597,0.19560896991659038,0.005177604639940714,-0.017969590696311544,-0.20966671432101602,-0.8970096068017313
within_weather_hour_pair,Clear 09,Clear 11,163703,142417,0.6144051200743551,0.5854976330686645,-0.02890748700569057,0.714804597174999,0.6845311275340878,-0.030273469640911155,1.4804209519837859,1.329943424560903,0.8983549055954384,0.5499263961952761,0.5122168906793734,0.08551812053096541,0.19170718092645633,0.006524286748125108,-0.03118521876777758,-0.284905871491983,-0.8794309476159619
within_weather_hour_pair,Clear 09,Clear 12,163703,167979,0.6144051200743551,0.5982787984943126,-0.016126321580042458,0.714804597174999,0.6985477962272834,-0.016256800947715644,1.4804209519837859,1.327537160626149,0.896729513890782,0.5499263961952761,0.5138231837662754,0.07939563984581698,0.1843751658257824,0.013250937482248759,-0.022852274946751794,-0.26065114483645213,-0.7563821354284057
within_weather_hour_pair,Clear 09,Clear 13,163703,152341,0.6144051200743551,0.6161767622754484,0.0017716422010932709,0.714804597174999,0.7074578515291577,-0.007346745645841257,1.4804209519837859,1.3451360216803072,0.9086172550299326,0.5499263961952761,0.502940272342459,0.07333984857679762,0.21365927849450084,0.029763364798430725,-0.017222759054386305,-0.191279171171014,-0.7047963942576629
within_weather_hour_pair,Clear 09,Clear 14,163703,191474,0.6144051200743551,0.6114261798367369,-0.002978940237618244,0.714804597174999,0.7104267270516574,-0.004377870123341565,1.4804209519837859,1.3651808086137756,0.9221571788648446,0.5499263961952761,0.47522801458320135,0.07798815058302772,0.2023502299383685,0.050641808874200056,-0.02405657273787465,-0.22562691809168256,-0.7111452201005859
within_weather_hour_pair,Clear 09,Clear 15,163703,207217,0.6144051200743551,0.5660795711866596,-0.04832554888769547,0.714804597174999,0.6925427891895951,-0.022261807985403892,1.4804209519837859,1.4367438321929327,0.9704968240740411,0.5499263961952761,0.4909115326999124,0.05827882282284053,-0.12668014047398024,0.02476488303701152,-0.03424998045835215,-0.2285607032899315,-0.3466383362735339
within_weather_hour_pair,Clear 09,Clear 16,163703,188333,0.6144051200743551,0.6512571574658815,0.03685203739152643,0.714804597174999,0.7503010280470894,0.03549643087209042,1.4804209519837859,1.2208516855020743,0.8246652304306522,0.5499263961952761,0.4594684975793913,0.1397026448172226,0.3852539744451542,0.08143412228252872,-0.009023776333356048,-0.3061949357953109,-1.163080851765403
within_weather_hour_pair,Clear 09,Clear 17,163703,185684,0.6144051200743551,0.6384705660433814,0.024065445969026267,0.714804597174999,0.7734894235899158,0.05868482641491679,1.4804209519837859,1.3049779256931293,0.8814911217950812,0.5499263961952761,0.48302933159769634,0.09978562212565642,0.15399620600772024,0.07264466793679913,0.00574760333921942,-0.2281370198727779,-0.9614834761277047
within_weather_hour_pair,Clear 09,Clear 18,163703,169155,0.6144051200743551,0.6529298249008428,0.03852470482648773,0.714804597174999,0.7871166057620406,0.07231200858704157,1.4804209519837859,1.3455233542126077,0.9088788917838447,0.5499263961952761,0.4955180514660472,0.08600438419630844,0.11564810788826185,0.07097505340022092,0.01656670867099208,-0.14426285873277878,-0.7311604814125241
within_weather_hour_pair,Clear 09,Clear 19,163703,147729,0.6144051200743551,0.6503316405395002,0.035926520465145106,0.714804597174999,0.8029692142532177,0.08816461707821865,1.4804209519837859,1.3418181065143089,0.9063760579153198,0.5499263961952761,0.5394138475140503,0.08616286367200349,0.06152820106674717,0.04629178912092391,0.03577924043969816,-0.08557774757056458,-0.7658794254741945
within_weather_hour_pair,Clear 09,Clear 20,163703,167377,0.6144051200743551,0.657487115026388,0.04308199495203291,0.714804597174999,0.8041140652042125,0.08930946802921347,1.4804209519837859,1.5737152137589567,1.0630187391296746,0.5499263961952761,0.597491114029947,0.08896864365430884,-0.15742274738532636,0.02349061200586816,0.0710553298405392,0.19553160856401508,0.32618881857114523
within_weather_hour_pair,Clear 09,Clear 21,163703,154879,0.6144051200743551,0.626672250248116,0.01226713017376091,0.714804597174999,0.785350026028712,0.07054542885371295,1.4804209519837859,1.6870896532869184,1.1396013080105314,0.5499263961952761,0.6328062199418877,0.14172806892077433,-0.4406101284456322,-0.00633079251626445,0.07654903123034718,0.34090852235396674,0.6296454236042477
within_weather_hour_pair,Clear 09,Clear 22,163703,141078,0.6144051200743551,0.6210324078140261,0.006627287739671028,0.714804597174999,0.7331814335030937,0.018376836328094726,1.4804209519837859,1.6456219783620436,1.1115905757459632,0.5499263961952761,0.6565933313595101,0.13344737847544408,-0.3516710959312751,-0.035611605323694895,0.0710553298405392,0.38190707396412304,0.6487437656558193
within_weather_hour_pair,Clear 09,Clear 23,163703,112367,0.6144051200743551,0.6261232889595361,0.011718168885180957,0.714804597174999,0.6955343457414775,-0.019270251433521457,1.4804209519837859,1.582830852933968,1.069176203439266,0.5499263961952761,0.6778077681699133,0.11891757915253212,-0.20271929880453732,-0.05640062690957737,0.07148074506505986,0.38570925077282925,0.5143927510728146
within_weather_hour_pair,Clear 10,Clear 11,153317,142417,0.598404848658577,0.5854976330686645,-0.01290721558991248,0.6952035807465887,0.6845311275340878,-0.010672453212500876,1.3241217252951694,1.329943424560903,1.0043966496089594,0.5267792008590237,0.5122168906793734,0.01581436799439427,-0.0039017889901340475,0.0013466821081843938,-0.013215628071466035,-0.07523915717096696,0.017578659185769396
within_weather_hour_pair,Clear 10,Clear 12,153317,167979,0.598404848658577,0.5982787984943126,-0.00012605016426436855,0.6952035807465887,0.6985477962272834,0.0033442154806946345,1.3241217252951694,1.327537160626149,1.0025793967924046,0.5267792008590237,0.5138231837662754,0.010595336831003058,-0.011233804090807986,0.008073332842308045,-0.00488268425044025,-0.05098443051543611,0.14062747137332554
within_weather_hour_pair,Clear 10,Clear 13,153317,152341,0.598404848658577,0.6161767622754484,0.01777191361687136,0.6952035807465887,0.7074578515291577,0.012254270782569021,1.3241217252951694,1.3451360216803072,1.0158703659819897,0.5267792008590237,0.502940272342459,0.018912781137222796,0.018050308577910457,0.02458576015849001,0.0007468316419252385,0.018387543150002017,0.1922132125440683
within_weather_hour_pair,Clear 10,Clear 14,153317,191474,0.598404848658577,0.6114261798367369,0.013021331178159845,0.6952035807465887,0.7104267270516574,0.015223146305068713,1.3241217252951694,1.3651808086137756,1.0310085413857653,0.5267792008590237,0.47522801458320135,0.02966126736502199,0.006741260021778106,0.04546420423425934,-0.006086982041563105,-0.015960203770666537,0.18586438670114536
within_weather_hour_pair,Clear 10,Clear 15,153317,207217,0.598404848658577,0.5660795711866596,-0.03232527747191738,0.6952035807465887,0.6925427891895951,-0.0026607915569936136,1.3241217252951694,1.4367438321929327,1.0850541946003174,0.5267792008590237,0.4909115326999124,0.06077937684241129,-0.3222891103905706,0.019587278397070806,-0.016280389762040604,-0.018893988968915476,0.5503712705281973
within_weather_hour_pair,Clear 10,Clear 16,153317,188333,0.598404848658577,0.6512571574658815,0.052852308807304516,0.6952035807465887,0.7503010280470894,0.0550974473005007,1.3241217252951694,1.2208516855020743,0.9220086508511335,0.5267792008590237,0.4594684975793913,0.07768581980649107,0.1896450045285638,0.076256517642588,0.008945814362955495,-0.09652822147429485,-0.26607124496367174
within_weather_hour_pair,Clear 10,Clear 17,153317,185684,0.598404848658577,0.6384705660433814,0.040065717384804356,0.6952035807465887,0.7734894235899158,0.07828584284332707,1.3241217252951694,1.3049779256931293,0.9855422660648722,0.5267792008590237,0.48302933159769634,0.049609895403731605,-0.04161276390887014,0.06746706329685842,0.023717194035530964,-0.01847030555176188,-0.06447386932597343
within_weather_hour_pair,Clear 10,Clear 18,153317,169155,0.598404848658577,0.6529298249008428,0.05452497624226582,0.6952035807465887,0.7871166057620406,0.09191302501545184,1.3241217252951694,1.3455233542126077,1.0161628863182255,0.5267792008590237,0.4955180514660472,0.0660619046575079,-0.07996086202832853,0.06579744876028021,0.034536299367303624,0.06540385558823725,0.16584912538920715
within_weather_hour_pair,Clear 10,Clear 19,153317,147729,0.598404848658577,0.6503316405395002,0.051926791880923195,0.6952035807465887,0.8029692142532177,0.10776563350662893,1.3241217252951694,1.3418181065143089,1.013364618132215,0.5267792008590237,0.5394138475140503,0.0775144934647932,-0.1340807688498432,0.041114184480983196,0.0537488311360097,0.12408896675045145,0.13113018132753673
within_weather_hour_pair,Clear 10,Clear 20,153317,167377,0.598404848658577,0.657487115026388,0.059082266367811,0.6952035807465887,0.8041140652042125,0.10891048445762375,1.3241217252951694,1.5737152137589567,1.1884973893983566,0.5267792008590237,0.597491114029947,0.1639069296661909,-0.35303171730191674,0.018313007365927447,0.08902492053685074,0.4051983228850311,1.2231984253728765
within_weather_hour_pair,Clear 10,Clear 21,153317,154879,0.598404848658577,0.626672250248116,0.028267401589539,0.6952035807465887,0.785350026028712,0.09014644528212323,1.3241217252951694,1.6870896532869184,1.274119758824165,0.5267792008590237,0.6328062199418877,0.21742971352636567,-0.6362190983622226,-0.011508397156205163,0.09451862192665872,0.5505752366749828,1.526655030405979
within_weather_hour_pair,Clear 10,Clear 22,153317,141078,0.598404848658577,0.6210324078140261,0.022627559155449117,0.6952035807465887,0.7331814335030937,0.037977852756505004,1.3241217252951694,1.6456219783620436,1.2428026418758489,0.5267792008590237,0.6565933313595101,0.20693495463620165,-0.5472800658478655,-0.04078920996363561,0.08902492053685074,0.5915737882851391,1.5457533724575505
within_weather_hour_pair,Clear 10,Clear 23,153317,112367,0.598404848658577,0.6261232889595361,0.027718440300959046,0.6952035807465887,0.6955343457414775,0.0003307649948888214,1.3241217252951694,1.582830852933968,1.195381680321821,0.5267792008590237,0.6778077681699133,0.19051114106864306,-0.3983282687211277,-0.06157823154951808,0.0894503357613714,0.5953759650938453,1.4114023578745458
within_weather_hour_pair,Clear 11,Clear 12,142417,167979,0.5854976330686645,0.5982787984943126,0.012781165425648111,0.6845311275340878,0.6985477962272834,0.014016668693195511,1.329943424560903,1.327537160626149,0.9981907020326459,0.5122168906793734,0.5138231837662754,0.014828640868256209,-0.007332015100673939,0.0067266507341236514,0.008332943821025784,0.024254726655530856,0.12304881218755614
within_weather_hour_pair,Clear 11,Clear 13,142417,152341,0.5854976330686645,0.6161767622754484,0.03067912920678384,0.6845311275340878,0.7074578515291577,0.022926723995069898,1.329943424560903,1.3451360216803072,1.011423491284541,0.5122168906793734,0.502940272342459,0.03154394830726889,0.021952097568044504,0.023239078050305617,0.013962459713391273,0.09362670032096898,0.17463455335829892
within_weather_hour_pair,Clear 11,Clear 14,142417,191474,0.5854976330686645,0.6114261798367369,0.025928546768072325,0.6845311275340878,0.7104267270516574,0.02589559951756959,1.329943424560903,1.3651808086137756,1.0264954007833127,0.5122168906793734,0.47522801458320135,0.03504174568630603,0.010643049011912153,0.04411752212607495,0.00712864602990293,0.05927895340030043,0.16828572751537596
within_weather_hour_pair,Clear 11,Clear 15,142417,207217,0.5854976330686645,0.5660795711866596,-0.0194180618820049,0.6845311275340878,0.6925427891895951,0.008011661655507263,1.329943424560903,1.4367438321929327,1.0803044743555847,0.5122168906793734,0.4909115326999124,0.05580896823123878,-0.3183873214004366,0.018240596288886413,-0.003064761690574569,0.05634516820205149,0.532792611342428
within_weather_hour_pair,Clear 11,Clear 16,142417,188333,0.5854976330686645,0.6512571574658815,0.065759524397217,0.6845311275340878,0.7503010280470894,0.06576990051300158,1.329943424560903,1.2208516855020743,0.9179726467726651,0.5122168906793734,0.4594684975793913,0.08241448038099551,0.19354679351869786,0.07490983553440361,0.02216144243442153,-0.021289064303327887,-0.28364990414944113
within_weather_hour_pair,Clear 11,Clear 17,142417,185684,0.5854976330686645,0.6384705660433814,0.052972932974716835,0.6845311275340878,0.7734894235899158,0.08895829605582795,1.329943424560903,1.3049779256931293,0.9812281497041754,0.5122168906793734,0.48302933159769634,0.061664758661551536,-0.037710974918736095,0.06612038118867403,0.036932822106997,0.056768851619205085,-0.08205252851174283
within_weather_hour_pair,Clear 11,Clear 18,142417,169155,0.5854976330686645,0.6529298249008428,0.0674321918321783,0.6845311275340878,0.7871166057620406,0.10258547822795272,1.329943424560903,1.3455233542126077,1.0117147311411752,0.5122168906793734,0.4955180514660472,0.07847059790578725,-0.07605907303819448,0.06445076665209581,0.04775192743876966,0.1406430127592042,0.14827046620343776
within_weather_hour_pair,Clear 11,Clear 19,142417,147729,0.5854976330686645,0.6503316405395002,0.06483400747083568,0.6845311275340878,0.8029692142532177,0.11843808671912981,1.329943424560903,1.3418181065143089,1.008928712104672,0.5122168906793734,0.5394138475140503,0.08933948413492211,-0.13017897985970917,0.0397675023727988,0.06696445920747573,0.1993281239214184,0.11355152214176734
within_weather_hour_pair,Clear 11,Clear 20,142417,167377,0.5854976330686645,0.657487115026388,0.07198948195772348,0.6845311275340878,0.8041140652042125,0.11958293767012462,1.329943424560903,1.5737152137589567,1.1832948565301098,0.5122168906793734,0.597491114029947,0.17297748361468232,-0.3491299283117827,0.016966325257743053,0.10224054860831677,0.48043748005599807,1.205619766187107
within_weather_hour_pair,Clear 11,Clear 21,142417,154879,0.5854976330686645,0.626672250248116,0.04117461717945148,0.6845311275340878,0.785350026028712,0.10081889849462411,1.329943424560903,1.6870896532869184,1.2685424222793023,0.5122168906793734,0.6328062199418877,0.22623754859992065,-0.6323173093720885,-0.012855079264389557,0.10773424999812475,0.6258143938459497,1.5090763712202095
within_weather_hour_pair,Clear 11,Clear 22,142417,141078,0.5854976330686645,0.6210324078140261,0.0355347747453616,0.6845311275340878,0.7331814335030937,0.04865030596900588,1.329943424560903,1.6456219783620436,1.2373623929945485,0.5122168906793734,0.6565933313595101,0.21482956177370569,-0.5433782768577314,-0.04213589207182,0.10224054860831677,0.666812945456106,1.5281747132717811
within_weather_hour_pair,Clear 11,Clear 23,142417,112367,0.5854976330686645,0.6261232889595361,0.040625655890871526,0.6845311275340878,0.6955343457414775,0.011003218207389698,1.329943424560903,1.582830852933968,1.190149012133023,0.5122168906793734,0.6778077681699133,0.1976397982025883,-0.39442647973099365,-0.06292491365770247,0.10266596383283744,0.6706151222648122,1.3938236986887764
within_weather_hour_pair,Clear 12,Clear 13,167979,152341,0.5982787984943126,0.6161767622754484,0.01789796378113573,0.6985477962272834,0.7074578515291577,0.008910055301874387,1.327537160626149,1.3451360216803072,1.013256774707427,0.5138231837662754,0.502940272342459,0.019895616330163512,0.029284112668718443,0.016512427316181966,0.005629515892365489,0.06937197366543812,0.05158574117074277
within_weather_hour_pair,Clear 12,Clear 14,167979,191474,0.5982787984943126,0.6114261798367369,0.013147381342424214,0.6985477962272834,0.7104267270516574,0.011878930824374079,1.327537160626149,1.3651808086137756,1.0283560032096364,0.5138231837662754,0.47522801458320135,0.02594020030376473,0.017975064112586092,0.0373908713919513,-0.0012042977911228547,0.03502422674476957,0.045236915327819816
within_weather_hour_pair,Clear 12,Clear 15,167979,207217,0.5982787984943126,0.5660795711866596,-0.03219922730765301,0.6985477962272834,0.6925427891895951,-0.006005007037688248,1.327537160626149,1.4367438321929327,1.0822626098958126,0.5138231837662754,0.4909115326999124,0.056503094405658406,-0.31105530629976264,0.011513945554762761,-0.011397705511600353,0.03209044154652063,0.4097437991548718
within_weather_hour_pair,Clear 12,Clear 16,167979,188333,0.5982787984943126,0.6512571574658815,0.052978358971568884,0.6985477962272834,0.7503010280470894,0.05175323181980607,1.327537160626149,1.2208516855020743,0.9196365433011644,0.5138231837662754,0.4594684975793913,0.07627233082079889,0.2008788086193718,0.06818318480027996,0.013828498613395745,-0.04554379095885874,-0.4066987163369973
within_weather_hour_pair,Clear 12,Clear 17,167979,185684,0.5982787984943126,0.6384705660433814,0.040191767549068724,0.6985477962272834,0.7734894235899158,0.07494162736263243,1.327537160626149,1.3049779256931293,0.9830067017315136,0.5138231837662754,0.48302933159769634,0.05155437077183303,-0.030378959818062157,0.059393730454550375,0.028599878285971214,0.03251412496367423,-0.20510134069929897
within_weather_hour_pair,Clear 12,Clear 18,167979,169155,0.5982787984943126,0.6529298249008428,0.05465102640653019,0.6985477962272834,0.7871166057620406,0.08856880953475721,1.327537160626149,1.3455233542126077,1.0135485424588606,0.5138231837662754,0.4955180514660472,0.06502900447370721,-0.06872705793752054,0.05772411591797216,0.039418983617743875,0.11638828610367336,0.02522165401588161
within_weather_hour_pair,Clear 12,Clear 19,167979,147729,0.5982787984943126,0.6503316405395002,0.052052842045187564,0.6985477962272834,0.8029692142532177,0.1044214180259343,1.327537160626149,1.3418181065143089,1.0107574735470486,0.5138231837662754,0.5394138475140503,0.07956976850895173,-0.12284696475903523,0.03304085163867515,0.05863151538644995,0.17507339726588755,-0.009497290045788809
within_weather_hour_pair,Clear 12,Clear 20,167979,167377,0.5982787984943126,0.657487115026388,0.05920831653207537,0.6985477962272834,0.8041140652042125,0.10556626897692911,1.327537160626149,1.5737152137589567,1.185439670115671,0.5138231837662754,0.597491114029947,0.16502438196741884,-0.34179791321110875,0.010239674523619402,0.09390760478729099,0.4561827534004672,1.082570953999551
within_weather_hour_pair,Clear 12,Clear 21,167979,154879,0.5982787984943126,0.626672250248116,0.028393451753803367,0.6985477962272834,0.785350026028712,0.0868022298014286,1.327537160626149,1.6870896532869184,1.270841753681066,0.5138231837662754,0.6328062199418877,0.2206350642281679,-0.6249852942714146,-0.01958172999851321,0.09940130617709897,0.6015596671904189,1.3860275590326534
within_weather_hour_pair,Clear 12,Clear 22,167979,141078,0.5982787984943126,0.6210324078140261,0.022753609319713486,0.6985477962272834,0.7331814335030937,0.03463363727581037,1.327537160626149,1.6456219783620436,1.2396052081780264,0.5138231837662754,0.6565933313595101,0.2105091832946563,-0.5360462617570575,-0.048862542805943654,0.09390760478729099,0.6425582188005752,1.405125901084225
within_weather_hour_pair,Clear 12,Clear 23,167979,112367,0.5982787984943126,0.6261232889595361,0.027844490465223415,0.6985477962272834,0.6955343457414775,-0.003013450485805813,1.327537160626149,1.582830852933968,1.1923062494065377,0.5138231837662754,0.6778077681699133,0.1944152385722704,-0.3870944646303197,-0.06965156439182613,0.09433302001181165,0.6463603956092814,1.2707748865012203
within_weather_hour_pair,Clear 13,Clear 14,152341,191474,0.6161767622754484,0.6114261798367369,-0.004750582438711515,0.7074578515291577,0.7104267270516574,0.002968875522499692,1.3451360216803072,1.3651808086137756,1.0149016802839232,0.502940272342459,0.47522801458320135,0.018574601898705672,-0.01130904855613235,0.02087844407576933,-0.006833813683488343,-0.034347746920668554,-0.006348825842922956
within_weather_hour_pair,Clear 13,Clear 15,152341,207217,0.6161767622754484,0.5660795711866596,-0.05009719108878874,0.7074578515291577,0.6925427891895951,-0.014915062339562635,1.3451360216803072,1.4367438321929327,1.0681030089419443,0.502940272342459,0.4909115326999124,0.05976752804941611,-0.3403394189684811,-0.0049984817614192045,-0.017027221403965842,-0.03728153211891749,0.35815805798412903
within_weather_hour_pair,Clear 13,Clear 16,152341,188333,0.6161767622754484,0.6512571574658815,0.035080395190433156,0.7074578515291577,0.7503010280470894,0.04284317651793168,1.3451360216803072,1.2208516855020743,0.9076046331559984,0.502940272342459,0.4594684975793913,0.07391432738355692,0.17159469595065335,0.051670757484097996,0.008198982721030257,-0.11491576462429687,-0.45828445750774005
within_weather_hour_pair,Clear 13,Clear 17,152341,185684,0.6161767622754484,0.6384705660433814,0.022293803767932996,0.7074578515291577,0.7734894235899158,0.06603157206075805,1.3451360216803072,1.3049779256931293,0.9701456987695464,0.502940272342459,0.48302933159769634,0.05035257124243029,-0.0596630724867806,0.04288130313836841,0.022970362393605726,-0.036857848701763896,-0.25668708187004174
within_weather_hour_pair,Clear 13,Clear 18,152341,169155,0.6161767622754484,0.6529298249008428,0.03675306262539446,0.7074578515291577,0.7871166057620406,0.07965875423288282,1.3451360216803072,1.3455233542126077,1.000287950457097,0.502940272342459,0.4955180514660472,0.05593203009934976,-0.09801117060623898,0.0412116886017902,0.033789467725378386,0.04701631243823523,-0.02636408715486116
within_weather_hour_pair,Clear 13,Clear 19,152341,147729,0.6161767622754484,0.6503316405395002,0.034154878264051836,0.7074578515291577,0.8029692142532177,0.09551136272405991,1.3451360216803072,1.3418181065143089,0.9975333980262802,0.502940272342459,0.5394138475140503,0.07268712506834835,-0.15213107742775367,0.016528424322493185,0.05300199949408446,0.10570142360044943,-0.06108303121653158
within_weather_hour_pair,Clear 13,Clear 20,152341,167377,0.6161767622754484,0.657487115026388,0.04131035275093964,0.7074578515291577,0.8041140652042125,0.09665621367505473,1.3451360216803072,1.5737152137589567,1.1699301694360356,0.502940272342459,0.597491114029947,0.15639473313617666,-0.3710820258798272,-0.006272752792562564,0.0882780888949255,0.3868107797350291,1.0309852128288082
within_weather_hour_pair,Clear 13,Clear 21,152341,154879,0.6161767622754484,0.626672250248116,0.010495487972667639,0.7074578515291577,0.785350026028712,0.07789217449955421,1.3451360216803072,1.6870896532869184,1.2542149091951698,0.502940272342459,0.6328062199418877,0.21485875730092108,-0.654269406940133,-0.036094157314695174,0.09377179028473348,0.5321876935249807,1.3344418178619106
within_weather_hour_pair,Clear 13,Clear 22,152341,141078,0.6161767622754484,0.6210324078140261,0.0048556455385777575,0.7074578515291577,0.7331814335030937,0.025723581973935983,1.3451360216803072,1.6456219783620436,1.2233870417850958,0.502940272342459,0.6565933313595101,0.2063724225036746,-0.5653303744257759,-0.06537497012212562,0.0882780888949255,0.573186245135137,1.3535401599134822
within_weather_hour_pair,Clear 13,Clear 23,152341,112367,0.6161767622754484,0.6261232889595361,0.009946526684087686,0.7074578515291577,0.6955343457414775,-0.0119235057876802,1.3451360216803072,1.582830852933968,1.1767069109908594,0.502940272342459,0.6778077681699133,0.19119255653420286,-0.41637857729903816,-0.08616399170800809,0.08870350411944616,0.5769884219438433,1.2191891453304775
within_weather_hour_pair,Clear 14,Clear 15,191474,207217,0.6114261798367369,0.5660795711866596,-0.045346608650077225,0.7104267270516574,0.6925427891895951,-0.017883937862062327,1.3651808086137756,1.4367438321929327,1.0524201798967736,0.47522801458320135,0.4909115326999124,0.056703180003958416,-0.3290303704123487,-0.025876925837188536,-0.010193407720477499,-0.0029337851982489394,0.364506883827052
within_weather_hour_pair,Clear 14,Clear 16,191474,188333,0.6114261798367369,0.6512571574658815,0.03983097762914467,0.7104267270516574,0.7503010280470894,0.03987430099543199,1.3651808086137756,1.2208516855020743,0.8942783826134686,0.47522801458320135,0.4594684975793913,0.07306539204008447,0.1829037445067857,0.030792313408328664,0.0150327964045186,-0.08056801770362831,-0.4519356316648171
within_weather_hour_pair,Clear 14,Clear 17,191474,185684,0.6114261798367369,0.6384705660433814,0.02704438620664451,0.7104267270516574,0.7734894235899158,0.06306269653825836,1.3651808086137756,1.3049779256931293,0.9559011652223729,0.47522801458320135,0.48302933159769634,0.052175766209609876,-0.04835402393064825,0.02200285906259908,0.02980417607709407,-0.002510101781095342,-0.2503382560271188
within_weather_hour_pair,Clear 14,Clear 18,191474,169155,0.6114261798367369,0.6529298249008428,0.041503645064105976,0.7104267270516574,0.7871166057620406,0.07668987871038313,1.3651808086137756,1.3455233542126077,0.9856008418246603,0.47522801458320135,0.4955180514660472,0.06052451119769889,-0.08670212205010663,0.020333244526020866,0.04062328140886673,0.08136405935890378,-0.020015261311938204
within_weather_hour_pair,Clear 14,Clear 19,191474,147729,0.6114261798367369,0.6503316405395002,0.03890546070276335,0.7104267270516574,0.8029692142532177,0.09254248720156022,1.3651808086137756,1.3418181065143089,0.9828867341585401,0.47522801458320135,0.5394138475140503,0.07996063781989617,-0.14082202887162132,-0.004350019753276146,0.059835813177572805,0.14004917052111798,-0.054734205373608624
within_weather_hour_pair,Clear 14,Clear 20,191474,167377,0.6114261798367369,0.657487115026388,0.04606093518965115,0.7104267270516574,0.8041140652042125,0.09368733815255503,1.3651808086137756,1.5737152137589567,1.1527522243423052,0.47522801458320135,0.597491114029947,0.15895988824346208,-0.35977297732369484,-0.027151196868331895,0.09511190257841384,0.42115852665569764,1.0373340386717311
within_weather_hour_pair,Clear 14,Clear 21,191474,154879,0.6114261798367369,0.626672250248116,0.015246070411379153,0.7104267270516574,0.785350026028712,0.07492329897705452,1.3651808086137756,1.6870896532869184,1.2357994213235488,0.47522801458320135,0.6328062199418877,0.21862212052033936,-0.6429603583840007,-0.056972601390464506,0.10060560396822182,0.5665354404456493,1.3407906437048336
within_weather_hour_pair,Clear 14,Clear 22,191474,141078,0.6114261798367369,0.6210324078140261,0.009606227977289272,0.7104267270516574,0.7331814335030937,0.02275470645143629,1.3651808086137756,1.6456219783620436,1.2054241958125913,0.47522801458320135,0.6565933313595101,0.21136965364925933,-0.5540213258696436,-0.08625341419789495,0.09511190257841384,0.6075339920558056,1.3598889857564052
within_weather_hour_pair,Clear 14,Clear 23,191474,112367,0.6114261798367369,0.6261232889595361,0.014697109122799201,0.7104267270516574,0.6955343457414775,-0.014892381310179892,1.3651808086137756,1.582830852933968,1.1594294638094111,0.47522801458320135,0.6778077681699133,0.1964474091840169,-0.4050695287429058,-0.10704243578377742,0.09553731780293451,0.6113361688645118,1.2255379711734005
within_weather_hour_pair,Clear 15,Clear 16,207217,188333,0.5660795711866596,0.6512571574658815,0.0851775862792219,0.6925427891895951,0.7503010280470894,0.057758238857494315,1.4367438321929327,1.2208516855020743,0.8497351150195386,0.4909115326999124,0.4594684975793913,0.12891835144124353,0.5119341149191344,0.0566692392455172,0.0252262041249961,-0.07763423250537937,-0.8164425154918691
within_weather_hour_pair,Clear 15,Clear 17,207217,185684,0.5660795711866596,0.6384705660433814,0.07239099485672174,0.6925427891895951,0.7734894235899158,0.08094663440032068,1.4367438321929327,1.3049779256931293,0.9082885177250518,0.4909115326999124,0.48302933159769634,0.09994302834180382,0.2806763464817005,0.047879784899787614,0.03999758379757157,0.0004236834171535975,-0.6148451398541708
within_weather_hour_pair,Clear 15,Clear 18,207217,169155,0.5660795711866596,0.6529298249008428,0.0868502537141832,0.6925427891895951,0.7871166057620406,0.09457381657244546,1.4367438321929327,1.3455233542126077,0.9365088779667192,0.4909115326999124,0.4955180514660472,0.09756363040415417,0.2423282483622421,0.0462101703632094,0.05081668912934423,0.08429784455715272,-0.3845221451389902
within_weather_hour_pair,Clear 15,Clear 19,207217,147729,0.5660795711866596,0.6503316405395002,0.08425206935284058,0.6925427891895951,0.8029692142532177,0.11042642506362255,1.4367438321929327,1.3418181065143089,0.9339299577616863,0.4909115326999124,0.5394138475140503,0.1004550393961212,0.1882083415407274,0.02152690608391239,0.0700292208980503,0.14298295571936692,-0.4192410892006606
within_weather_hour_pair,Clear 15,Clear 20,207217,167377,0.5660795711866596,0.657487115026388,0.09140754383972838,0.6925427891895951,0.8041140652042125,0.11157127601461736,1.4367438321929327,1.5737152137589567,1.0953345881826142,0.4909115326999124,0.597491114029947,0.12341900330298114,-0.030742606911346115,-0.0012742710311433592,0.10530531029889134,0.4240923118539466,0.6728271548446791
within_weather_hour_pair,Clear 15,Clear 21,207217,154879,0.5660795711866596,0.626672250248116,0.06059267906145638,0.6925427891895951,0.785350026028712,0.09280723683911685,1.4367438321929327,1.6870896532869184,1.1742452728764303,0.4909115326999124,0.6328062199418877,0.17731492551680364,-0.31392998797165195,-0.03109567555327597,0.11079901168869932,0.5694692256438982,0.9762837598777816
within_weather_hour_pair,Clear 15,Clear 22,207217,141078,0.5660795711866596,0.6210324078140261,0.0549528366273665,0.6925427891895951,0.7331814335030937,0.04063864431349862,1.4367438321929327,1.6456219783620436,1.1453830122592528,0.4909115326999124,0.6565933313595101,0.16770520985719467,-0.22499095545729486,-0.060376488360706415,0.10530531029889134,0.6104677772540545,0.9953821019293532
within_weather_hour_pair,Clear 15,Clear 23,207217,112367,0.5660795711866596,0.6261232889595361,0.060043717772876426,0.6925427891895951,0.6955343457414775,0.002991556551882435,1.4367438321929327,1.582830852933968,1.1016792398670399,0.4909115326999124,0.6778077681699133,0.15136355215332903,-0.07603915833055708,-0.08116550994658889,0.105730725523412,0.6142699540627607,0.8610310873463485
within_weather_hour_pair,Clear 16,Clear 17,188333,185684,0.6512571574658815,0.6384705660433814,-0.01278659142250016,0.7503010280470894,0.7734894235899158,0.023188395542826368,1.2208516855020743,1.3049779256931293,1.0689078298290247,0.4594684975793913,0.48302933159769634,0.055476104389368466,-0.23125776843743395,-0.008789454345729586,0.014771379672575469,0.07805791592253297,0.2015973756376983
within_weather_hour_pair,Clear 16,Clear 18,188333,169155,0.6512571574658815,0.6529298249008428,0.0016726674349613058,0.7503010280470894,0.7871166057620406,0.03681557771495114,1.2208516855020743,1.3455233542126077,1.102118603095725,0.4594684975793913,0.4955180514660472,0.08150006797799741,-0.26960586655689234,-0.010459068882307798,0.02559048500434813,0.1619320770625321,0.4319203703528789
within_weather_hour_pair,Clear 16,Clear 19,188333,147729,0.6512571574658815,0.6503316405395002,-0.0009255169263813201,0.7503010280470894,0.8029692142532177,0.05266818620612823,1.2208516855020743,1.3418181065143089,1.0990836335393903,0.4594684975793913,0.5394138475140503,0.103884176612199,-0.323725773378407,-0.03514233316160481,0.044803016773054205,0.2206171882247463,0.39720142629120847
within_weather_hour_pair,Clear 16,Clear 20,188333,167377,0.6512571574658815,0.657487115026388,0.006229957560506483,0.7503010280470894,0.8041140652042125,0.053813037157123045,1.2208516855020743,1.5737152137589567,1.289030627100103,0.4594684975793913,0.597491114029947,0.20528399164850067,-0.5426767218304805,-0.05794351027666056,0.08007910617389524,0.501726544359326,1.4892696703365482
within_weather_hour_pair,Clear 16,Clear 21,188333,154879,0.6512571574658815,0.626672250248116,-0.024584907217765517,0.7503010280470894,0.785350026028712,0.03504899798162253,1.2208516855020743,1.6870896532869184,1.381895666215265,0.4594684975793913,0.6328062199418877,0.26878365392910875,-0.8258641028907864,-0.08776491479879317,0.08557280756370322,0.6471034581492776,1.7927262753696507
within_weather_hour_pair,Clear 16,Clear 22,188333,141078,0.6512571574658815,0.6210324078140261,-0.030224749651855398,0.7503010280470894,0.7331814335030937,-0.017119594543995698,1.2208516855020743,1.6456219783620436,1.3479294806275202,0.4594684975793913,0.6565933313595101,0.2676433184460422,-0.7369250703764293,-0.11704572760622362,0.08007910617389524,0.6881020097594339,1.8118246174212222
within_weather_hour_pair,Clear 16,Clear 23,188333,112367,0.6512571574658815,0.6261232889595361,-0.02513386850634547,0.7503010280470894,0.6955343457414775,-0.05476668230561188,1.2208516855020743,1.582830852933968,1.2964972500185639,0.4594684975793913,0.6778077681699133,0.2553837457562372,-0.5879732732496915,-0.1378347491921061,0.0805045213984159,0.6919041865681401,1.6774736028382176
within_weather_hour_pair,Clear 17,Clear 18,185684,169155,0.6384705660433814,0.6529298249008428,0.014459258857461466,0.7734894235899158,0.7871166057620406,0.013627182172124774,1.3049779256931293,1.3455233542126077,1.031069819436174,0.48302933159769634,0.4955180514660472,0.026882250746573032,-0.038348098119458385,-0.0016696145365782122,0.01081910533177266,0.08387416113999913,0.23032299471518058
within_weather_hour_pair,Clear 17,Clear 19,185684,147729,0.6384705660433814,0.6503316405395002,0.01186107449611884,0.7734894235899158,0.8029692142532177,0.029479790663301864,1.3049779256931293,1.3418181065143089,1.028230501141705,0.48302933159769634,0.5394138475140503,0.051081426259902946,-0.09246800494097307,-0.026352878815875225,0.030031637100478736,0.14255927230221332,0.19560405065351016
within_weather_hour_pair,Clear 17,Clear 20,185684,167377,0.6384705660433814,0.657487115026388,0.019016548983006643,0.7734894235899158,0.8041140652042125,0.030624641614296677,1.3049779256931293,1.5737152137589567,1.2059324397560898,0.48302933159769634,0.597491114029947,0.1536493744848247,-0.3114189533930466,-0.04915405593093097,0.06530772650131977,0.423668628436793,1.28767229469885
within_weather_hour_pair,Clear 17,Clear 21,185684,154879,0.6384705660433814,0.626672250248116,-0.011798315795265357,0.7734894235899158,0.785350026028712,0.011860602438796164,1.3049779256931293,1.6870896532869184,1.2928108744757758,0.48302933159769634,0.6328062199418877,0.21934900726654627,-0.5946063344533524,-0.07897546045306358,0.07080142789112776,0.5690455422267446,1.5911288997319524
within_weather_hour_pair,Clear 17,Clear 22,185684,141078,0.6384705660433814,0.6210324078140261,-0.01743815822935524,0.7734894235899158,0.7331814335030937,-0.040307990086822065,1.3049779256931293,1.6456219783620436,1.2610343408590485,0.48302933159769634,0.6565933313595101,0.2214755718789456,-0.5056673019389953,-0.10825627326049403,0.06530772650131977,0.610044093836901,1.610227241783524
within_weather_hour_pair,Clear 17,Clear 23,185684,112367,0.6384705660433814,0.6261232889595361,-0.01234727708384531,0.7734894235899158,0.6955343457414775,-0.07795507784843825,1.3049779256931293,1.582830852933968,1.2129177220321632,0.48302933159769634,0.6778077681699133,0.2103548596584413,-0.35671550481225756,-0.1290452948463765,0.06573314172584044,0.6138462706456072,1.4758762272005193
within_weather_hour_pair,Clear 18,Clear 19,169155,147729,0.6529298249008428,0.6503316405395002,-0.002598184361342626,0.7871166057620406,0.8029692142532177,0.01585260849117709,1.3455233542126077,1.3418181065143089,0.9972462405154854,0.4955180514660472,0.5394138475140503,0.0333400840102146,-0.054119906821514685,-0.024683264279297013,0.019212531768706076,0.0586851111622142,-0.03471894406167042
within_weather_hour_pair,Clear 18,Clear 20,169155,167377,0.6529298249008428,0.657487115026388,0.004557290125545177,0.7871166057620406,0.8041140652042125,0.016997459442171903,1.3455233542126077,1.5737152137589567,1.169593384486355,0.4955180514660472,0.597491114029947,0.13078013460464363,-0.2730708552735882,-0.04748444139435276,0.05448862116954711,0.33979446729679386,1.0573492999836693
within_weather_hour_pair,Clear 18,Clear 21,169155,154879,0.6529298249008428,0.626672250248116,-0.026257574652726823,0.7871166057620406,0.785350026028712,-0.0017665797333286104,1.3455233542126077,1.6870896532869184,1.253853861402646,0.4955180514660472,0.6328062199418877,0.19786851411680054,-0.556258236333894,-0.07730584591648537,0.059982322559355095,0.4851713810867455,1.3608059050167718
within_weather_hour_pair,Clear 18,Clear 22,169155,141078,0.6529298249008428,0.6210324078140261,-0.031897417086816704,0.7871166057620406,0.7331814335030937,-0.05393517225894684,1.3455233542126077,1.6456219783620436,1.223034868335713,0.4955180514660472,0.6565933313595101,0.2018246154941737,-0.46731920381953695,-0.10658665872391582,0.05448862116954711,0.5261699326969018,1.3799042470683434
within_weather_hour_pair,Clear 18,Clear 23,169155,112367,0.6529298249008428,0.6261232889595361,-0.026806535941306775,0.7871166057620406,0.6955343457414775,-0.09158226002056302,1.3455233542126077,1.582830852933968,1.1763681752370856,0.4955180514660472,0.6778077681699133,0.1912250737169669,-0.31836740669279917,-0.1273756803097983,0.05491403639406778,0.529972109505608,1.2455532324853387
within_weather_hour_pair,Clear 19,Clear 20,147729,167377,0.6503316405395002,0.657487115026388,0.007155474486887803,0.8029692142532177,0.8041140652042125,0.0011448509509948135,1.3418181065143089,1.5737152137589567,1.1728230571035114,0.5394138475140503,0.597491114029947,0.10541527538455087,-0.21895094845207352,-0.02280117711505575,0.03527608940084104,0.28110935613457966,1.0920682440453398
within_weather_hour_pair,Clear 19,Clear 21,147729,154879,0.6503316405395002,0.626672250248116,-0.023659390291384197,0.8029692142532177,0.785350026028712,-0.0176191882245057,1.3418181065143089,1.6870896532869184,1.2573162078350055,0.5394138475140503,0.6328062199418877,0.17402842071816949,-0.5021383295123794,-0.05262258163718836,0.04076979079064902,0.4264862699245313,1.3955248490784422
within_weather_hour_pair,Clear 19,Clear 22,147729,141078,0.6503316405395002,0.6210324078140261,-0.029299232725474078,0.8029692142532177,0.7331814335030937,-0.06978778075012393,1.3418181065143089,1.6456219783620436,1.2264121123219431,0.5394138475140503,0.6565933313595101,0.18045424662132875,-0.41319929699802227,-0.0819033944446188,0.03527608940084104,0.4674848215346876,1.4146231911300138
within_weather_hour_pair,Clear 19,Clear 23,147729,112367,0.6503316405395002,0.6261232889595361,-0.02420835157996415,0.8029692142532177,0.6955343457414775,-0.10743486851174011,1.3418181065143089,1.582830852933968,1.1796165555149252,0.5394138475140503,0.6778077681699133,0.17061445417191543,-0.2642474998712845,-0.10269241603050128,0.0357015046253617,0.4712869983433938,1.280272176547009
within_weather_hour_pair,Clear 20,Clear 21,167377,154879,0.657487115026388,0.626672250248116,-0.030814864778272,0.8041140652042125,0.785350026028712,-0.018764039175500513,1.5737152137589567,1.6870896532869184,1.0720425389147488,0.597491114029947,0.6328062199418877,0.06977346252431162,-0.28318738106030583,-0.02982140452213261,0.005493701389807981,0.14537691378995166,0.30345660503310246
within_weather_hour_pair,Clear 20,Clear 22,167377,141078,0.657487115026388,0.6210324078140261,-0.03645470721236188,0.8041140652042125,0.7331814335030937,-0.07093263170111874,1.5737152137589567,1.6456219783620436,1.0456923616003757,0.597491114029947,0.6565933313595101,0.0790140640149443,-0.19424834854594875,-0.059102217329563056,0.0,0.18637546540010796,0.322554947084674
within_weather_hour_pair,Clear 20,Clear 23,167377,112367,0.657487115026388,0.6261232889595361,-0.03136382606685195,0.8041140652042125,0.6955343457414775,-0.10857971946273492,1.5737152137589567,1.582830852933968,1.0057924325159429,0.597491114029947,0.6778077681699133,0.08372823085470764,-0.04529655141921096,-0.07989123891544553,0.0004254152245206644,0.19017764220881417,0.18820393250166934
within_weather_hour_pair,Clear 21,Clear 22,154879,141078,0.626672250248116,0.6210324078140261,-0.005639842434089881,0.785350026028712,0.7331814335030937,-0.05216859252561823,1.6870896532869184,1.6456219783620436,0.9754205860701687,0.6328062199418877,0.6565933313595101,0.03965706599454141,0.08893903251435709,-0.029280812807430445,-0.005493701389807981,0.04099855161015631,0.01909834205157157
within_weather_hour_pair,Clear 21,Clear 23,154879,112367,0.626672250248116,0.6261232889595361,-0.0005489612885799522,0.785350026028712,0.6955343457414775,-0.08981568028723441,1.6870896532869184,1.582830852933968,0.9382019798711791,0.6328062199418877,0.6778077681699133,0.07500361316048725,0.23789082964109487,-0.05006983439331292,-0.005068286165287317,0.04480072841886251,-0.11525267253143312
within_weather_hour_pair,Clear 22,Clear 23,141078,112367,0.6210324078140261,0.6261232889595361,0.005090881145509929,0.7331814335030937,0.6955343457414775,-0.03764708776161618,1.6456219783620436,1.582830852933968,0.9618435301340748,0.6565933313595101,0.6778077681699133,0.03934596397978963,0.14895179712673778,-0.020789021585882472,0.0004254152245206644,0.0038021768087062036,-0.1343510145830047
within_weather_hour_pair,Rain 00,Rain 01,14109,970,0.5602117056864759,0.4519689400576497,-0.10824276562882623,0.7561100732706882,0.42932583807220104,-0.3267842351984872,1.932934434184344,1.3002907042013991,0.6727029542262221,0.8863682512874786,0.5649065967838867,0.5046421701245851,1.3916497233670166,0.12007466360105595,-0.2013869909025361,-1.344691482562068,-3.429605033509116
within_weather_hour_pair,Rain 00,Rain 02,14109,5060,0.5602117056864759,0.5676935416313932,0.007481835944917248,0.7561100732706882,0.7664030963789121,0.010293023108223887,1.932934434184344,2.0713003877845892,1.07158336628145,0.8863682512874786,0.9199040285201159,0.05988719643611835,-0.04511653363813917,-0.025730292928834886,0.007805484303802235,0.10506954878198327,1.25738526333644
within_weather_hour_pair,Rain 00,Rain 03,14109,6262,0.5602117056864759,0.6587815278323764,0.09856982214590049,0.7561100732706882,0.7905455961659138,0.03443552289522556,1.932934434184344,2.002698283923624,1.0360921966650767,0.8863682512874786,0.9004932237384426,0.11240857447438998,0.45267143072814764,0.017663458546359367,0.031788430997323314,0.10918801076500229,1.36155101001291
within_weather_hour_pair,Rain 00,Rain 04,14109,2429,0.5602117056864759,0.6519030268955908,0.09169132120911483,0.7561100732706882,0.5766853537394996,-0.17942471953118866,1.932934434184344,1.7623058984679705,0.9117256474411275,0.8863682512874786,0.7711662696091764,0.22506659081695254,0.9463364961969134,0.08122566810091511,-0.033976313577387174,-0.2978415579708451,0.8592847287384471
within_weather_hour_pair,Rain 00,Rain 06,14109,2296,0.5602117056864759,0.6594479614596858,0.09923625577320982,0.7561100732706882,0.6658504009800781,-0.09025967229061016,1.932934434184344,1.4722657782449484,0.7616739358602261,0.8863682512874786,0.6633690362783409,0.31505799944450535,1.3174554572498063,0.16549263976237627,-0.057506575246761504,-0.6698713283126878,-1.6183210617825123
within_weather_hour_pair,Rain 00,Rain 07,14109,24795,0.5602117056864759,0.7295584225759116,0.1693467168894357,0.7561100732706882,0.818512122585838,0.06240204931514981,1.932934434184344,1.6757921208315025,0.8669679070302507,0.8863682512874786,0.6341429712419986,0.26198698766602707,1.0351585346917422,0.21356865923286056,-0.03865662081261956,-0.44263696682670073,-0.06840462865620367
within_weather_hour_pair,Rain 00,Rain 08,14109,12153,0.5602117056864759,0.664989565481437,0.10477785979496101,0.7561100732706882,0.7926711798183047,0.03656110654761646,1.932934434184344,1.48571661866754,0.768632702895833,0.8863682512874786,0.5384586962249703,0.37331595237511117,1.2224247696995174,0.24718215079678013,-0.10072740426572824,-0.894405015230884,-1.3409665288493287
within_weather_hour_pair,Rain 00,Rain 09,14109,10587,0.5602117056864759,0.6808659864494789,0.120654280763003,0.7561100732706882,0.7822947826618215,0.026184709391133265,1.932934434184344,1.2446882153906982,0.6439371110463606,0.8863682512874786,0.5013326695266601,0.49420041177389284,1.6692810201569168,0.26795300688514995,-0.11708257487566864,-1.2364417922950055,-2.5595756743728293
within_weather_hour_pair,Rain 00,Rain 13,14109,18293,0.5602117056864759,0.6759225626732489,0.11571085698677297,0.7561100732706882,0.7511544366967565,-0.004955636573931721,1.932934434184344,1.1622150946225205,0.6012697968790389,0.8863682512874786,0.41880511783287167,0.5536934525862272,1.771049667156118,0.3097507758972204,-0.15781235755738665,-1.38010955503742,-2.6805003233247904
within_weather_hour_pair,Rain 00,Rain 14,14109,14109,0.5602117056864759,0.6572363534595504,0.09702464777307451,0.7561100732706882,0.7298196420221424,-0.026290431248545798,1.932934434184344,1.1375591451351912,0.5885140877089379,0.8863682512874786,0.41929176261163614,0.5629641648981314,1.7862302313393614,0.296651094777259,-0.17042539389858358,-1.487747707484422,-2.714113887322629
within_weather_hour_pair,Rain 00,Rain 15,14109,16887,0.5602117056864759,0.6111576786385188,0.05094597295204284,0.7561100732706882,0.7315779648933649,-0.024532108377323336,1.932934434184344,1.2486211984297633,0.6459718324365482,0.8863682512874786,0.41632941370240295,0.5046778343857893,1.3896181722000622,0.29863633494689906,-0.1714025026381767,-1.4261153320247182,-2.7722952220957753
within_weather_hour_pair,Rain 00,Rain 16,14109,3593,0.5602117056864759,0.7913841274689837,0.23117242178250774,0.7561100732706882,0.9055191634173957,0.14940909014670745,1.932934434184344,1.3688788537938497,0.7081869046279816,0.8863682512874786,0.5170776328440031,0.49121681093152536,1.813582549119671,0.36048334180961755,-0.008807276633858052,-0.9726076515655944,-2.3190024457802103
within_weather_hour_pair,Rain 00,Rain 17,14109,11200,0.5602117056864759,0.7318695667077892,0.1716578610213133,0.7561100732706882,0.838207004118244,0.08209693084755576,1.932934434184344,1.2518286772873708,0.6476312156007584,0.8863682512874786,0.4521442950798774,0.5028098329899972,1.6473016877799527,0.34127091918292524,-0.09295303702467606,-1.1604331151299676,-2.1670092123216307
within_weather_hour_pair,Rain 00,Rain 18,14109,18393,0.5602117056864759,0.6389405231084968,0.07872881742202087,0.7561100732706882,0.8028747055174312,0.04676463224674299,1.932934434184344,1.285709553861544,0.6651594234773335,0.8863682512874786,0.4821206305498269,0.4681868755377322,1.3015923865537395,0.2839116216123461,-0.12033599912530568,-1.3020831555264905,-2.7069993247279154
within_weather_hour_pair,Rain 00,Rain 19,14109,19030,0.5602117056864759,0.6379020435696399,0.07769033788316393,0.7561100732706882,0.7521993477323365,-0.0039107255383517,1.932934434184344,1.4894758290860473,0.7705775233470727,0.8863682512874786,0.5439402765672186,0.36067044010607185,1.1139035010621607,0.22335286077368177,-0.11907511394657844,-0.9878116775871673,-0.9729512889857839
within_weather_hour_pair,Rain 00,Rain 20,14109,9786,0.5602117056864759,0.5733900319982139,0.013178326311737987,0.7561100732706882,0.8343192621799325,0.07820918890924422,1.932934434184344,1.7899129826813858,0.9260081206203405,0.8863682512874786,0.615540416554312,0.21327808540544363,0.2672723488691622,0.21313016988030825,-0.05769766485285843,-0.7534499702605326,-1.0426276699289145
within_weather_hour_pair,Rain 00,Rain 21,14109,12305,0.5602117056864759,0.7081301180155432,0.14791841232906722,0.7561100732706882,0.8279283635765621,0.07181829030587383,1.932934434184344,1.5304778911068675,0.7917898631428208,0.8863682512874786,0.6136248436773886,0.32872533032431783,1.2063578071591088,0.22747045424760304,-0.045272953362487156,-0.7310992379988601,-1.0799533079337928
within_weather_hour_pair,Rain 00,Rain 22,14109,5957,0.5602117056864759,0.6729013389844056,0.11268963329792969,0.7561100732706882,0.8079319448784859,0.05182187160779761,1.932934434184344,1.5545569176715843,0.8042471023222126,0.8863682512874786,0.6769183292100981,0.27118157712322954,1.0823476672007455,0.18155854418110867,-0.02789137789627194,-0.5957938870986492,-1.0958040204073338
within_weather_hour_pair,Rain 00,Rain 23,14109,6800,0.5602117056864759,0.5485602768388994,-0.011651428847576528,0.7561100732706882,0.6802470206786686,-0.07586305259201964,1.932934434184344,1.874207503496781,0.9696177326819962,0.8863682512874786,0.7018964678453873,0.12035043254551245,0.1389728235082044,0.09950106392839148,-0.08497071951369994,-0.42868309962927986,0.3556728832641003
within_weather_hour_pair,Rain 01,Rain 02,970,5060,0.4519689400576497,0.5676935416313932,0.11572460157374348,0.42932583807220104,0.7664030963789121,0.3370772583067111,1.3002907042013991,2.0713003877845892,1.592951776931084,0.5649065967838867,0.9199040285201159,0.5623119064428066,-1.4367662570051558,-0.14580495652989084,0.20919247520633832,1.4497610313440512,4.686990296845556
within_weather_hour_pair,Rain 01,Rain 03,970,6262,0.4519689400576497,0.6587815278323764,0.20681258777472672,0.42932583807220104,0.7905455961659138,0.36121975809371276,1.3002907042013991,2.002698283923624,1.5401927257133035,0.5649065967838867,0.9004932237384426,0.5045047886698241,-0.9389782926388691,-0.10241120505469659,0.2331754218998594,1.4538794933270702,4.791156043522026
within_weather_hour_pair,Rain 01,Rain 04,970,2429,0.4519689400576497,0.6519030268955908,0.19993408683794106,0.42932583807220104,0.5766853537394996,0.14735951566729855,1.3002907042013991,1.7623058984679705,1.3553168478200632,0.5649065967838867,0.7711662696091764,0.3094176390174578,-0.44531322717010335,-0.03884899550014084,0.16741067732514892,1.0468499245912228,4.288889762247563
within_weather_hour_pair,Rain 01,Rain 06,970,2296,0.4519689400576497,0.6594479614596858,0.20747902140203606,0.42932583807220104,0.6658504009800781,0.23652456290787705,1.3002907042013991,1.4722657782449484,1.1322589429332046,0.5649065967838867,0.6633690362783409,0.2480241464410163,-0.07419426611721047,0.04541797616132032,0.14388041565577459,0.6748201542493801,1.8112839717266036
within_weather_hour_pair,Rain 01,Rain 07,970,24795,0.4519689400576497,0.7295584225759116,0.27758948251826193,0.42932583807220104,0.818512122585838,0.389186284513637,1.3002907042013991,1.6757921208315025,1.288782666381304,0.5649065967838867,0.6341429712419986,0.3459046257482495,-0.3564911886752745,0.0934939956318046,0.16273037008991653,0.9020545157353672,3.3612004048529123
within_weather_hour_pair,Rain 01,Rain 08,970,12153,0.4519689400576497,0.664989565481437,0.21302062542378725,0.42932583807220104,0.7926711798183047,0.36334534174610367,1.3002907042013991,1.48571661866754,1.1426034300383805,0.5649065967838867,0.5384586962249703,0.25232356827298974,-0.16922495366749934,0.12710748719572418,0.10065958663680785,0.45028646733118394,2.0886385046597873
within_weather_hour_pair,Rain 01,Rain 09,970,10587,0.4519689400576497,0.6808659864494789,0.22889704639182923,0.42932583807220104,0.7822947826618215,0.35296894458962047,1.3002907042013991,1.2446882153906982,0.9572384170470168,0.5649065967838867,0.5013326695266601,0.23752235276025302,0.27763129678989995,0.147878343284094,0.08430441602686745,0.10824969026706244,0.8700293591362867
within_weather_hour_pair,Rain 01,Rain 13,970,18293,0.4519689400576497,0.6759225626732489,0.2239536226155992,0.42932583807220104,0.7511544366967565,0.3218285986245555,1.3002907042013991,1.1622150946225205,0.8938117383037967,0.5649065967838867,0.41880511783287167,0.2565015374025381,0.37939994378910125,0.18967611229616443,0.04357463334514944,-0.035418072475352114,0.7491047101843256
within_weather_hour_pair,Rain 01,Rain 14,970,14109,0.4519689400576497,0.6572363534595504,0.20526741340190074,0.42932583807220104,0.7298196420221424,0.3004938039499414,1.3002907042013991,1.1375591451351912,0.8748498635417432,0.5649065967838867,0.41929176261163614,0.2530762275525392,0.3945805079723446,0.17657643117620303,0.030961597003952512,-0.14305622492235415,0.715491146186487
within_weather_hour_pair,Rain 01,Rain 15,970,16887,0.4519689400576497,0.6111576786385188,0.15918873858086907,0.42932583807220104,0.7315779648933649,0.30225212682116387,1.3002907042013991,1.2486211984297633,0.9602631122373748,0.5649065967838867,0.41632941370240295,0.20322924979921972,-0.002031551166954526,0.1785616713458431,0.0299844882643594,-0.08142384946265024,0.6573098114133407
within_weather_hour_pair,Rain 01,Rain 16,970,3593,0.4519689400576497,0.7913841274689837,0.339415187411334,0.42932583807220104,0.9055191634173957,0.47619332534519465,1.3002907042013991,1.3688788537938497,1.0527483195648741,0.5649065967838867,0.5170776328440031,0.37171829615574137,0.42193282575265434,0.2404086782085616,0.19257971426867804,0.3720838309964736,1.1106025877289056
within_weather_hour_pair,Rain 01,Rain 17,970,11200,0.4519689400576497,0.7318695667077892,0.27990062665013954,0.42932583807220104,0.838207004118244,0.40888116604604297,1.3002907042013991,1.2518286772873708,0.962729852057358,0.5649065967838867,0.4521442950798774,0.286794769148287,0.255651964412936,0.22119625558186928,0.10843395387786003,0.18425836743210033,1.2625958211874853
within_weather_hour_pair,Rain 01,Rain 18,970,18393,0.4519689400576497,0.6389405231084968,0.1869715830508471,0.42932583807220104,0.8028747055174312,0.3735488674452302,1.3002907042013991,1.285709553861544,0.988786238113722,0.5649065967838867,0.4821206305498269,0.2088030685968081,-0.0900573368132771,0.16383695801129017,0.08105099177723041,0.04260832703557749,0.7226057087812006
within_weather_hour_pair,Rain 01,Rain 19,970,19030,0.4519689400576497,0.6379020435696399,0.18593310351199016,0.42932583807220104,0.7521993477323365,0.3228735096601355,1.3002907042013991,1.4894758290860473,1.145494483866852,0.5649065967838867,0.5439402765672186,0.22642083688364983,-0.2777462223048559,0.10327819717262582,0.08231187695595765,0.3568798049749007,2.456653744523332
within_weather_hour_pair,Rain 01,Rain 20,970,9786,0.4519689400576497,0.5733900319982139,0.12142109194056422,0.42932583807220104,0.8343192621799325,0.4049934241077314,1.3002907042013991,1.7899129826813858,1.3765483186936252,0.5649065967838867,0.615540416554312,0.3953134173026983,-1.1243773744978545,0.0930555062792523,0.14368932604967766,0.5912415123015353,2.3869773635802014
within_weather_hour_pair,Rain 01,Rain 21,970,12305,0.4519689400576497,0.7081301180155432,0.25616117795789345,0.42932583807220104,0.8279283635765621,0.39860252550436104,1.3002907042013991,1.5304778911068675,1.1770274802101601,0.5649065967838867,0.6136248436773886,0.2906873130305438,-0.18529191620790797,0.10739579064654708,0.15611403754004893,0.6135922445632078,2.349651725575323
within_weather_hour_pair,Rain 01,Rain 22,970,5957,0.4519689400576497,0.6729013389844056,0.22093239892675592,0.42932583807220104,0.8079319448784859,0.3786061068062848,1.3002907042013991,1.5545569176715843,1.1955456673254832,0.5649065967838867,0.6769183292100981,0.2955492772168208,-0.30930205616627127,0.06148388058005272,0.17349561300626415,0.7488975954634187,2.333801013101782
within_weather_hour_pair,Rain 01,Rain 23,970,6800,0.4519689400576497,0.5485602768388994,0.0965913367812497,0.42932583807220104,0.6802470206786686,0.25092118260646756,1.3002907042013991,1.874207503496781,1.4413757611593976,0.5649065967838867,0.7018964678453873,0.4050899136576337,-1.2526768998588125,-0.020573599672664478,0.11641627138883615,0.9160083829327881,3.7852779167732162
within_weather_hour_pair,Rain 02,Rain 03,5060,6262,0.5676935416313932,0.6587815278323764,0.09108798620098324,0.7664030963789121,0.7905455961659138,0.02414249978700167,2.0713003877845892,2.002698283923624,0.9668796934208367,0.9199040285201159,0.9004932237384426,0.09775457921355932,0.4977879643662868,0.04339375147519425,0.02398294669352108,0.004118461983019017,0.10416574667647005
within_weather_hour_pair,Rain 02,Rain 04,5060,2429,0.5676935416313932,0.6519030268955908,0.08420948526419758,0.7664030963789121,0.5766853537394996,-0.18971774263941255,2.0713003877845892,1.7623058984679705,0.8508210150787875,0.9199040285201159,0.7711662696091764,0.26301220429523,0.9914530298350526,0.10695596102975,-0.04178179788118941,-0.4029111067528284,-0.3981005345979929
within_weather_hour_pair,Rain 02,Rain 06,5060,2296,0.5676935416313932,0.6594479614596858,0.09175441982829258,0.7664030963789121,0.6658504009800781,-0.10055269539883405,2.0713003877845892,1.4722657782449484,0.7107929815142104,0.9199040285201159,0.6633690362783409,0.37448053305830914,1.3625719908879455,0.19122293269121116,-0.06531205955056374,-0.7749408770946711,-2.8757063251189523
within_weather_hour_pair,Rain 02,Rain 07,5060,24795,0.5676935416313932,0.7295584225759116,0.16186488094451845,0.7664030963789121,0.818512122585838,0.052109026206925924,2.0713003877845892,1.6757921208315025,0.8090531584479099,0.9199040285201159,0.6341429712419986,0.31523113929644525,1.0802750683298814,0.23929895216169544,-0.04646210511642179,-0.547706515608684,-1.3257898919926436
within_weather_hour_pair,Rain 02,Rain 08,5060,12153,0.5676935416313932,0.664989565481437,0.09729602385004377,0.7664030963789121,0.7926711798183047,0.026268083439392576,2.0713003877845892,1.48571661866754,0.7172868925383754,0.9199040285201159,0.5384586962249703,0.43068132875792814,1.2675413033376566,0.272912443725615,-0.10853288856953047,-0.9994745640128673,-2.5983517921857686
within_weather_hour_pair,Rain 02,Rain 09,5060,10587,0.5676935416313932,0.6808659864494789,0.11317244481808575,0.7664030963789121,0.7822947826618215,0.01589168628290938,2.0713003877845892,1.2446882153906982,0.6009211521086931,0.9199040285201159,0.5013326695266601,0.5517116786941088,1.714397553795056,0.29368329981398483,-0.12488805917947088,-1.3415113410769888,-3.8169609377092693
within_weather_hour_pair,Rain 02,Rain 13,5060,18293,0.5676935416313932,0.6759225626732489,0.10822902104185572,0.7664030963789121,0.7511544366967565,-0.015248659682155608,2.0713003877845892,1.1622150946225205,0.5611040781320938,0.9199040285201159,0.41880511783287167,0.6114165669591395,1.8161662007942572,0.3354810688260553,-0.16561784186118889,-1.4851791038194033,-3.9378855866612303
within_weather_hour_pair,Rain 02,Rain 14,5060,14109,0.5676935416313932,0.6572363534595504,0.08954281182815726,0.7664030963789121,0.7298196420221424,-0.036583454356769685,2.0713003877845892,1.1375591451351912,0.5492004693495451,0.9199040285201159,0.41929176261163614,0.6208033351388761,1.8313467649775006,0.32238138770609387,-0.1782308782023858,-1.5928172562664054,-3.971499150659069
within_weather_hour_pair,Rain 02,Rain 15,5060,16887,0.5676935416313932,0.6111576786385188,0.04346413700712559,0.7664030963789121,0.7315779648933649,-0.03482513148554722,2.0713003877845892,1.2486211984297633,0.6028199510768484,0.9199040285201159,0.41632941370240295,0.5625530071070075,1.4347347058382014,0.32436662787573395,-0.17920798694197893,-1.5311848808067015,-4.029680485432215
within_weather_hour_pair,Rain 02,Rain 16,5060,3593,0.5676935416313932,0.7913841274689837,0.2236905858375905,0.7664030963789121,0.9055191634173957,0.13911606703848356,2.0713003877845892,1.3688788537938497,0.6608789637016232,0.9199040285201159,0.5170776328440031,0.5471249221750141,1.8586990827578103,0.38621363473845244,-0.016612760937660287,-1.0776772003475776,-3.5763877091166503
within_weather_hour_pair,Rain 02,Rain 17,5060,11200,0.5676935416313932,0.7318695667077892,0.16417602507639606,0.7664030963789121,0.838207004118244,0.07180390773933187,2.0713003877845892,1.2518286772873708,0.6043684849720399,0.9199040285201159,0.4521442950798774,0.5600999619488443,1.6924182214180918,0.3670012121117601,-0.10075852132847829,-1.2655026639119509,-3.4243944756580706
within_weather_hour_pair,Rain 02,Rain 18,5060,18393,0.5676935416313932,0.6389405231084968,0.07124698147710362,0.7664030963789121,0.8028747055174312,0.0364716091385191,2.0713003877845892,1.285709553861544,0.6207257824330862,0.9199040285201159,0.4821206305498269,0.5256077333926452,1.3467089201918787,0.309641914541181,-0.12814148342910792,-1.4071527043084737,-3.9643845880643553
within_weather_hour_pair,Rain 02,Rain 19,5060,19030,0.5676935416313932,0.6379020435696399,0.07020850193824668,0.7664030963789121,0.7521993477323365,-0.014203748646575587,2.0713003877845892,1.4894758290860473,0.7191017960843203,0.9199040285201159,0.5439402765672186,0.4173738074184866,1.1590200347003,0.24908315370251666,-0.12688059825038067,-1.0928812263691505,-2.230336552322224
within_weather_hour_pair,Rain 02,Rain 20,5060,9786,0.5676935416313932,0.5733900319982139,0.005696490366820739,0.7664030963789121,0.8343192621799325,0.06791616580102033,2.0713003877845892,1.7899129826813858,0.864149397758686,0.9199040285201159,0.615540416554312,0.26095386979914326,0.31238888250730135,0.23886046280914314,-0.06550314915666067,-0.8585195190425159,-2.3000129332653545
within_weather_hour_pair,Rain 02,Rain 21,5060,12305,0.5676935416313932,0.7081301180155432,0.14043657638414997,0.7664030963789121,0.8279283635765621,0.06152526719764995,2.0713003877845892,1.5304778911068675,0.7388971199603879,0.9199040285201159,0.6136248436773886,0.3856967686981142,1.251474340797248,0.2532007471764379,-0.05307843766628939,-0.8361687867808434,-2.337338571270233
within_weather_hour_pair,Rain 02,Rain 22,5060,5957,0.5676935416313932,0.6729013389844056,0.10520779735301244,0.7664030963789121,0.8079319448784859,0.04152884849957372,2.0713003877845892,1.5545569176715843,0.7505221969925373,0.9199040285201159,0.6769183292100981,0.328286254257327,1.1274642008388847,0.20728883710994356,-0.035696862200074175,-0.7008634358806325,-2.353189283743774
within_weather_hour_pair,Rain 02,Rain 23,5060,6800,0.5676935416313932,0.5485602768388994,-0.019133264792493776,0.7664030963789121,0.6802470206786686,-0.08615607570024353,2.0713003877845892,1.874207503496781,0.9048458227255903,0.9199040285201159,0.7018964678453873,0.1676101340296757,0.18408935714634356,0.12523135685722636,-0.09277620381750218,-0.5337526484112631,-0.9017123800723397
within_weather_hour_pair,Rain 03,Rain 04,6262,2429,0.6587815278323764,0.6519030268955908,-0.006878500936785659,0.7905455961659138,0.5766853537394996,-0.21386024242641422,2.002698283923624,1.7623058984679705,0.8799657505150081,0.9004932237384426,0.7711662696091764,0.2049107388004049,0.49366506546876576,0.06356220955455574,-0.06576474457471049,-0.4070295687358474,-0.5022662812744629
within_weather_hour_pair,Rain 03,Rain 06,6262,2296,0.6587815278323764,0.6594479614596858,0.0006664336273093374,0.7905455961659138,0.6658504009800781,-0.12469519518583572,2.002698283923624,1.4722657782449484,0.7351410794443441,0.9004932237384426,0.6633690362783409,0.31609462576740643,0.8647840265216586,0.1478291812160169,-0.08929500624408482,-0.7790593390776901,-2.9798720717954224
within_weather_hour_pair,Rain 03,Rain 07,6262,24795,0.6587815278323764,0.7295584225759116,0.07077689474353521,0.7905455961659138,0.818512122585838,0.027966526419924254,2.002698283923624,1.6757921208315025,0.8367671427512001,0.9004932237384426,0.6341429712419986,0.24973547124728074,0.5824871039635946,0.1959052006865012,-0.07044505180994287,-0.551824977591703,-1.4299556386691137
within_weather_hour_pair,Rain 03,Rain 08,6262,12153,0.6587815278323764,0.664989565481437,0.006208037649060527,0.7905455961659138,0.7926711798183047,0.0021255836523909055,2.002698283923624,1.48571661866754,0.7418574383340312,0.9004932237384426,0.5384586962249703,0.3661464759674127,0.7697533389713698,0.22951869225042076,-0.13251583526305155,-1.0035930259958863,-2.7025175388622387
within_weather_hour_pair,Rain 03,Rain 09,6262,10587,0.6587815278323764,0.6808659864494789,0.02208445861710251,0.7905455961659138,0.7822947826618215,-0.008250813504092291,2.002698283923624,1.2446882153906982,0.6215056083995558,0.9004932237384426,0.5013326695266601,0.4873555129954432,1.216609589428769,0.2502895483387906,-0.14887100587299196,-1.3456298030600078,-3.9211266843857393
within_weather_hour_pair,Rain 03,Rain 13,6262,18293,0.6587815278323764,0.6759225626732489,0.017141034840872482,0.7905455961659138,0.7511544366967565,-0.03939115946915728,2.002698283923624,1.1622150946225205,0.5803246070324408,0.9004932237384426,0.41880511783287167,0.5479911435056062,1.3183782364279704,0.292087317350861,-0.18960078855470996,-1.4892975658024223,-4.0420513333377
within_weather_hour_pair,Rain 03,Rain 14,6262,14109,0.6587815278323764,0.6572363534595504,-0.0015451743728259748,0.7905455961659138,0.7298196420221424,-0.060725954143771355,2.002698283923624,1.1375591451351912,0.568013242067857,0.9004932237384426,0.41929176261163614,0.5582723936582692,1.3335588006112138,0.2789876362308996,-0.2022138248959069,-1.5969357182494244,-4.075664897335539
within_weather_hour_pair,Rain 03,Rain 15,6262,16887,0.6587815278323764,0.6111576786385188,-0.04762384919385765,0.7905455961659138,0.7315779648933649,-0.05896763127254889,2.002698283923624,1.2486211984297633,0.6234694504174156,0.9004932237384426,0.41632941370240295,0.49971331230070537,0.9369467414719146,0.2809728764005397,-0.2031909336355,-1.5353033427897205,-4.133846232108685
within_weather_hour_pair,Rain 03,Rain 16,6262,3593,0.6587815278323764,0.7913841274689837,0.13260259963660725,0.7905455961659138,0.9055191634173957,0.11497356725148189,2.002698283923624,1.3688788537938497,0.6835172650729919,0.9004932237384426,0.5170776328440031,0.4791085569150281,1.3609111183915235,0.3428198832632582,-0.040595707631181366,-1.0817956623305967,-3.6805534557931203
within_weather_hour_pair,Rain 03,Rain 17,6262,11200,0.6587815278323764,0.7318695667077892,0.07308803887541282,0.7905455961659138,0.838207004118244,0.047661407952330204,2.002698283923624,1.2518286772873708,0.6250710290892282,0.9004932237384426,0.4521442950798774,0.49410252688636647,1.194630257051805,0.32360746063656587,-0.12474146802199937,-1.26962112589497,-3.5285602223345407
within_weather_hour_pair,Rain 03,Rain 18,6262,18393,0.6587815278323764,0.6389405231084968,-0.01984100472387962,0.7905455961659138,0.8028747055174312,0.012329109351517431,2.002698283923624,1.285709553861544,0.641988643113341,0.9004932237384426,0.4821206305498269,0.4607385573127019,0.848920955825592,0.26624816306598675,-0.152124430122629,-1.4112711662914927,-4.068550334740825
within_weather_hour_pair,Rain 03,Rain 19,6262,19030,0.6587815278323764,0.6379020435696399,-0.02087948426273656,0.7905455961659138,0.7521993477323365,-0.03834624843357726,2.002698283923624,1.4894758290860473,0.7437345111056434,0.9004932237384426,0.5439402765672186,0.3543376488038207,0.6612320703340132,0.2056894022273224,-0.15086354494390175,-1.0969996883521695,-2.334502298998694
within_weather_hour_pair,Rain 03,Rain 20,6262,9786,0.6587815278323764,0.5733900319982139,-0.0853914958341625,0.7905455961659138,0.8343192621799325,0.043773666014018664,2.002698283923624,1.7899129826813858,0.8937506947749734,0.9004932237384426,0.615540416554312,0.23248218454161435,-0.18539908185898546,0.19546671133394888,-0.08948609585018175,-0.8626379810255349,-2.4041786799418245
within_weather_hour_pair,Rain 03,Rain 21,6262,12305,0.6587815278323764,0.7081301180155432,0.04934859018316673,0.7905455961659138,0.8279283635765621,0.03738276741064828,2.002698283923624,1.5304778911068675,0.7642079205802299,0.9004932237384426,0.6136248436773886,0.31962775474786087,0.7536863764309611,0.20980699570124367,-0.07706138435981047,-0.8402872487638624,-2.441504317946703
within_weather_hour_pair,Rain 03,Rain 22,6262,5957,0.6587815278323764,0.6729013389844056,0.014119811152029205,0.7905455961659138,0.8079319448784859,0.017386348712572053,2.002698283923624,1.5545569176715843,0.7762312127346237,0.9004932237384426,0.6769183292100981,0.2623938243033258,0.6296762364725979,0.1638950856347493,-0.059679808893595254,-0.7049818978636515,-2.457355030420244
within_weather_hour_pair,Rain 03,Rain 23,6262,6800,0.6587815278323764,0.5485602768388994,-0.11022125099347702,0.7905455961659138,0.6802470206786686,-0.1102985754872452,2.002698283923624,1.874207503496781,0.9358411691574889,0.9004932237384426,0.7018964678453873,0.15768320892416932,-0.31369860721994325,0.08183760538203211,-0.11675915051102326,-0.5378711103942821,-1.0058781267488097
within_weather_hour_pair,Rain 04,Rain 06,2429,2296,0.6519030268955908,0.6594479614596858,0.007544934564094996,0.5766853537394996,0.6658504009800781,0.0891650472405785,1.7623058984679705,1.4722657782449484,0.8354201047189576,0.7711662696091764,0.6633690362783409,0.1613331257128972,0.3711189610528929,0.08426697166146116,-0.02353026166937433,-0.3720297703418427,-2.4776057905209594
within_weather_hour_pair,Rain 04,Rain 07,2429,24795,0.6519030268955908,0.7295584225759116,0.07765539568032087,0.5766853537394996,0.818512122585838,0.24182676884633847,1.7623058984679705,1.6757921208315025,0.95090876237112,0.7711662696091764,0.6341429712419986,0.13097607157891136,0.08882203849482884,0.13234299113194545,-0.004680307235232384,-0.14479540885585562,-0.9276893573946507
within_weather_hour_pair,Rain 04,Rain 08,2429,12153,0.6519030268955908,0.664989565481437,0.013086538585846186,0.5766853537394996,0.7926711798183047,0.21598582607880512,1.7623058984679705,1.48571661866754,0.8430526277867658,0.7711662696091764,0.5384586962249703,0.22945208689398974,0.276088273502604,0.16595648269586502,-0.06675109068834106,-0.5965634572600389,-2.2002512575877757
within_weather_hour_pair,Rain 04,Rain 09,2429,10587,0.6519030268955908,0.6808659864494789,0.028962959553888168,0.5766853537394996,0.7822947826618215,0.20560942892232192,1.7623058984679705,1.2446882153906982,0.7062838616569042,0.7711662696091764,0.5013326695266601,0.34562608397239036,0.7229445239600033,0.18672733878423484,-0.08310626129828147,-0.9386002343241604,-3.4188604031112764
within_weather_hour_pair,Rain 04,Rain 13,2429,18293,0.6519030268955908,0.6759225626732489,0.02401953577765814,0.5766853537394996,0.7511544366967565,0.17446908295725694,1.7623058984679705,1.1622150946225205,0.6594854478061225,0.7711662696091764,0.41880511783287167,0.39986949282872825,0.8247131709592046,0.22852510779630528,-0.12383604397999948,-1.082267997066575,-3.5397850520632375
within_weather_hour_pair,Rain 04,Rain 14,2429,14109,0.6519030268955908,0.6572363534595504,0.005333326563959684,0.5766853537394996,0.7298196420221424,0.15313428828264286,1.7623058984679705,1.1375591451351912,0.6454947158289082,0.7711662696091764,0.41929176261163614,0.40570769787588823,0.839893735142448,0.21542542667634387,-0.1364490803211964,-1.189906149513577,-3.573398616061076
within_weather_hour_pair,Rain 04,Rain 15,2429,16887,0.6519030268955908,0.6111576786385188,-0.04074534825707199,0.5766853537394996,0.7315779648933649,0.15489261115386532,1.7623058984679705,1.2486211984297633,0.7085155871720284,0.7711662696091764,0.41632941370240295,0.3480512408863382,0.44328167600314883,0.21741066684598395,-0.13742618906078952,-1.128273774053873,-3.6315799508342224
within_weather_hour_pair,Rain 04,Rain 16,2429,3593,0.6519030268955908,0.7913841274689837,0.1394811005733929,0.5766853537394996,0.9055191634173957,0.3288338096778961,1.7623058984679705,1.3688788537938497,0.7767543960352515,0.7711662696091764,0.5170776328440031,0.36954154265550615,0.8672460529227577,0.27925767370870247,0.02516903694352912,-0.6747660935947493,-3.1782871745186574
within_weather_hour_pair,Rain 04,Rain 17,2429,11200,0.6519030268955908,0.7318695667077892,0.07996653981219848,0.5766853537394996,0.838207004118244,0.2615216503787444,1.7623058984679705,1.2518286772873708,0.7103356337714275,0.7711662696091764,0.4521442950798774,0.3610322109722036,0.7009651915830393,0.26004525108201015,-0.05897672344728888,-0.8625915571591225,-3.0262939410600778
within_weather_hour_pair,Rain 04,Rain 18,2429,18393,0.6519030268955908,0.6389405231084968,-0.01296250378709396,0.5766853537394996,0.8028747055174312,0.22618935177793165,1.7623058984679705,1.285709553861544,0.7295609434090035,0.7711662696091764,0.4821206305498269,0.3218096264163349,0.35525589035682625,0.202685953511431,-0.08635968554791851,-1.0042415975556453,-3.5662840534663625
within_weather_hour_pair,Rain 04,Rain 19,2429,19030,0.6519030268955908,0.6379020435696399,-0.0140009833259509,0.5766853537394996,0.7521993477323365,0.17551399399283696,1.7623058984679705,1.4894758290860473,0.845185748047996,0.7711662696091764,0.5439402765672186,0.20811488832755648,0.16756700486524745,0.14212719267276666,-0.08509880036919126,-0.6899701196163222,-1.832236017724231
within_weather_hour_pair,Rain 04,Rain 20,2429,9786,0.6519030268955908,0.5733900319982139,-0.07851299489737684,0.5766853537394996,0.8343192621799325,0.2576339084404329,1.7623058984679705,1.7899129826813858,1.0156653190784954,0.7711662696091764,0.615540416554312,0.2437093177156623,-0.6790641473277512,0.13190450177939314,-0.02372135127547126,-0.4556084122896875,-1.9019123986673616
within_weather_hour_pair,Rain 04,Rain 21,2429,12305,0.6519030268955908,0.7081301180155432,0.05622709111995239,0.5766853537394996,0.8279283635765621,0.2512430098370625,1.7623058984679705,1.5304778911068675,0.8684518916025654,0.7711662696091764,0.6136248436773886,0.1932869495070403,0.2600213109621954,0.14624478614668793,-0.011296639785099982,-0.433257680028015,-1.93923803667224
within_weather_hour_pair,Rain 04,Rain 22,2429,5957,0.6519030268955908,0.6729013389844056,0.020998312088814863,0.5766853537394996,0.8079319448784859,0.23124659113898627,1.7623058984679705,1.5545569176715843,0.882115255372527,0.7711662696091764,0.6769183292100981,0.15130971352094663,0.1360111710038321,0.10033287608019356,0.006084935681115233,-0.2979523291278041,-1.955088749145781
within_weather_hour_pair,Rain 04,Rain 23,2429,6800,0.6519030268955908,0.5485602768388994,-0.10334275005669136,0.5766853537394996,0.6802470206786686,0.10356166693916902,1.7623058984679705,1.874207503496781,1.0634972652171737,0.7711662696091764,0.7018964678453873,0.15360603632850664,-0.807363672688709,0.018275395827476365,-0.05099440593631277,-0.13084154165843476,-0.5036118454743468
within_weather_hour_pair,Rain 06,Rain 07,2296,24795,0.6594479614596858,0.7295584225759116,0.07011046111622588,0.6658504009800781,0.818512122585838,0.15266172160575997,1.4722657782449484,1.6757921208315025,1.1382402183043152,0.6633690362783409,0.6341429712419986,0.13277647681613094,-0.28229692255806405,0.04807601947048429,0.018849954434141947,0.22723436148598708,1.5499164331263087
within_weather_hour_pair,Rain 06,Rain 08,2296,12153,0.6594479614596858,0.664989565481437,0.00554160402175119,0.6658504009800781,0.7926711798183047,0.12682077883822662,1.4722657782449484,1.48571661866754,1.0091361496146611,0.6633690362783409,0.5384586962249703,0.11494192641889087,-0.09503068755028887,0.08168951103440386,-0.04322082901896673,-0.2245336869181962,0.2773545329331837
within_weather_hour_pair,Rain 06,Rain 09,2296,10587,0.6594479614596858,0.6808659864494789,0.021418024989793172,0.6658504009800781,0.7822947826618215,0.11644438168174343,1.4722657782449484,1.2446882153906982,0.8454235870879646,0.6633690362783409,0.5013326695266601,0.19697636075857192,0.3518255629071104,0.10246036712277368,-0.05957599962890714,-0.5665704639823177,-0.941254612590317
within_weather_hour_pair,Rain 06,Rain 13,2296,18293,0.6594479614596858,0.6759225626732489,0.016474601213563145,0.6658504009800781,0.7511544366967565,0.08530403571667844,1.4722657782449484,1.1622150946225205,0.7894057661300586,0.6633690362783409,0.41880511783287167,0.25332281011686164,0.4535942099063117,0.14425813613484412,-0.10030578231062515,-0.7102382267247322,-1.062179261542278
within_weather_hour_pair,Rain 06,Rain 14,2296,14109,0.6594479614596858,0.6572363534595504,-0.0022116080001353122,0.6658504009800781,0.7298196420221424,0.06396924104206436,1.4722657782449484,1.1375591451351912,0.7726588242044499,0.6633690362783409,0.41929176261163614,0.2611797229274239,0.4687747740895551,0.1311584550148827,-0.11291881865182207,-0.8178763791717343,-1.0957928255401166
within_weather_hour_pair,Rain 06,Rain 15,2296,16887,0.6594479614596858,0.6111576786385188,-0.048290282821166985,0.6658504009800781,0.7315779648933649,0.06572756391328682,1.4722657782449484,1.2486211984297633,0.848094968232036,0.6633690362783409,0.41632941370240295,0.20471691191752156,0.07216271495025595,0.1331436951845228,-0.11389592739141519,-0.7562440037120304,-1.153974160313263
within_weather_hour_pair,Rain 06,Rain 16,2296,3593,0.6594479614596858,0.7913841274689837,0.13193616600929792,0.6658504009800781,0.9055191634173957,0.2396687624373176,1.4722657782449484,1.3688788537938497,0.9297769968039713,0.6633690362783409,0.5170776328440031,0.22729094829287436,0.4961270918698648,0.19499070204724128,0.04869929861290345,-0.30273632325290656,-0.700681383997698
within_weather_hour_pair,Rain 06,Rain 17,2296,11200,0.6594479614596858,0.7318695667077892,0.07242160524810348,0.6658504009800781,0.838207004118244,0.17235660313816592,1.4722657782449484,1.2518286772873708,0.8502735686620692,0.6633690362783409,0.4521442950798774,0.20928562725258384,0.32984623053014644,0.17577827942054897,-0.03544646177791455,-0.4905617868172798,-0.5486881505391183
within_weather_hour_pair,Rain 06,Rain 18,2296,18393,0.6594479614596858,0.6389405231084968,-0.020507438351188956,0.6658504009800781,0.8028747055174312,0.13702430453735315,1.4722657782449484,1.285709553861544,0.8732863134224355,0.6633690362783409,0.4821206305498269,0.19240425476393053,-0.015863070696066628,0.11841898184996985,-0.06282942387854418,-0.6322118272138026,-1.088678262945403
within_weather_hour_pair,Rain 06,Rain 19,2296,19030,0.6594479614596858,0.6379020435696399,-0.021545917890045896,0.6658504009800781,0.7521993477323365,0.08634894675225846,1.4722657782449484,1.4894758290860473,1.0116895000178667,0.6633690362783409,0.5439402765672186,0.13760134913900068,-0.20355195618764543,0.0578602210113055,-0.06156853869981693,-0.31794034927447945,0.6453697727967285
within_weather_hour_pair,Rain 06,Rain 20,2296,9786,0.6594479614596858,0.5733900319982139,-0.08605792946147184,0.6658504009800781,0.8343192621799325,0.16846886119985438,1.4722657782449484,1.7899129826813858,1.2157539821479086,0.6633690362783409,0.615540416554312,0.2103352834927911,-1.050183108380644,0.04763753011793198,-0.00019108960609692804,-0.08357864194784481,0.5756933918535978
within_weather_hour_pair,Rain 06,Rain 21,2296,12305,0.6594479614596858,0.7081301180155432,0.04868215655585739,0.6658504009800781,0.8279283635765621,0.162077962596484,1.4722657782449484,1.5304778911068675,1.0395391333019453,0.6633690362783409,0.6136248436773886,0.08861911500309093,-0.1110976500906975,0.06197781448522677,0.012233621884274348,-0.06122790968617231,0.5383677538487195
within_weather_hour_pair,Rain 06,Rain 22,2296,5957,0.6594479614596858,0.6729013389844056,0.013453377524719867,0.6658504009800781,0.8079319448784859,0.14208154389840777,1.4722657782449484,1.5545569176715843,1.0558942146469865,0.6633690362783409,0.6769183292100981,0.0913279391301647,-0.2351077900490608,0.016065904418732402,0.029615197350489564,0.07407744121403859,0.5225170413751785
within_weather_hour_pair,Rain 06,Rain 23,2296,6800,0.6594479614596858,0.5485602768388994,-0.11088768462078635,0.6658504009800781,0.6802470206786686,0.014396619698590518,1.4722657782449484,1.874207503496781,1.2730089438952912,0.6633690362783409,0.7018964678453873,0.22892006149336008,-1.178482633741602,-0.0659915758339848,-0.02746414426693844,0.24118822868340795,1.9739939450466126
within_weather_hour_pair,Rain 07,Rain 08,24795,12153,0.7295584225759116,0.664989565481437,-0.06456885709447469,0.818512122585838,0.7926711798183047,-0.025840942767533348,1.6757921208315025,1.48571661866754,0.8865757275015411,0.6341429712419986,0.5384586962249703,0.12057525206921024,0.18726623500777517,0.03361349156391957,-0.06207078345310868,-0.4517680484041833,-1.272561900193125
within_weather_hour_pair,Rain 07,Rain 09,24795,10587,0.7295584225759116,0.6808659864494789,-0.0486924361264327,0.818512122585838,0.7822947826618215,-0.036217339924016545,1.6757921208315025,1.2446882153906982,0.7427461914387704,0.6341429712419986,0.5013326695266601,0.24249394739292984,0.6341224854651745,0.05438434765228939,-0.07842595406304909,-0.7938048254683048,-2.4911710457166256
within_weather_hour_pair,Rain 07,Rain 13,24795,18293,0.7295584225759116,0.6759225626732489,-0.05363585990266273,0.818512122585838,0.7511544366967565,-0.06735768588908153,1.6757921208315025,1.1622150946225205,0.693531781284332,0.6341429712419986,0.41880511783287167,0.30652302190753267,0.7358911324643758,0.09618211666435983,-0.1191557367447671,-0.9374725882107193,-2.6120956946685867
within_weather_hour_pair,Rain 07,Rain 14,24795,14109,0.7295584225759116,0.6572363534595504,-0.07232206911636119,0.818512122585838,0.7298196420221424,-0.08869248056369561,1.6757921208315025,1.1375591451351912,0.6788187693416005,0.6341429712419986,0.41929176261163614,0.32126332807513913,0.7510716966476192,0.08308243554439843,-0.13176877308596402,-1.0451107406577214,-2.6457092586664253
within_weather_hour_pair,Rain 07,Rain 15,24795,16887,0.7295584225759116,0.6111576786385188,-0.11840074393739286,0.818512122585838,0.7315779648933649,-0.08693415769247315,1.6757921208315025,1.2486211984297633,0.7450931311278731,0.6341429712419986,0.41632941370240295,0.26171278552886434,0.35445963750832,0.0850676757140385,-0.13274588182555713,-0.9834783651980175,-2.7038905934395716
within_weather_hour_pair,Rain 07,Rain 16,24795,3593,0.7295584225759116,0.7913841274689837,0.06182570489307204,0.818512122585838,0.9055191634173957,0.08700704083155764,1.6757921208315025,1.3688788537938497,0.8168548096017022,0.6341429712419986,0.5170776328440031,0.24895343952302668,0.7784240144279289,0.146914682576757,0.029849344178761505,-0.5299706847388936,-2.2505978171240066
within_weather_hour_pair,Rain 07,Rain 17,24795,11200,0.7295584225759116,0.7318695667077892,0.002311144131877607,0.818512122585838,0.838207004118244,0.01969488153240595,1.6757921208315025,1.2518286772873708,0.7470071387292551,0.6341429712419986,0.4521442950798774,0.24527157258089524,0.6121431530882104,0.12770225995006468,-0.0542964162120565,-0.7177961483032669,-2.098604583665427
within_weather_hour_pair,Rain 07,Rain 18,24795,18393,0.7295584225759116,0.6389405231084968,-0.09061789946741483,0.818512122585838,0.8028747055174312,-0.015637417068406823,1.6757921208315025,1.285709553861544,0.7672249665570658,0.6341429712419986,0.4821206305498269,0.2129063145977818,0.2664338518619974,0.07034296237948556,-0.08167937831268612,-0.8594461886997897,-2.6385946960717117
within_weather_hour_pair,Rain 07,Rain 19,24795,19030,0.7295584225759116,0.6379020435696399,-0.09165637900627177,0.818512122585838,0.7521993477323365,-0.06631277485350151,1.6757921208315025,1.4894758290860473,0.8888189713811233,0.6341429712419986,0.5439402765672186,0.13763757325115789,0.07874496637041861,0.009784201540821214,-0.08041849313395888,-0.5451747107604665,-0.9045466603295802
within_weather_hour_pair,Rain 07,Rain 20,24795,9786,0.7295584225759116,0.5733900319982139,-0.1561683905776977,0.818512122585838,0.8343192621799325,0.01580713959409441,1.6757921208315025,1.7899129826813858,1.068099652952932,0.6341429712419986,0.615540416554312,0.16556898589580857,-0.7678861858225801,-0.00043848935255230703,-0.019041044040238875,-0.3108130034338319,-0.9742230412727109
within_weather_hour_pair,Rain 07,Rain 21,24795,12305,0.7295584225759116,0.7081301180155432,-0.021428304560368483,0.818512122585838,0.8279283635765621,0.009416240990724023,1.6757921208315025,1.5304778911068675,0.913286243610853,0.6341429712419986,0.6136248436773886,0.07435933701041447,0.17119927246736655,0.01390179501474248,-0.0066163325498675984,-0.2884622711721594,-1.0115486792775892
within_weather_hour_pair,Rain 07,Rain 22,24795,5957,0.7295584225759116,0.6729013389844056,-0.05665708359150601,0.818512122585838,0.8079319448784859,-0.0105801777073522,1.6757921208315025,1.5545569176715843,0.9276549867654449,0.6341429712419986,0.6769183292100981,0.06480246719516727,0.04718913250900325,-0.032010115051751886,0.010765242916347617,-0.1531569202719485,-1.0273993917511302
within_weather_hour_pair,Rain 07,Rain 23,24795,6800,0.7295584225759116,0.5485602768388994,-0.18099814573701223,0.818512122585838,0.6802470206786686,-0.13826510190716945,1.6757921208315025,1.874207503496781,1.1184009521221687,0.6341429712419986,0.7018964678453873,0.2004525645872119,-0.8961857111835378,-0.11406759530446908,-0.046314098701080386,0.013953867197420866,0.42407751192030396
within_weather_hour_pair,Rain 08,Rain 09,12153,10587,0.664989565481437,0.6808659864494789,0.015876420968041982,0.7926711798183047,0.7822947826618215,-0.010376397156483197,1.48571661866754,1.2446882153906982,0.8377695986917025,0.5384586962249703,0.5013326695266601,0.12298816171056245,0.4468562504573993,0.020770856088369816,-0.016355170609940406,-0.3420367770641215,-1.2186091455235006
within_weather_hour_pair,Rain 08,Rain 13,12153,18293,0.664989565481437,0.6759225626732489,0.010932997191811955,0.7926711798183047,0.7511544366967565,-0.04151674312154818,1.48571661866754,1.1622150946225205,0.7822589314945196,0.5384586962249703,0.41880511783287167,0.18771999632563402,0.5486248974566006,0.06256862510044026,-0.057084953291658413,-0.48570453980653605,-1.3395337944754617
within_weather_hour_pair,Rain 08,Rain 14,12153,14109,0.664989565481437,0.6572363534595504,-0.007753212021886502,0.7926711798183047,0.7298196420221424,-0.06285153779616226,1.48571661866754,1.1375591451351912,0.7656636069369726,0.5384586962249703,0.41929176261163614,0.20525418584206467,0.563805461639844,0.04946894398047885,-0.06969798963285534,-0.5933426922535381,-1.3731473584733003
within_weather_hour_pair,Rain 08,Rain 15,12153,16887,0.664989565481437,0.6111576786385188,-0.053831886842918175,0.7926711798183047,0.7315779648933649,-0.0610932149249398,1.48571661866754,1.2486211984297633,0.8404167946573722,0.5384586962249703,0.41632941370240295,0.1444851724564971,0.16719340250054482,0.05145418415011893,-0.07067509837244845,-0.5317103167938342,-1.4313286932464466
within_weather_hour_pair,Rain 08,Rain 16,12153,3593,0.664989565481437,0.7913841274689837,0.12639456198754673,0.7926711798183047,0.9055191634173957,0.11284798359909098,1.48571661866754,1.3688788537938497,0.9213593202057093,0.5384586962249703,0.5170776328440031,0.18494350213747207,0.5911577794201537,0.11330119101283742,0.09192012763187019,-0.07820263633471036,-0.9780359169308817
within_weather_hour_pair,Rain 08,Rain 17,12153,11200,0.664989565481437,0.7318695667077892,0.06688000122635229,0.7926711798183047,0.838207004118244,0.0455358242999393,1.48571661866754,1.2518286772873708,0.8425756712676938,0.5384586962249703,0.4521442950798774,0.13786837395781157,0.4248769180804353,0.0940887683861451,0.0077743672410521825,-0.2660280998990836,-0.826042683472302
within_weather_hour_pair,Rain 08,Rain 18,12153,18393,0.664989565481437,0.6389405231084968,-0.026049042372940145,0.7926711798183047,0.8028747055174312,0.010203525699126526,1.48571661866754,1.285709553861544,0.8653800716146182,0.5384586962249703,0.4821206305498269,0.09772476086770938,0.07916761685422224,0.03672947081556599,-0.019608594859577444,-0.40767814029560645,-1.3660327958785867
within_weather_hour_pair,Rain 08,Rain 19,12153,19030,0.664989565481437,0.6379020435696399,-0.027087521911797086,0.7926711798183047,0.7521993477323365,-0.04047183208596816,1.48571661866754,1.4894758290860473,1.0025302338085702,0.5384586962249703,0.5439402765672186,0.06463896955848618,-0.10852126863735656,-0.02382929002309836,-0.0183477096808502,-0.09340666235628325,0.3680152398635448
within_weather_hour_pair,Rain 08,Rain 20,12153,9786,0.664989565481437,0.5733900319982139,-0.09159953348322303,0.7926711798183047,0.8343192621799325,0.04164808236162776,1.48571661866754,1.7899129826813858,1.2047472311958545,0.5384586962249703,0.615540416554312,0.18146725796240434,-0.9551524208303552,-0.03405198091647188,0.043029739412869805,0.14095504497035138,0.2983388589204141
within_weather_hour_pair,Rain 08,Rain 21,12153,12305,0.664989565481437,0.7081301180155432,0.0431405525341062,0.7926711798183047,0.8279283635765621,0.03525718375825737,1.48571661866754,1.5304778911068675,1.030127732218188,0.5384586962249703,0.6136248436773886,0.06177437578634089,-0.016066962540408625,-0.019711696549177093,0.05545445090324108,0.16330577723202389,0.2610132209155358
within_weather_hour_pair,Rain 08,Rain 22,12153,5957,0.664989565481437,0.6729013389844056,0.007911773502968678,0.7926711798183047,0.8079319448784859,0.015260765060181147,1.48571661866754,1.5545569176715843,1.0463347438798818,0.5384586962249703,0.6769183292100981,0.11153402658370828,-0.14007710249877192,-0.06562360661567146,0.0728360263694563,0.2986111281322348,0.24516250844199483
within_weather_hour_pair,Rain 08,Rain 23,12153,6800,0.664989565481437,0.5485602768388994,-0.11642928864253754,0.7926711798183047,0.6802470206786686,-0.1124241591396361,1.48571661866754,1.874207503496781,1.2614838388074692,0.5384586962249703,0.7018964678453873,0.28188419670299486,-1.083451946191313,-0.14768108686838866,0.015756684752028294,0.46572191560160414,1.696639412113429
within_weather_hour_pair,Rain 09,Rain 13,10587,18293,0.6808659864494789,0.6759225626732489,-0.004943423776230027,0.7822947826618215,0.7511544366967565,-0.031140345965064986,1.2446882153906982,1.1622150946225205,0.9337399360350737,0.5013326695266601,0.41880511783287167,0.06562120505847428,0.1017686469992013,0.04179776901207044,-0.04072978268171801,-0.14366776274241455,-0.12092464895196109
within_weather_hour_pair,Rain 09,Rain 14,10587,14109,0.6808659864494789,0.6572363534595504,-0.023629632989928484,0.7822947826618215,0.7298196420221424,-0.05247514063967906,1.2446882153906982,1.1375591451351912,0.9139309998031274,0.5013326695266601,0.41929176261163614,0.08368500769625517,0.11694921118244467,0.028698087892109037,-0.053342819022914933,-0.2513059151894166,-0.15453821294979964
within_weather_hour_pair,Rain 09,Rain 15,10587,16887,0.6808659864494789,0.6111576786385188,-0.06970830781096016,0.7822947826618215,0.7315779648933649,-0.0507168177684566,1.2446882153906982,1.2486211984297633,1.0031598138316353,0.5013326695266601,0.41632941370240295,0.08153095805668498,-0.2796628479568545,0.030683328061749116,-0.05431992776250805,-0.18967353972971268,-0.212719547722946
within_weather_hour_pair,Rain 09,Rain 16,10587,3593,0.6808659864494789,0.7913841274689837,0.11051814101950475,0.7822947826618215,0.9055191634173957,0.12322438075557418,1.2446882153906982,1.3688788537938497,1.0997765037601557,0.5013326695266601,0.5170776328440031,0.1550273778840776,0.1443015289627544,0.0925303349244676,0.10827529824181059,0.26383414072941114,0.24057322859261898
within_weather_hour_pair,Rain 09,Rain 17,10587,11200,0.6808659864494789,0.7318695667077892,0.05100358025831031,0.7822947826618215,0.838207004118244,0.055912221456422495,1.2446882153906982,1.2518286772873708,1.0057367474106207,0.5013326695266601,0.4521442950798774,0.06318390091919288,-0.021979332376963978,0.07331791229777529,0.02412953785099259,0.0760086771650379,0.3925664620511986
within_weather_hour_pair,Rain 09,Rain 18,10587,18393,0.6808659864494789,0.6389405231084968,-0.04192546334098213,0.7822947826618215,0.8028747055174312,0.020579922855609722,1.2446882153906982,1.285709553861544,1.0329571196735157,0.5013326695266601,0.4821206305498269,0.06158381815243703,-0.36768863360317705,0.015958614727196174,-0.003253424249637038,-0.06564136323148495,-0.1474236503550861
within_weather_hour_pair,Rain 09,Rain 19,10587,19030,0.6808659864494789,0.6379020435696399,-0.04296394287983907,0.7822947826618215,0.7521993477323365,-0.030095434929484965,1.2446882153906982,1.4894758290860473,1.1966658080863344,0.5013326695266601,0.5439402765672186,0.13965888666110682,-0.5553775190947559,-0.044600146111468175,-0.0019925390709097934,0.24863011470783825,1.5866243853870454
within_weather_hour_pair,Rain 09,Rain 20,10587,9786,0.6808659864494789,0.5733900319982139,-0.10747595445126501,0.7822947826618215,0.8343192621799325,0.052024479518110955,1.2446882153906982,1.7899129826813858,1.438041238399245,0.5013326695266601,0.615540416554312,0.30422217933929074,-1.4020086712877546,-0.054822837004841696,0.05938491002281021,0.4829918220344729,1.5169480044439148
within_weather_hour_pair,Rain 09,Rain 21,10587,12305,0.6808659864494789,0.7081301180155432,0.02726413156606422,0.7822947826618215,0.8279283635765621,0.04563358091474057,1.2446882153906982,1.5304778911068675,1.2296074407890671,0.5013326695266601,0.6136248436773886,0.17442561940412543,-0.4629232129978079,-0.04048255263754691,0.07180962151318149,0.5053425542961454,1.4796223664390364
within_weather_hour_pair,Rain 09,Rain 22,10587,5957,0.6808659864494789,0.6729013389844056,-0.007964647465073305,0.7822947826618215,0.8079319448784859,0.025637162216664344,1.2446882153906982,1.5545569176715843,1.2489528690392724,0.5013326695266601,0.6769183292100981,0.2269272960773775,-0.5869333529561712,-0.08639446270404127,0.0891911969793967,0.6406479051963563,1.4637716539654955
within_weather_hour_pair,Rain 09,Rain 23,10587,6800,0.6808659864494789,0.5485602768388994,-0.13230570961057952,0.7822947826618215,0.6802470206786686,-0.10204776198315291,1.2446882153906982,1.874207503496781,1.505764640752609,0.5013326695266601,0.7018964678453873,0.3999471035714633,-1.5303081966487122,-0.16845194295675847,0.0321118553619687,0.8077586926657256,2.9152485576369296
within_weather_hour_pair,Rain 13,Rain 14,18293,14109,0.6759225626732489,0.6572363534595504,-0.018686209213698457,0.7511544366967565,0.7298196420221424,-0.021334794674614077,1.1622150946225205,1.1375591451351912,0.9787853818097781,0.41880511783287167,0.41929176261163614,0.03230050292785405,0.015180564183243372,-0.013099681119961404,-0.012613036341196926,-0.10763815244700203,-0.03361356399783855
within_weather_hour_pair,Rain 13,Rain 15,18293,16887,0.6759225626732489,0.6111576786385188,-0.06476488403473013,0.7511544366967565,0.7315779648933649,-0.019576471803391615,1.1622150946225205,1.2486211984297633,1.0743460519546142,0.41880511783287167,0.41632941370240295,0.06904916390659602,-0.38143149495605577,-0.011114440950321325,-0.01359014508079004,-0.04600577698729813,-0.0917948987709849
within_weather_hour_pair,Rain 13,Rain 16,18293,3593,0.6759225626732489,0.7913841274689837,0.11546156479573477,0.7511544366967565,0.9055191634173957,0.15436472672063917,1.1622150946225205,1.3688788537938497,1.1778188565331378,0.41880511783287167,0.5170776328440031,0.1899799627695129,0.04253288196355309,0.050732565912397165,0.1490050809235286,0.4075019034718257,0.36149787754458007
within_weather_hour_pair,Rain 13,Rain 17,18293,11200,0.6759225626732489,0.7318695667077892,0.05594700403454034,0.7511544366967565,0.838207004118244,0.08705256742148748,1.1622150946225205,1.2518286772873708,1.0771058499235515,0.41880511783287167,0.4521442950798774,0.10639128926419507,-0.12374797937616527,0.03152014328570485,0.0648593205327106,0.21967643990745245,0.5134911110031597
within_weather_hour_pair,Rain 13,Rain 18,18293,18393,0.6759225626732489,0.6389405231084968,-0.0369820395647521,0.7511544366967565,0.8028747055174312,0.05172026882067471,1.1622150946225205,1.285709553861544,1.1062578345526768,0.41880511783287167,0.4821206305498269,0.10181470416988436,-0.46945728060237835,-0.025839154284874266,0.03747635843208097,0.0780263995109296,-0.026499001403125
within_weather_hour_pair,Rain 13,Rain 19,18293,19030,0.6759225626732489,0.6379020435696399,-0.03802051910360904,0.7511544366967565,0.7521993477323365,0.0010449110355800206,1.1622150946225205,1.4894758290860473,1.2815836207753082,0.41880511783287167,0.5439402765672186,0.19411481937302305,-0.6571461660939572,-0.08639791512353862,0.038737243610808214,0.3922978774502528,1.7075490343390065
within_weather_hour_pair,Rain 13,Rain 20,18293,9786,0.6759225626732489,0.5733900319982139,-0.10253253067503498,0.7511544366967565,0.8343192621799325,0.08316482548317594,1.1622150946225205,1.7899129826813858,1.5400875371204306,0.41880511783287167,0.615540416554312,0.3689607720738103,-1.5037773182869558,-0.09662060601691214,0.10011469270452822,0.6266595847768874,1.6378726533958758
within_weather_hour_pair,Rain 13,Rain 21,18293,12305,0.6759225626732489,0.7081301180155432,0.03220755534229425,0.7511544366967565,0.8279283635765621,0.07677392687980555,1.1622150946225205,1.5304778911068675,1.316862857992699,0.41880511783287167,0.6136248436773886,0.2387493109617278,-0.5646918599970092,-0.08228032164961735,0.1125394041948995,0.6490103170385599,1.6005470153909975
within_weather_hour_pair,Rain 13,Rain 22,18293,5957,0.6759225626732489,0.6729013389844056,-0.0030212236888432775,0.7511544366967565,0.8079319448784859,0.05677750818172933,1.1622150946225205,1.5545569176715843,1.3375810767425058,0.41880511783287167,0.6769183292100981,0.2891738304551422,-0.6887019999553725,-0.12819223171611172,0.1299209796611147,0.7843156679387708,1.5846963029174566
within_weather_hour_pair,Rain 13,Rain 23,18293,6800,0.6759225626732489,0.5485602768388994,-0.1273622858343495,0.7511544366967565,0.6802470206786686,-0.07090741601808792,1.1622150946225205,1.874207503496781,1.6126167283221449,0.41880511783287167,0.7018964678453873,0.45514107974539214,-1.6320768436479136,-0.2102497119688289,0.07284163804368671,0.9514264554081402,3.0361732065888907
within_weather_hour_pair,Rain 14,Rain 15,14109,16887,0.6572363534595504,0.6111576786385188,-0.04607867482103167,0.7298196420221424,0.7315779648933649,0.001758322871222462,1.1375591451351912,1.2486211984297633,1.0976318934883804,0.41929176261163614,0.41632941370240295,0.06617553233037342,-0.39661205913929914,0.001985240169640079,-0.0009771087395931133,0.0616323754597039,-0.058181334773146354
within_weather_hour_pair,Rain 14,Rain 16,14109,3593,0.6572363534595504,0.7913841274689837,0.13414777400943323,0.7298196420221424,0.9055191634173957,0.17569952139525324,1.1375591451351912,1.3688788537938497,1.2033474124382058,0.41929176261163614,0.5170776328440031,0.21700370593407672,0.02735231778030972,0.06383224703235857,0.16161811726472552,0.5151400559188277,0.3951114415424186
within_weather_hour_pair,Rain 14,Rain 17,14109,11200,0.6572363534595504,0.7318695667077892,0.0746332132482388,0.7298196420221424,0.838207004118244,0.10838736209610156,1.1375591451351912,1.2518286772873708,1.1004515085135196,0.41929176261163614,0.4521442950798774,0.13216057655956362,-0.13892854355940865,0.04461982440566625,0.07747235687390752,0.3273145923544545,0.5471046750009982
within_weather_hour_pair,Rain 14,Rain 18,14109,18393,0.6572363534595504,0.6389405231084968,-0.018295830351053644,0.7298196420221424,0.8028747055174312,0.07305506349528879,1.1375591451351912,1.285709553861544,1.1302353458806276,0.41929176261163614,0.4821206305498269,0.12194767736879523,-0.4846378447856217,-0.012739473164912862,0.050089394773277895,0.18566455195793163,0.007114562594713547
within_weather_hour_pair,Rain 14,Rain 19,14109,19030,0.6572363534595504,0.6379020435696399,-0.019334309889910584,0.7298196420221424,0.7521993477323365,0.022379705710194098,1.1375591451351912,1.4894758290860473,1.3093612191118496,0.41929176261163614,0.5439402765672186,0.2048507791362643,-0.6723267302772005,-0.07329823400357721,0.05135027995200514,0.49993602989725483,1.741162598336845
within_weather_hour_pair,Rain 14,Rain 20,14109,9786,0.6572363534595504,0.5733900319982139,-0.08384632146133653,0.7298196420221424,0.8343192621799325,0.10449962015779002,1.1375591451351912,1.7899129826813858,1.573468061274886,0.41929176261163614,0.615540416554312,0.38452684159937256,-1.5189578824701992,-0.08352092489695073,0.11272772904572514,0.7342977372238895,1.6714862173937144
within_weather_hour_pair,Rain 14,Rain 21,14109,12305,0.6572363534595504,0.7081301180155432,0.050893764555992704,0.7298196420221424,0.8279283635765621,0.09810872155441963,1.1375591451351912,1.5304778911068675,1.3454051137929892,0.41929176261163614,0.6136248436773886,0.2535826261653784,-0.5798724241802526,-0.06918064052965595,0.12515244053609642,0.756648469485562,1.634160579388836
within_weather_hour_pair,Rain 14,Rain 22,14109,5957,0.6572363534595504,0.6729013389844056,0.01566498552485518,0.7298196420221424,0.8079319448784859,0.07811230285634341,1.1375591451351912,1.5545569176715843,1.366572388187197,0.41929176261163614,0.6769183292100981,0.30094028511936893,-0.7038825641386159,-0.11509255059615031,0.14253401600231164,0.8919538203857729,1.618309866915295
within_weather_hour_pair,Rain 14,Rain 23,14109,6800,0.6572363534595504,0.5485602768388994,-0.10867607662065104,0.7298196420221424,0.6802470206786686,-0.049572621343473844,1.1375591451351912,1.874207503496781,1.6475692815726466,0.41929176261163614,0.7018964678453873,0.46246810302092967,-1.647257407831157,-0.1971500308488675,0.08545467438488363,1.0590646078551422,3.069786770586729
within_weather_hour_pair,Rain 15,Rain 16,16887,3593,0.6111576786385188,0.7913841274689837,0.1802264488304649,0.7315779648933649,0.9055191634173957,0.17394119852403078,1.2486211984297633,1.3688788537938497,1.096312360798711,0.41632941370240295,0.5170776328440031,0.22017104736916082,0.42396437691960887,0.06184700686271849,0.16259522600431864,0.4535076804591238,0.45329277631556497
within_weather_hour_pair,Rain 15,Rain 17,16887,11200,0.6111576786385188,0.7318695667077892,0.12071188806927047,0.7315779648933649,0.838207004118244,0.1066290392248791,1.2486211984297633,1.2518286772873708,1.0025688165967719,0.41632941370240295,0.4521442950798774,0.12692187955428147,0.2576835155798905,0.042634584236026174,0.07844946561350064,0.2656822168947506,0.6052860097741446
within_weather_hour_pair,Rain 15,Rain 18,16887,18393,0.6111576786385188,0.6389405231084968,0.02778284446997803,0.7315779648933649,0.8028747055174312,0.07129674062406632,1.2486211984297633,1.285709553861544,1.029703448474543,0.41632941370240295,0.4821206305498269,0.0643801282276118,-0.08802578564632257,-0.014724713334552941,0.05106650351287101,0.12403217649822773,0.0652958973678599
within_weather_hour_pair,Rain 15,Rain 19,16887,19030,0.6111576786385188,0.6379020435696399,0.02674436493112109,0.7315779648933649,0.7521993477323365,0.020621382838971636,1.2486211984297633,1.4894758290860473,1.19289647729766,0.41632941370240295,0.5439402765672186,0.14674271886682494,-0.2757146711379014,-0.07528347417321729,0.05232738869159825,0.4383036544375509,1.7993439331099914
within_weather_hour_pair,Rain 15,Rain 20,16887,9786,0.6111576786385188,0.5733900319982139,-0.03776764664030485,0.7315779648933649,0.8343192621799325,0.10274129728656756,1.2486211984297633,1.7899129826813858,1.4335116085906106,0.41632941370240295,0.615540416554312,0.32473780677923825,-1.1223458233309,-0.08550616506659081,0.11370483778531826,0.6726653617641856,1.7296675521668607
within_weather_hour_pair,Rain 15,Rain 21,16887,12305,0.6111576786385188,0.7081301180155432,0.09697243937702438,0.7315779648933649,0.8279283635765621,0.09635039868319717,1.2486211984297633,1.5304778911068675,1.2257343484409529,0.41632941370240295,0.6136248436773886,0.19412912758984013,-0.18326036504095344,-0.07116588069929602,0.12612954927568953,0.6950160940258581,1.6923419141619824
within_weather_hour_pair,Rain 15,Rain 22,16887,5957,0.6111576786385188,0.6729013389844056,0.06174366034588685,0.7315779648933649,0.8079319448784859,0.07635397998512095,1.2486211984297633,1.5545569176715843,1.2450188412839367,0.41632941370240295,0.6769183292100981,0.24193996289117686,-0.30727050499931674,-0.11707779076579039,0.14351112474190475,0.830321444926069,1.6764912016884415
within_weather_hour_pair,Rain 15,Rain 23,16887,6800,0.6111576786385188,0.5485602768388994,-0.06259740179961937,0.7315779648933649,0.6802470206786686,-0.051330944214696306,1.2486211984297633,1.874207503496781,1.5010216916497496,0.41632941370240295,0.7018964678453873,0.40436795483216414,-1.2506453486918578,-0.1991352710185076,0.08643178312447675,0.9974322323954383,3.1279681053598756
within_weather_hour_pair,Rain 16,Rain 17,3593,11200,0.7913841274689837,0.7318695667077892,-0.059514560761194435,0.9055191634173957,0.838207004118244,-0.06731215929915169,1.3688788537938497,1.2518286772873708,0.9144919390185083,0.5170776328440031,0.4521442950798774,0.10174612173451665,-0.16628086133971837,-0.019212422626692316,-0.084145760390818,-0.18782546356437324,0.15199323345857962
within_weather_hour_pair,Rain 16,Rain 18,3593,18393,0.7913841274689837,0.6389405231084968,-0.15244360436048687,0.9055191634173957,0.8028747055174312,-0.10264445789996446,1.3688788537938497,1.285709553861544,0.9392427608171448,0.5170776328440031,0.4821206305498269,0.18696651022084693,-0.5119901625659314,-0.07657172019727143,-0.11152872249144763,-0.3294755039608961,-0.38799687894770507
within_weather_hour_pair,Rain 16,Rain 19,3593,19030,0.7913841274689837,0.6379020435696399,-0.1534820838993438,0.9055191634173957,0.7521993477323365,-0.15331981568505915,1.3688788537938497,1.4894758290860473,1.0880990855823092,0.5170776328440031,0.5439402765672186,0.2321985087808614,-0.6996790480575102,-0.13713048103593578,-0.11026783731272038,-0.015204026021572892,1.3460511567944264
within_weather_hour_pair,Rain 16,Rain 20,3593,9786,0.7913841274689837,0.5733900319982139,-0.21799409547076976,0.9055191634173957,0.8343192621799325,-0.07119990123746323,1.3688788537938497,1.7899129826813858,1.307575887903184,0.5170776328440031,0.615540416554312,0.30643410713982083,-1.546310200250509,-0.1473531719293093,-0.04889038821900038,0.21915768130506175,1.2763747758512958
within_weather_hour_pair,Rain 16,Rain 21,3593,12305,0.7913841274689837,0.7081301180155432,-0.08325400945344053,0.9055191634173957,0.8279283635765621,-0.07759079984083361,1.3688788537938497,1.5304778911068675,1.11805211021059,0.5170776328440031,0.6136248436773886,0.18354368109987007,-0.6072247419605623,-0.13301288756201451,-0.036465676728629104,0.24150841356673425,1.2390491378464175
within_weather_hour_pair,Rain 16,Rain 22,3593,5957,0.7913841274689837,0.6729013389844056,-0.11848278848457805,0.9055191634173957,0.8079319448784859,-0.09758721853890984,1.3688788537938497,1.5545569176715843,1.1356424371398006,0.5170776328440031,0.6769183292100981,0.23425838496676735,-0.7312348819189256,-0.17892479762850888,-0.01908410126241389,0.37681376446694514,1.2231984253728765
within_weather_hour_pair,Rain 16,Rain 23,3593,6800,0.7913841274689837,0.5485602768388994,-0.24282385063008427,0.9055191634173957,0.6802470206786686,-0.2252721427387271,1.3688788537938497,1.874207503496781,1.369155128886981,0.5170776328440031,0.7018964678453873,0.43775300923776195,-1.6746097256114667,-0.2609822778812261,-0.07616344287984189,0.5439245519363145,2.6746753290443106
within_weather_hour_pair,Rain 17,Rain 18,11200,18393,0.7318695667077892,0.6389405231084968,-0.09292904359929244,0.838207004118244,0.8028747055174312,-0.03533229860081277,1.2518286772873708,1.285709553861544,1.027065106582788,0.4521442950798774,0.4821206305498269,0.09900675144529952,-0.3457093012262131,-0.057359297570579115,-0.027382962100629626,-0.14165004039652285,-0.5399901124062847
within_weather_hour_pair,Rain 17,Rain 19,11200,19030,0.7318695667077892,0.6379020435696399,-0.09396752313814938,0.838207004118244,0.7521993477323365,-0.08600765638590746,1.2518286772873708,1.4894758290860473,1.189839996566976,0.4521442950798774,0.5439402765672186,0.16698360788216526,-0.5333981867177919,-0.11791805840924346,-0.026122076921902382,0.17262143754280035,1.1940579233358468
within_weather_hour_pair,Rain 17,Rain 20,11200,9786,0.7318695667077892,0.5733900319982139,-0.15847953470957532,0.838207004118244,0.8343192621799325,-0.0038877419383115397,1.2518286772873708,1.7899129826813858,1.4298386154246026,0.4521442950798774,0.615540416554312,0.29953183422235974,-1.3800293389107905,-0.12814074930261699,0.03525537217181762,0.406983144869435,1.1243815423927161
within_weather_hour_pair,Rain 17,Rain 21,11200,12305,0.7318695667077892,0.7081301180155432,-0.02373944869224609,0.838207004118244,0.8279283635765621,-0.010278640541681927,1.2518286772873708,1.5304778911068675,1.222593729377818,0.4521442950798774,0.6136248436773886,0.1747807641520741,-0.44094388062084394,-0.1138004649353222,0.0476800836621889,0.4293338771311075,1.0870559043878378
within_weather_hour_pair,Rain 17,Rain 22,11200,5957,0.7318695667077892,0.6729013389844056,-0.058968227723383615,0.838207004118244,0.8079319448784859,-0.03027505923975815,1.2518286772873708,1.5545569176715843,1.2418288108243418,0.4521442950798774,0.6769183292100981,0.23227579134709314,-0.5649540205792072,-0.15971237500181656,0.06506165912840411,0.5646392280313184,1.0712051919142969
within_weather_hour_pair,Rain 17,Rain 23,11200,6800,0.7318695667077892,0.5485602768388994,-0.18330928986888984,0.838207004118244,0.6802470206786686,-0.1579599834395754,1.2518286772873708,1.874207503496781,1.4971757218072872,0.4521442950798774,0.7018964678453873,0.41821687294774895,-1.5083288642717483,-0.24176985525453376,0.007982317510976111,0.7317500155006877,2.522682095585731
within_weather_hour_pair,Rain 18,Rain 19,18393,19030,0.6389405231084968,0.6379020435696399,-0.0010384795388569401,0.8028747055174312,0.7521993477323365,-0.05067535778509469,1.285709553861544,1.4894758290860473,1.1584854640089628,0.4821206305498269,0.5439402765672186,0.11653249049622341,-0.1876888854915788,-0.06055876083866435,0.0012608851787272446,0.3142714779393232,1.7340480357421315
within_weather_hour_pair,Rain 18,Rain 20,18393,9786,0.6389405231084968,0.5733900319982139,-0.06555049111028288,0.8028747055174312,0.8343192621799325,0.03144455666250123,1.285709553861544,1.7899129826813858,1.3921596656923798,0.4821206305498269,0.615540416554312,0.2717370685891917,-1.0343200376845774,-0.07078145173203787,0.06263833427244725,0.5486331852659578,1.6643716547990008
within_weather_hour_pair,Rain 18,Rain 21,18393,12305,0.6389405231084968,0.7081301180155432,0.06918959490704635,0.8028747055174312,0.8279283635765621,0.025053658059130846,1.285709553861544,1.5304778911068675,1.190376074059789,0.4821206305498269,0.6136248436773886,0.14750872222506836,-0.09523457939463087,-0.05644116736474308,0.07506304576281853,0.5709839175276303,1.6270460167941225
within_weather_hour_pair,Rain 18,Rain 22,18393,5957,0.6389405231084968,0.6729013389844056,0.03396081587590882,0.8028747055174312,0.8079319448784859,0.005057239361054622,1.285709553861544,1.5545569176715843,1.2091042747583036,0.4821206305498269,0.6769183292100981,0.19997019947895806,-0.21924471935299417,-0.10235307743123745,0.09244462122903374,0.7062892684278412,1.6111953043205816
within_weather_hour_pair,Rain 18,Rain 23,18393,6800,0.6389405231084968,0.5485602768388994,-0.0903802462695974,0.8028747055174312,0.6802470206786686,-0.12262768483876263,1.285709553861544,1.874207503496781,1.4577223120631888,0.4821206305498269,0.7018964678453873,0.37622887314536013,-1.1626195630455354,-0.18441055768395465,0.03536527961160574,0.8734000558972106,3.0626722079920157
within_weather_hour_pair,Rain 19,Rain 20,19030,9786,0.6379020435696399,0.5733900319982139,-0.06451201157142594,0.7521993477323365,0.8343192621799325,0.08211991444759592,1.4894758290860473,1.7899129826813858,1.2017066324464551,0.5439402765672186,0.615540416554312,0.18538810927959606,-0.8466311521929987,-0.01022269089337352,0.061377449093720005,0.23436170732663464,-0.06967638094313067
within_weather_hour_pair,Rain 19,Rain 21,19030,12305,0.6379020435696399,0.7081301180155432,0.07022807444590329,0.7521993477323365,0.8279283635765621,0.07572901584422553,1.4894758290860473,1.5304778911068675,1.0275278465216715,0.5439402765672186,0.6136248436773886,0.08986665816217079,0.09245430609694794,0.004117593473921266,0.07380216058409128,0.25671243958830714,-0.10700201894800898
within_weather_hour_pair,Rain 19,Rain 22,19030,5957,0.6379020435696399,0.6729013389844056,0.03499929541476576,0.7521993477323365,0.8079319448784859,0.05573259714614931,1.4894758290860473,1.5545569176715843,1.0436939541512877,0.5439402765672186,0.6769183292100981,0.12075202261762347,-0.03155583386141536,-0.0417943165925731,0.0911837360503065,0.39201779048851804,-0.12285273142154995
within_weather_hour_pair,Rain 19,Rain 23,19030,6800,0.6379020435696399,0.5485602768388994,-0.08934176673074046,0.7521993477323365,0.6802470206786686,-0.07195232705366794,1.4894758290860473,1.874207503496781,1.258300045491042,0.5439402765672186,0.7018964678453873,0.2622555572765065,-0.9749306775539565,-0.1238517968452903,0.03410439443287849,0.5591285779578874,1.3286241722498842
within_weather_hour_pair,Rain 20,Rain 21,9786,12305,0.5733900319982139,0.7081301180155432,0.13474008601732923,0.8343192621799325,0.8279283635765621,-0.006390898603370387,1.7899129826813858,1.5304778911068675,0.8550571485403327,0.615540416554312,0.6136248436773886,0.14657666503705688,0.9390854582899466,0.014340284367294787,0.012424711490371276,0.0223507322616725,-0.037325638004878314
within_weather_hour_pair,Rain 20,Rain 22,9786,5957,0.5733900319982139,0.6729013389844056,0.0995113069861917,0.8343192621799325,0.8079319448784859,-0.02638731730144661,1.7899129826813858,1.5545569176715843,0.8685097726610008,0.615540416554312,0.6769183292100981,0.15601675902366158,0.8150753183315833,-0.03157162569919958,0.029806286956586492,0.1576560831618834,-0.05317635047841929
within_weather_hour_pair,Rain 20,Rain 23,9786,6800,0.5733900319982139,0.5485602768388994,-0.024829755159314515,0.8343192621799325,0.6802470206786686,-0.15407224150126386,1.7899129826813858,1.874207503496781,1.0470942004616992,0.615540416554312,0.7018964678453873,0.15601710690082587,-0.1282995253609578,-0.11362910595191678,-0.02727305466084151,0.32476687063125276,1.3983005531930148
within_weather_hour_pair,Rain 21,Rain 22,12305,5957,0.7081301180155432,0.6729013389844056,-0.035228779031137525,0.8279283635765621,0.8079319448784859,-0.019996418698076224,1.5304778911068675,1.5545569176715843,1.0157330116982628,0.6136248436773886,0.6769183292100981,0.07308578071553717,-0.1240101399583633,-0.045911910066494366,0.017381575466215216,0.1353053509002109,-0.015850712473540973
within_weather_hour_pair,Rain 21,Rain 23,12305,6800,0.7081301180155432,0.5485602768388994,-0.15956984117664375,0.8279283635765621,0.6802470206786686,-0.14768134289789348,1.5304778911068675,1.874207503496781,1.2245897274225388,0.6136248436773886,0.7018964678453873,0.2604044493844348,-1.0673849836509044,-0.12796939031921156,-0.03969776615121279,0.30241613836958026,1.4356261911978931
within_weather_hour_pair,Rain 22,Rain 23,5957,6800,0.6729013389844056,0.5485602768388994,-0.12434106214550622,0.8079319448784859,0.6802470206786686,-0.12768492419981725,1.5545569176715843,1.874207503496781,1.2056216676221603,0.6769183292100981,0.7018964678453873,0.21646968803506278,-0.9433748436925411,-0.0820574802527172,-0.057079341617428,0.16711078746936936,1.4514769036714341
