pickup_timestamp,hour,fare,trip_distance,WeatherCode,source_row_index,key_occurrence,VendorID,tpep_pickup_datetime,tpep_dropoff_datetime,passenger_count,RatecodeID,store_and_fwd_flag,PULocationID,DOLocationID,payment_type,fare_amount,extra,mta_tax,tip_amount,tolls_amount,improvement_surcharge,total_amount,congestion_surcharge,Airport_fee,cbd_congestion_fee,raw_row_index,raw_source_file,duration_seconds,duration_minutes,nonpositive_duration_flag,missing_duration_flag,same_zone,inspection_selection
2026-01-01 00:30:51,0,3.0,0.01,1,1087,0,2,2026-01-01 00:30:51,2026-01-01 00:31:00,1.0,1.0,N,239,239,4,3.0,1.0,0.5,0.0,0.0,1.0,8.0,2.5,0.0,0.0,1107,data/raw/yellow_taxi/yellow_tripdata_2026-01.parquet,9.0,0.15,False,False,True,first100
2026-01-01 00:37:52,0,3.0,0.01,1,1146,0,2,2026-01-01 00:37:52,2026-01-01 00:38:11,1.0,1.0,N,161,162,4,3.0,1.0,0.5,0.0,0.0,1.0,8.75,2.5,0.0,0.75,1168,data/raw/yellow_taxi/yellow_tripdata_2026-01.parquet,19.0,0.31666666666666665,False,False,False,first100
2026-01-01 00:40:14,0,3.0,0.01,1,1248,0,2,2026-01-01 00:40:14,2026-01-01 00:41:03,1.0,1.0,N,237,229,2,3.0,1.0,0.5,0.0,0.0,1.0,8.0,2.5,0.0,0.0,1273,data/raw/yellow_taxi/yellow_tripdata_2026-01.parquet,49.0,0.8166666666666667,False,False,False,first100
2026-01-01 00:14:19,0,3.0,0.01,1,2083,0,2,2026-01-01 00:14:19,2026-01-01 00:14:46,1.0,1.0,N,262,262,2,3.0,1.0,0.5,0.0,0.0,1.0,8.0,2.5,0.0,0.0,2127,data/raw/yellow_taxi/yellow_tripdata_2026-01.parquet,27.0,0.45,False,False,True,first100
2026-01-01 00:27:46,0,70.0,0.01,1,2926,0,2,2026-01-01 00:27:46,2026-01-01 00:27:52,1.0,2.0,N,162,233,4,70.0,0.0,0.5,0.0,0.0,1.0,74.75,2.5,0.0,0.75,2995,data/raw/yellow_taxi/yellow_tripdata_2026-01.parquet,6.0,0.1,False,False,False,first100
2026-01-01 00:59:08,0,40.0,0.01,1,4016,0,2,2026-01-01 00:59:08,2026-01-01 00:59:13,1.0,5.0,N,43,142,1,40.0,0.0,0.0,5.0,0.0,1.0,48.5,2.5,0.0,0.0,4117,data/raw/yellow_taxi/yellow_tripdata_2026-01.parquet,5.0,0.08333333333333333,False,False,False,first100
2026-01-01 00:40:39,0,3.7,0.01,1,4704,0,2,2026-01-01 00:40:39,2026-01-01 00:42:44,2.0,1.0,N,50,50,2,3.7,1.0,0.5,0.0,0.0,1.0,9.45,2.5,0.0,0.75,4846,data/raw/yellow_taxi/yellow_tripdata_2026-01.parquet,125.0,2.0833333333333335,False,False,True,first100
2026-01-01 01:27:28,1,26.5,0.01,3,8877,0,2,2026-01-01 01:27:28,2026-01-01 01:33:17,4.0,3.0,N,170,170,4,26.5,1.0,0.0,0.0,0.0,1.0,29.25,0.0,0.0,0.75,9150,data/raw/yellow_taxi/yellow_tripdata_2026-01.parquet,349.0,5.816666666666666,False,False,True,first100
2026-01-01 01:11:27,1,24.45,0.01,3,9015,0,2,2026-01-01 01:11:27,2026-01-01 01:22:57,1.0,99.0,N,249,231,1,24.45,0.0,0.5,0.0,0.0,1.0,29.2,2.5,0.0,0.75,9298,data/raw/yellow_taxi/yellow_tripdata_2026-01.parquet,690.0,11.5,False,False,False,first100
2026-01-01 01:53:54,1,70.0,0.01,3,9205,0,2,2026-01-01 01:53:54,2026-01-01 01:53:58,2.0,2.0,N,239,239,2,70.0,0.0,0.5,0.0,0.0,1.0,74.0,2.5,0.0,0.0,9495,data/raw/yellow_taxi/yellow_tripdata_2026-01.parquet,4.0,0.06666666666666667,False,False,True,first100
2026-01-01 01:38:08,1,3.7,0.01,3,9234,0,2,2026-01-01 01:38:08,2026-01-01 01:39:31,4.0,1.0,N,186,186,1,3.7,1.0,0.5,1.0,0.0,1.0,10.45,2.5,0.0,0.75,9525,data/raw/yellow_taxi/yellow_tripdata_2026-01.parquet,83.0,1.3833333333333333,False,False,True,first100
2026-01-01 02:10:25,2,16.0,0.01,3,9751,0,2,2026-01-01 02:10:25,2026-01-01 02:10:32,3.0,5.0,N,113,113,1,16.0,0.0,0.0,4.05,0.0,1.0,24.3,2.5,0.0,0.75,10073,data/raw/yellow_taxi/yellow_tripdata_2026-01.parquet,7.0,0.11666666666666667,False,False,True,first100
2026-01-01 02:56:40,2,70.0,0.01,3,12645,0,2,2026-01-01 02:56:40,2026-01-01 02:56:49,1.0,2.0,N,144,144,2,70.0,0.0,0.5,0.0,0.0,1.0,74.75,2.5,0.0,0.75,13099,data/raw/yellow_taxi/yellow_tripdata_2026-01.parquet,9.0,0.15,False,False,True,first100
2026-01-01 02:17:20,2,3.0,0.01,3,12683,0,2,2026-01-01 02:17:20,2026-01-01 02:17:24,1.0,1.0,N,114,114,4,3.0,1.0,0.5,0.0,0.0,1.0,8.75,2.5,0.0,0.75,13147,data/raw/yellow_taxi/yellow_tripdata_2026-01.parquet,4.0,0.06666666666666667,False,False,True,first100
2026-01-01 03:07:08,3,3.0,0.01,3,13834,0,2,2026-01-01 03:07:08,2026-01-01 03:07:13,1.0,1.0,N,164,100,2,3.0,1.0,0.5,0.0,0.0,1.0,8.75,2.5,0.0,0.75,14362,data/raw/yellow_taxi/yellow_tripdata_2026-01.parquet,5.0,0.08333333333333333,False,False,False,first100
2026-01-01 03:40:14,3,22.0,0.01,3,13881,0,2,2026-01-01 03:40:14,2026-01-01 03:40:20,1.0,5.0,N,262,262,1,22.0,0.0,0.0,5.1,0.0,1.0,30.6,2.5,0.0,0.0,14412,data/raw/yellow_taxi/yellow_tripdata_2026-01.parquet,6.0,0.1,False,False,True,first100
2026-01-01 03:10:52,3,10.0,0.01,3,14428,0,2,2026-01-01 03:10:52,2026-01-01 03:21:16,1.0,1.0,N,230,230,2,10.0,1.0,0.5,0.0,0.0,1.0,15.75,2.5,0.0,0.75,14980,data/raw/yellow_taxi/yellow_tripdata_2026-01.parquet,624.0,10.4,False,False,True,first100
2026-01-01 03:51:21,3,40.0,0.01,3,14906,0,2,2026-01-01 03:51:21,2026-01-01 03:51:27,2.0,5.0,N,100,100,1,40.0,0.0,0.0,0.0,0.0,1.0,44.25,2.5,0.0,0.75,15471,data/raw/yellow_taxi/yellow_tripdata_2026-01.parquet,6.0,0.1,False,False,True,first100
2026-01-01 03:05:47,3,80.0,0.01,3,15534,0,2,2026-01-01 03:05:47,2026-01-01 03:05:59,1.0,5.0,N,68,100,1,80.0,0.0,0.0,16.85,0.0,1.0,101.1,2.5,0.0,0.75,16142,data/raw/yellow_taxi/yellow_tripdata_2026-01.parquet,12.0,0.2,False,False,False,first100
2026-01-01 03:16:36,3,70.0,0.01,3,15791,0,2,2026-01-01 03:16:36,2026-01-01 03:16:44,1.0,2.0,N,68,68,2,70.0,0.0,0.5,0.0,0.0,1.0,74.75,2.5,0.0,0.75,16417,data/raw/yellow_taxi/yellow_tripdata_2026-01.parquet,8.0,0.13333333333333333,False,False,True,first100
2026-01-01 04:29:27,4,3.0,0.01,3,16231,0,2,2026-01-01 04:29:27,2026-01-01 04:30:02,1.0,1.0,N,244,244,2,3.0,1.0,0.5,0.0,0.0,1.0,5.5,0.0,0.0,0.0,16889,data/raw/yellow_taxi/yellow_tripdata_2026-01.parquet,35.0,0.5833333333333334,False,False,True,first100
2026-01-01 04:58:37,4,3.0,0.01,3,16258,0,2,2026-01-01 04:58:37,2026-01-01 04:58:43,1.0,1.0,N,263,263,2,3.0,1.0,0.5,0.0,0.0,1.0,8.0,2.5,0.0,0.0,16916,data/raw/yellow_taxi/yellow_tripdata_2026-01.parquet,6.0,0.1,False,False,True,first100
2026-01-01 04:20:43,4,20.0,0.01,3,17167,0,2,2026-01-01 04:20:43,2026-01-01 04:20:49,2.0,5.0,N,79,79,1,20.0,0.0,0.0,4.85,0.0,1.0,29.1,2.5,0.0,0.75,17887,data/raw/yellow_taxi/yellow_tripdata_2026-01.parquet,6.0,0.1,False,False,True,first100
2026-01-01 04:55:37,4,80.0,0.01,3,17242,0,2,2026-01-01 04:55:37,2026-01-01 04:56:10,1.0,5.0,N,230,265,4,80.0,0.0,0.0,0.0,14.06,1.0,98.31,2.5,0.0,0.75,17964,data/raw/yellow_taxi/yellow_tripdata_2026-01.parquet,33.0,0.55,False,False,False,first100
2026-01-01 04:52:00,4,3.0,0.01,3,17440,0,2,2026-01-01 04:52:00,2026-01-01 04:52:36,1.0,1.0,N,148,148,2,3.0,1.0,0.5,0.0,0.0,1.0,8.75,2.5,0.0,0.75,18173,data/raw/yellow_taxi/yellow_tripdata_2026-01.parquet,36.0,0.6,False,False,True,first100
2026-01-01 05:19:20,5,95.0,0.01,3,17972,0,2,2026-01-01 05:19:20,2026-01-01 05:19:24,3.0,5.0,N,132,132,1,95.0,0.0,0.0,19.2,0.0,1.0,116.95,0.0,1.75,0.0,18744,data/raw/yellow_taxi/yellow_tripdata_2026-01.parquet,4.0,0.06666666666666667,False,False,True,first100
2026-01-01 05:09:25,5,3.0,0.01,3,18175,0,2,2026-01-01 05:09:25,2026-01-01 05:09:27,1.0,1.0,N,68,264,3,3.0,1.0,0.5,0.0,0.0,1.0,5.5,0.0,0.0,0.0,18966,data/raw/yellow_taxi/yellow_tripdata_2026-01.parquet,2.0,0.03333333333333333,False,False,False,first100
2026-01-01 05:24:52,5,40.0,0.01,3,18333,0,2,2026-01-01 05:24:52,2026-01-01 05:25:00,3.0,5.0,N,80,80,1,40.0,0.0,0.0,0.0,0.0,1.0,41.0,0.0,0.0,0.0,19146,data/raw/yellow_taxi/yellow_tripdata_2026-01.parquet,8.0,0.13333333333333333,False,False,True,first100
2026-01-01 05:36:30,5,60.0,0.01,3,18449,0,2,2026-01-01 05:36:30,2026-01-01 05:36:50,1.0,5.0,N,230,230,1,60.0,0.0,0.0,10.0,0.0,1.0,74.25,2.5,0.0,0.75,19279,data/raw/yellow_taxi/yellow_tripdata_2026-01.parquet,20.0,0.3333333333333333,False,False,True,first100
2026-01-01 08:06:45,8,84.0,0.01,3,20094,0,2,2026-01-01 08:06:45,2026-01-01 08:06:49,2.0,5.0,N,132,132,1,84.0,0.0,0.0,17.0,0.0,1.0,103.75,0.0,1.75,0.0,21027,data/raw/yellow_taxi/yellow_tripdata_2026-01.parquet,4.0,0.06666666666666667,False,False,True,first100
2026-01-01 08:03:44,8,3.0,0.01,3,20341,0,2,2026-01-01 08:03:44,2026-01-01 08:04:03,1.0,1.0,N,238,238,2,3.0,0.0,0.5,0.0,0.0,1.0,7.0,2.5,0.0,0.0,21294,data/raw/yellow_taxi/yellow_tripdata_2026-01.parquet,19.0,0.31666666666666665,False,False,True,first100
2026-01-01 08:26:32,8,50.0,0.01,3,20490,0,2,2026-01-01 08:26:32,2026-01-01 08:26:38,2.0,5.0,N,88,88,1,50.0,0.0,0.0,10.85,0.0,1.0,65.1,2.5,0.0,0.75,21453,data/raw/yellow_taxi/yellow_tripdata_2026-01.parquet,6.0,0.1,False,False,True,first100
2026-01-01 09:31:54,9,85.0,0.01,3,21603,0,2,2026-01-01 09:31:54,2026-01-01 09:31:59,3.0,5.0,N,132,132,1,85.0,0.0,0.0,0.0,0.0,1.0,87.75,0.0,1.75,0.0,22615,data/raw/yellow_taxi/yellow_tripdata_2026-01.parquet,5.0,0.08333333333333333,False,False,True,first100
2026-01-01 10:00:20,10,40.0,0.01,3,23496,0,2,2026-01-01 10:00:20,2026-01-01 10:00:26,4.0,5.0,N,231,231,1,40.0,0.0,0.0,8.85,0.0,1.0,53.1,2.5,0.0,0.75,24577,data/raw/yellow_taxi/yellow_tripdata_2026-01.parquet,6.0,0.1,False,False,True,first100
2026-01-01 12:14:44,12,85.69,0.01,15,28102,0,7,2026-01-01 12:14:44,2026-01-01 12:14:44,4.0,5.0,N,132,132,4,85.69,0.0,0.5,0.0,0.0,1.0,88.94,0.0,1.75,0.0,29337,data/raw/yellow_taxi/yellow_tripdata_2026-01.parquet,0.0,0.0,True,False,True,first100
2026-01-01 12:53:46,12,3.0,0.01,15,28328,0,2,2026-01-01 12:53:46,2026-01-01 12:53:59,1.0,1.0,N,249,249,1,3.0,0.0,0.5,2.33,0.0,1.0,10.08,2.5,0.0,0.75,29567,data/raw/yellow_taxi/yellow_tripdata_2026-01.parquet,13.0,0.21666666666666667,False,False,True,first100
2026-01-01 12:34:09,12,3.7,0.01,15,28797,0,2,2026-01-01 12:34:09,2026-01-01 12:35:15,1.0,1.0,N,231,231,4,3.7,0.0,0.5,0.0,0.0,1.0,8.45,2.5,0.0,0.75,30053,data/raw/yellow_taxi/yellow_tripdata_2026-01.parquet,66.0,1.1,False,False,True,first100
2026-01-01 12:27:39,12,65.0,0.01,15,28996,0,2,2026-01-01 12:27:39,2026-01-01 12:27:44,1.0,5.0,N,138,138,1,65.0,5.0,0.0,0.0,0.0,1.0,72.75,0.0,1.75,0.0,30267,data/raw/yellow_taxi/yellow_tripdata_2026-01.parquet,5.0,0.08333333333333333,False,False,True,first100
2026-01-01 13:52:22,13,24.0,0.01,3,30772,0,7,2026-01-01 13:52:22,2026-01-01 13:52:22,1.0,5.0,N,68,68,1,24.0,0.0,0.5,8.62,0.0,1.0,37.37,2.5,0.0,0.75,32103,data/raw/yellow_taxi/yellow_tripdata_2026-01.parquet,0.0,0.0,True,False,True,first100
2026-01-01 14:16:58,14,3.0,0.01,5,32914,0,2,2026-01-01 14:16:58,2026-01-01 14:17:15,1.0,1.0,N,7,7,1,3.0,0.0,0.5,0.9,0.0,1.0,5.4,0.0,0.0,0.0,34316,data/raw/yellow_taxi/yellow_tripdata_2026-01.parquet,17.0,0.2833333333333333,False,False,True,first100
2026-01-01 14:39:40,14,3.0,0.01,5,35169,0,2,2026-01-01 14:39:40,2026-01-01 14:40:13,1.0,1.0,N,161,161,2,3.0,0.0,0.5,0.0,0.0,1.0,7.75,2.5,0.0,0.75,36614,data/raw/yellow_taxi/yellow_tripdata_2026-01.parquet,33.0,0.55,False,False,True,first100
2026-01-01 14:26:59,14,80.0,0.01,5,35196,0,2,2026-01-01 14:26:59,2026-01-01 14:27:07,4.0,5.0,N,265,265,1,80.0,0.0,0.0,8.0,0.0,1.0,89.0,0.0,0.0,0.0,36641,data/raw/yellow_taxi/yellow_tripdata_2026-01.parquet,8.0,0.13333333333333333,False,False,True,first100
2026-01-01 14:16:09,14,30.0,0.01,5,35588,0,2,2026-01-01 14:16:09,2026-01-01 14:16:17,1.0,5.0,N,228,181,1,30.0,0.0,0.0,0.0,0.0,1.0,31.0,0.0,0.0,0.0,37050,data/raw/yellow_taxi/yellow_tripdata_2026-01.parquet,8.0,0.13333333333333333,False,False,False,first100
2026-01-01 14:33:42,14,67.0,0.01,5,35771,0,2,2026-01-01 14:33:42,2026-01-01 14:35:27,4.0,5.0,N,138,138,1,67.0,5.0,0.0,18.25,0.0,1.0,93.0,0.0,1.75,0.0,37239,data/raw/yellow_taxi/yellow_tripdata_2026-01.parquet,105.0,1.75,False,False,True,first100
2026-01-01 15:07:00,15,70.0,0.01,1,38762,0,2,2026-01-01 15:07:00,2026-01-01 15:07:08,1.0,2.0,N,68,68,1,70.0,0.0,0.5,16.34,6.94,1.0,98.03,2.5,0.0,0.75,40334,data/raw/yellow_taxi/yellow_tripdata_2026-01.parquet,8.0,0.13333333333333333,False,False,True,first100
2026-01-01 15:36:23,15,84.0,0.01,1,39885,0,2,2026-01-01 15:36:23,2026-01-01 15:36:27,2.0,5.0,N,28,28,2,84.0,0.0,0.0,0.0,0.0,1.0,85.0,0.0,0.0,0.0,41514,data/raw/yellow_taxi/yellow_tripdata_2026-01.parquet,4.0,0.06666666666666667,False,False,True,first100
2026-01-01 15:01:34,15,60.0,0.01,1,40085,0,2,2026-01-01 15:01:34,2026-01-01 15:01:43,4.0,5.0,N,66,66,1,60.0,0.0,0.0,12.7,0.0,1.0,76.2,2.5,0.0,0.0,41730,data/raw/yellow_taxi/yellow_tripdata_2026-01.parquet,9.0,0.15,False,False,True,first100
2026-01-01 15:38:11,15,115.0,0.01,1,40419,0,2,2026-01-01 15:38:11,2026-01-01 15:38:20,2.0,5.0,N,1,1,1,115.0,0.0,0.0,12.5,0.0,1.0,128.5,0.0,0.0,0.0,42092,data/raw/yellow_taxi/yellow_tripdata_2026-01.parquet,9.0,0.15,False,False,True,first100
2026-01-01 16:20:05,16,3.0,0.01,1,43180,0,2,2026-01-01 16:20:05,2026-01-01 16:20:18,2.0,1.0,N,237,237,4,3.0,2.5,0.5,0.0,0.0,1.0,9.5,2.5,0.0,0.0,44920,data/raw/yellow_taxi/yellow_tripdata_2026-01.parquet,13.0,0.21666666666666667,False,False,True,first100
2026-01-01 16:51:28,16,23.0,0.01,1,43358,0,2,2026-01-01 16:51:28,2026-01-01 16:51:39,3.0,3.0,N,50,50,2,23.0,2.5,0.0,0.0,0.0,1.0,26.5,0.0,0.0,0.0,45103,data/raw/yellow_taxi/yellow_tripdata_2026-01.parquet,11.0,0.18333333333333332,False,False,True,first100
2026-01-01 16:52:14,16,3.0,0.01,1,43941,0,2,2026-01-01 16:52:14,2026-01-01 16:52:34,1.0,1.0,N,186,186,3,3.0,2.5,0.5,0.0,0.0,1.0,10.25,2.5,0.0,0.75,45723,data/raw/yellow_taxi/yellow_tripdata_2026-01.parquet,20.0,0.3333333333333333,False,False,True,first100
2026-01-01 16:14:33,16,87.0,0.01,1,44567,0,2,2026-01-01 16:14:33,2026-01-01 16:14:37,2.0,5.0,N,196,82,1,87.0,0.0,0.0,17.6,0.0,1.0,105.6,0.0,0.0,0.0,46381,data/raw/yellow_taxi/yellow_tripdata_2026-01.parquet,4.0,0.06666666666666667,False,False,False,first100
2026-01-01 17:11:07,17,4.4,0.01,1,45383,0,2,2026-01-01 17:11:07,2026-01-01 17:13:55,4.0,1.0,N,209,209,1,4.4,2.5,0.5,0.0,0.0,1.0,11.65,2.5,0.0,0.75,47223,data/raw/yellow_taxi/yellow_tripdata_2026-01.parquet,168.0,2.8,False,False,True,first100
2026-01-01 17:15:59,17,3.0,0.01,1,48180,0,2,2026-01-01 17:15:59,2026-01-01 17:16:03,1.0,1.0,N,132,132,2,3.0,2.5,0.5,0.0,0.0,1.0,8.75,0.0,1.75,0.0,50133,data/raw/yellow_taxi/yellow_tripdata_2026-01.parquet,4.0,0.06666666666666667,False,False,True,first100
2026-01-01 18:26:29,18,3.0,0.01,2,48493,0,2,2026-01-01 18:26:29,2026-01-01 18:27:27,1.0,1.0,N,162,162,2,3.0,2.5,0.5,0.0,0.0,1.0,10.25,2.5,0.0,0.75,50470,data/raw/yellow_taxi/yellow_tripdata_2026-01.parquet,58.0,0.9666666666666667,False,False,True,first100
2026-01-01 18:42:47,18,6.5,0.01,2,48731,0,2,2026-01-01 18:42:47,2026-01-01 18:48:33,6.0,1.0,N,166,166,2,6.5,2.5,0.5,0.0,0.0,1.0,10.5,0.0,0.0,0.0,50710,data/raw/yellow_taxi/yellow_tripdata_2026-01.parquet,346.0,5.766666666666667,False,False,True,first100
2026-01-01 19:02:42,19,32.0,0.01,1,52924,0,7,2026-01-01 19:02:42,2026-01-01 19:02:42,1.0,5.0,N,87,87,1,32.0,0.0,0.5,7.35,0.0,1.0,44.1,2.5,0.0,0.75,55077,data/raw/yellow_taxi/yellow_tripdata_2026-01.parquet,0.0,0.0,True,False,True,first100
2026-01-01 19:24:41,19,3.0,0.01,1,53095,0,2,2026-01-01 19:24:41,2026-01-01 19:24:50,1.0,1.0,N,132,132,4,3.0,2.5,0.5,0.0,0.0,1.0,8.75,0.0,1.75,0.0,55250,data/raw/yellow_taxi/yellow_tripdata_2026-01.parquet,9.0,0.15,False,False,True,first100
2026-01-01 19:06:50,19,55.0,0.01,1,54666,0,2,2026-01-01 19:06:50,2026-01-01 19:06:59,2.0,5.0,N,161,161,1,55.0,0.0,0.0,11.85,0.0,1.0,71.1,2.5,0.0,0.75,56889,data/raw/yellow_taxi/yellow_tripdata_2026-01.parquet,9.0,0.15,False,False,True,first100
2026-01-01 19:52:01,19,3.0,0.01,1,54905,0,2,2026-01-01 19:52:01,2026-01-01 19:52:34,1.0,1.0,N,132,132,3,3.0,2.5,0.5,0.0,0.0,1.0,8.75,0.0,1.75,0.0,57151,data/raw/yellow_taxi/yellow_tripdata_2026-01.parquet,33.0,0.55,False,False,True,first100
2026-01-01 20:46:20,20,49.0,0.01,1,57411,0,2,2026-01-01 20:46:20,2026-01-01 20:46:32,1.0,5.0,N,66,66,1,49.0,0.0,0.0,0.0,0.0,1.0,50.0,0.0,0.0,0.0,59747,data/raw/yellow_taxi/yellow_tripdata_2026-01.parquet,12.0,0.2,False,False,True,first100
2026-01-01 22:22:50,22,87.21,0.01,1,62329,0,2,2026-01-01 22:22:50,2026-01-01 22:22:54,1.0,5.0,N,127,127,1,87.21,0.0,0.0,17.64,0.0,1.0,105.85,0.0,0.0,0.0,64891,data/raw/yellow_taxi/yellow_tripdata_2026-01.parquet,4.0,0.06666666666666667,False,False,True,first100
2026-01-01 23:48:58,23,14.67,0.01,1,63104,0,2,2026-01-01 23:48:58,2026-01-02 00:03:25,1.0,99.0,N,114,161,1,14.67,0.0,0.5,0.0,0.0,1.0,19.42,2.5,0.0,0.75,65703,data/raw/yellow_taxi/yellow_tripdata_2026-01.parquet,867.0,14.45,False,False,False,first100
2026-01-01 23:16:53,23,3.0,0.01,1,63652,0,2,2026-01-01 23:16:53,2026-01-01 23:17:35,4.0,1.0,N,148,148,2,3.0,1.0,0.5,0.0,0.0,1.0,8.75,2.5,0.0,0.75,66264,data/raw/yellow_taxi/yellow_tripdata_2026-01.parquet,42.0,0.7,False,False,True,first100
2026-01-02 00:08:51,0,70.0,0.01,1,65097,0,2,2026-01-02 00:08:51,2026-01-02 00:09:16,1.0,2.0,N,140,140,2,70.0,0.0,0.5,0.0,6.94,1.0,80.94,2.5,0.0,0.0,67801,data/raw/yellow_taxi/yellow_tripdata_2026-01.parquet,25.0,0.4166666666666667,False,False,True,first100
2026-01-02 00:08:07,0,3.0,0.01,1,65126,0,2,2026-01-02 00:08:07,2026-01-02 00:08:27,1.0,1.0,N,132,132,2,3.0,1.0,0.5,0.0,0.0,1.0,7.25,0.0,1.75,0.0,67833,data/raw/yellow_taxi/yellow_tripdata_2026-01.parquet,20.0,0.3333333333333333,False,False,True,first100
2026-01-02 02:44:13,2,27.5,0.01,1,65761,0,2,2026-01-02 02:44:13,2026-01-02 02:44:18,1.0,5.0,N,246,246,1,27.5,0.0,0.0,6.35,0.0,1.0,38.1,2.5,0.0,0.75,68508,data/raw/yellow_taxi/yellow_tripdata_2026-01.parquet,5.0,0.08333333333333333,False,False,True,first100
2026-01-02 03:55:25,3,35.0,0.01,1,66242,0,2,2026-01-02 03:55:25,2026-01-02 03:55:38,4.0,5.0,N,144,144,1,35.0,0.0,0.0,0.01,0.0,1.0,39.26,2.5,0.0,0.75,69008,data/raw/yellow_taxi/yellow_tripdata_2026-01.parquet,13.0,0.21666666666666667,False,False,True,first100
2026-01-02 04:55:38,4,25.0,0.01,3,66391,0,2,2026-01-02 04:55:38,2026-01-02 04:55:45,1.0,5.0,N,1,1,1,25.0,0.0,0.0,0.0,0.0,1.0,26.0,0.0,0.0,0.0,69167,data/raw/yellow_taxi/yellow_tripdata_2026-01.parquet,7.0,0.11666666666666667,False,False,True,first100
2026-01-02 06:16:15,6,3.0,0.01,3,67055,0,2,2026-01-02 06:16:15,2026-01-02 06:16:21,1.0,1.0,N,162,162,4,3.0,1.0,0.5,0.0,0.0,1.0,8.75,2.5,0.0,0.75,69875,data/raw/yellow_taxi/yellow_tripdata_2026-01.parquet,6.0,0.1,False,False,True,first100
2026-01-02 06:08:38,6,125.0,0.01,3,67184,0,2,2026-01-02 06:08:38,2026-01-02 06:08:46,1.0,5.0,N,1,1,1,125.0,0.0,0.0,10.0,0.0,1.0,136.0,0.0,0.0,0.0,70007,data/raw/yellow_taxi/yellow_tripdata_2026-01.parquet,8.0,0.13333333333333333,False,False,True,first100
2026-01-02 07:12:37,7,84.0,0.01,3,68154,0,2,2026-01-02 07:12:37,2026-01-02 07:12:41,1.0,5.0,N,132,132,1,84.0,0.0,0.0,17.0,0.0,1.0,103.75,0.0,1.75,0.0,71013,data/raw/yellow_taxi/yellow_tripdata_2026-01.parquet,4.0,0.06666666666666667,False,False,True,first100
2026-01-02 07:24:56,7,70.0,0.01,3,68451,0,2,2026-01-02 07:24:56,2026-01-02 07:25:11,1.0,2.0,N,48,48,2,70.0,0.0,0.5,0.0,0.0,1.0,74.75,2.5,0.0,0.75,71317,data/raw/yellow_taxi/yellow_tripdata_2026-01.parquet,15.0,0.25,False,False,True,first100
2026-01-02 08:56:59,8,68.0,0.01,3,70286,0,7,2026-01-02 08:56:59,2026-01-02 08:56:59,5.0,5.0,Y,138,138,1,68.0,0.0,0.5,19.06,0.0,1.0,95.31,0.0,6.75,0.0,73203,data/raw/yellow_taxi/yellow_tripdata_2026-01.parquet,0.0,0.0,True,False,True,first100
2026-01-02 09:27:52,9,3.0,0.01,3,72287,0,2,2026-01-02 09:27:52,2026-01-02 09:27:59,3.0,1.0,N,186,186,2,3.0,0.0,0.5,0.0,0.0,1.0,7.75,2.5,0.0,0.75,75263,data/raw/yellow_taxi/yellow_tripdata_2026-01.parquet,7.0,0.11666666666666667,False,False,True,first100
2026-01-02 09:55:31,9,3.0,0.01,3,73038,0,2,2026-01-02 09:55:31,2026-01-02 09:55:54,1.0,1.0,N,170,170,3,3.0,0.0,0.5,0.0,0.0,1.0,7.75,2.5,0.0,0.75,76037,data/raw/yellow_taxi/yellow_tripdata_2026-01.parquet,23.0,0.38333333333333336,False,False,True,first100
2026-01-02 09:56:50,9,3.0,0.01,3,73145,0,2,2026-01-02 09:56:50,2026-01-02 09:57:02,1.0,1.0,N,161,161,2,3.0,0.0,0.5,0.0,0.0,1.0,7.75,2.5,0.0,0.75,76153,data/raw/yellow_taxi/yellow_tripdata_2026-01.parquet,12.0,0.2,False,False,True,first100
2026-01-02 09:19:45,9,3.0,0.01,3,73243,0,2,2026-01-02 09:19:45,2026-01-02 09:19:58,1.0,1.0,N,193,193,1,3.0,0.0,0.5,0.0,0.0,1.0,4.5,0.0,0.0,0.0,76253,data/raw/yellow_taxi/yellow_tripdata_2026-01.parquet,13.0,0.21666666666666667,False,False,True,first100
2026-01-02 09:53:21,9,75.0,0.01,3,73598,0,2,2026-01-02 09:53:21,2026-01-02 09:53:31,2.0,5.0,N,138,138,1,75.0,5.0,0.0,16.2,0.0,1.0,98.95,0.0,1.75,0.0,76628,data/raw/yellow_taxi/yellow_tripdata_2026-01.parquet,10.0,0.16666666666666666,False,False,True,first100
2026-01-02 09:49:32,9,70.0,0.01,3,73611,0,2,2026-01-02 09:49:32,2026-01-02 09:49:37,1.0,2.0,N,48,48,2,70.0,0.0,0.5,0.0,0.0,1.0,74.75,2.5,0.0,0.75,76643,data/raw/yellow_taxi/yellow_tripdata_2026-01.parquet,5.0,0.08333333333333333,False,False,True,first100
2026-01-02 10:42:45,10,3.0,0.01,3,73999,0,2,2026-01-02 10:42:45,2026-01-02 10:42:48,1.0,1.0,N,100,100,2,3.0,0.0,0.5,0.0,0.0,1.0,4.5,0.0,0.0,0.0,77055,data/raw/yellow_taxi/yellow_tripdata_2026-01.parquet,3.0,0.05,False,False,True,first100
2026-01-02 10:58:58,10,3.0,0.01,3,76871,0,2,2026-01-02 10:58:58,2026-01-02 10:59:15,1.0,1.0,N,163,163,2,3.0,0.0,0.5,0.0,0.0,1.0,10.25,2.5,0.0,0.75,79995,data/raw/yellow_taxi/yellow_tripdata_2026-01.parquet,17.0,0.2833333333333333,False,False,True,first100
2026-01-02 10:54:25,10,99.0,0.01,3,77142,0,2,2026-01-02 10:54:25,2026-01-02 10:54:29,1.0,5.0,N,226,145,1,99.0,0.0,0.0,20.0,0.0,1.0,120.0,0.0,0.0,0.0,80284,data/raw/yellow_taxi/yellow_tripdata_2026-01.parquet,4.0,0.06666666666666667,False,False,False,first100
2026-01-02 11:24:28,11,3.0,0.01,3,77780,0,2,2026-01-02 11:24:28,2026-01-02 11:24:35,1.0,1.0,N,145,226,2,3.0,0.0,0.5,0.0,0.0,1.0,4.5,0.0,0.0,0.0,80945,data/raw/yellow_taxi/yellow_tripdata_2026-01.parquet,7.0,0.11666666666666667,False,False,False,first100
2026-01-02 13:41:42,13,3.0,0.01,3,87375,0,2,2026-01-02 13:41:42,2026-01-02 13:42:00,1.0,1.0,N,132,132,4,3.0,0.0,0.5,0.0,0.0,1.0,6.25,0.0,1.75,0.0,90813,data/raw/yellow_taxi/yellow_tripdata_2026-01.parquet,18.0,0.3,False,False,True,first100
2026-01-02 13:49:25,13,83.0,0.01,3,89482,0,2,2026-01-02 13:49:25,2026-01-02 13:49:33,2.0,5.0,N,230,230,1,83.0,0.0,0.0,0.0,0.0,1.0,87.25,2.5,0.0,0.75,92958,data/raw/yellow_taxi/yellow_tripdata_2026-01.parquet,8.0,0.13333333333333333,False,False,True,first100
2026-01-02 13:31:21,13,3.0,0.01,3,90863,0,2,2026-01-02 13:31:21,2026-01-02 13:31:27,1.0,1.0,N,132,132,2,3.0,0.0,0.5,0.0,0.0,1.0,6.25,0.0,1.75,0.0,94379,data/raw/yellow_taxi/yellow_tripdata_2026-01.parquet,6.0,0.1,False,False,True,first100
2026-01-02 13:59:46,13,64.0,0.01,3,90986,0,2,2026-01-02 13:59:46,2026-01-02 13:59:50,1.0,5.0,N,146,145,1,64.0,0.0,0.0,16.25,0.0,1.0,81.25,0.0,0.0,0.0,94515,data/raw/yellow_taxi/yellow_tripdata_2026-01.parquet,4.0,0.06666666666666667,False,False,False,first100
2026-01-02 13:02:46,13,90.0,0.01,3,91235,0,2,2026-01-02 13:02:46,2026-01-02 13:05:24,3.0,5.0,N,230,163,1,90.0,0.0,0.0,10.0,0.0,1.0,104.25,2.5,0.0,0.75,94776,data/raw/yellow_taxi/yellow_tripdata_2026-01.parquet,158.0,2.6333333333333333,False,False,False,first100
2026-01-02 13:24:15,13,45.0,0.01,3,91386,0,2,2026-01-02 13:24:15,2026-01-02 13:24:21,4.0,5.0,N,261,261,4,45.0,0.0,0.0,0.0,0.0,1.0,48.5,2.5,0.0,0.0,94938,data/raw/yellow_taxi/yellow_tripdata_2026-01.parquet,6.0,0.1,False,False,True,first100
2026-01-02 14:13:19,14,3.0,0.01,3,91652,0,2,2026-01-02 14:13:19,2026-01-02 14:13:23,5.0,1.0,N,144,144,2,3.0,0.0,0.5,0.0,0.0,1.0,4.5,0.0,0.0,0.0,95221,data/raw/yellow_taxi/yellow_tripdata_2026-01.parquet,4.0,0.06666666666666667,False,False,True,first100
2026-01-02 14:43:39,14,35.0,0.01,3,92822,0,2,2026-01-02 14:43:39,2026-01-02 14:43:46,2.0,5.0,N,87,87,1,35.0,0.0,0.0,7.85,0.0,1.0,47.1,2.5,0.0,0.75,96411,data/raw/yellow_taxi/yellow_tripdata_2026-01.parquet,7.0,0.11666666666666667,False,False,True,first100
2026-01-02 14:28:44,14,3.7,0.01,3,94671,0,2,2026-01-02 14:28:44,2026-01-02 14:30:11,1.0,1.0,N,137,137,2,3.7,0.0,0.5,0.0,0.0,1.0,8.45,2.5,0.0,0.75,98291,data/raw/yellow_taxi/yellow_tripdata_2026-01.parquet,87.0,1.45,False,False,True,first100
2026-01-02 14:02:58,14,70.0,0.01,3,96301,0,2,2026-01-02 14:02:58,2026-01-02 14:03:07,2.0,2.0,N,107,107,1,70.0,0.0,0.5,10.0,6.94,1.0,91.69,2.5,0.0,0.75,99995,data/raw/yellow_taxi/yellow_tripdata_2026-01.parquet,9.0,0.15,False,False,True,first100
2026-01-02 14:02:39,14,3.0,0.01,3,96447,0,2,2026-01-02 14:02:39,2026-01-02 14:02:55,1.0,1.0,N,238,238,3,3.0,0.0,0.5,0.0,0.0,1.0,7.0,2.5,0.0,0.0,100153,data/raw/yellow_taxi/yellow_tripdata_2026-01.parquet,16.0,0.26666666666666666,False,False,True,first100
2026-01-02 15:12:02,15,3.0,0.01,3,98865,0,2,2026-01-02 15:12:02,2026-01-02 15:12:07,1.0,1.0,N,132,132,2,3.0,0.0,0.5,0.0,0.0,1.0,6.25,0.0,1.75,0.0,102628,data/raw/yellow_taxi/yellow_tripdata_2026-01.parquet,5.0,0.08333333333333333,False,False,True,first100
2026-01-02 15:39:19,15,4.4,0.01,3,100909,0,2,2026-01-02 15:39:19,2026-01-02 15:41:37,1.0,1.0,N,186,186,2,4.4,0.0,0.5,0.0,0.0,1.0,9.15,2.5,0.0,0.75,104739,data/raw/yellow_taxi/yellow_tripdata_2026-01.parquet,138.0,2.3,False,False,True,first100
2026-01-02 15:18:55,15,28.0,0.01,3,100977,0,2,2026-01-02 15:18:55,2026-01-02 15:19:17,2.0,5.0,N,170,164,1,28.0,0.0,0.0,5.0,0.0,1.0,37.25,2.5,0.0,0.75,104810,data/raw/yellow_taxi/yellow_tripdata_2026-01.parquet,22.0,0.36666666666666664,False,False,False,first100
2026-01-02 16:53:03,16,3.7,0.01,3,104955,0,2,2026-01-02 16:53:03,2026-01-02 16:54:43,1.0,1.0,N,230,230,4,3.7,2.5,0.5,0.0,0.0,1.0,10.95,2.5,0.0,0.75,108949,data/raw/yellow_taxi/yellow_tripdata_2026-01.parquet,100.0,1.6666666666666667,False,False,True,first100
2026-01-02 16:49:56,16,3.0,0.01,3,106464,0,2,2026-01-02 16:49:56,2026-01-02 16:50:06,2.0,1.0,N,138,138,4,3.0,7.5,0.5,0.0,0.0,1.0,12.0,0.0,0.0,0.0,110506,data/raw/yellow_taxi/yellow_tripdata_2026-01.parquet,10.0,0.16666666666666666,False,False,True,first100
2026-02-11 19:11:07,19,623.7,0.01,3,6285543,0,2,2026-02-11 19:11:07,2026-02-11 19:12:14,,,,68,68,0,623.7,0.0,0.5,0.0,0.0,1.0,628.45,,,0.75,2816019,data/raw/yellow_taxi/yellow_tripdata_2026-02.parquet,67.0,1.1166666666666667,False,False,True,highest_fares
2026-01-04 18:09:51,18,490.0,0.01,3,266110,0,2,2026-01-04 18:09:51,2026-01-04 18:09:57,3.0,5.0,N,10,10,2,490.0,0.0,0.0,0.0,0.0,1.0,491.0,0.0,0.0,0.0,275600,data/raw/yellow_taxi/yellow_tripdata_2026-01.parquet,6.0,0.1,False,False,True,highest_fares
2026-01-07 14:53:30,14,452.0,0.01,5,477213,0,2,2026-01-07 14:53:30,2026-01-07 14:53:36,1.0,5.0,N,145,145,1,452.0,0.0,0.0,0.0,0.0,1.0,453.0,0.0,0.0,0.0,492597,data/raw/yellow_taxi/yellow_tripdata_2026-01.parquet,6.0,0.1,False,False,True,highest_fares
2026-01-12 16:12:30,16,421.0,0.01,1,935670,0,2,2026-01-12 16:12:30,2026-01-12 16:12:36,1.0,5.0,N,95,95,1,421.0,0.0,0.0,0.0,0.0,1.0,422.0,0.0,0.0,0.0,963427,data/raw/yellow_taxi/yellow_tripdata_2026-01.parquet,6.0,0.1,False,False,True,highest_fares
2026-03-19 14:27:21,14,401.0,0.01,3,8596961,0,2,2026-03-19 14:27:21,2026-03-19 14:27:27,1.0,5.0,N,160,160,1,401.0,0.0,0.0,0.0,0.0,1.0,402.0,0.0,0.0,0.0,1822726,data/raw/yellow_taxi/yellow_tripdata_2026-03.parquet,6.0,0.1,False,False,True,highest_fares
2026-01-28 00:43:08,0,399.0,0.01,2,2203856,0,2,2026-01-28 00:43:08,2026-01-28 00:43:13,1.0,5.0,N,226,226,3,399.0,0.0,0.0,0.0,0.0,1.0,400.0,0.0,0.0,0.0,2264613,data/raw/yellow_taxi/yellow_tripdata_2026-01.parquet,5.0,0.08333333333333333,False,False,True,highest_fares
2026-01-28 00:45:27,0,399.0,0.01,2,2203857,0,2,2026-01-28 00:45:27,2026-01-28 00:45:35,4.0,5.0,N,226,226,1,399.0,0.0,0.0,0.0,0.0,1.0,400.0,0.0,0.0,0.0,2264614,data/raw/yellow_taxi/yellow_tripdata_2026-01.parquet,8.0,0.13333333333333333,False,False,True,highest_fares
2026-02-14 04:56:15,4,350.0,0.01,2,4708080,0,2,2026-02-14 04:56:15,2026-02-14 04:56:23,1.0,5.0,N,265,265,2,350.0,0.0,0.0,0.0,0.0,1.0,351.0,0.0,0.0,0.0,1176334,data/raw/yellow_taxi/yellow_tripdata_2026-02.parquet,8.0,0.13333333333333333,False,False,True,highest_fares
2026-03-01 17:18:46,17,350.0,0.01,3,6865589,0,2,2026-03-01 17:18:46,2026-03-01 17:18:54,2.0,5.0,N,265,265,1,350.0,0.0,0.0,0.0,0.0,1.0,351.0,0.0,0.0,0.0,56456,data/raw/yellow_taxi/yellow_tripdata_2026-03.parquet,8.0,0.13333333333333333,False,False,True,highest_fares
2026-03-08 13:48:27,13,349.0,0.01,5,7510837,0,2,2026-03-08 13:48:27,2026-03-08 13:48:33,1.0,5.0,N,219,219,1,349.0,0.0,0.0,0.0,0.0,1.0,350.0,0.0,0.0,0.0,715472,data/raw/yellow_taxi/yellow_tripdata_2026-03.parquet,6.0,0.1,False,False,True,highest_fares
2026-02-27 18:22:36,18,301.16,0.01,1,6751623,0,2,2026-02-27 18:22:36,2026-02-27 19:45:52,,,,263,265,0,301.16,0.0,0.0,0.0,16.79,1.0,366.79,,,0.0,3337715,data/raw/yellow_taxi/yellow_tripdata_2026-02.parquet,4996.0,83.26666666666667,False,False,False,highest_fares
2026-01-04 16:12:57,16,300.0,0.01,1,257603,0,2,2026-01-04 16:12:57,2026-01-04 16:13:04,4.0,5.0,N,217,217,1,300.0,0.0,0.0,0.0,0.0,1.0,301.0,0.0,0.0,0.0,266834,data/raw/yellow_taxi/yellow_tripdata_2026-01.parquet,7.0,0.11666666666666667,False,False,True,highest_fares
2026-02-08 23:38:48,23,300.0,0.01,1,4236024,0,2,2026-02-08 23:38:48,2026-02-08 23:39:04,1.0,5.0,N,226,226,1,300.0,0.0,0.0,0.0,0.0,1.0,301.0,0.0,0.0,0.0,694150,data/raw/yellow_taxi/yellow_tripdata_2026-02.parquet,16.0,0.26666666666666666,False,False,True,highest_fares
2026-03-01 23:58:55,23,295.0,0.01,1,6886399,0,2,2026-03-01 23:58:55,2026-03-01 23:59:02,1.0,5.0,N,145,145,1,295.0,0.0,0.0,0.0,0.0,1.0,296.0,0.0,0.0,0.0,77845,data/raw/yellow_taxi/yellow_tripdata_2026-03.parquet,7.0,0.11666666666666667,False,False,True,highest_fares
2026-02-04 23:13:44,23,293.49,0.01,2,3895453,0,2,2026-02-04 23:13:44,2026-02-04 23:13:50,3.0,5.0,N,137,137,2,293.49,0.0,0.0,0.0,0.0,1.0,297.74,2.5,0.0,0.75,343888,data/raw/yellow_taxi/yellow_tripdata_2026-02.parquet,6.0,0.1,False,False,True,highest_fares
2026-02-08 14:38:02,14,275.0,0.01,1,4202065,0,2,2026-02-08 14:38:02,2026-02-08 14:38:14,1.0,5.0,N,163,163,1,275.0,0.0,0.0,55.85,0.0,1.0,335.1,2.5,0.0,0.75,659049,data/raw/yellow_taxi/yellow_tripdata_2026-02.parquet,12.0,0.2,False,False,True,highest_fares
2026-02-17 23:48:55,23,268.0,0.01,1,5001597,0,2,2026-02-17 23:48:55,2026-02-17 23:49:02,1.0,5.0,N,265,265,1,268.0,0.0,0.0,25.0,0.0,1.0,294.0,0.0,0.0,0.0,1476882,data/raw/yellow_taxi/yellow_tripdata_2026-02.parquet,7.0,0.11666666666666667,False,False,True,highest_fares
2026-03-06 12:25:28,12,263.0,0.01,3,7311881,0,2,2026-03-06 12:25:28,2026-03-06 12:25:34,2.0,5.0,N,265,265,1,263.0,0.0,0.0,52.8,0.0,1.0,316.8,0.0,0.0,0.0,511777,data/raw/yellow_taxi/yellow_tripdata_2026-03.parquet,6.0,0.1,False,False,True,highest_fares
2026-02-04 16:32:07,16,258.44,0.01,1,3852231,0,2,2026-02-04 16:32:07,2026-02-04 16:32:13,2.0,5.0,N,48,48,1,258.44,0.0,0.0,52.54,0.0,1.0,315.23,2.5,0.0,0.75,299624,data/raw/yellow_taxi/yellow_tripdata_2026-02.parquet,6.0,0.1,False,False,True,highest_fares
2026-01-24 10:36:42,10,258.0,0.01,2,1997217,0,2,2026-01-24 10:36:42,2026-01-24 10:36:52,1.0,5.0,N,170,170,1,258.0,0.0,0.0,0.0,0.0,1.0,262.25,2.5,0.0,0.75,2051805,data/raw/yellow_taxi/yellow_tripdata_2026-01.parquet,10.0,0.16666666666666666,False,False,True,highest_fares
2026-03-05 17:11:53,17,256.83,0.01,5,9881484,0,2,2026-03-05 17:11:53,2026-03-05 18:25:52,,,,130,265,0,256.83,0.0,0.5,0.0,7.46,1.0,265.79,,,0.0,3142590,data/raw/yellow_taxi/yellow_tripdata_2026-03.parquet,4439.0,73.98333333333333,False,False,False,highest_fares
2026-01-19 07:57:55,7,250.0,0.01,3,1521694,0,2,2026-01-19 07:57:55,2026-01-19 07:58:15,1.0,5.0,N,138,138,1,250.0,5.0,0.0,0.0,0.0,1.0,257.75,0.0,1.75,0.0,1564488,data/raw/yellow_taxi/yellow_tripdata_2026-01.parquet,20.0,0.3333333333333333,False,False,True,highest_fares
2026-01-22 07:18:00,7,250.0,0.01,3,1783277,0,7,2026-01-22 07:18:00,2026-01-22 07:18:00,1.0,5.0,N,265,265,1,250.0,0.0,0.5,0.0,0.0,1.0,251.5,0.0,0.0,0.0,1832637,data/raw/yellow_taxi/yellow_tripdata_2026-01.parquet,0.0,0.0,True,False,True,highest_fares
2026-02-14 16:26:38,16,250.0,0.01,2,4746366,0,2,2026-02-14 16:26:38,2026-02-14 16:26:47,1.0,5.0,N,132,132,1,250.0,0.0,0.0,0.0,0.0,1.0,252.75,0.0,1.75,0.0,1215527,data/raw/yellow_taxi/yellow_tripdata_2026-02.parquet,9.0,0.15,False,False,True,highest_fares
2026-02-25 12:27:53,12,240.0,0.01,15,5536852,0,2,2026-02-25 12:27:53,2026-02-25 12:28:24,2.0,5.0,N,265,265,1,240.0,0.0,0.0,52.65,22.25,1.0,315.9,0.0,0.0,0.0,2023758,data/raw/yellow_taxi/yellow_tripdata_2026-02.parquet,31.0,0.5166666666666667,False,False,True,highest_fares
2026-01-24 21:41:46,21,225.0,0.01,2,2054529,0,2,2026-01-24 21:41:46,2026-01-24 22:29:30,1.0,5.0,N,132,265,2,225.0,0.0,0.0,0.0,0.0,1.0,227.75,0.0,1.75,0.0,2110614,data/raw/yellow_taxi/yellow_tripdata_2026-01.parquet,2864.0,47.733333333333334,False,False,False,highest_fares
2026-03-09 17:55:38,17,205.0,0.01,1,7609018,0,2,2026-03-09 17:55:38,2026-03-09 17:55:45,1.0,5.0,N,265,265,1,205.0,0.0,0.0,20.0,0.0,1.0,226.0,0.0,0.0,0.0,815915,data/raw/yellow_taxi/yellow_tripdata_2026-03.parquet,7.0,0.11666666666666667,False,False,True,highest_fares
2026-02-11 02:48:28,2,200.0,0.01,3,4404405,0,2,2026-02-11 02:48:28,2026-02-11 02:48:33,1.0,5.0,N,187,23,1,200.0,0.0,0.0,0.0,0.0,1.0,201.0,0.0,0.0,0.0,866205,data/raw/yellow_taxi/yellow_tripdata_2026-02.parquet,5.0,0.08333333333333333,False,False,False,highest_fares
2026-03-08 03:34:09,3,200.0,0.01,5,7483133,0,2,2026-03-08 03:34:09,2026-03-08 03:34:15,1.0,5.0,N,144,148,2,200.0,0.0,0.0,0.0,0.0,1.0,204.25,2.5,0.0,0.75,687061,data/raw/yellow_taxi/yellow_tripdata_2026-03.parquet,6.0,0.1,False,False,False,highest_fares
2026-03-15 14:23:28,14,200.0,0.01,3,8211166,0,2,2026-03-15 14:23:28,2026-03-15 14:23:58,1.0,5.0,N,68,68,2,200.0,0.0,0.0,0.0,0.0,1.0,204.25,2.5,0.0,0.75,1430532,data/raw/yellow_taxi/yellow_tripdata_2026-03.parquet,30.0,0.5,False,False,True,highest_fares
2026-03-28 03:17:58,3,200.0,0.01,1,9419000,0,2,2026-03-28 03:17:58,2026-03-28 03:18:03,1.0,5.0,N,78,78,1,200.0,0.0,0.0,0.05,0.0,1.0,201.05,0.0,0.0,0.0,2658402,data/raw/yellow_taxi/yellow_tripdata_2026-03.parquet,5.0,0.08333333333333333,False,False,True,highest_fares
2026-02-21 02:21:04,2,190.0,0.01,3,5293622,0,2,2026-02-21 02:21:04,2026-02-21 02:21:12,1.0,5.0,N,132,132,1,190.0,0.0,0.0,38.2,0.0,1.0,230.95,0.0,1.75,0.0,1774755,data/raw/yellow_taxi/yellow_tripdata_2026-02.parquet,8.0,0.13333333333333333,False,False,True,highest_fares
2026-03-27 14:26:52,14,190.0,0.01,3,9351526,0,2,2026-03-27 14:26:52,2026-03-27 14:26:58,1.0,5.0,N,1,1,1,190.0,0.0,0.0,15.0,0.0,1.0,206.0,0.0,0.0,0.0,2589713,data/raw/yellow_taxi/yellow_tripdata_2026-03.parquet,6.0,0.1,False,False,True,highest_fares
2026-01-09 08:09:13,8,185.0,0.01,1,628310,0,2,2026-01-09 08:09:13,2026-01-09 08:09:18,4.0,5.0,N,186,68,1,185.0,0.0,0.0,0.0,0.0,1.0,189.25,2.5,0.0,0.75,647658,data/raw/yellow_taxi/yellow_tripdata_2026-01.parquet,5.0,0.08333333333333333,False,False,False,highest_fares
2026-01-07 01:48:49,1,180.0,0.01,5,438556,0,2,2026-01-07 01:48:49,2026-01-07 01:49:26,4.0,5.0,N,265,265,1,180.0,0.0,0.0,5.0,0.0,1.0,186.0,0.0,0.0,0.0,452975,data/raw/yellow_taxi/yellow_tripdata_2026-01.parquet,37.0,0.6166666666666667,False,False,True,highest_fares
2026-01-29 18:17:23,18,170.73,0.01,1,3440163,0,2,2026-01-29 18:17:23,2026-01-29 19:33:08,,,,233,265,0,170.73,0.0,0.5,0.0,7.46,1.0,182.94,,,0.75,3594212,data/raw/yellow_taxi/yellow_tripdata_2026-01.parquet,4545.0,75.75,False,False,False,highest_fares
2026-01-20 09:03:38,9,165.0,0.01,1,1602905,0,2,2026-01-20 09:03:38,2026-01-20 09:03:47,4.0,5.0,N,48,48,1,165.0,0.0,0.0,33.85,0.0,1.0,203.1,2.5,0.0,0.75,1647813,data/raw/yellow_taxi/yellow_tripdata_2026-01.parquet,9.0,0.15,False,False,True,highest_fares
2026-01-22 09:34:24,9,164.92,0.01,3,3184022,0,2,2026-01-22 09:34:24,2026-01-22 09:34:35,,,,231,231,0,164.92,0.0,0.5,0.0,0.0,1.0,169.67,,,0.75,3309085,data/raw/yellow_taxi/yellow_tripdata_2026-01.parquet,11.0,0.18333333333333332,False,False,True,highest_fares
2026-03-01 16:25:31,16,164.0,0.01,3,6862096,0,2,2026-03-01 16:25:31,2026-03-01 16:25:44,1.0,5.0,N,1,1,1,164.0,0.0,0.0,0.01,24.0,1.0,189.01,0.0,0.0,0.0,52895,data/raw/yellow_taxi/yellow_tripdata_2026-03.parquet,13.0,0.21666666666666667,False,False,True,highest_fares
2026-03-29 23:46:53,23,162.0,0.01,3,9583956,0,2,2026-03-29 23:46:53,2026-03-29 23:46:58,1.0,5.0,N,132,132,1,162.0,0.0,0.0,0.0,0.0,1.0,165.0,0.0,2.0,0.0,2826437,data/raw/yellow_taxi/yellow_tripdata_2026-03.parquet,5.0,0.08333333333333333,False,False,True,highest_fares
2026-01-29 17:41:25,17,161.15,0.01,1,3438037,0,2,2026-01-29 17:41:25,2026-01-29 18:16:27,,,,261,162,0,161.15,0.0,0.5,0.0,0.0,1.0,165.9,,,0.75,3589457,data/raw/yellow_taxi/yellow_tripdata_2026-01.parquet,2102.0,35.03333333333333,False,False,False,highest_fares
2026-01-28 05:43:52,5,156.0,0.01,1,2205421,0,2,2026-01-28 05:43:52,2026-01-28 05:43:57,1.0,5.0,N,265,265,1,156.0,0.0,0.0,10.0,0.0,1.0,167.0,0.0,0.0,0.0,2266270,data/raw/yellow_taxi/yellow_tripdata_2026-01.parquet,5.0,0.08333333333333333,False,False,True,highest_fares
2026-03-12 19:11:02,19,155.0,0.01,8,7933786,0,2,2026-03-12 19:11:02,2026-03-12 19:11:20,4.0,5.0,N,38,139,2,155.0,0.0,0.0,0.0,7.46,1.0,163.46,0.0,0.0,0.0,1147037,data/raw/yellow_taxi/yellow_tripdata_2026-03.parquet,18.0,0.3,False,False,False,highest_fares
2026-02-06 22:42:52,22,150.0,0.01,3,4078216,0,2,2026-02-06 22:42:52,2026-02-06 22:42:57,1.0,5.0,N,209,232,1,150.0,0.0,0.0,30.85,0.0,1.0,185.1,2.5,0.0,0.75,531335,data/raw/yellow_taxi/yellow_tripdata_2026-02.parquet,5.0,0.08333333333333333,False,False,False,highest_fares
2026-02-18 18:22:58,18,150.0,0.01,5,5069478,0,2,2026-02-18 18:22:58,2026-02-18 18:23:06,1.0,5.0,N,230,230,1,150.0,0.0,0.0,0.0,0.0,1.0,154.25,2.5,0.0,0.75,1546045,data/raw/yellow_taxi/yellow_tripdata_2026-02.parquet,8.0,0.13333333333333333,False,False,True,highest_fares
2026-03-11 16:19:28,16,150.0,0.01,3,7796570,0,2,2026-03-11 16:19:28,2026-03-11 16:19:36,1.0,5.0,N,197,197,2,150.0,0.0,0.0,0.0,0.0,1.0,151.0,0.0,0.0,0.0,1007176,data/raw/yellow_taxi/yellow_tripdata_2026-03.parquet,8.0,0.13333333333333333,False,False,True,highest_fares
2026-03-28 18:13:29,18,150.0,0.01,3,9474787,0,2,2026-03-28 18:13:29,2026-03-28 18:13:36,2.0,5.0,N,164,164,1,150.0,0.0,0.0,30.85,0.0,1.0,185.1,2.5,0.0,0.75,2715142,data/raw/yellow_taxi/yellow_tripdata_2026-03.parquet,7.0,0.11666666666666667,False,False,True,highest_fares
2026-03-30 08:24:08,8,150.0,0.01,3,9593403,0,2,2026-03-30 08:24:08,2026-03-30 08:24:17,1.0,5.0,N,265,265,1,150.0,0.0,0.0,0.0,0.0,1.0,151.0,0.0,0.0,0.0,2836069,data/raw/yellow_taxi/yellow_tripdata_2026-03.parquet,9.0,0.15,False,False,True,highest_fares
2026-03-13 08:42:32,8,149.5,0.01,1,7972102,0,2,2026-03-13 08:42:32,2026-03-13 08:42:38,1.0,5.0,N,265,265,1,149.5,0.0,0.0,10.0,0.0,1.0,160.5,0.0,0.0,0.0,1186239,data/raw/yellow_taxi/yellow_tripdata_2026-03.parquet,6.0,0.1,False,False,True,highest_fares
2026-02-08 10:14:02,10,148.0,0.01,1,4186137,0,2,2026-02-08 10:14:02,2026-02-08 10:14:09,1.0,5.0,N,265,265,1,148.0,0.0,0.0,0.0,0.0,1.0,149.0,0.0,0.0,0.0,642673,data/raw/yellow_taxi/yellow_tripdata_2026-02.parquet,7.0,0.11666666666666667,False,False,True,highest_fares
2026-02-27 12:31:03,12,147.0,0.01,2,5724555,0,2,2026-02-27 12:31:03,2026-02-27 12:31:09,1.0,5.0,N,1,1,1,147.0,0.0,0.0,29.6,0.0,1.0,177.6,0.0,0.0,0.0,2215282,data/raw/yellow_taxi/yellow_tripdata_2026-02.parquet,6.0,0.1,False,False,True,highest_fares
2026-03-27 17:42:53,17,147.0,0.01,3,9369279,0,2,2026-03-27 17:42:53,2026-03-27 17:42:58,1.0,5.0,N,230,230,1,147.0,0.0,0.0,30.25,0.0,1.0,181.5,2.5,0.0,0.75,2607749,data/raw/yellow_taxi/yellow_tripdata_2026-03.parquet,5.0,0.08333333333333333,False,False,True,highest_fares
2026-01-04 16:13:28,16,145.0,0.01,1,256846,0,2,2026-01-04 16:13:28,2026-01-04 16:13:33,4.0,5.0,N,1,1,1,145.0,0.0,0.0,29.2,0.0,1.0,175.2,0.0,0.0,0.0,266025,data/raw/yellow_taxi/yellow_tripdata_2026-01.parquet,5.0,0.08333333333333333,False,False,True,highest_fares
2026-02-17 17:23:10,17,142.77,0.01,5,6478910,0,2,2026-02-17 17:23:10,2026-02-17 18:33:40,,,,186,265,0,142.77,0.0,0.0,0.0,16.79,1.0,161.31,,,0.75,3026591,data/raw/yellow_taxi/yellow_tripdata_2026-02.parquet,4230.0,70.5,False,False,False,highest_fares
2026-03-05 17:16:48,17,140.87,0.01,5,9881006,0,2,2026-03-05 17:16:48,2026-03-05 18:02:34,,,,33,76,0,140.87,0.0,0.5,0.0,0.0,1.0,142.37,,,0.0,3141420,data/raw/yellow_taxi/yellow_tripdata_2026-03.parquet,2746.0,45.766666666666666,False,False,False,highest_fares
2026-01-12 12:04:19,12,140.0,0.01,1,914227,0,2,2026-01-12 12:04:19,2026-01-12 12:04:29,1.0,5.0,N,246,246,1,140.0,0.0,0.0,15.0,0.0,1.0,159.25,2.5,0.0,0.75,941425,data/raw/yellow_taxi/yellow_tripdata_2026-01.parquet,10.0,0.16666666666666666,False,False,True,highest_fares
2026-01-15 18:51:32,18,140.0,0.01,1,1235653,0,2,2026-01-15 18:51:32,2026-01-15 18:52:12,2.0,5.0,N,230,230,1,140.0,0.0,0.0,28.85,0.0,1.0,173.1,2.5,0.0,0.75,1270481,data/raw/yellow_taxi/yellow_tripdata_2026-01.parquet,40.0,0.6666666666666666,False,False,True,highest_fares
2026-01-25 09:00:04,9,140.0,0.01,14,2078894,0,2,2026-01-25 09:00:04,2026-01-25 09:00:11,1.0,5.0,N,137,137,1,140.0,0.0,0.0,30.34,7.46,1.0,182.05,2.5,0.0,0.75,2135849,data/raw/yellow_taxi/yellow_tripdata_2026-01.parquet,7.0,0.11666666666666667,False,False,True,highest_fares
2026-02-27 21:36:23,21,140.0,0.01,1,5779837,0,2,2026-02-27 21:36:23,2026-02-27 21:36:47,1.0,5.0,N,170,265,1,140.0,0.0,0.0,28.85,0.0,1.0,173.1,2.5,0.0,0.75,2271798,data/raw/yellow_taxi/yellow_tripdata_2026-02.parquet,24.0,0.4,False,False,False,highest_fares
2026-03-27 12:59:13,12,140.0,0.01,7,9340361,0,2,2026-03-27 12:59:13,2026-03-27 12:59:24,2.0,5.0,N,1,1,1,140.0,0.0,0.0,28.2,0.0,1.0,169.2,0.0,0.0,0.0,2578393,data/raw/yellow_taxi/yellow_tripdata_2026-03.parquet,11.0,0.18333333333333332,False,False,True,highest_fares
2026-03-29 15:02:16,15,140.0,0.01,2,9551581,0,2,2026-03-29 15:02:16,2026-03-29 15:02:23,1.0,5.0,N,132,132,1,140.0,0.0,0.0,0.0,0.0,1.0,143.0,0.0,2.0,0.0,2793417,data/raw/yellow_taxi/yellow_tripdata_2026-03.parquet,7.0,0.11666666666666667,False,False,True,highest_fares
2026-03-23 16:35:28,16,139.8,0.01,5,8983154,0,2,2026-03-23 16:35:28,2026-03-23 16:35:35,1.0,5.0,N,90,90,1,139.8,0.0,0.0,28.81,0.0,1.0,172.86,2.5,0.0,0.75,2215334,data/raw/yellow_taxi/yellow_tripdata_2026-03.parquet,7.0,0.11666666666666667,False,False,True,highest_fares
2026-03-24 11:44:33,11,139.0,0.01,1,9043278,0,2,2026-03-24 11:44:33,2026-03-24 11:44:42,2.0,5.0,N,230,230,1,139.0,0.0,0.0,0.05,0.0,1.0,143.3,2.5,0.0,0.75,2276556,data/raw/yellow_taxi/yellow_tripdata_2026-03.parquet,9.0,0.15,False,False,True,highest_fares
2026-01-30 16:05:38,16,138.84,0.01,1,3482161,0,2,2026-01-30 16:05:38,2026-01-30 17:20:33,,,,33,117,0,138.84,0.0,0.5,0.0,5.6,1.0,145.94,,,0.0,3639060,data/raw/yellow_taxi/yellow_tripdata_2026-01.parquet,4495.0,74.91666666666667,False,False,False,highest_fares
2026-02-16 18:01:31,18,138.48,0.01,1,6463577,0,2,2026-02-16 18:01:31,2026-02-16 19:03:20,,,,239,265,0,138.48,0.0,0.5,0.0,7.46,1.0,149.94,,,0.0,3009417,data/raw/yellow_taxi/yellow_tripdata_2026-02.parquet,3709.0,61.81666666666667,False,False,False,highest_fares
2026-02-26 12:01:03,12,137.5,0.01,3,5625946,0,2,2026-02-26 12:01:03,2026-02-26 12:02:06,1.0,5.0,N,132,132,2,137.5,0.0,0.0,0.0,0.0,1.0,140.25,0.0,1.75,0.0,2114632,data/raw/yellow_taxi/yellow_tripdata_2026-02.parquet,63.0,1.05,False,False,True,highest_fares
2026-01-05 10:11:50,10,137.0,0.01,1,299092,0,2,2026-01-05 10:11:50,2026-01-05 10:12:00,3.0,5.0,N,162,162,1,137.0,0.0,0.0,0.0,0.0,1.0,141.25,2.5,0.0,0.75,309682,data/raw/yellow_taxi/yellow_tripdata_2026-01.parquet,10.0,0.16666666666666666,False,False,True,highest_fares
2026-02-10 16:01:17,16,136.94,0.01,3,6256711,0,2,2026-02-10 16:01:17,2026-02-10 17:16:37,,,,33,200,0,136.94,0.0,0.5,0.0,10.88,1.0,152.57,,,0.75,2780017,data/raw/yellow_taxi/yellow_tripdata_2026-02.parquet,4520.0,75.33333333333333,False,False,False,highest_fares
2026-01-16 18:06:39,18,135.95,0.01,2,2995739,0,2,2026-01-16 18:06:39,2026-01-16 19:18:26,,,,66,265,0,135.95,0.0,0.0,0.0,16.79,1.0,154.49,,,0.75,3107147,data/raw/yellow_taxi/yellow_tripdata_2026-01.parquet,4307.0,71.78333333333333,False,False,False,highest_fares
2026-02-12 18:28:15,18,135.02,0.01,3,6314537,0,2,2026-02-12 18:28:15,2026-02-12 19:44:47,,,,75,115,0,135.02,0.0,0.5,0.0,7.46,1.0,176.39,,,0.0,2849364,data/raw/yellow_taxi/yellow_tripdata_2026-02.parquet,4592.0,76.53333333333333,False,False,False,highest_fares
2026-02-08 17:24:23,17,135.0,0.01,1,4216382,0,2,2026-02-08 17:24:23,2026-02-08 17:24:27,1.0,5.0,N,209,231,2,135.0,0.0,0.0,0.0,0.0,1.0,139.25,2.5,0.0,0.75,673780,data/raw/yellow_taxi/yellow_tripdata_2026-02.parquet,4.0,0.06666666666666667,False,False,False,highest_fares
2026-03-19 18:54:02,18,135.0,0.01,2,8625129,0,2,2026-03-19 18:54:02,2026-03-19 18:54:09,4.0,5.0,N,132,132,1,135.0,0.0,0.0,27.2,0.0,1.0,165.2,0.0,2.0,0.0,1851273,data/raw/yellow_taxi/yellow_tripdata_2026-03.parquet,7.0,0.11666666666666667,False,False,True,highest_fares
2026-03-31 19:04:18,19,134.43,0.01,3,10615311,0,2,2026-03-31 19:04:18,2026-03-31 20:00:23,,,,42,265,0,134.43,0.0,0.5,0.0,0.0,1.0,155.93,,,0.0,3947139,data/raw/yellow_taxi/yellow_tripdata_2026-03.parquet,3365.0,56.083333333333336,False,False,False,highest_fares
2026-03-26 17:34:02,17,134.18,0.01,3,10490899,0,2,2026-03-26 17:34:02,2026-03-26 18:47:38,,,,65,200,0,134.18,0.0,0.5,0.0,0.0,1.0,138.18,,,0.0,3814013,data/raw/yellow_taxi/yellow_tripdata_2026-03.parquet,4416.0,73.6,False,False,False,highest_fares
2026-02-13 16:08:29,16,133.95,0.01,1,6348691,0,2,2026-02-13 16:08:29,2026-02-13 17:37:34,,,,74,1,0,133.95,0.0,0.0,16.3,21.79,1.0,173.79,,,0.75,2886044,data/raw/yellow_taxi/yellow_tripdata_2026-02.parquet,5345.0,89.08333333333333,False,False,False,highest_fares
2026-02-27 17:50:35,17,133.0,0.01,1,5754015,0,2,2026-02-27 17:50:35,2026-02-27 17:50:39,1.0,5.0,N,1,1,1,133.0,0.0,0.0,26.8,0.0,1.0,160.8,0.0,0.0,0.0,2245417,data/raw/yellow_taxi/yellow_tripdata_2026-02.parquet,4.0,0.06666666666666667,False,False,True,highest_fares
2026-03-19 16:45:36,16,130.99,0.01,1,10290614,0,2,2026-03-19 16:45:36,2026-03-19 17:46:28,,,,86,159,0,130.99,0.0,0.5,0.0,7.46,1.0,166.84,,,0.0,3595833,data/raw/yellow_taxi/yellow_tripdata_2026-03.parquet,3652.0,60.86666666666667,False,False,False,highest_fares
2026-02-15 00:17:46,0,130.96,0.01,1,6412470,0,2,2026-02-15 00:17:46,2026-02-15 00:18:00,,,,127,127,0,130.96,0.0,0.5,0.0,0.0,1.0,132.46,,,0.0,2955950,data/raw/yellow_taxi/yellow_tripdata_2026-02.parquet,14.0,0.23333333333333334,False,False,True,highest_fares
2026-01-29 18:20:11,18,130.01,0.01,1,3439468,0,2,2026-01-29 18:20:11,2026-01-29 18:40:58,,,,246,163,0,130.01,0.0,0.5,0.0,0.0,1.0,134.76,,,0.75,3592611,data/raw/yellow_taxi/yellow_tripdata_2026-01.parquet,1247.0,20.783333333333335,False,False,False,highest_fares
2026-02-20 17:32:55,17,130.0,0.01,8,5252186,0,2,2026-02-20 17:32:55,2026-02-20 17:33:00,1.0,5.0,N,230,230,1,130.0,0.0,0.0,0.0,0.0,1.0,134.25,2.5,0.0,0.75,1732433,data/raw/yellow_taxi/yellow_tripdata_2026-02.parquet,5.0,0.08333333333333333,False,False,True,highest_fares
2026-03-05 09:54:49,9,130.0,0.01,3,7191316,0,7,2026-03-05 09:54:49,2026-03-05 09:54:49,1.0,5.0,N,80,261,1,130.0,0.0,0.5,26.3,0.0,1.0,157.8,0.0,0.0,0.0,388762,data/raw/yellow_taxi/yellow_tripdata_2026-03.parquet,0.0,0.0,True,False,False,highest_fares
2026-03-12 18:52:42,18,130.0,0.01,8,7920118,0,2,2026-03-12 18:52:42,2026-03-12 18:52:44,4.0,5.0,N,1,1,1,130.0,0.0,0.0,26.2,0.0,1.0,157.2,0.0,0.0,0.0,1133102,data/raw/yellow_taxi/yellow_tripdata_2026-03.parquet,2.0,0.03333333333333333,False,False,True,highest_fares
2026-02-17 19:03:20,19,129.73,0.01,5,6480088,0,2,2026-02-17 19:03:20,2026-02-17 19:58:58,,,,161,265,0,129.73,0.0,0.5,0.0,7.46,1.0,141.94,,,0.75,3028958,data/raw/yellow_taxi/yellow_tripdata_2026-02.parquet,3338.0,55.63333333333333,False,False,False,highest_fares
2026-02-13 16:19:59,16,129.49,0.01,1,6348977,0,2,2026-02-13 16:19:59,2026-02-13 18:00:16,,,,236,1,0,129.49,0.0,0.0,0.0,16.79,1.0,148.03,,,0.75,2886785,data/raw/yellow_taxi/yellow_tripdata_2026-02.parquet,6017.0,100.28333333333333,False,False,False,highest_fares
2026-03-05 17:42:01,17,129.43,0.01,5,7238520,0,2,2026-03-05 17:42:01,2026-03-05 17:42:05,1.0,5.0,N,1,1,1,129.43,0.0,0.0,18.0,0.0,1.0,148.43,0.0,0.0,0.0,436908,data/raw/yellow_taxi/yellow_tripdata_2026-03.parquet,4.0,0.06666666666666667,False,False,True,highest_fares
2026-03-12 18:16:54,18,129.0,0.01,8,7923635,0,2,2026-03-12 18:16:54,2026-03-12 18:17:01,2.0,5.0,N,197,197,1,129.0,0.0,0.0,0.0,0.0,1.0,130.0,0.0,0.0,0.0,1136668,data/raw/yellow_taxi/yellow_tripdata_2026-03.parquet,7.0,0.11666666666666667,False,False,True,highest_fares
2026-03-19 18:00:14,18,128.73,0.01,2,10291751,0,2,2026-03-19 18:00:14,2026-03-19 19:11:52,,,,233,265,0,128.73,0.0,0.5,0.0,7.46,1.0,140.94,,,0.75,3598471,data/raw/yellow_taxi/yellow_tripdata_2026-03.parquet,4298.0,71.63333333333334,False,False,False,highest_fares
2026-01-29 18:27:38,18,127.69,0.01,1,3440102,0,2,2026-01-29 18:27:38,2026-01-29 19:16:36,,,,65,237,0,127.69,0.0,0.5,0.0,0.0,1.0,132.44,,,0.75,3594064,data/raw/yellow_taxi/yellow_tripdata_2026-01.parquet,2938.0,48.96666666666667,False,False,False,highest_fares
2026-01-05 16:17:06,16,125.29,0.01,3,2697958,0,2,2026-01-05 16:17:06,2026-01-05 17:39:54,,,,41,86,0,125.29,0.0,0.5,0.0,0.0,1.0,126.79,,,0.0,2776131,data/raw/yellow_taxi/yellow_tripdata_2026-01.parquet,4968.0,82.8,False,False,False,highest_fares
2026-03-15 08:13:01,8,125.23,0.01,3,8184415,0,2,2026-03-15 08:13:01,2026-03-15 08:13:11,1.0,5.0,N,237,43,2,125.23,0.0,0.0,0.0,14.79,1.0,143.52,2.5,0.0,0.0,1403278,data/raw/yellow_taxi/yellow_tripdata_2026-03.parquet,10.0,0.16666666666666666,False,False,False,highest_fares
2026-01-31 13:27:43,13,125.0,0.01,3,2511412,0,2,2026-01-31 13:27:43,2026-01-31 13:28:00,4.0,5.0,N,230,230,2,125.0,0.0,0.0,0.0,0.0,1.0,129.25,2.5,0.0,0.75,2580706,data/raw/yellow_taxi/yellow_tripdata_2026-01.parquet,17.0,0.2833333333333333,False,False,True,highest_fares
2026-03-28 20:19:33,20,125.0,0.01,3,9485584,0,2,2026-03-28 20:19:33,2026-03-28 20:19:39,1.0,5.0,N,230,230,1,125.0,0.0,0.5,32.44,0.0,1.0,162.19,2.5,0.0,0.75,2726107,data/raw/yellow_taxi/yellow_tripdata_2026-03.parquet,6.0,0.1,False,False,True,highest_fares
2026-02-16 16:27:58,16,124.5,0.01,3,4894709,0,2,2026-02-16 16:27:58,2026-02-16 16:28:06,2.0,5.0,N,1,1,1,124.5,0.0,0.0,0.0,0.0,1.0,125.5,0.0,0.0,0.0,1367536,data/raw/yellow_taxi/yellow_tripdata_2026-02.parquet,8.0,0.13333333333333333,False,False,True,highest_fares
2026-03-08 19:59:02,19,123.45,0.01,3,7539345,0,2,2026-03-08 19:59:02,2026-03-08 19:59:09,1.0,5.0,N,230,230,1,123.45,0.0,0.0,25.54,0.0,1.0,153.24,2.5,0.0,0.75,744641,data/raw/yellow_taxi/yellow_tripdata_2026-03.parquet,7.0,0.11666666666666667,False,False,True,highest_fares
2026-02-26 13:53:06,13,123.0,0.01,3,5632361,0,2,2026-02-26 13:53:06,2026-02-26 13:53:13,1.0,5.0,N,1,1,1,123.0,0.0,0.0,24.8,0.0,1.0,148.8,0.0,0.0,0.0,2121139,data/raw/yellow_taxi/yellow_tripdata_2026-02.parquet,7.0,0.11666666666666667,False,False,True,highest_fares
2026-01-23 08:38:25,8,122.37,0.01,3,3212532,0,2,2026-01-23 08:38:25,2026-01-23 08:39:26,,,,33,33,0,122.37,0.0,0.5,0.0,0.0,1.0,123.87,,,0.0,3341634,data/raw/yellow_taxi/yellow_tripdata_2026-01.parquet,61.0,1.0166666666666666,False,False,True,highest_fares
2026-03-25 19:45:00,19,122.0,0.01,3,9185292,0,2,2026-03-25 19:45:00,2026-03-25 19:45:06,1.0,5.0,N,200,200,1,122.0,0.0,0.0,12.0,0.0,1.0,135.0,0.0,0.0,0.0,2420793,data/raw/yellow_taxi/yellow_tripdata_2026-03.parquet,6.0,0.1,False,False,True,highest_fares
2026-02-03 17:50:03,17,121.93,0.01,2,5975251,0,2,2026-02-03 17:50:03,2026-02-03 18:37:33,,,,65,236,0,121.93,0.0,0.5,0.0,0.0,1.0,126.68,,,0.75,2475586,data/raw/yellow_taxi/yellow_tripdata_2026-02.parquet,2850.0,47.5,False,False,False,highest_fares
2026-03-10 17:47:09,17,121.73,0.01,1,10028460,0,2,2026-03-10 17:47:09,2026-03-10 18:52:05,,,,231,95,0,121.73,0.0,0.5,0.0,0.0,1.0,126.48,,,0.75,3302842,data/raw/yellow_taxi/yellow_tripdata_2026-03.parquet,3896.0,64.93333333333334,False,False,False,highest_fares
2026-03-03 16:01:30,16,121.7,0.01,15,9827444,0,2,2026-03-03 16:01:30,2026-03-03 17:16:36,,,,246,265,0,121.7,0.0,0.0,0.0,41.63,1.0,165.08,,,0.75,3077629,data/raw/yellow_taxi/yellow_tripdata_2026-03.parquet,4506.0,75.1,False,False,False,highest_fares
2026-01-25 00:50:39,0,14.84,0.01,3,2069199,0,2,2026-01-25 00:50:39,2026-01-26 06:05:45,1.0,1.0,N,246,246,2,14.84,0.0,0.5,0.0,0.0,1.0,19.59,2.5,0.0,0.75,2125681,data/raw/yellow_taxi/yellow_tripdata_2026-01.parquet,105306.0,1755.1,False,False,True,longest_durations
2026-02-12 10:04:45,10,35.2,0.01,3,4521477,0,2,2026-02-12 10:04:45,2026-02-12 17:14:19,1.0,1.0,N,207,226,2,35.2,0.0,0.5,0.0,0.0,1.0,36.7,0.0,0.0,0.0,985569,data/raw/yellow_taxi/yellow_tripdata_2026-02.parquet,25774.0,429.56666666666666,False,False,False,longest_durations
2026-01-28 15:41:53,15,89.0,0.01,1,2261120,0,2,2026-01-28 15:41:53,2026-01-28 18:58:42,1.0,5.0,N,163,263,1,89.0,0.0,0.5,18.55,0.0,0.0,111.3,2.5,0.0,0.75,2323404,data/raw/yellow_taxi/yellow_tripdata_2026-01.parquet,11809.0,196.81666666666666,False,False,False,longest_durations
2026-01-19 18:22:31,18,89.0,0.01,1,1575344,0,2,2026-01-19 18:22:31,2026-01-19 20:22:32,1.0,5.0,N,144,237,1,89.0,0.0,0.0,9.0,0.0,0.0,101.25,2.5,0.0,0.75,1619522,data/raw/yellow_taxi/yellow_tripdata_2026-01.parquet,7201.0,120.01666666666667,False,False,False,longest_durations
2026-01-30 16:27:22,16,92.85,0.01,1,3481822,0,2,2026-01-30 16:27:22,2026-01-30 18:12:28,,,,113,132,0,92.85,0.0,0.5,15.76,7.46,1.0,120.82,,,0.75,3638344,data/raw/yellow_taxi/yellow_tripdata_2026-01.parquet,6306.0,105.1,False,False,False,longest_durations
2026-01-30 17:19:14,17,103.09,0.01,1,3483051,0,2,2026-01-30 17:19:14,2026-01-30 18:59:11,,,,13,132,0,103.09,0.0,0.5,0.0,7.46,1.0,115.3,,,0.75,3641053,data/raw/yellow_taxi/yellow_tripdata_2026-01.parquet,5997.0,99.95,False,False,False,longest_durations
2026-02-13 17:01:18,17,90.47,0.01,1,6349855,0,2,2026-02-13 17:01:18,2026-02-13 18:40:55,,,,236,132,0,90.47,0.0,0.5,10.19,7.46,1.0,112.12,,,0.0,2888692,data/raw/yellow_taxi/yellow_tripdata_2026-02.parquet,5977.0,99.61666666666666,False,False,False,longest_durations
2026-02-13 18:20:19,18,113.0,0.01,1,6351630,0,2,2026-02-13 18:20:19,2026-02-13 19:59:33,,,,74,76,0,113.0,0.0,0.5,0.0,0.0,1.0,117.0,,,0.0,2892647,data/raw/yellow_taxi/yellow_tripdata_2026-02.parquet,5954.0,99.23333333333333,False,False,False,longest_durations
2026-01-12 16:28:10,16,48.72,0.01,1,2887216,0,2,2026-01-12 16:28:10,2026-01-12 18:05:57,,,,158,230,0,48.72,0.0,0.5,0.0,0.0,1.0,53.47,,,0.75,2980534,data/raw/yellow_taxi/yellow_tripdata_2026-01.parquet,5867.0,97.78333333333333,False,False,False,longest_durations
2026-02-13 17:17:43,17,48.1,0.01,1,6349958,0,2,2026-02-13 17:17:43,2026-02-13 18:54:45,,,,246,227,0,48.1,0.0,0.5,40.0,7.46,1.0,100.31,,,0.75,2888910,data/raw/yellow_taxi/yellow_tripdata_2026-02.parquet,5822.0,97.03333333333333,False,False,False,longest_durations
2026-02-05 16:35:11,16,115.45,0.01,1,6035637,0,2,2026-02-05 16:35:11,2026-02-05 18:11:36,,,,137,39,0,115.45,0.0,0.5,12.02,0.0,1.0,132.22,,,0.75,2543717,data/raw/yellow_taxi/yellow_tripdata_2026-02.parquet,5785.0,96.41666666666667,False,False,False,longest_durations
2026-02-13 16:07:02,16,93.13,0.01,1,6348379,0,2,2026-02-13 16:07:02,2026-02-13 17:41:02,,,,236,132,0,93.13,0.0,0.5,10.46,7.46,1.0,115.05,,,0.0,2885417,data/raw/yellow_taxi/yellow_tripdata_2026-02.parquet,5640.0,94.0,False,False,False,longest_durations
2026-03-04 16:28:16,16,109.5,0.01,3,9853003,0,2,2026-03-04 16:28:16,2026-03-04 18:02:10,,,,209,132,0,109.5,0.0,0.5,17.14,0.0,1.0,131.39,,,0.75,3108440,data/raw/yellow_taxi/yellow_tripdata_2026-03.parquet,5634.0,93.9,False,False,False,longest_durations
2026-03-03 16:38:48,16,93.74,0.01,15,9826811,0,2,2026-03-03 16:38:48,2026-03-03 18:12:41,,,,88,216,0,93.74,0.0,0.5,0.0,0.0,1.0,98.49,,,0.75,3076221,data/raw/yellow_taxi/yellow_tripdata_2026-03.parquet,5633.0,93.88333333333334,False,False,False,longest_durations
2026-01-30 18:02:27,18,75.43,0.01,1,3485464,0,2,2026-01-30 18:02:27,2026-01-30 19:35:54,,,,129,89,0,75.43,0.0,0.5,0.0,0.0,1.0,76.93,,,0.0,3646703,data/raw/yellow_taxi/yellow_tripdata_2026-01.parquet,5607.0,93.45,False,False,False,longest_durations
2026-02-05 16:14:56,16,69.98,0.01,1,6035426,0,2,2026-02-05 16:14:56,2026-02-05 17:48:09,,,,97,132,0,69.98,0.0,0.5,7.86,0.0,1.0,79.34,,,0.0,2543366,data/raw/yellow_taxi/yellow_tripdata_2026-02.parquet,5593.0,93.21666666666667,False,False,False,longest_durations
2026-02-04 17:48:34,17,88.43,0.01,1,6004884,0,2,2026-02-04 17:48:34,2026-02-04 19:20:45,,,,181,175,0,88.43,0.0,0.5,0.0,0.0,1.0,89.93,,,0.0,2509266,data/raw/yellow_taxi/yellow_tripdata_2026-02.parquet,5531.0,92.18333333333334,False,False,False,longest_durations
2026-03-04 16:42:39,16,115.29,0.01,3,9853067,0,2,2026-03-04 16:42:39,2026-03-04 18:13:49,,,,249,132,0,115.29,0.0,0.5,24.01,0.0,1.0,144.05,,,0.75,3108599,data/raw/yellow_taxi/yellow_tripdata_2026-03.parquet,5470.0,91.16666666666667,False,False,False,longest_durations
2026-02-13 16:34:18,16,80.21,0.01,1,6348498,0,2,2026-02-13 16:34:18,2026-02-13 18:05:09,,,,142,132,0,80.21,0.0,0.5,0.0,0.0,1.0,84.96,,,0.75,2885643,data/raw/yellow_taxi/yellow_tripdata_2026-02.parquet,5451.0,90.85,False,False,False,longest_durations
2026-02-02 17:09:02,17,93.21,0.01,1,5947285,0,2,2026-02-02 17:09:02,2026-02-02 18:39:39,,,,234,265,0,93.21,0.0,0.5,0.0,0.0,1.0,97.96,,,0.75,2443552,data/raw/yellow_taxi/yellow_tripdata_2026-02.parquet,5437.0,90.61666666666666,False,False,False,longest_durations
2026-03-19 16:21:23,16,48.73,0.01,1,10290423,0,2,2026-03-19 16:21:23,2026-03-19 17:51:50,,,,88,146,0,48.73,0.0,0.5,0.0,0.0,1.0,58.52,,,0.75,3595460,data/raw/yellow_taxi/yellow_tripdata_2026-03.parquet,5427.0,90.45,False,False,False,longest_durations
2026-02-11 16:31:09,16,108.22,0.01,2,6282181,0,2,2026-02-11 16:31:09,2026-02-11 18:01:21,,,,249,132,0,108.22,0.0,0.5,10.0,7.46,1.0,130.43,,,0.75,2809246,data/raw/yellow_taxi/yellow_tripdata_2026-02.parquet,5412.0,90.2,False,False,False,longest_durations
2026-02-12 18:04:55,18,111.67,0.01,3,6313830,0,2,2026-02-12 18:04:55,2026-02-12 19:34:22,,,,234,132,0,111.67,0.0,0.5,18.58,7.46,1.0,142.46,,,0.75,2847743,data/raw/yellow_taxi/yellow_tripdata_2026-02.parquet,5367.0,89.45,False,False,False,longest_durations
2026-02-13 17:06:43,17,94.63,0.01,1,6349500,0,2,2026-02-13 17:06:43,2026-02-13 18:35:37,,,,238,132,0,94.63,0.0,0.5,21.22,7.46,1.0,127.31,,,0.0,2887894,data/raw/yellow_taxi/yellow_tripdata_2026-02.parquet,5334.0,88.9,False,False,False,longest_durations
2026-01-15 16:22:19,16,89.14,0.01,1,2960868,0,2,2026-01-15 16:22:19,2026-01-15 17:51:06,,,,263,132,0,89.14,0.0,0.5,1.0,7.46,1.0,101.6,,,0.0,3064510,data/raw/yellow_taxi/yellow_tripdata_2026-01.parquet,5327.0,88.78333333333333,False,False,False,longest_durations
2026-02-04 16:38:53,16,91.73,0.01,1,6004300,0,2,2026-02-04 16:38:53,2026-02-04 18:07:34,,,,88,216,0,91.73,0.0,0.5,0.0,7.46,1.0,103.94,,,0.75,2508101,data/raw/yellow_taxi/yellow_tripdata_2026-02.parquet,5321.0,88.68333333333334,False,False,False,longest_durations
2026-02-04 16:20:19,16,71.93,0.01,1,6004371,0,2,2026-02-04 16:20:19,2026-02-04 17:48:18,,,,65,258,0,71.93,0.0,0.5,0.0,0.0,1.0,84.44,,,0.0,2508300,data/raw/yellow_taxi/yellow_tripdata_2026-02.parquet,5279.0,87.98333333333333,False,False,False,longest_durations
2026-03-10 17:08:59,17,89.75,0.01,1,10028334,0,2,2026-03-10 17:08:59,2026-03-10 18:36:54,,,,4,132,0,89.75,0.0,0.5,14.18,0.0,1.0,108.68,,,0.75,3302557,data/raw/yellow_taxi/yellow_tripdata_2026-03.parquet,5275.0,87.91666666666667,False,False,False,longest_durations
2026-03-26 16:05:42,16,87.08,0.01,3,10490350,0,2,2026-03-26 16:05:42,2026-03-26 17:33:33,,,,224,132,0,87.08,0.0,0.5,19.86,7.46,1.0,119.15,,,0.75,3812899,data/raw/yellow_taxi/yellow_tripdata_2026-03.parquet,5271.0,87.85,False,False,False,longest_durations
2026-03-06 16:32:30,16,96.97,0.01,3,9915778,0,2,2026-03-06 16:32:30,2026-03-06 18:00:15,,,,26,41,0,96.97,0.0,0.5,0.0,0.0,1.0,101.72,,,0.75,3181920,data/raw/yellow_taxi/yellow_tripdata_2026-03.parquet,5265.0,87.75,False,False,False,longest_durations
2026-03-06 17:56:48,17,93.39,0.01,3,9916510,0,2,2026-03-06 17:56:48,2026-03-06 19:24:02,,,,143,132,0,93.39,0.0,0.5,2.0,0.0,1.0,100.14,,,0.75,3183489,data/raw/yellow_taxi/yellow_tripdata_2026-03.parquet,5234.0,87.23333333333333,False,False,False,longest_durations
2026-02-19 16:57:51,16,113.48,0.01,3,6522302,0,2,2026-02-19 16:57:51,2026-02-19 18:24:36,,,,244,26,0,113.48,0.0,0.5,0.0,7.46,1.0,125.69,,,0.75,3076334,data/raw/yellow_taxi/yellow_tripdata_2026-02.parquet,5205.0,86.75,False,False,False,longest_durations
2026-01-30 16:39:24,16,96.78,0.01,1,3482147,0,2,2026-01-30 16:39:24,2026-01-30 18:05:36,,,,88,216,0,96.78,0.0,0.5,0.0,7.46,1.0,108.99,,,0.75,3639026,data/raw/yellow_taxi/yellow_tripdata_2026-01.parquet,5172.0,86.2,False,False,False,longest_durations
2026-02-18 16:50:47,16,110.72,0.01,5,6498641,0,2,2026-02-18 16:50:47,2026-02-18 18:16:39,,,,161,155,0,110.72,0.0,0.5,0.0,7.46,1.0,122.93,,,0.75,3048234,data/raw/yellow_taxi/yellow_tripdata_2026-02.parquet,5152.0,85.86666666666666,False,False,False,longest_durations
2026-02-26 16:00:54,16,96.76,0.01,3,6717415,0,2,2026-02-26 16:00:54,2026-02-26 17:26:27,,,,166,132,0,96.76,0.0,0.5,10.57,7.46,1.0,116.29,,,0.0,3295142,data/raw/yellow_taxi/yellow_tripdata_2026-02.parquet,5133.0,85.55,False,False,False,longest_durations
2026-03-10 16:59:43,16,78.76,0.01,1,10027619,0,2,2026-03-10 16:59:43,2026-03-10 18:24:55,,,,232,132,0,78.76,0.0,0.5,0.99,7.46,1.0,91.96,,,0.75,3301125,data/raw/yellow_taxi/yellow_tripdata_2026-03.parquet,5112.0,85.2,False,False,False,longest_durations
2026-01-29 16:51:16,16,62.82,0.01,1,3437459,0,2,2026-01-29 16:51:16,2026-01-29 18:16:11,,,,230,138,0,62.82,0.0,0.5,60.81,0.0,1.0,128.38,,,0.75,3588096,data/raw/yellow_taxi/yellow_tripdata_2026-01.parquet,5095.0,84.91666666666667,False,False,False,longest_durations
2026-02-03 17:03:13,17,38.94,0.01,2,5975639,0,2,2026-02-03 17:03:13,2026-02-03 18:28:00,,,,236,236,0,38.94,0.0,0.5,0.0,0.0,1.0,43.69,,,0.75,2476450,data/raw/yellow_taxi/yellow_tripdata_2026-02.parquet,5087.0,84.78333333333333,False,False,True,longest_durations
2026-01-28 17:58:24,17,91.73,0.01,1,3400809,0,2,2026-01-28 17:58:24,2026-01-28 19:22:37,,,,71,230,0,91.73,0.0,0.5,0.0,0.0,1.0,106.87,,,0.75,3547708,data/raw/yellow_taxi/yellow_tripdata_2026-01.parquet,5053.0,84.21666666666667,False,False,False,longest_durations
2026-01-30 17:35:40,17,86.49,0.01,1,3483481,0,2,2026-01-30 17:35:40,2026-01-30 18:59:42,,,,140,228,0,86.49,0.0,0.5,0.0,7.46,1.0,107.74,,,0.0,3642023,data/raw/yellow_taxi/yellow_tripdata_2026-01.parquet,5042.0,84.03333333333333,False,False,False,longest_durations
2026-03-19 17:38:52,17,101.78,0.01,3,10291602,0,2,2026-03-19 17:38:52,2026-03-19 19:02:22,,,,246,132,0,101.78,0.0,0.5,0.0,7.46,1.0,113.99,,,0.75,3598195,data/raw/yellow_taxi/yellow_tripdata_2026-03.parquet,5010.0,83.5,False,False,False,longest_durations
2026-03-18 16:11:28,16,94.64,0.01,3,10263666,0,2,2026-03-18 16:11:28,2026-03-18 17:34:56,,,,83,86,0,94.64,0.0,0.5,0.0,0.0,1.0,96.14,,,0.0,3565237,data/raw/yellow_taxi/yellow_tripdata_2026-03.parquet,5008.0,83.46666666666667,False,False,False,longest_durations
2026-02-04 16:44:29,16,67.72,0.01,1,6004135,0,2,2026-02-04 16:44:29,2026-02-04 18:07:37,,,,186,14,0,67.72,0.0,0.5,0.0,7.46,1.0,79.93,,,0.75,2507718,data/raw/yellow_taxi/yellow_tripdata_2026-02.parquet,4988.0,83.13333333333334,False,False,False,longest_durations
2026-02-12 16:05:00,16,78.75,0.01,3,6311837,0,2,2026-02-12 16:05:00,2026-02-12 17:28:04,,,,229,132,0,78.75,0.0,0.5,16.7,0.0,1.0,100.2,,,0.75,2843364,data/raw/yellow_taxi/yellow_tripdata_2026-02.parquet,4984.0,83.06666666666666,False,False,False,longest_durations
2026-03-06 16:09:22,16,88.5,0.01,3,9915727,0,2,2026-03-06 16:09:22,2026-03-06 17:32:08,,,,42,132,0,88.5,0.0,0.5,2.0,7.46,1.0,99.46,,,0.0,3181818,data/raw/yellow_taxi/yellow_tripdata_2026-03.parquet,4966.0,82.76666666666667,False,False,False,longest_durations
2026-02-03 17:42:08,17,93.19,0.01,2,5975416,0,2,2026-02-03 17:42:08,2026-02-03 19:04:43,,,,68,132,0,93.19,0.0,0.5,0.0,7.46,1.0,105.4,,,0.75,2475893,data/raw/yellow_taxi/yellow_tripdata_2026-02.parquet,4955.0,82.58333333333333,False,False,False,longest_durations
2026-03-12 16:07:07,16,95.85,0.01,9,10082593,0,2,2026-03-12 16:07:07,2026-03-12 17:29:35,,,,166,132,0,95.85,0.0,0.5,0.0,7.46,1.0,104.81,,,0.0,3363647,data/raw/yellow_taxi/yellow_tripdata_2026-03.parquet,4948.0,82.46666666666667,False,False,False,longest_durations
2026-01-23 16:08:20,16,84.58,0.01,3,3221782,0,2,2026-01-23 16:08:20,2026-01-23 17:30:22,,,,79,132,0,84.58,0.0,0.5,24.2,7.46,1.0,120.99,,,0.75,3351438,data/raw/yellow_taxi/yellow_tripdata_2026-01.parquet,4922.0,82.03333333333333,False,False,False,longest_durations
2026-02-13 18:22:46,18,111.19,0.01,1,6351535,0,2,2026-02-13 18:22:46,2026-02-13 19:44:24,,,,164,149,0,111.19,0.0,0.5,0.0,7.46,1.0,141.91,,,0.75,2892386,data/raw/yellow_taxi/yellow_tripdata_2026-02.parquet,4898.0,81.63333333333334,False,False,False,longest_durations
2026-02-02 16:57:48,16,93.21,0.01,1,5946534,0,2,2026-02-02 16:57:48,2026-02-02 18:19:23,,,,4,132,0,93.21,0.0,0.5,29.39,0.0,1.0,127.35,,,0.75,2442022,data/raw/yellow_taxi/yellow_tripdata_2026-02.parquet,4895.0,81.58333333333333,False,False,False,longest_durations
2026-02-21 07:38:35,7,70.0,0.01,3,5297553,0,2,2026-02-21 07:38:35,2026-02-21 08:59:54,1.0,5.0,N,224,224,2,70.0,0.0,0.0,0.0,7.46,1.0,81.71,2.5,0.0,0.75,1778838,data/raw/yellow_taxi/yellow_tripdata_2026-02.parquet,4879.0,81.31666666666666,False,False,True,longest_durations
2026-02-04 17:36:46,17,80.49,0.01,1,6005271,0,2,2026-02-04 17:36:46,2026-02-04 18:57:57,,,,14,244,0,80.49,0.0,0.5,0.0,7.46,1.0,92.7,,,0.75,2510142,data/raw/yellow_taxi/yellow_tripdata_2026-02.parquet,4871.0,81.18333333333334,False,False,False,longest_durations
2026-02-13 18:27:40,18,71.79,0.01,1,6351644,0,2,2026-02-13 18:27:40,2026-02-13 19:48:51,,,,147,37,0,71.79,0.0,0.5,0.0,7.46,1.0,84.0,,,0.75,2892695,data/raw/yellow_taxi/yellow_tripdata_2026-02.parquet,4871.0,81.18333333333334,False,False,False,longest_durations
2026-01-28 18:05:34,18,63.73,0.01,3,3401523,0,2,2026-01-28 18:05:34,2026-01-28 19:26:23,,,,179,188,0,63.73,0.0,0.5,0.0,0.0,1.0,75.01,,,0.0,3549080,data/raw/yellow_taxi/yellow_tripdata_2026-01.parquet,4849.0,80.81666666666666,False,False,False,longest_durations
2026-03-12 17:17:09,17,109.2,0.01,9,10083976,0,2,2026-03-12 17:17:09,2026-03-12 18:37:52,,,,79,132,0,109.2,0.0,0.5,0.0,0.0,1.0,113.95,,,0.75,3366837,data/raw/yellow_taxi/yellow_tripdata_2026-03.parquet,4843.0,80.71666666666667,False,False,False,longest_durations
2026-03-23 16:21:37,16,75.52,0.01,5,10431718,0,2,2026-03-23 16:21:37,2026-03-23 17:42:20,,,,137,132,0,75.52,0.0,0.5,15.79,7.46,1.0,103.52,,,0.75,3747993,data/raw/yellow_taxi/yellow_tripdata_2026-03.parquet,4843.0,80.71666666666667,False,False,False,longest_durations
2026-02-25 16:01:38,16,65.73,0.01,3,6689712,0,2,2026-02-25 16:01:38,2026-02-25 17:22:18,,,,97,92,0,65.73,0.0,0.5,0.0,0.0,1.0,67.23,,,0.0,3262362,data/raw/yellow_taxi/yellow_tripdata_2026-02.parquet,4840.0,80.66666666666667,False,False,False,longest_durations
2026-01-23 16:26:49,16,91.25,0.01,3,3221921,0,2,2026-01-23 16:26:49,2026-01-23 17:47:12,,,,68,132,0,91.25,0.0,0.5,20.69,7.46,1.0,124.15,,,0.75,3351796,data/raw/yellow_taxi/yellow_tripdata_2026-01.parquet,4823.0,80.38333333333334,False,False,False,longest_durations
2026-02-04 16:38:43,16,51.19,0.01,1,6004383,0,2,2026-02-04 16:38:43,2026-02-04 17:58:56,,,,170,243,0,51.19,0.0,0.5,0.0,0.0,1.0,55.94,,,0.75,2508331,data/raw/yellow_taxi/yellow_tripdata_2026-02.parquet,4813.0,80.21666666666667,False,False,False,longest_durations
2026-01-28 16:40:14,16,84.75,0.01,1,3399564,0,2,2026-01-28 16:40:14,2026-01-28 18:00:16,,,,88,216,0,84.75,0.0,0.5,0.0,7.46,1.0,96.96,,,0.75,3544860,data/raw/yellow_taxi/yellow_tripdata_2026-01.parquet,4802.0,80.03333333333333,False,False,False,longest_durations
2026-02-18 16:26:38,16,73.18,0.01,5,6498576,0,2,2026-02-18 16:26:38,2026-02-18 17:46:29,,,,224,132,0,73.18,0.0,0.5,17.08,7.46,1.0,102.47,,,0.75,3048094,data/raw/yellow_taxi/yellow_tripdata_2026-02.parquet,4791.0,79.85,False,False,False,longest_durations
2026-02-11 15:59:17,15,80.74,0.01,2,6281410,0,2,2026-02-11 15:59:17,2026-02-11 17:18:44,,,,137,77,0,80.74,0.0,0.5,0.0,7.46,1.0,92.95,,,0.75,2808076,data/raw/yellow_taxi/yellow_tripdata_2026-02.parquet,4767.0,79.45,False,False,False,longest_durations
2026-03-17 16:10:18,16,53.58,0.01,2,10237321,0,2,2026-03-17 16:10:18,2026-03-17 17:29:32,,,,79,75,0,53.58,0.0,0.5,0.0,0.0,1.0,58.33,,,0.75,3535334,data/raw/yellow_taxi/yellow_tripdata_2026-03.parquet,4754.0,79.23333333333333,False,False,False,longest_durations
2026-01-15 17:44:18,17,97.69,0.01,1,2962115,0,2,2026-01-15 17:44:18,2026-01-15 19:03:09,,,,143,132,0,97.69,0.0,0.5,0.0,7.46,1.0,109.9,,,0.75,3067097,data/raw/yellow_taxi/yellow_tripdata_2026-01.parquet,4731.0,78.85,False,False,False,longest_durations
2026-03-13 16:58:37,16,90.11,0.01,3,10114436,0,2,2026-03-13 16:58:37,2026-03-13 18:16:48,,,,151,132,0,90.11,0.0,0.5,2.0,7.46,1.0,101.07,,,0.0,3402028,data/raw/yellow_taxi/yellow_tripdata_2026-03.parquet,4691.0,78.18333333333334,False,False,False,longest_durations
2026-01-28 17:42:41,17,96.62,0.01,1,3400257,0,2,2026-01-28 17:42:41,2026-01-28 19:00:29,,,,24,132,0,96.62,0.0,0.5,19.0,7.46,1.0,124.58,,,0.0,3546286,data/raw/yellow_taxi/yellow_tripdata_2026-01.parquet,4668.0,77.8,False,False,False,longest_durations
2026-03-12 17:31:54,17,92.66,0.01,9,10083410,0,2,2026-03-12 17:31:54,2026-03-12 18:49:32,,,,164,132,0,92.66,0.0,0.5,20.97,7.46,1.0,125.84,,,0.75,3365534,data/raw/yellow_taxi/yellow_tripdata_2026-03.parquet,4658.0,77.63333333333334,False,False,False,longest_durations
2026-02-13 18:34:38,18,83.98,0.01,1,6351721,0,2,2026-02-13 18:34:38,2026-02-13 19:51:56,,,,41,17,0,83.98,0.0,0.5,0.0,0.0,1.0,91.73,,,0.75,2892896,data/raw/yellow_taxi/yellow_tripdata_2026-02.parquet,4638.0,77.3,False,False,False,longest_durations
2026-02-04 16:50:18,16,56.56,0.01,1,6003813,0,2,2026-02-04 16:50:18,2026-02-04 18:07:20,,,,179,225,0,56.56,0.0,0.5,11.03,0.0,1.0,69.09,,,0.0,2507127,data/raw/yellow_taxi/yellow_tripdata_2026-02.parquet,4622.0,77.03333333333333,False,False,False,longest_durations
2026-01-27 16:25:00,16,113.32,0.01,2,3363869,0,2,2026-01-27 16:25:00,2026-01-27 17:41:58,,,,211,132,0,113.32,0.0,0.5,10.0,0.0,1.0,128.07,,,0.75,3503844,data/raw/yellow_taxi/yellow_tripdata_2026-01.parquet,4618.0,76.96666666666667,False,False,False,longest_durations
2026-01-30 18:02:26,18,111.17,0.01,1,3485562,0,2,2026-01-30 18:02:26,2026-01-30 19:19:10,,,,100,265,0,111.17,0.0,0.5,0.0,7.46,1.0,123.38,,,0.75,3646992,data/raw/yellow_taxi/yellow_tripdata_2026-01.parquet,4604.0,76.73333333333333,False,False,False,longest_durations
2026-03-03 17:54:28,17,74.65,0.01,12,9828047,0,2,2026-03-03 17:54:28,2026-03-03 19:10:59,,,,112,132,0,74.65,0.0,0.5,15.0,0.0,1.0,91.15,,,0.0,3078938,data/raw/yellow_taxi/yellow_tripdata_2026-03.parquet,4591.0,76.51666666666667,False,False,False,longest_durations
2026-02-20 16:17:08,16,84.2,0.01,7,6549655,0,2,2026-02-20 16:17:08,2026-02-20 17:33:29,,,,68,132,0,84.2,0.0,0.5,9.64,7.46,1.0,106.05,,,0.75,3107784,data/raw/yellow_taxi/yellow_tripdata_2026-02.parquet,4581.0,76.35,False,False,False,longest_durations
2026-03-24 16:38:15,16,101.73,0.01,1,10448076,0,2,2026-03-24 16:38:15,2026-03-24 17:54:22,,,,88,216,0,101.73,0.0,0.5,0.0,7.46,1.0,113.94,,,0.75,3766071,data/raw/yellow_taxi/yellow_tripdata_2026-03.parquet,4567.0,76.11666666666666,False,False,False,longest_durations
2026-02-26 16:27:16,16,87.72,0.01,3,6717488,0,2,2026-02-26 16:27:16,2026-02-26 17:42:57,,,,234,132,0,87.72,0.0,0.5,19.99,7.46,1.0,119.92,,,0.75,3295271,data/raw/yellow_taxi/yellow_tripdata_2026-02.parquet,4541.0,75.68333333333334,False,False,False,longest_durations
2026-02-26 16:31:46,16,112.31,0.01,3,6717817,0,2,2026-02-26 16:31:46,2026-02-26 17:47:17,,,,161,265,0,112.31,0.0,0.5,0.0,10.88,1.0,127.94,,,0.75,3295960,data/raw/yellow_taxi/yellow_tripdata_2026-02.parquet,4531.0,75.51666666666667,False,False,False,longest_durations
2026-02-10 18:09:07,18,68.69,0.01,3,6258685,0,2,2026-02-10 18:09:07,2026-02-10 19:24:19,,,,243,165,0,68.69,0.0,0.5,0.0,7.46,1.0,80.9,,,0.75,2784407,data/raw/yellow_taxi/yellow_tripdata_2026-02.parquet,4512.0,75.2,False,False,False,longest_durations
2026-03-09 16:03:01,16,70.0,0.01,1,7599322,0,2,2026-03-09 16:03:01,2026-03-09 17:18:11,1.0,2.0,N,132,164,2,70.0,5.0,0.5,0.0,0.0,1.0,78.25,0.0,1.75,0.0,806043,data/raw/yellow_taxi/yellow_tripdata_2026-03.parquet,4510.0,75.16666666666667,False,False,False,longest_durations
2026-02-11 18:23:29,18,86.13,0.01,3,6284297,0,2,2026-02-11 18:23:29,2026-02-11 19:38:37,,,,68,132,0,86.13,0.0,0.5,19.67,7.46,1.0,118.01,,,0.75,2813670,data/raw/yellow_taxi/yellow_tripdata_2026-02.parquet,4508.0,75.13333333333334,False,False,False,longest_durations
2026-03-02 17:38:48,17,83.12,0.01,3,9807541,0,2,2026-03-02 17:38:48,2026-03-02 18:53:49,,,,262,132,0,83.12,0.0,0.5,0.0,7.46,1.0,94.58,,,0.0,3053979,data/raw/yellow_taxi/yellow_tripdata_2026-03.parquet,4501.0,75.01666666666667,False,False,False,longest_durations
2026-03-16 17:19:31,17,91.47,0.01,5,10218640,0,2,2026-03-16 17:19:31,2026-03-16 18:34:19,,,,239,132,0,91.47,0.0,0.5,19.87,7.46,1.0,122.8,,,0.0,3512700,data/raw/yellow_taxi/yellow_tripdata_2026-03.parquet,4488.0,74.8,False,False,False,longest_durations
2026-02-04 16:56:04,16,72.2,0.01,1,6003951,0,2,2026-02-04 16:56:04,2026-02-04 18:10:44,,,,88,127,0,72.2,0.0,0.5,0.0,0.0,1.0,76.95,,,0.75,2507373,data/raw/yellow_taxi/yellow_tripdata_2026-02.parquet,4480.0,74.66666666666667,False,False,False,longest_durations
2026-03-12 16:36:54,16,66.17,0.01,9,10082032,0,2,2026-03-12 16:36:54,2026-03-12 17:51:27,,,,162,134,0,66.17,0.0,0.5,1.57,7.46,1.0,79.95,,,0.75,3362514,data/raw/yellow_taxi/yellow_tripdata_2026-03.parquet,4473.0,74.55,False,False,False,longest_durations
2026-01-29 17:27:06,17,107.73,0.01,1,3438849,0,2,2026-01-29 17:27:06,2026-01-29 18:41:28,,,,107,197,0,107.73,0.0,0.5,0.0,7.46,1.0,119.94,,,0.75,3591253,data/raw/yellow_taxi/yellow_tripdata_2026-01.parquet,4462.0,74.36666666666666,False,False,False,longest_durations
2026-01-15 16:41:36,16,90.43,0.01,1,2960771,0,2,2026-01-15 16:41:36,2026-01-15 17:55:51,,,,43,132,0,90.43,0.0,0.5,19.88,7.46,1.0,119.27,,,0.0,3064336,data/raw/yellow_taxi/yellow_tripdata_2026-01.parquet,4455.0,74.25,False,False,False,longest_durations
2026-02-10 17:10:37,17,98.21,0.01,3,6257533,0,2,2026-02-10 17:10:37,2026-02-10 18:24:44,,,,232,265,0,98.21,0.0,0.5,0.0,0.0,1.0,102.96,,,0.75,2781706,data/raw/yellow_taxi/yellow_tripdata_2026-02.parquet,4447.0,74.11666666666666,False,False,False,longest_durations
2026-02-05 17:29:50,17,72.19,0.01,1,6036831,0,2,2026-02-05 17:29:50,2026-02-05 18:43:55,,,,234,225,0,72.19,0.0,0.5,0.0,0.0,1.0,76.94,,,0.75,2546268,data/raw/yellow_taxi/yellow_tripdata_2026-02.parquet,4445.0,74.08333333333333,False,False,False,longest_durations
2026-01-14 16:06:35,16,89.34,0.01,3,2934733,0,2,2026-01-14 16:06:35,2026-01-14 17:20:35,,,,236,132,0,89.34,0.0,0.5,18.82,0.0,1.0,112.91,,,0.75,3034709,data/raw/yellow_taxi/yellow_tripdata_2026-01.parquet,4440.0,74.0,False,False,False,longest_durations
2026-01-28 17:52:52,17,86.97,0.01,1,3400295,0,2,2026-01-28 17:52:52,2026-01-28 19:06:52,,,,42,132,0,86.97,0.0,0.5,2.0,7.46,1.0,97.93,,,0.0,3546371,data/raw/yellow_taxi/yellow_tripdata_2026-01.parquet,4440.0,74.0,False,False,False,longest_durations
2026-01-30 16:01:57,16,57.39,0.01,1,3481932,0,2,2026-01-30 16:01:57,2026-01-30 17:15:53,,,,37,261,0,57.39,0.0,0.5,0.0,0.0,1.0,62.14,,,0.75,3638556,data/raw/yellow_taxi/yellow_tripdata_2026-01.parquet,4436.0,73.93333333333334,False,False,False,longest_durations
2026-02-04 17:20:37,17,89.99,0.01,1,6004493,0,2,2026-02-04 17:20:37,2026-02-04 18:33:49,,,,21,48,0,89.99,0.0,0.5,0.0,7.46,1.0,102.2,,,0.75,2508534,data/raw/yellow_taxi/yellow_tripdata_2026-02.parquet,4392.0,73.2,False,False,False,longest_durations
2026-01-28 16:14:41,16,92.48,0.01,1,3399252,0,2,2026-01-28 16:14:41,2026-01-28 17:27:52,,,,71,239,0,92.48,0.0,0.5,0.0,7.46,1.0,123.94,,,0.0,3544136,data/raw/yellow_taxi/yellow_tripdata_2026-01.parquet,4391.0,73.18333333333334,False,False,False,longest_durations
2026-02-02 17:56:28,17,63.74,0.01,1,5947372,0,2,2026-02-02 17:56:28,2026-02-02 19:09:25,,,,161,181,0,63.74,0.0,0.5,0.0,7.46,1.0,87.34,,,0.75,2443744,data/raw/yellow_taxi/yellow_tripdata_2026-02.parquet,4377.0,72.95,False,False,False,longest_durations
2026-02-09 16:11:50,16,47.98,0.01,1,6233355,0,2,2026-02-09 16:11:50,2026-02-09 17:24:43,,,,142,78,0,47.98,0.0,0.5,0.0,0.0,1.0,51.98,,,0.0,2752522,data/raw/yellow_taxi/yellow_tripdata_2026-02.parquet,4373.0,72.88333333333334,False,False,False,longest_durations
2026-01-30 16:30:31,16,86.78,0.01,1,3482287,0,2,2026-01-30 16:30:31,2026-01-30 17:43:03,,,,160,29,0,86.78,0.0,0.5,0.0,0.0,1.0,88.28,,,0.0,3639367,data/raw/yellow_taxi/yellow_tripdata_2026-01.parquet,4352.0,72.53333333333333,False,False,False,longest_durations
2026-01-28 17:09:09,17,70.96,0.01,1,3399959,0,2,2026-01-28 17:09:09,2026-01-28 18:21:32,,,,17,257,0,70.96,0.0,0.5,0.0,0.0,1.0,72.46,,,0.0,3545694,data/raw/yellow_taxi/yellow_tripdata_2026-01.parquet,4343.0,72.38333333333334,False,False,False,longest_durations
2026-01-30 17:00:39,17,88.13,0.01,1,3483282,0,2,2026-01-30 17:00:39,2026-01-30 18:12:58,,,,263,132,0,88.13,0.0,0.5,19.92,7.46,1.0,119.51,,,0.0,3641566,data/raw/yellow_taxi/yellow_tripdata_2026-01.parquet,4339.0,72.31666666666666,False,False,False,longest_durations
2026-02-25 18:37:14,18,29.55,0.01,3,6692452,0,2,2026-02-25 18:37:14,2026-02-25 19:49:30,,,,238,127,0,29.55,0.0,0.5,0.0,0.0,1.0,33.55,,,0.0,3268461,data/raw/yellow_taxi/yellow_tripdata_2026-02.parquet,4336.0,72.26666666666667,False,False,False,longest_durations
2026-02-06 17:34:07,17,59.24,0.01,2,6070771,0,2,2026-02-06 17:34:07,2026-02-06 18:46:15,,,,48,17,0,59.24,0.0,0.5,12.8,0.0,1.0,76.79,,,0.75,2584416,data/raw/yellow_taxi/yellow_tripdata_2026-02.parquet,4328.0,72.13333333333334,False,False,False,longest_durations
2026-02-09 16:16:16,16,52.73,0.01,1,6233972,0,2,2026-02-09 16:16:16,2026-02-09 17:28:23,,,,48,102,0,52.73,0.0,0.5,0.0,0.0,1.0,63.22,,,0.75,2753807,data/raw/yellow_taxi/yellow_tripdata_2026-02.parquet,4327.0,72.11666666666666,False,False,False,longest_durations
2026-02-02 16:43:29,16,11.21,0.01,1,5946277,0,2,2026-02-02 16:43:29,2026-02-02 16:49:48,,,,4,79,0,11.21,0.0,0.5,0.0,0.0,1.0,15.96,,,0.75,2441455,data/raw/yellow_taxi/yellow_tripdata_2026-02.parquet,379.0,6.316666666666666,False,False,False,random_seed42
2026-02-23 19:25:22,19,25.18,0.01,15,6642992,0,2,2026-02-23 19:25:22,2026-02-23 19:42:48,,,,61,77,0,25.18,0.0,0.5,0.0,0.0,1.0,26.68,,,0.0,3209229,data/raw/yellow_taxi/yellow_tripdata_2026-02.parquet,1046.0,17.433333333333334,False,False,False,random_seed42
2026-02-23 18:44:54,18,52.69,0.01,16,6642357,0,2,2026-02-23 18:44:54,2026-02-23 19:08:52,,,,216,101,0,52.69,0.0,0.5,0.0,0.0,1.0,54.19,,,0.0,3207993,data/raw/yellow_taxi/yellow_tripdata_2026-02.parquet,1438.0,23.966666666666665,False,False,False,random_seed42
2026-01-30 13:22:16,13,3.7,0.01,1,2418129,0,2,2026-01-30 13:22:16,2026-01-30 13:24:14,1.0,1.0,N,144,144,2,3.7,0.0,0.5,0.0,0.0,1.0,8.45,2.5,0.0,0.75,2484618,data/raw/yellow_taxi/yellow_tripdata_2026-01.parquet,118.0,1.9666666666666666,False,False,True,random_seed42
2026-02-11 17:55:03,17,23.51,0.01,1,6283155,0,2,2026-02-11 17:55:03,2026-02-11 18:13:45,,,,263,170,0,23.51,0.0,0.5,0.0,0.0,1.0,33.94,,,0.75,2811262,data/raw/yellow_taxi/yellow_tripdata_2026-02.parquet,1122.0,18.7,False,False,False,random_seed42
2026-01-13 17:07:05,17,21.02,0.01,1,2910609,0,2,2026-01-13 17:07:05,2026-01-13 17:21:02,,,,246,230,0,21.02,0.0,0.5,0.0,0.0,1.0,25.77,,,0.75,3007945,data/raw/yellow_taxi/yellow_tripdata_2026-01.parquet,837.0,13.95,False,False,False,random_seed42
2026-01-28 21:22:15,21,3.7,0.01,3,2279498,0,2,2026-01-28 21:22:15,2026-01-28 21:23:32,1.0,1.0,N,68,68,2,3.7,1.0,0.5,0.0,0.0,1.0,9.45,2.5,0.0,0.75,2342207,data/raw/yellow_taxi/yellow_tripdata_2026-01.parquet,77.0,1.2833333333333334,False,False,True,random_seed42
2026-02-18 18:10:16,18,26.95,0.01,5,6500812,0,2,2026-02-18 18:10:16,2026-02-18 18:18:51,,,,142,236,0,26.95,0.0,0.5,0.0,0.0,1.0,35.59,,,0.0,3052721,data/raw/yellow_taxi/yellow_tripdata_2026-02.parquet,515.0,8.583333333333334,False,False,False,random_seed42
2026-03-06 17:58:49,17,55.33,0.01,3,9916150,0,2,2026-03-06 17:58:49,2026-03-06 18:19:51,,,,125,170,0,55.33,0.0,0.5,0.0,0.0,1.0,60.08,,,0.75,3182771,data/raw/yellow_taxi/yellow_tripdata_2026-03.parquet,1262.0,21.033333333333335,False,False,False,random_seed42
2026-02-04 18:05:48,18,15.96,0.01,1,6006457,0,2,2026-02-04 18:05:48,2026-02-04 18:20:01,,,,141,233,0,15.96,0.0,0.5,0.0,0.0,1.0,20.71,,,0.75,2512807,data/raw/yellow_taxi/yellow_tripdata_2026-02.parquet,853.0,14.216666666666667,False,False,False,random_seed42
2026-01-09 17:51:49,17,16.86,0.01,3,2781203,0,2,2026-01-09 17:51:49,2026-01-09 18:04:53,,,,224,148,0,16.86,0.0,0.5,0.0,0.0,1.0,21.61,,,0.75,2870863,data/raw/yellow_taxi/yellow_tripdata_2026-01.parquet,784.0,13.066666666666666,False,False,False,random_seed42
2026-03-17 18:37:18,18,28.18,0.01,3,10238532,0,2,2026-03-17 18:37:18,2026-03-17 18:59:26,,,,79,74,0,28.18,0.0,0.5,0.0,0.0,1.0,36.22,,,0.75,3538115,data/raw/yellow_taxi/yellow_tripdata_2026-03.parquet,1328.0,22.133333333333333,False,False,False,random_seed42
2026-01-10 16:17:40,16,3.0,0.01,3,765358,0,2,2026-01-10 16:17:40,2026-01-10 16:17:54,1.0,1.0,N,140,140,1,3.0,0.0,0.5,20.0,0.0,1.0,27.0,2.5,0.0,0.0,788304,data/raw/yellow_taxi/yellow_tripdata_2026-01.parquet,14.0,0.23333333333333334,False,False,True,random_seed42
2026-01-20 19:08:58,19,21.2,0.01,1,3139116,0,2,2026-01-20 19:08:58,2026-01-20 19:25:38,,,,236,4,0,21.2,0.0,0.5,0.0,0.0,1.0,25.95,,,0.75,3259849,data/raw/yellow_taxi/yellow_tripdata_2026-01.parquet,1000.0,16.666666666666668,False,False,False,random_seed42
2026-03-16 17:41:01,17,46.2,0.01,5,10218688,0,2,2026-03-16 17:41:01,2026-03-16 18:03:02,,,,237,79,0,46.2,0.0,0.5,0.0,0.0,1.0,50.95,,,0.75,3512812,data/raw/yellow_taxi/yellow_tripdata_2026-03.parquet,1321.0,22.016666666666666,False,False,False,random_seed42
2026-01-22 17:21:29,17,35.46,0.01,3,3192303,0,2,2026-01-22 17:21:29,2026-01-22 17:42:01,,,,246,233,0,35.46,0.0,0.5,0.0,0.0,1.0,40.21,,,0.75,3318440,data/raw/yellow_taxi/yellow_tripdata_2026-01.parquet,1232.0,20.533333333333335,False,False,False,random_seed42
2026-02-26 16:49:22,16,18.49,0.01,3,6717809,0,2,2026-02-26 16:49:22,2026-02-26 17:04:26,,,,75,238,0,18.49,0.0,0.5,0.0,0.0,1.0,22.49,,,0.0,3295932,data/raw/yellow_taxi/yellow_tripdata_2026-02.parquet,904.0,15.066666666666666,False,False,False,random_seed42
2026-01-12 18:28:26,18,26.84,0.01,1,2888173,0,2,2026-01-12 18:28:26,2026-01-12 18:49:56,,,,143,234,0,26.84,0.0,0.5,0.0,0.0,1.0,31.59,,,0.75,2982678,data/raw/yellow_taxi/yellow_tripdata_2026-01.parquet,1290.0,21.5,False,False,False,random_seed42
2026-03-05 16:34:28,16,29.2,0.01,9,9879945,0,2,2026-03-05 16:34:28,2026-03-05 16:54:19,,,,48,79,0,29.2,0.0,0.5,0.0,0.0,1.0,37.34,,,0.75,3139185,data/raw/yellow_taxi/yellow_tripdata_2026-03.parquet,1191.0,19.85,False,False,False,random_seed42
2026-02-11 19:05:26,19,22.18,0.01,3,6285343,0,2,2026-02-11 19:05:26,2026-02-11 19:24:50,,,,161,262,0,22.18,0.0,0.5,0.0,0.0,1.0,29.62,,,0.75,2815686,data/raw/yellow_taxi/yellow_tripdata_2026-02.parquet,1164.0,19.4,False,False,False,random_seed42
2026-02-12 16:11:19,16,14.85,0.01,3,6311931,0,2,2026-02-12 16:11:19,2026-02-12 16:18:18,,,,13,158,0,14.85,0.0,0.5,0.98,0.0,1.0,20.58,,,0.75,2843575,data/raw/yellow_taxi/yellow_tripdata_2026-02.parquet,419.0,6.983333333333333,False,False,False,random_seed42
2026-01-11 23:47:05,23,3.0,0.01,2,883461,0,2,2026-01-11 23:47:05,2026-01-11 23:47:27,1.0,1.0,N,132,132,4,3.0,1.0,0.5,0.0,0.0,1.0,7.25,0.0,1.75,0.0,909904,data/raw/yellow_taxi/yellow_tripdata_2026-01.parquet,22.0,0.36666666666666664,False,False,True,random_seed42
2026-02-27 19:17:52,19,22.21,0.01,1,6754617,0,2,2026-02-27 19:17:52,2026-02-27 19:29:22,,,,164,164,0,22.21,0.0,0.5,0.0,0.0,1.0,29.65,,,0.75,3343403,data/raw/yellow_taxi/yellow_tripdata_2026-02.parquet,690.0,11.5,False,False,True,random_seed42
2026-01-27 17:28:28,17,17.64,0.01,3,3364251,0,2,2026-01-27 17:28:28,2026-01-27 17:39:50,,,,237,142,0,17.64,0.0,0.5,0.0,0.0,1.0,21.64,,,0.0,3504584,data/raw/yellow_taxi/yellow_tripdata_2026-01.parquet,682.0,11.366666666666667,False,False,False,random_seed42
2026-02-16 17:24:21,17,9.19,0.01,1,6462876,0,2,2026-02-16 17:24:21,2026-02-16 17:31:38,,,,163,162,0,9.19,0.0,0.5,0.0,0.0,1.0,15.94,,,0.75,3007809,data/raw/yellow_taxi/yellow_tripdata_2026-02.parquet,437.0,7.283333333333333,False,False,False,random_seed42
2026-02-03 19:46:06,19,10.3,0.01,1,5977034,0,2,2026-02-03 19:46:06,2026-02-03 19:58:27,,,,41,74,0,10.3,0.0,0.5,0.0,0.0,1.0,11.8,,,0.0,2479448,data/raw/yellow_taxi/yellow_tripdata_2026-02.parquet,741.0,12.35,False,False,False,random_seed42
2026-01-18 01:06:24,1,70.0,0.01,1,1448681,0,2,2026-01-18 01:06:24,2026-01-18 01:06:28,1.0,2.0,N,162,162,2,70.0,0.0,0.5,0.0,0.0,1.0,74.75,2.5,0.0,0.75,1489168,data/raw/yellow_taxi/yellow_tripdata_2026-01.parquet,4.0,0.06666666666666667,False,False,True,random_seed42
2026-02-24 18:58:48,18,29.99,0.01,1,6664468,0,2,2026-02-24 18:58:48,2026-02-24 19:08:28,,,,233,107,0,29.99,0.0,0.5,0.0,0.0,1.0,34.74,,,0.75,3234396,data/raw/yellow_taxi/yellow_tripdata_2026-02.parquet,580.0,9.666666666666666,False,False,False,random_seed42
2026-03-04 19:32:01,19,26.18,0.01,3,9856091,0,2,2026-03-04 19:32:01,2026-03-04 19:41:52,,,,162,142,0,26.18,0.0,0.5,0.0,0.0,1.0,30.93,,,0.75,3114718,data/raw/yellow_taxi/yellow_tripdata_2026-03.parquet,591.0,9.85,False,False,False,random_seed42
2026-02-27 17:34:21,17,27.18,0.01,1,6750427,0,2,2026-02-27 17:34:21,2026-02-27 17:58:11,,,,145,36,0,27.18,0.0,0.5,0.0,0.0,1.0,28.68,,,0.0,3335304,data/raw/yellow_taxi/yellow_tripdata_2026-02.parquet,1430.0,23.833333333333332,False,False,False,random_seed42
2026-03-24 17:19:59,17,21.54,0.01,1,10448404,0,2,2026-03-24 17:19:59,2026-03-24 17:31:32,,,,230,186,0,21.54,0.0,0.5,0.0,0.0,1.0,26.29,,,0.75,3766757,data/raw/yellow_taxi/yellow_tripdata_2026-03.parquet,693.0,11.55,False,False,False,random_seed42
2026-02-04 11:35:26,11,38.0,0.01,3,3827242,0,2,2026-02-04 11:35:26,2026-02-04 11:36:12,1.0,5.0,N,48,48,1,38.0,0.0,0.0,8.45,0.0,1.0,50.7,2.5,0.0,0.75,273988,data/raw/yellow_taxi/yellow_tripdata_2026-02.parquet,46.0,0.7666666666666667,False,False,True,random_seed42
2026-03-27 16:03:14,16,37.21,0.01,3,10515596,0,2,2026-03-27 16:03:14,2026-03-27 16:32:31,,,,162,41,0,37.21,0.0,0.5,0.0,0.0,1.0,41.96,,,0.75,3840770,data/raw/yellow_taxi/yellow_tripdata_2026-03.parquet,1757.0,29.283333333333335,False,False,False,random_seed42
2026-02-11 19:08:32,19,43.17,0.01,3,6285508,0,2,2026-02-11 19:08:32,2026-02-11 19:47:22,,,,52,36,0,43.17,0.0,0.5,0.0,0.0,1.0,44.67,,,0.0,2815964,data/raw/yellow_taxi/yellow_tripdata_2026-02.parquet,2330.0,38.833333333333336,False,False,False,random_seed42
2026-01-29 18:55:32,18,31.2,0.01,1,3439677,0,2,2026-01-29 18:55:32,2026-01-29 19:08:25,,,,79,249,0,31.2,0.0,0.5,0.0,0.0,1.0,35.95,,,0.75,3593039,data/raw/yellow_taxi/yellow_tripdata_2026-01.parquet,773.0,12.883333333333333,False,False,False,random_seed42
2026-01-16 16:26:24,16,29.54,0.01,1,2993288,0,2,2026-01-16 16:26:24,2026-01-16 16:45:13,,,,249,230,0,29.54,0.0,0.5,0.0,0.0,1.0,34.29,,,0.75,3101817,data/raw/yellow_taxi/yellow_tripdata_2026-01.parquet,1129.0,18.816666666666666,False,False,False,random_seed42
2026-02-04 16:01:01,16,48.22,0.01,1,6003981,0,2,2026-02-04 16:01:01,2026-02-04 16:55:42,,,,186,138,0,48.22,0.0,0.5,2.0,7.46,1.0,62.43,,,0.75,2507419,data/raw/yellow_taxi/yellow_tripdata_2026-02.parquet,3281.0,54.68333333333333,False,False,False,random_seed42
2026-02-25 17:30:12,17,18.49,0.01,3,6690634,0,2,2026-02-25 17:30:12,2026-02-25 17:46:07,,,,233,141,0,18.49,0.0,0.5,0.0,0.0,1.0,23.24,,,0.75,3264185,data/raw/yellow_taxi/yellow_tripdata_2026-02.parquet,955.0,15.916666666666666,False,False,False,random_seed42
2026-01-16 12:12:36,12,87.5,0.01,1,1296538,0,2,2026-01-16 12:12:36,2026-01-16 12:12:42,1.0,5.0,N,134,134,1,87.5,0.0,0.0,17.7,0.0,1.0,106.2,0.0,0.0,0.0,1332861,data/raw/yellow_taxi/yellow_tripdata_2026-01.parquet,6.0,0.1,False,False,True,random_seed42
2026-01-28 18:00:35,18,34.98,0.01,3,3401958,0,2,2026-01-28 18:00:35,2026-01-28 18:19:36,,,,233,224,0,34.98,0.0,0.5,0.0,0.0,1.0,39.73,,,0.75,3550080,data/raw/yellow_taxi/yellow_tripdata_2026-01.parquet,1141.0,19.016666666666666,False,False,False,random_seed42
2026-02-11 19:46:55,19,11.81,0.01,3,6285774,0,2,2026-02-11 19:46:55,2026-02-11 19:54:19,,,,74,262,0,11.81,0.0,0.5,0.0,0.0,1.0,15.81,,,0.0,2816444,data/raw/yellow_taxi/yellow_tripdata_2026-02.parquet,444.0,7.4,False,False,False,random_seed42
2026-01-15 17:59:48,17,15.81,0.01,1,2961894,0,2,2026-01-15 17:59:48,2026-01-15 18:12:38,,,,143,166,0,15.81,0.0,0.5,0.0,0.0,1.0,20.81,,,0.0,3066578,data/raw/yellow_taxi/yellow_tripdata_2026-01.parquet,770.0,12.833333333333334,False,False,False,random_seed42
2026-02-13 19:37:17,19,27.2,0.01,1,6353646,0,2,2026-02-13 19:37:17,2026-02-13 19:59:29,,,,48,162,0,27.2,0.0,0.5,0.0,0.0,1.0,31.95,,,0.75,2896256,data/raw/yellow_taxi/yellow_tripdata_2026-02.parquet,1332.0,22.2,False,False,False,random_seed42
2026-01-20 18:35:36,18,14.22,0.01,1,3138043,0,2,2026-01-20 18:35:36,2026-01-20 18:46:29,,,,24,116,0,14.22,0.0,0.5,0.0,0.0,1.0,15.72,,,0.0,3257767,data/raw/yellow_taxi/yellow_tripdata_2026-01.parquet,653.0,10.883333333333333,False,False,False,random_seed42
2026-02-27 17:54:13,17,17.96,0.01,1,6749807,0,2,2026-02-27 17:54:13,2026-02-27 18:12:36,,,,141,137,0,17.96,0.0,0.5,0.0,0.0,1.0,24.15,,,0.0,3333884,data/raw/yellow_taxi/yellow_tripdata_2026-02.parquet,1103.0,18.383333333333333,False,False,False,random_seed42
2026-03-02 19:10:21,19,26.8,0.01,3,9809618,0,2,2026-03-02 19:10:21,2026-03-02 19:29:10,,,,140,48,0,26.8,0.0,0.5,0.0,0.0,1.0,35.39,,,0.75,3058535,data/raw/yellow_taxi/yellow_tripdata_2026-03.parquet,1129.0,18.816666666666666,False,False,False,random_seed42
2026-03-19 19:02:25,19,34.2,0.01,3,10294173,0,2,2026-03-19 19:02:25,2026-03-19 19:22:33,,,,164,125,0,34.2,0.0,0.5,0.0,0.0,1.0,46.74,,,0.75,3603070,data/raw/yellow_taxi/yellow_tripdata_2026-03.parquet,1208.0,20.133333333333333,False,False,False,random_seed42
2026-03-12 19:36:49,19,7.88,0.01,8,10087000,0,2,2026-03-12 19:36:49,2026-03-12 19:41:43,,,,236,236,0,7.88,0.0,0.5,0.0,0.0,1.0,11.88,,,0.0,3373090,data/raw/yellow_taxi/yellow_tripdata_2026-03.parquet,294.0,4.9,False,False,True,random_seed42
2026-02-17 19:45:15,19,14.27,0.01,5,6480180,0,2,2026-02-17 19:45:15,2026-02-17 19:55:12,,,,152,74,0,14.27,0.0,0.5,0.0,0.0,1.0,15.77,,,0.0,3029105,data/raw/yellow_taxi/yellow_tripdata_2026-02.parquet,597.0,9.95,False,False,False,random_seed42
2026-03-14 19:20:02,19,87.0,0.01,2,8141651,0,2,2026-03-14 19:20:02,2026-03-14 19:20:08,2.0,5.0,N,132,132,1,87.0,0.0,0.0,0.0,0.0,1.0,89.75,0.0,1.75,0.0,1359265,data/raw/yellow_taxi/yellow_tripdata_2026-03.parquet,6.0,0.1,False,False,True,random_seed42
2026-03-06 16:44:36,16,3.0,0.01,3,7331236,0,2,2026-03-06 16:44:36,2026-03-06 16:44:39,1.0,1.0,N,132,132,2,3.0,2.5,0.5,0.0,0.0,1.0,7.0,0.0,0.0,0.0,531595,data/raw/yellow_taxi/yellow_tripdata_2026-03.parquet,3.0,0.05,False,False,True,random_seed42
2026-01-10 13:21:29,13,70.0,0.01,3,744032,0,2,2026-01-10 13:21:29,2026-01-10 13:21:38,2.0,2.0,N,163,163,2,70.0,0.0,0.5,0.0,0.0,1.0,74.75,2.5,0.0,0.75,766466,data/raw/yellow_taxi/yellow_tripdata_2026-01.parquet,9.0,0.15,False,False,True,random_seed42
2026-02-04 17:24:58,17,56.73,0.01,1,6005212,0,2,2026-02-04 17:24:58,2026-02-04 18:27:06,,,,225,229,0,56.73,0.0,0.5,0.0,7.46,1.0,68.94,,,0.75,2509987,data/raw/yellow_taxi/yellow_tripdata_2026-02.parquet,3728.0,62.13333333333333,False,False,False,random_seed42
2026-01-09 18:07:33,18,18.42,0.01,3,2782646,0,2,2026-01-09 18:07:33,2026-01-09 18:24:14,,,,75,141,0,18.42,0.0,0.5,0.0,0.0,1.0,27.8,,,0.75,2874017,data/raw/yellow_taxi/yellow_tripdata_2026-01.parquet,1001.0,16.683333333333334,False,False,False,random_seed42
2026-02-25 16:02:26,16,12.33,0.01,3,6689719,0,2,2026-02-25 16:02:26,2026-02-25 16:13:22,,,,76,180,0,12.33,0.0,0.5,0.0,0.0,1.0,13.83,,,0.0,3262371,data/raw/yellow_taxi/yellow_tripdata_2026-02.parquet,656.0,10.933333333333334,False,False,False,random_seed42
2026-03-01 11:16:45,11,70.0,0.01,3,6834809,0,2,2026-03-01 11:16:45,2026-03-01 11:16:51,4.0,2.0,N,107,107,2,70.0,0.0,0.5,0.0,0.0,1.0,74.75,2.5,0.0,0.75,24995,data/raw/yellow_taxi/yellow_tripdata_2026-03.parquet,6.0,0.1,False,False,True,random_seed42
2026-02-16 18:54:05,18,23.57,0.01,1,6462994,0,2,2026-02-16 18:54:05,2026-02-16 19:14:43,,,,238,243,0,23.57,0.0,0.5,0.0,0.0,1.0,27.57,,,0.0,3008143,data/raw/yellow_taxi/yellow_tripdata_2026-02.parquet,1238.0,20.633333333333333,False,False,False,random_seed42
2026-02-23 18:54:48,18,20.02,0.01,16,6642044,0,2,2026-02-23 18:54:48,2026-02-23 19:05:23,,,,137,237,0,20.02,0.0,0.5,0.0,0.0,1.0,24.77,,,0.75,3207341,data/raw/yellow_taxi/yellow_tripdata_2026-02.parquet,635.0,10.583333333333334,False,False,False,random_seed42
2026-01-22 17:36:41,17,34.18,0.01,3,3192817,0,2,2026-01-22 17:36:41,2026-01-22 18:07:12,,,,162,143,0,34.18,0.0,0.5,0.0,0.0,1.0,38.93,,,0.75,3319682,data/raw/yellow_taxi/yellow_tripdata_2026-01.parquet,1831.0,30.516666666666666,False,False,False,random_seed42
2026-03-06 18:30:27,18,29.27,0.01,3,9917010,0,2,2026-03-06 18:30:27,2026-03-06 18:57:52,,,,256,37,0,29.27,0.0,0.5,0.0,0.0,1.0,36.96,,,0.0,3184766,data/raw/yellow_taxi/yellow_tripdata_2026-03.parquet,1645.0,27.416666666666668,False,False,False,random_seed42
2026-02-26 17:25:40,17,30.92,0.01,3,6718800,0,2,2026-02-26 17:25:40,2026-02-26 17:55:43,,,,263,107,0,30.92,0.0,0.5,0.0,0.0,1.0,35.67,,,0.75,3297914,data/raw/yellow_taxi/yellow_tripdata_2026-02.parquet,1803.0,30.05,False,False,False,random_seed42
2026-02-09 18:37:10,18,39.83,0.01,2,6235525,0,2,2026-02-09 18:37:10,2026-02-09 19:07:41,,,,186,244,0,39.83,0.0,0.5,0.0,0.0,1.0,44.58,,,0.75,2756922,data/raw/yellow_taxi/yellow_tripdata_2026-02.parquet,1831.0,30.516666666666666,False,False,False,random_seed42
2026-03-03 18:35:21,18,52.52,0.01,12,9829896,0,2,2026-03-03 18:35:21,2026-03-03 18:46:52,,,,230,230,0,52.52,0.0,0.5,0.0,0.0,1.0,57.27,,,0.75,3083522,data/raw/yellow_taxi/yellow_tripdata_2026-03.parquet,691.0,11.516666666666667,False,False,True,random_seed42
2026-03-20 18:06:44,18,25.51,0.01,3,10324913,0,2,2026-03-20 18:06:44,2026-03-20 18:18:46,,,,113,233,0,25.51,0.0,0.5,0.0,0.0,1.0,30.26,,,0.75,3636938,data/raw/yellow_taxi/yellow_tripdata_2026-03.parquet,722.0,12.033333333333333,False,False,False,random_seed42
2026-03-05 17:58:47,17,18.18,0.01,5,9881168,0,2,2026-03-05 17:58:47,2026-03-05 18:10:08,,,,4,233,0,18.18,0.0,0.5,0.0,0.0,1.0,22.93,,,0.75,3141731,data/raw/yellow_taxi/yellow_tripdata_2026-03.parquet,681.0,11.35,False,False,False,random_seed42
2026-02-26 18:02:14,18,46.04,0.01,3,6719769,0,2,2026-02-26 18:02:14,2026-02-26 18:34:53,,,,237,249,0,46.04,0.0,0.5,0.0,0.0,1.0,55.86,,,0.75,3299934,data/raw/yellow_taxi/yellow_tripdata_2026-02.parquet,1959.0,32.65,False,False,False,random_seed42
2026-03-24 17:42:44,17,44.32,0.01,1,10448395,0,2,2026-03-24 17:42:44,2026-03-24 18:06:37,,,,263,90,0,44.32,0.0,0.5,0.0,0.0,1.0,49.07,,,0.75,3766741,data/raw/yellow_taxi/yellow_tripdata_2026-03.parquet,1433.0,23.883333333333333,False,False,False,random_seed42
2026-01-16 16:35:45,16,16.09,0.01,1,2993273,0,2,2026-01-16 16:35:45,2026-01-16 16:49:52,,,,160,226,0,16.09,0.0,0.5,0.0,0.0,1.0,17.59,,,0.0,3101790,data/raw/yellow_taxi/yellow_tripdata_2026-01.parquet,847.0,14.116666666666667,False,False,False,random_seed42
2026-02-20 19:36:10,19,14.07,0.01,9,6553878,0,2,2026-02-20 19:36:10,2026-02-20 19:46:12,,,,244,127,0,14.07,0.0,0.5,0.0,0.0,1.0,15.57,,,0.0,3116347,data/raw/yellow_taxi/yellow_tripdata_2026-02.parquet,602.0,10.033333333333333,False,False,False,random_seed42
2026-02-02 18:06:18,18,24.2,0.01,1,5948215,0,2,2026-02-02 18:06:18,2026-02-02 18:22:36,,,,231,148,0,24.2,0.0,0.5,0.0,0.0,1.0,28.95,,,0.75,2445521,data/raw/yellow_taxi/yellow_tripdata_2026-02.parquet,978.0,16.3,False,False,False,random_seed42
2026-03-30 18:27:35,18,12.18,0.01,2,10598745,0,2,2026-03-30 18:27:35,2026-03-30 18:35:46,,,,262,162,0,12.18,0.0,0.5,0.0,0.0,1.0,19.93,,,0.75,3927768,data/raw/yellow_taxi/yellow_tripdata_2026-03.parquet,491.0,8.183333333333334,False,False,False,random_seed42
2026-01-15 15:11:28,15,3.0,0.01,3,1210876,0,2,2026-01-15 15:11:28,2026-01-15 15:11:35,2.0,1.0,N,216,216,4,3.0,0.0,0.5,0.0,0.0,1.0,4.5,0.0,0.0,0.0,1245102,data/raw/yellow_taxi/yellow_tripdata_2026-01.parquet,7.0,0.11666666666666667,False,False,True,random_seed42
2026-02-06 18:29:57,18,46.02,0.01,3,6072774,0,2,2026-02-06 18:29:57,2026-02-06 18:50:44,,,,142,113,0,46.02,0.0,0.5,0.0,0.0,1.0,50.77,,,0.75,2588684,data/raw/yellow_taxi/yellow_tripdata_2026-02.parquet,1247.0,20.783333333333335,False,False,False,random_seed42
2026-01-23 19:44:04,19,11.12,0.01,3,3225274,0,2,2026-01-23 19:44:04,2026-01-23 19:51:55,,,,246,68,0,11.12,0.0,0.5,0.0,0.0,1.0,15.87,,,0.75,3358476,data/raw/yellow_taxi/yellow_tripdata_2026-01.parquet,471.0,7.85,False,False,False,random_seed42
2026-02-19 18:13:39,18,30.16,0.01,3,6524082,0,2,2026-02-19 18:13:39,2026-02-19 18:35:20,,,,26,25,0,30.16,0.0,0.5,0.0,0.0,1.0,31.66,,,0.0,3080102,data/raw/yellow_taxi/yellow_tripdata_2026-02.parquet,1301.0,21.683333333333334,False,False,False,random_seed42
2026-03-30 17:07:21,17,34.24,0.01,1,10598596,0,2,2026-03-30 17:07:21,2026-03-30 17:30:39,,,,87,262,0,34.24,0.0,0.5,0.0,0.0,1.0,38.99,,,0.75,3927427,data/raw/yellow_taxi/yellow_tripdata_2026-03.parquet,1398.0,23.3,False,False,False,random_seed42
2026-01-24 19:45:16,19,10.19,0.01,3,3279397,0,2,2026-01-24 19:45:16,2026-01-24 19:45:37,,,,144,144,0,10.19,0.0,0.5,0.0,0.0,1.0,14.94,,,0.75,3413836,data/raw/yellow_taxi/yellow_tripdata_2026-01.parquet,21.0,0.35,False,False,True,random_seed42
2026-01-27 18:30:54,18,19.79,0.01,3,3365430,0,2,2026-01-27 18:30:54,2026-01-27 18:40:38,,,,238,166,0,19.79,0.0,0.5,0.0,0.0,1.0,23.79,,,0.0,3507156,data/raw/yellow_taxi/yellow_tripdata_2026-01.parquet,584.0,9.733333333333333,False,False,False,random_seed42
2026-01-22 10:17:06,10,16.0,0.01,3,1795004,0,2,2026-01-22 10:17:06,2026-01-22 10:17:14,1.0,5.0,N,140,140,1,16.0,0.0,0.5,6.0,0.0,1.0,26.0,2.5,0.0,0.0,1844573,data/raw/yellow_taxi/yellow_tripdata_2026-01.parquet,8.0,0.13333333333333333,False,False,True,random_seed42
2026-01-22 18:08:50,18,35.24,0.01,3,3193731,0,2,2026-01-22 18:08:50,2026-01-22 18:28:19,,,,211,186,0,35.24,0.0,0.5,0.0,0.0,1.0,39.99,,,0.75,3321640,data/raw/yellow_taxi/yellow_tripdata_2026-01.parquet,1169.0,19.483333333333334,False,False,False,random_seed42
2026-03-13 18:06:34,18,3.7,0.01,3,8034225,0,2,2026-03-13 18:06:34,2026-03-13 18:08:12,1.0,1.0,N,186,186,4,3.7,2.5,0.5,0.0,0.0,1.0,10.95,2.5,0.0,0.75,1249526,data/raw/yellow_taxi/yellow_tripdata_2026-03.parquet,98.0,1.6333333333333333,False,False,True,random_seed42
2026-02-26 18:41:29,18,12.0,0.01,3,6720269,0,2,2026-02-26 18:41:29,2026-02-26 18:50:38,,,,232,4,0,12.0,0.0,0.5,0.0,0.0,1.0,16.75,,,0.75,3301286,data/raw/yellow_taxi/yellow_tripdata_2026-02.parquet,549.0,9.15,False,False,False,random_seed42
2026-02-05 19:03:49,19,41.14,0.01,1,6039836,0,2,2026-02-05 19:03:49,2026-02-05 19:38:43,,,,233,244,0,41.14,0.0,0.5,0.0,0.0,1.0,45.89,,,0.75,2552166,data/raw/yellow_taxi/yellow_tripdata_2026-02.parquet,2094.0,34.9,False,False,False,random_seed42
2026-01-28 18:03:50,18,20.77,0.01,3,3402053,0,2,2026-01-28 18:03:50,2026-01-28 18:05:32,,,,33,33,0,20.77,0.0,0.5,5.41,0.0,1.0,27.68,,,0.0,3550351,data/raw/yellow_taxi/yellow_tripdata_2026-01.parquet,102.0,1.7,False,False,True,random_seed42
2026-03-30 12:11:19,12,23.0,0.01,1,9611871,0,2,2026-03-30 12:11:19,2026-03-30 12:11:24,1.0,3.0,N,162,161,1,23.0,0.0,0.0,4.95,0.0,1.0,29.7,0.0,0.0,0.75,2854807,data/raw/yellow_taxi/yellow_tripdata_2026-03.parquet,5.0,0.08333333333333333,False,False,False,random_seed42
2026-02-25 14:57:12,14,3.0,0.01,14,5548408,0,2,2026-02-25 14:57:12,2026-02-25 14:57:56,2.0,1.0,N,70,70,2,3.0,5.0,0.5,0.0,0.0,1.0,11.25,0.0,1.75,0.0,2035569,data/raw/yellow_taxi/yellow_tripdata_2026-02.parquet,44.0,0.7333333333333333,False,False,True,random_seed42
2026-02-13 19:04:08,19,22.55,0.01,1,6354219,0,2,2026-02-13 19:04:08,2026-02-13 19:20:16,,,,125,164,0,22.55,0.0,0.5,0.0,0.0,1.0,27.3,,,0.75,2897288,data/raw/yellow_taxi/yellow_tripdata_2026-02.parquet,968.0,16.133333333333333,False,False,False,random_seed42
2026-03-12 17:04:00,17,32.2,0.01,9,10083605,0,2,2026-03-12 17:04:00,2026-03-12 17:10:50,,,,246,90,0,32.2,0.0,0.5,0.0,0.0,1.0,36.95,,,0.75,3365933,data/raw/yellow_taxi/yellow_tripdata_2026-03.parquet,410.0,6.833333333333333,False,False,False,random_seed42
2026-01-22 18:53:01,18,32.45,0.01,3,3193630,0,2,2026-01-22 18:53:01,2026-01-22 19:15:03,,,,236,209,0,32.45,0.0,0.5,0.0,0.0,1.0,42.62,,,0.75,3321392,data/raw/yellow_taxi/yellow_tripdata_2026-01.parquet,1322.0,22.033333333333335,False,False,False,random_seed42
2026-02-18 17:43:27,17,42.19,0.01,5,6499604,0,2,2026-02-18 17:43:27,2026-02-18 17:51:57,,,,186,234,0,42.19,0.0,0.5,0.0,0.0,1.0,46.94,,,0.75,3050193,data/raw/yellow_taxi/yellow_tripdata_2026-02.parquet,510.0,8.5,False,False,False,random_seed42
2026-01-26 19:21:26,19,21.77,0.01,3,3335589,0,2,2026-01-26 19:21:26,2026-01-26 19:36:26,,,,52,88,0,21.77,0.0,0.5,0.0,7.46,1.0,33.98,,,0.75,3474136,data/raw/yellow_taxi/yellow_tripdata_2026-01.parquet,900.0,15.0,False,False,False,random_seed42
2026-03-25 18:33:55,18,24.19,0.01,3,10470622,0,2,2026-03-25 18:33:55,2026-03-25 18:48:27,,,,143,263,0,24.19,0.0,0.5,0.0,0.0,1.0,28.94,,,0.75,3791680,data/raw/yellow_taxi/yellow_tripdata_2026-03.parquet,872.0,14.533333333333333,False,False,False,random_seed42
2026-02-13 18:15:06,18,49.96,0.01,1,6351564,0,2,2026-02-13 18:15:06,2026-02-13 18:46:59,,,,142,79,0,49.96,0.0,0.5,0.0,0.0,1.0,54.71,,,0.75,2892488,data/raw/yellow_taxi/yellow_tripdata_2026-02.parquet,1913.0,31.883333333333333,False,False,False,random_seed42
2026-02-10 17:06:12,17,33.18,0.01,3,6257000,0,2,2026-02-10 17:06:12,2026-02-10 17:26:55,,,,238,162,0,33.18,0.0,0.5,0.0,0.0,1.0,37.93,,,0.75,2780626,data/raw/yellow_taxi/yellow_tripdata_2026-02.parquet,1243.0,20.716666666666665,False,False,False,random_seed42
2026-02-02 17:40:24,17,12.19,0.01,1,5947422,0,2,2026-02-02 17:40:24,2026-02-02 17:50:33,,,,114,79,0,12.19,0.0,0.5,0.0,0.0,1.0,16.94,,,0.75,2443874,data/raw/yellow_taxi/yellow_tripdata_2026-02.parquet,609.0,10.15,False,False,False,random_seed42
2026-02-27 19:34:11,19,30.94,0.01,1,6753584,0,2,2026-02-27 19:34:11,2026-02-27 19:47:27,,,,211,234,0,30.94,0.0,0.5,0.0,0.0,1.0,39.1,,,0.75,3341543,data/raw/yellow_taxi/yellow_tripdata_2026-02.parquet,796.0,13.266666666666667,False,False,False,random_seed42
2026-02-20 17:14:04,17,9.95,0.01,8,6550743,0,2,2026-02-20 17:14:04,2026-02-20 17:21:03,,,,236,263,0,9.95,0.0,0.5,0.0,0.0,1.0,13.95,,,0.0,3110022,data/raw/yellow_taxi/yellow_tripdata_2026-02.parquet,419.0,6.983333333333333,False,False,False,random_seed42
2026-01-20 18:53:22,18,14.13,0.01,1,3138049,0,2,2026-01-20 18:53:22,2026-01-20 19:03:01,,,,144,249,0,14.13,0.0,0.5,0.0,0.0,1.0,18.88,,,0.75,3257780,data/raw/yellow_taxi/yellow_tripdata_2026-01.parquet,579.0,9.65,False,False,False,random_seed42
2026-01-27 16:21:12,16,47.55,0.01,2,3363336,0,2,2026-01-27 16:21:12,2026-01-27 16:50:41,,,,152,75,0,47.55,0.0,0.5,0.0,0.0,1.0,49.05,,,0.0,3502581,data/raw/yellow_taxi/yellow_tripdata_2026-01.parquet,1769.0,29.483333333333334,False,False,False,random_seed42
2026-02-15 18:35:12,18,70.0,0.01,3,4838260,0,2,2026-02-15 18:35:12,2026-02-15 18:35:39,1.0,2.0,N,249,249,2,70.0,0.0,0.5,0.0,0.0,1.0,74.75,2.5,0.0,0.75,1309657,data/raw/yellow_taxi/yellow_tripdata_2026-02.parquet,27.0,0.45,False,False,True,random_seed42
2026-01-02 18:03:06,18,3.0,0.01,3,118350,0,2,2026-01-02 18:03:06,2026-01-02 18:51:20,1.0,1.0,N,13,68,2,3.0,0.0,0.5,0.0,0.0,1.0,7.75,2.5,0.0,0.75,122815,data/raw/yellow_taxi/yellow_tripdata_2026-01.parquet,2894.0,48.233333333333334,False,False,False,spread_source_order
2026-01-03 04:12:04,4,50.0,0.01,3,143622,0,2,2026-01-03 04:12:04,2026-01-03 04:12:17,1.0,5.0,N,87,87,1,50.0,0.0,0.0,10.85,0.0,1.0,65.1,2.5,0.0,0.75,149108,data/raw/yellow_taxi/yellow_tripdata_2026-01.parquet,13.0,0.21666666666666667,False,False,True,spread_source_order
2026-01-03 15:41:39,15,4.4,0.01,3,175948,0,2,2026-01-03 15:41:39,2026-01-03 15:44:00,1.0,1.0,N,100,68,2,4.4,0.0,0.5,0.0,0.0,1.0,9.15,2.5,0.0,0.75,182417,data/raw/yellow_taxi/yellow_tripdata_2026-01.parquet,141.0,2.35,False,False,False,spread_source_order
2026-01-03 23:48:58,23,51.0,0.01,3,214341,0,2,2026-01-03 23:48:58,2026-01-03 23:49:33,4.0,5.0,N,265,265,1,51.0,0.0,0.0,0.0,14.06,1.0,66.06,0.0,0.0,0.0,222042,data/raw/yellow_taxi/yellow_tripdata_2026-01.parquet,35.0,0.5833333333333334,False,False,True,spread_source_order
2026-01-04 13:48:13,13,3.0,0.01,2,241057,0,2,2026-01-04 13:48:13,2026-01-04 13:48:20,1.0,1.0,N,90,90,1,3.0,0.0,0.5,1.55,0.0,1.0,9.3,2.5,0.0,0.75,249750,data/raw/yellow_taxi/yellow_tripdata_2026-01.parquet,7.0,0.11666666666666667,False,False,True,spread_source_order
2026-01-04 20:50:53,20,70.0,0.01,2,270455,0,2,2026-01-04 20:50:53,2026-01-04 20:51:01,1.0,2.0,N,151,151,2,70.0,0.0,0.5,0.0,0.0,1.0,71.5,0.0,0.0,0.0,280103,data/raw/yellow_taxi/yellow_tripdata_2026-01.parquet,8.0,0.13333333333333333,False,False,True,spread_source_order
2026-01-05 11:50:21,11,70.0,0.01,2,300955,0,2,2026-01-05 11:50:21,2026-01-05 11:50:28,1.0,2.0,N,162,162,4,70.0,0.0,0.5,0.0,0.0,1.0,74.75,2.5,0.0,0.75,311591,data/raw/yellow_taxi/yellow_tripdata_2026-01.parquet,7.0,0.11666666666666667,False,False,True,spread_source_order
2026-01-05 18:54:28,18,103.44,0.01,3,337626,0,2,2026-01-05 18:54:28,2026-01-05 18:54:38,2.0,5.0,N,79,79,1,103.44,0.0,0.0,21.39,0.0,1.0,128.33,2.5,0.0,0.0,349252,data/raw/yellow_taxi/yellow_tripdata_2026-01.parquet,10.0,0.16666666666666666,False,False,True,spread_source_order
2026-01-06 13:37:12,13,70.0,0.01,3,387674,0,2,2026-01-06 13:37:12,2026-01-06 13:37:17,1.0,2.0,N,200,200,2,70.0,0.0,0.5,0.0,0.0,1.0,71.5,0.0,0.0,0.0,400694,data/raw/yellow_taxi/yellow_tripdata_2026-01.parquet,5.0,0.08333333333333333,False,False,True,spread_source_order
2026-01-06 22:50:48,22,85.0,0.01,3,435223,0,2,2026-01-06 22:50:48,2026-01-06 22:50:56,4.0,5.0,N,238,238,1,85.0,0.0,0.0,23.99,7.46,1.0,119.95,2.5,0.0,0.0,449491,data/raw/yellow_taxi/yellow_tripdata_2026-01.parquet,8.0,0.13333333333333333,False,False,True,spread_source_order
2026-01-07 14:14:10,14,70.0,0.01,5,473252,0,2,2026-01-07 14:14:10,2026-01-07 14:14:29,1.0,2.0,N,145,145,2,70.0,0.0,0.5,0.0,0.0,1.0,71.5,0.0,0.0,0.0,488525,data/raw/yellow_taxi/yellow_tripdata_2026-01.parquet,19.0,0.31666666666666665,False,False,True,spread_source_order
2026-01-07 19:35:23,19,23.0,0.01,3,503255,0,2,2026-01-07 19:35:23,2026-01-07 19:35:32,3.0,3.0,N,262,262,2,23.0,2.5,0.0,0.0,0.0,1.0,26.5,0.0,0.0,0.0,519332,data/raw/yellow_taxi/yellow_tripdata_2026-01.parquet,9.0,0.15,False,False,True,spread_source_order
2026-01-08 11:59:39,11,64.0,0.01,1,549734,0,2,2026-01-08 11:59:39,2026-01-08 11:59:42,1.0,5.0,N,193,107,4,64.0,0.0,0.0,0.0,0.0,1.0,65.0,0.0,0.0,0.0,566968,data/raw/yellow_taxi/yellow_tripdata_2026-01.parquet,3.0,0.05,False,False,False,spread_source_order
2026-01-08 17:56:20,17,85.0,0.01,1,583378,0,2,2026-01-08 17:56:20,2026-01-08 17:56:27,1.0,5.0,N,234,234,1,85.0,0.0,0.0,17.85,0.0,1.0,107.1,2.5,0.0,0.75,601468,data/raw/yellow_taxi/yellow_tripdata_2026-01.parquet,7.0,0.11666666666666667,False,False,True,spread_source_order
2026-01-09 06:45:18,6,70.0,0.01,1,622140,0,2,2026-01-09 06:45:18,2026-01-09 06:45:32,2.0,5.0,N,170,170,4,70.0,0.0,0.5,0.0,7.46,1.0,83.96,2.5,1.75,0.75,641389,data/raw/yellow_taxi/yellow_tripdata_2026-01.parquet,14.0,0.23333333333333334,False,False,True,spread_source_order
2026-01-09 14:01:27,14,84.0,0.01,1,656562,0,2,2026-01-09 14:01:27,2026-01-09 14:01:33,1.0,5.0,N,226,226,1,84.0,0.0,0.0,25.5,0.0,1.0,110.5,0.0,0.0,0.0,676580,data/raw/yellow_taxi/yellow_tripdata_2026-01.parquet,6.0,0.1,False,False,True,spread_source_order
2026-01-09 21:39:52,21,30.0,0.01,3,699087,0,2,2026-01-09 21:39:52,2026-01-09 21:39:57,1.0,5.0,N,17,17,1,30.0,0.0,0.0,7.75,0.0,1.0,38.75,0.0,0.0,0.0,720238,data/raw/yellow_taxi/yellow_tripdata_2026-01.parquet,5.0,0.08333333333333333,False,False,True,spread_source_order
2026-01-10 12:14:17,12,80.0,0.01,3,739291,0,2,2026-01-10 12:14:17,2026-01-10 12:14:57,4.0,5.0,N,230,230,1,80.0,0.0,0.0,16.85,0.0,1.0,101.1,2.5,0.0,0.75,761624,data/raw/yellow_taxi/yellow_tripdata_2026-01.parquet,40.0,0.6666666666666666,False,False,True,spread_source_order
2026-01-10 21:19:22,21,3.0,0.01,9,791794,0,2,2026-01-10 21:19:22,2026-01-10 21:20:51,1.0,1.0,N,237,237,2,3.0,1.0,0.5,0.0,0.0,1.0,8.0,2.5,0.0,0.0,815447,data/raw/yellow_taxi/yellow_tripdata_2026-01.parquet,89.0,1.4833333333333334,False,False,True,spread_source_order
2026-01-11 07:02:05,7,58.0,0.01,3,817583,0,2,2026-01-11 07:02:05,2026-01-11 07:02:10,2.0,5.0,N,138,138,1,58.0,5.0,0.0,12.8,0.0,1.0,78.55,0.0,1.75,0.0,842070,data/raw/yellow_taxi/yellow_tripdata_2026-01.parquet,5.0,0.08333333333333333,False,False,True,spread_source_order
2026-01-11 15:39:33,15,85.9,0.01,7,846657,0,2,2026-01-11 15:39:33,2026-01-11 15:39:38,2.0,5.0,N,68,264,1,85.9,0.0,0.0,18.03,0.0,1.0,108.18,2.5,0.0,0.75,871907,data/raw/yellow_taxi/yellow_tripdata_2026-01.parquet,5.0,0.08333333333333333,False,False,False,spread_source_order
2026-01-11 19:15:43,19,3.0,0.01,2,870157,0,2,2026-01-11 19:15:43,2026-01-11 19:16:15,1.0,1.0,N,114,114,3,3.0,0.0,0.5,0.0,0.0,1.0,7.75,2.5,0.0,0.75,896082,data/raw/yellow_taxi/yellow_tripdata_2026-01.parquet,32.0,0.5333333333333333,False,False,True,spread_source_order
2026-01-12 13:28:49,13,70.0,0.01,2,918075,0,2,2026-01-12 13:28:49,2026-01-12 13:29:02,2.0,2.0,N,140,140,4,70.0,0.0,0.5,0.0,0.0,1.0,74.0,2.5,0.0,0.0,945367,data/raw/yellow_taxi/yellow_tripdata_2026-01.parquet,13.0,0.21666666666666667,False,False,True,spread_source_order
2026-01-12 19:07:55,19,3.7,0.01,1,953880,0,2,2026-01-12 19:07:55,2026-01-12 19:09:11,1.0,1.0,N,186,186,2,3.7,2.5,0.5,0.0,0.0,1.0,10.95,2.5,0.0,0.75,982060,data/raw/yellow_taxi/yellow_tripdata_2026-01.parquet,76.0,1.2666666666666666,False,False,True,spread_source_order
2026-01-13 12:17:53,12,85.54,0.01,1,1000412,0,2,2026-01-13 12:17:53,2026-01-13 12:18:00,1.0,5.0,N,216,216,1,85.54,0.0,0.0,18.8,7.46,1.0,112.8,0.0,0.0,0.0,1029720,data/raw/yellow_taxi/yellow_tripdata_2026-01.parquet,7.0,0.11666666666666667,False,False,True,spread_source_order
2026-01-13 18:50:11,18,3.0,0.01,3,1034874,0,2,2026-01-13 18:50:11,2026-01-13 18:50:45,3.0,1.0,N,249,249,2,3.0,2.5,0.5,0.0,0.0,1.0,10.25,2.5,0.0,0.75,1065021,data/raw/yellow_taxi/yellow_tripdata_2026-01.parquet,34.0,0.5666666666666667,False,False,True,spread_source_order
2026-01-14 08:07:28,8,70.0,0.01,3,1074078,0,2,2026-01-14 08:07:28,2026-01-14 08:07:34,1.0,2.0,N,186,186,3,70.0,0.0,0.5,0.0,0.0,1.0,74.75,2.5,0.0,0.75,1105116,data/raw/yellow_taxi/yellow_tripdata_2026-01.parquet,6.0,0.1,False,False,True,spread_source_order
2026-01-14 15:32:05,15,3.0,0.01,3,1109283,0,2,2026-01-14 15:32:05,2026-01-14 15:32:16,1.0,1.0,N,41,41,2,3.0,0.0,0.5,0.0,0.0,1.0,4.5,0.0,0.0,0.0,1141170,data/raw/yellow_taxi/yellow_tripdata_2026-01.parquet,11.0,0.18333333333333332,False,False,True,spread_source_order
2026-01-14 20:04:19,20,97.77,0.01,3,1147004,0,2,2026-01-14 20:04:19,2026-01-14 20:04:24,4.0,5.0,N,132,132,1,97.77,0.0,0.0,10.0,0.0,1.0,110.52,0.0,1.75,0.0,1179707,data/raw/yellow_taxi/yellow_tripdata_2026-01.parquet,5.0,0.08333333333333333,False,False,True,spread_source_order
2026-01-15 09:48:47,9,33.47,0.01,3,1178222,0,2,2026-01-15 09:48:47,2026-01-15 09:48:51,1.0,5.0,N,186,186,1,33.47,0.0,0.0,7.54,0.0,1.0,45.26,2.5,0.0,0.75,1211685,data/raw/yellow_taxi/yellow_tripdata_2026-01.parquet,4.0,0.06666666666666667,False,False,True,spread_source_order
2026-01-15 15:58:39,15,89.0,0.01,3,1210582,0,2,2026-01-15 15:58:39,2026-01-15 16:11:59,1.0,5.0,N,216,132,2,89.0,0.0,0.0,0.0,0.0,1.0,90.0,0.0,0.0,0.0,1244796,data/raw/yellow_taxi/yellow_tripdata_2026-01.parquet,800.0,13.333333333333334,False,False,False,spread_source_order
2026-01-15 19:46:47,19,10.0,0.01,1,1236923,0,2,2026-01-15 19:46:47,2026-01-15 19:46:54,1.0,5.0,N,236,236,1,10.0,0.0,0.0,1.0,0.0,1.0,14.5,2.5,0.0,0.0,1271778,data/raw/yellow_taxi/yellow_tripdata_2026-01.parquet,7.0,0.11666666666666667,False,False,True,spread_source_order
2026-01-16 10:57:17,10,70.0,0.01,1,1285292,0,2,2026-01-16 10:57:17,2026-01-16 10:57:25,1.0,2.0,N,234,90,2,70.0,0.0,0.5,0.0,0.0,1.0,74.75,2.5,0.0,0.75,1321370,data/raw/yellow_taxi/yellow_tripdata_2026-01.parquet,8.0,0.13333333333333333,False,False,False,spread_source_order
2026-01-16 15:04:20,15,3.0,0.01,1,1314599,0,2,2026-01-16 15:04:20,2026-01-16 15:04:24,2.0,1.0,N,230,230,4,3.0,0.0,0.5,0.0,0.0,1.0,7.75,2.5,0.0,0.75,1351331,data/raw/yellow_taxi/yellow_tripdata_2026-01.parquet,4.0,0.06666666666666667,False,False,True,spread_source_order
2026-01-16 21:48:04,21,83.0,0.01,3,1350163,0,2,2026-01-16 21:48:04,2026-01-16 21:48:08,1.0,5.0,N,162,162,1,83.0,0.0,0.0,9.0,0.0,1.0,96.25,2.5,0.0,0.75,1387814,data/raw/yellow_taxi/yellow_tripdata_2026-01.parquet,4.0,0.06666666666666667,False,False,True,spread_source_order
2026-01-17 10:23:11,10,70.0,0.01,3,1377996,0,2,2026-01-17 10:23:11,2026-01-17 10:23:27,4.0,2.0,N,164,170,2,70.0,0.0,0.5,0.0,0.0,1.0,74.75,2.5,0.0,0.75,1416562,data/raw/yellow_taxi/yellow_tripdata_2026-01.parquet,16.0,0.26666666666666666,False,False,False,spread_source_order
2026-01-17 16:58:51,16,3.0,0.01,14,1409726,0,2,2026-01-17 16:58:51,2026-01-17 16:59:22,1.0,1.0,N,163,161,4,3.0,0.0,0.5,0.0,0.0,1.0,7.75,2.5,0.0,0.75,1449053,data/raw/yellow_taxi/yellow_tripdata_2026-01.parquet,31.0,0.5166666666666667,False,False,False,spread_source_order
2026-01-17 21:17:02,21,70.0,0.01,3,1433864,0,2,2026-01-17 21:17:02,2026-01-17 21:17:11,3.0,2.0,N,230,230,4,70.0,0.0,0.5,0.0,7.46,1.0,82.21,2.5,0.0,0.75,1473926,data/raw/yellow_taxi/yellow_tripdata_2026-01.parquet,9.0,0.15,False,False,True,spread_source_order
2026-01-18 12:40:37,12,87.01,0.01,15,1470097,0,2,2026-01-18 12:40:37,2026-01-18 12:40:42,2.0,5.0,N,216,216,1,87.01,0.0,0.0,0.0,0.0,1.0,88.01,0.0,0.0,0.0,1511274,data/raw/yellow_taxi/yellow_tripdata_2026-01.parquet,5.0,0.08333333333333333,False,False,True,spread_source_order
2026-01-18 18:44:50,18,87.19,0.01,15,1499638,0,2,2026-01-18 18:44:50,2026-01-18 18:44:54,3.0,5.0,N,132,132,1,87.19,0.0,0.0,17.64,0.0,1.0,107.58,0.0,1.75,0.0,1541614,data/raw/yellow_taxi/yellow_tripdata_2026-01.parquet,4.0,0.06666666666666667,False,False,True,spread_source_order
2026-01-19 09:34:16,9,10.0,0.01,3,1525468,0,2,2026-01-19 09:34:16,2026-01-19 09:34:21,1.0,5.0,N,143,143,1,10.0,0.0,0.0,2.0,0.0,1.0,15.5,2.5,0.0,0.0,1568368,data/raw/yellow_taxi/yellow_tripdata_2026-01.parquet,5.0,0.08333333333333333,False,False,True,spread_source_order
2026-01-19 16:54:29,16,87.0,0.01,1,1555877,0,2,2026-01-19 16:54:29,2026-01-19 16:54:37,1.0,5.0,N,132,132,1,87.0,0.0,0.0,10.0,0.0,1.0,98.0,0.0,0.0,0.0,1599534,data/raw/yellow_taxi/yellow_tripdata_2026-01.parquet,8.0,0.13333333333333333,False,False,True,spread_source_order
2026-01-20 07:34:28,7,85.69,0.01,1,1591694,0,2,2026-01-20 07:34:28,2026-01-20 07:34:32,1.0,5.0,N,132,132,1,85.69,0.0,0.0,17.34,0.0,1.0,104.03,0.0,0.0,0.0,1636398,data/raw/yellow_taxi/yellow_tripdata_2026-01.parquet,4.0,0.06666666666666667,False,False,True,spread_source_order
2026-01-20 13:26:10,13,69.0,0.01,1,1624353,0,2,2026-01-20 13:26:10,2026-01-20 13:26:20,2.0,5.0,N,7,223,1,69.0,0.0,0.0,21.0,0.0,1.0,91.0,0.0,0.0,0.0,1669757,data/raw/yellow_taxi/yellow_tripdata_2026-01.parquet,10.0,0.16666666666666666,False,False,False,spread_source_order
2026-01-20 19:04:54,19,88.48,0.01,1,1663812,0,2,2026-01-20 19:04:54,2026-01-20 19:07:31,1.0,5.0,N,113,107,2,88.48,0.0,0.0,0.0,0.0,1.0,92.73,2.5,0.0,0.75,1710157,data/raw/yellow_taxi/yellow_tripdata_2026-01.parquet,157.0,2.6166666666666667,False,False,False,spread_source_order
2026-01-21 13:26:38,13,3.0,0.01,1,1714630,0,2,2026-01-21 13:26:38,2026-01-21 13:27:23,1.0,1.0,N,170,170,2,3.0,0.0,0.5,0.0,0.0,1.0,7.75,2.5,0.0,0.75,1762296,data/raw/yellow_taxi/yellow_tripdata_2026-01.parquet,45.0,0.75,False,False,True,spread_source_order
2026-01-21 20:55:55,20,20.0,0.01,3,1760714,0,2,2026-01-21 20:55:55,2026-01-21 20:56:15,1.0,5.0,N,48,48,2,20.0,0.0,0.0,0.0,0.0,1.0,24.25,2.5,0.0,0.75,1809446,data/raw/yellow_taxi/yellow_tripdata_2026-01.parquet,20.0,0.3333333333333333,False,False,True,spread_source_order
2026-01-22 16:09:59,16,3.0,0.01,3,1828427,0,2,2026-01-22 16:09:59,2026-01-22 16:10:14,3.0,1.0,N,141,141,1,3.0,2.5,0.5,0.44,0.0,1.0,9.94,2.5,0.0,0.0,1878800,data/raw/yellow_taxi/yellow_tripdata_2026-01.parquet,15.0,0.25,False,False,True,spread_source_order
2026-01-23 07:13:30,7,70.0,0.01,3,1886379,0,2,2026-01-23 07:13:30,2026-01-23 07:14:07,2.0,2.0,N,161,161,1,70.0,0.0,0.5,10.0,12.46,1.0,97.21,2.5,0.0,0.75,1938155,data/raw/yellow_taxi/yellow_tripdata_2026-01.parquet,37.0,0.6166666666666667,False,False,True,spread_source_order
2026-01-23 15:00:36,15,70.0,0.01,3,1927010,0,2,2026-01-23 15:00:36,2026-01-23 15:00:40,2.0,2.0,N,163,163,3,70.0,0.0,0.5,0.0,0.0,1.0,74.75,2.5,0.0,0.75,1979695,data/raw/yellow_taxi/yellow_tripdata_2026-01.parquet,4.0,0.06666666666666667,False,False,True,spread_source_order
2026-01-24 00:59:10,0,30.0,0.01,3,1980191,0,2,2026-01-24 00:59:10,2026-01-24 00:59:17,2.0,5.0,N,164,164,1,30.0,0.0,0.0,0.0,0.0,1.0,34.25,2.5,0.0,0.75,2034137,data/raw/yellow_taxi/yellow_tripdata_2026-01.parquet,7.0,0.11666666666666667,False,False,True,spread_source_order
2026-01-24 13:50:14,13,70.0,0.01,3,2011380,0,2,2026-01-24 13:50:14,2026-01-24 13:50:36,2.0,2.0,N,246,246,2,70.0,0.0,0.5,0.0,0.0,1.0,74.75,2.5,0.0,0.75,2066286,data/raw/yellow_taxi/yellow_tripdata_2026-01.parquet,22.0,0.36666666666666664,False,False,True,spread_source_order
2026-01-24 20:20:36,20,80.0,0.01,3,2052424,0,2,2026-01-24 20:20:36,2026-01-24 20:20:42,1.0,5.0,N,162,162,1,80.0,0.0,0.0,16.85,0.0,1.0,101.1,2.5,0.0,0.75,2108404,data/raw/yellow_taxi/yellow_tripdata_2026-01.parquet,6.0,0.1,False,False,True,spread_source_order
2026-01-25 02:20:16,2,3.0,0.01,3,2073229,0,2,2026-01-25 02:20:16,2026-01-25 02:21:06,1.0,1.0,N,231,231,2,3.0,1.0,0.5,0.0,0.0,1.0,8.75,2.5,0.0,0.75,2129865,data/raw/yellow_taxi/yellow_tripdata_2026-01.parquet,50.0,0.8333333333333334,False,False,True,spread_source_order
2026-01-26 10:05:26,10,7.2,0.01,3,2089066,0,2,2026-01-26 10:05:26,2026-01-26 10:45:44,1.0,1.0,N,41,166,2,7.2,0.0,0.5,0.0,0.0,1.0,8.7,0.0,0.0,0.0,2146453,data/raw/yellow_taxi/yellow_tripdata_2026-01.parquet,2418.0,40.3,False,False,False,spread_source_order
2026-01-26 19:52:20,19,3.0,0.01,3,2113630,0,2,2026-01-26 19:52:20,2026-01-26 19:52:27,1.0,1.0,N,141,141,4,3.0,2.5,0.5,0.0,0.0,1.0,9.5,2.5,0.0,0.0,2171867,data/raw/yellow_taxi/yellow_tripdata_2026-01.parquet,7.0,0.11666666666666667,False,False,True,spread_source_order
2026-01-27 11:12:13,11,3.0,0.01,1,2144425,0,2,2026-01-27 11:12:13,2026-01-27 11:12:25,1.0,1.0,N,162,162,4,3.0,0.0,0.5,0.0,0.0,1.0,7.75,2.5,0.0,0.75,2203569,data/raw/yellow_taxi/yellow_tripdata_2026-01.parquet,12.0,0.2,False,False,True,spread_source_order
2026-01-27 18:57:36,18,3.0,0.01,3,2178840,0,2,2026-01-27 18:57:36,2026-01-27 18:58:32,1.0,1.0,N,141,141,4,3.0,2.5,0.5,0.0,0.0,1.0,9.5,2.5,0.0,0.0,2238917,data/raw/yellow_taxi/yellow_tripdata_2026-01.parquet,56.0,0.9333333333333333,False,False,True,spread_source_order
2026-01-28 12:33:26,12,13.0,0.01,1,2230367,0,2,2026-01-28 12:33:26,2026-01-28 12:35:08,2.0,5.0,N,169,169,1,13.0,0.0,0.0,0.0,0.0,1.0,14.0,0.0,0.0,0.0,2291819,data/raw/yellow_taxi/yellow_tripdata_2026-01.parquet,102.0,1.7,False,False,True,spread_source_order
2026-01-28 19:32:33,19,3.7,0.01,3,2266581,0,2,2026-01-28 19:32:33,2026-01-28 19:34:07,1.0,1.0,N,230,230,4,3.7,2.5,0.5,0.0,0.0,1.0,10.95,2.5,0.0,0.75,2328989,data/raw/yellow_taxi/yellow_tripdata_2026-01.parquet,94.0,1.5666666666666667,False,False,True,spread_source_order
2026-01-29 12:50:47,12,19.8,0.01,1,2318297,0,2,2026-01-29 12:50:47,2026-01-29 12:51:10,1.0,5.0,N,158,158,1,19.8,0.0,0.5,3.0,0.0,1.0,27.55,2.5,0.0,0.75,2382037,data/raw/yellow_taxi/yellow_tripdata_2026-01.parquet,23.0,0.38333333333333336,False,False,True,spread_source_order
2026-01-29 17:07:00,17,85.0,0.01,1,2350040,0,2,2026-01-29 17:07:00,2026-01-29 17:07:20,1.0,5.0,N,261,88,1,85.0,0.0,0.0,17.85,0.0,1.0,107.1,2.5,0.0,0.75,2414662,data/raw/yellow_taxi/yellow_tripdata_2026-01.parquet,20.0,0.3333333333333333,False,False,False,spread_source_order
2026-01-29 23:41:09,23,3.0,0.01,1,2382916,0,2,2026-01-29 23:41:09,2026-01-29 23:41:42,1.0,1.0,N,79,4,2,3.0,1.0,0.5,0.0,0.0,1.0,8.75,2.5,0.0,0.75,2448371,data/raw/yellow_taxi/yellow_tripdata_2026-01.parquet,33.0,0.55,False,False,False,spread_source_order
2026-01-30 12:24:58,12,3.0,0.01,1,2412152,0,2,2026-01-30 12:24:58,2026-01-30 12:25:05,1.0,1.0,N,239,239,1,3.0,0.0,0.5,0.0,0.0,1.0,7.0,2.5,0.0,0.0,2478483,data/raw/yellow_taxi/yellow_tripdata_2026-01.parquet,7.0,0.11666666666666667,False,False,True,spread_source_order
2026-01-30 17:01:55,17,10.0,0.01,1,2443768,0,2,2026-01-30 17:01:55,2026-01-30 17:12:09,2.0,1.0,N,231,231,1,10.0,2.5,0.5,0.0,0.0,1.0,17.25,2.5,0.0,0.75,2511007,data/raw/yellow_taxi/yellow_tripdata_2026-01.parquet,614.0,10.233333333333333,False,False,True,spread_source_order
2026-01-31 03:00:16,3,70.0,0.01,1,2487667,0,2,2026-01-31 03:00:16,2026-01-31 03:00:23,1.0,2.0,N,162,162,4,70.0,0.0,0.5,0.0,0.0,1.0,74.75,2.5,0.0,0.75,2556240,data/raw/yellow_taxi/yellow_tripdata_2026-01.parquet,7.0,0.11666666666666667,False,False,True,spread_source_order
2026-01-31 13:41:54,13,70.0,0.01,3,2512857,0,2,2026-01-31 13:41:54,2026-01-31 13:42:00,1.0,2.0,N,79,79,2,70.0,0.0,0.5,0.0,0.0,1.0,74.75,2.5,0.0,0.75,2582198,data/raw/yellow_taxi/yellow_tripdata_2026-01.parquet,6.0,0.1,False,False,True,spread_source_order
2026-01-31 20:40:11,20,70.0,0.01,3,2551020,0,2,2026-01-31 20:40:11,2026-01-31 20:40:25,1.0,2.0,N,162,162,2,70.0,0.0,0.5,0.0,0.0,1.0,74.75,2.5,0.0,0.75,2621373,data/raw/yellow_taxi/yellow_tripdata_2026-01.parquet,14.0,0.23333333333333334,False,False,True,spread_source_order
2026-01-01 15:58:00,15,36.41,0.01,1,2600884,0,2,2026-01-01 15:58:00,2026-01-01 15:58:12,,,,142,142,0,36.41,0.0,0.5,0.0,0.0,1.0,41.16,,,0.75,2671898,data/raw/yellow_taxi/yellow_tripdata_2026-01.parquet,12.0,0.2,False,False,True,spread_source_order
2026-01-01 16:19:56,16,13.08,0.01,1,2601926,0,2,2026-01-01 16:19:56,2026-01-01 16:28:54,,,,236,229,0,13.08,0.0,0.5,0.0,0.0,1.0,20.83,,,0.75,2673103,data/raw/yellow_taxi/yellow_tripdata_2026-01.parquet,538.0,8.966666666666667,False,False,False,spread_source_order
2026-01-01 16:57:22,16,17.04,0.01,1,2602050,0,2,2026-01-01 16:57:22,2026-01-01 17:08:21,,,,107,144,0,17.04,0.0,0.5,0.0,0.0,1.0,21.79,,,0.75,2673330,data/raw/yellow_taxi/yellow_tripdata_2026-01.parquet,659.0,10.983333333333333,False,False,False,spread_source_order
2026-01-01 16:55:04,16,15.06,0.01,1,2602174,0,2,2026-01-01 16:55:04,2026-01-01 17:03:06,,,,137,141,0,15.06,0.0,0.5,0.0,0.0,1.0,19.81,,,0.75,2673584,data/raw/yellow_taxi/yellow_tripdata_2026-01.parquet,482.0,8.033333333333333,False,False,False,spread_source_order
2026-01-01 16:19:21,16,24.95,0.01,1,2602335,0,2,2026-01-01 16:19:21,2026-01-01 16:41:51,,,,233,230,0,24.95,0.0,0.5,0.0,0.0,1.0,29.7,,,0.75,2673908,data/raw/yellow_taxi/yellow_tripdata_2026-01.parquet,1350.0,22.5,False,False,False,spread_source_order
2026-01-01 16:21:39,16,18.45,0.01,1,2602436,0,2,2026-01-01 16:21:39,2026-01-01 16:39:42,,,,33,97,0,18.45,0.0,0.5,0.0,0.0,1.0,20.95,,,0.0,2674176,data/raw/yellow_taxi/yellow_tripdata_2026-01.parquet,1083.0,18.05,False,False,False,spread_source_order
2026-01-01 16:27:40,16,29.86,0.01,1,2602523,0,2,2026-01-01 16:27:40,2026-01-01 16:45:29,,,,160,7,0,29.86,0.0,0.5,0.0,0.0,1.0,31.36,,,0.0,2674423,data/raw/yellow_taxi/yellow_tripdata_2026-01.parquet,1069.0,17.816666666666666,False,False,False,spread_source_order
2026-01-01 17:21:17,17,12.82,0.01,1,2602761,0,2,2026-01-01 17:21:17,2026-01-01 17:26:33,,,,211,249,0,12.82,0.0,0.5,0.0,0.0,1.0,20.57,,,0.75,2674858,data/raw/yellow_taxi/yellow_tripdata_2026-01.parquet,316.0,5.266666666666667,False,False,False,spread_source_order
2026-01-01 17:51:08,17,25.25,0.01,1,2602903,0,2,2026-01-01 17:51:08,2026-01-01 18:02:09,,,,42,75,0,25.25,0.0,0.5,0.0,0.0,1.0,26.75,,,0.0,2675149,data/raw/yellow_taxi/yellow_tripdata_2026-01.parquet,661.0,11.016666666666667,False,False,False,spread_source_order
2026-01-01 17:11:17,17,23.72,0.01,1,2603023,0,2,2026-01-01 17:11:17,2026-01-01 17:30:34,,,,137,82,0,23.72,0.0,0.5,0.0,6.94,1.0,35.41,,,0.75,2675406,data/raw/yellow_taxi/yellow_tripdata_2026-01.parquet,1157.0,19.283333333333335,False,False,False,spread_source_order
2026-01-01 17:11:11,17,49.42,0.01,1,2603139,0,2,2026-01-01 17:11:11,2026-01-01 17:39:43,,,,87,265,0,49.42,0.0,0.0,0.0,16.06,1.0,67.23,,,0.75,2675631,data/raw/yellow_taxi/yellow_tripdata_2026-01.parquet,1712.0,28.533333333333335,False,False,False,spread_source_order
2026-01-01 17:28:14,17,13.27,0.01,1,2603206,0,2,2026-01-01 17:28:14,2026-01-01 17:43:17,,,,82,7,0,13.27,0.0,0.5,0.0,0.0,1.0,17.77,,,0.0,2675833,data/raw/yellow_taxi/yellow_tripdata_2026-01.parquet,903.0,15.05,False,False,False,spread_source_order
2026-01-01 17:55:10,17,11.1,0.01,1,2603274,0,2,2026-01-01 17:55:10,2026-01-01 18:01:30,,,,4,79,0,11.1,0.0,0.5,0.0,0.0,1.0,15.85,,,0.75,2676034,data/raw/yellow_taxi/yellow_tripdata_2026-01.parquet,380.0,6.333333333333333,False,False,False,spread_source_order
2026-01-01 18:43:26,18,20.21,0.01,2,2603482,0,2,2026-01-01 18:43:26,2026-01-01 18:54:01,,,,148,88,0,20.21,0.0,0.5,0.0,0.0,1.0,24.96,,,0.75,2676466,data/raw/yellow_taxi/yellow_tripdata_2026-01.parquet,635.0,10.583333333333334,False,False,False,spread_source_order
2026-01-01 18:54:21,18,16.23,0.01,2,2603666,0,2,2026-01-01 18:54:21,2026-01-01 19:07:36,,,,114,164,0,16.23,0.0,0.5,0.0,0.0,1.0,23.07,,,0.75,2676832,data/raw/yellow_taxi/yellow_tripdata_2026-01.parquet,795.0,13.25,False,False,False,spread_source_order
2026-01-01 18:07:59,18,16.2,0.01,2,2603766,0,2,2026-01-01 18:07:59,2026-01-01 18:18:56,,,,79,140,0,16.2,0.0,0.5,0.0,0.0,1.0,20.95,,,0.75,2677047,data/raw/yellow_taxi/yellow_tripdata_2026-01.parquet,657.0,10.95,False,False,False,spread_source_order
2026-01-01 18:08:34,18,22.18,0.01,2,2603872,0,2,2026-01-01 18:08:34,2026-01-01 18:19:20,,,,48,68,0,22.18,0.0,0.5,0.0,0.0,1.0,26.93,,,0.75,2677292,data/raw/yellow_taxi/yellow_tripdata_2026-01.parquet,646.0,10.766666666666667,False,False,False,spread_source_order
2026-01-01 18:23:21,18,12.19,0.01,2,2603969,0,2,2026-01-01 18:23:21,2026-01-01 18:32:21,,,,144,65,0,12.19,0.0,0.5,0.0,0.0,1.0,16.94,,,0.75,2677579,data/raw/yellow_taxi/yellow_tripdata_2026-01.parquet,540.0,9.0,False,False,False,spread_source_order
2026-01-01 18:34:16,18,29.19,0.01,2,2604086,0,2,2026-01-01 18:34:16,2026-01-01 18:54:54,,,,7,148,0,29.19,0.0,0.5,0.0,0.0,1.0,37.33,,,0.75,2677897,data/raw/yellow_taxi/yellow_tripdata_2026-01.parquet,1238.0,20.633333333333333,False,False,False,spread_source_order
2026-01-01 19:34:12,19,9.9,0.01,1,2604313,0,2,2026-01-01 19:34:12,2026-01-01 19:36:56,,,,236,75,0,9.9,0.0,0.5,0.0,0.0,1.0,14.9,,,0.0,2678252,data/raw/yellow_taxi/yellow_tripdata_2026-01.parquet,164.0,2.7333333333333334,False,False,False,spread_source_order
2026-01-01 19:30:52,19,31.93,0.01,1,2604632,0,2,2026-01-01 19:30:52,2026-01-01 19:49:55,,,,13,48,0,31.93,0.0,0.5,0.0,0.0,1.0,41.68,,,0.75,2678766,data/raw/yellow_taxi/yellow_tripdata_2026-01.parquet,1143.0,19.05,False,False,False,spread_source_order
2026-01-01 19:35:09,19,9.4,0.01,1,2604837,0,2,2026-01-01 19:35:09,2026-01-01 19:39:26,,,,181,181,0,9.4,0.0,0.5,0.0,0.0,1.0,10.9,,,0.0,2679128,data/raw/yellow_taxi/yellow_tripdata_2026-01.parquet,257.0,4.283333333333333,False,False,True,spread_source_order
2026-01-02 16:20:28,16,19.43,0.01,3,2622383,0,2,2026-01-02 16:20:28,2026-01-02 16:33:17,,,,170,249,0,19.43,0.0,0.5,0.0,0.0,1.0,29.18,,,0.75,2696943,data/raw/yellow_taxi/yellow_tripdata_2026-01.parquet,769.0,12.816666666666666,False,False,False,spread_source_order
2026-01-02 16:02:30,16,28.92,0.01,3,2622600,0,2,2026-01-02 16:02:30,2026-01-02 16:21:16,,,,75,127,0,28.92,0.0,0.5,0.0,0.0,1.0,30.42,,,0.0,2697348,data/raw/yellow_taxi/yellow_tripdata_2026-01.parquet,1126.0,18.766666666666666,False,False,False,spread_source_order
2026-01-02 16:43:58,16,30.2,0.01,3,2622720,0,2,2026-01-02 16:43:58,2026-01-02 17:01:31,,,,170,87,0,30.2,0.0,0.5,6.99,0.0,1.0,41.94,,,0.75,2697608,data/raw/yellow_taxi/yellow_tripdata_2026-01.parquet,1053.0,17.55,False,False,False,spread_source_order
2026-01-02 16:24:47,16,28.76,0.01,3,2622831,0,2,2026-01-02 16:24:47,2026-01-02 16:46:48,,,,12,48,0,28.76,0.0,0.5,0.0,0.0,1.0,33.51,,,0.75,2697899,data/raw/yellow_taxi/yellow_tripdata_2026-01.parquet,1321.0,22.016666666666666,False,False,False,spread_source_order
2026-01-02 17:11:24,17,11.81,0.01,3,2622923,0,2,2026-01-02 17:11:24,2026-01-02 17:19:53,,,,229,263,0,11.81,0.0,0.5,0.0,0.0,1.0,16.56,,,0.75,2698125,data/raw/yellow_taxi/yellow_tripdata_2026-01.parquet,509.0,8.483333333333333,False,False,False,spread_source_order
2026-01-02 17:03:10,17,27.32,0.01,3,2623062,0,2,2026-01-02 17:03:10,2026-01-02 17:21:29,,,,262,234,0,27.32,0.0,0.5,0.0,0.0,1.0,32.07,,,0.75,2698392,data/raw/yellow_taxi/yellow_tripdata_2026-01.parquet,1099.0,18.316666666666666,False,False,False,spread_source_order
2026-01-02 17:27:01,17,77.71,0.01,3,2623232,0,2,2026-01-02 17:27:01,2026-01-02 18:17:59,,,,237,77,0,77.71,0.0,0.5,0.0,0.0,1.0,82.46,,,0.75,2698735,data/raw/yellow_taxi/yellow_tripdata_2026-01.parquet,3058.0,50.96666666666667,False,False,False,spread_source_order
2026-01-02 17:09:40,17,18.06,0.01,3,2623335,0,2,2026-01-02 17:09:40,2026-01-02 17:22:35,,,,234,144,0,18.06,0.0,0.5,0.0,0.0,1.0,25.03,,,0.75,2698942,data/raw/yellow_taxi/yellow_tripdata_2026-01.parquet,775.0,12.916666666666666,False,False,False,spread_source_order
2026-01-02 17:05:49,17,15.11,0.01,3,2623419,0,2,2026-01-02 17:05:49,2026-01-02 17:14:20,,,,186,114,0,15.11,0.0,0.5,0.0,0.0,1.0,19.86,,,0.75,2699168,data/raw/yellow_taxi/yellow_tripdata_2026-01.parquet,511.0,8.516666666666667,False,False,False,spread_source_order
2026-01-02 18:59:44,18,35.05,0.01,3,2623557,0,2,2026-01-02 18:59:44,2026-01-02 19:18:23,,,,113,237,0,35.05,0.0,0.5,0.0,0.0,1.0,39.8,,,0.75,2699537,data/raw/yellow_taxi/yellow_tripdata_2026-01.parquet,1119.0,18.65,False,False,False,spread_source_order
