weather_code,weather_name,hour,price,distance,sample_index
1,Clear,0,7.2,0.97,1
1,Clear,0,7.9,0.9,2
1,Clear,0,10.7,1.4,3
1,Clear,0,38.7,5.58,4
1,Clear,0,13.5,2.16,5
1,Clear,0,14.2,2.33,6
1,Clear,0,11.4,1.3,7
1,Clear,0,22.6,2.9,8
1,Clear,0,37.3,5.34,9
1,Clear,0,10.7,1.83,10
1,Clear,0,29.6,3.09,11
1,Clear,0,12.1,1.26,12
1,Clear,0,21.9,0.9,13
1,Clear,0,4.4,0.33,14
1,Clear,0,17.0,1.3,15
1,Clear,0,28.9,1.54,16
1,Clear,0,28.9,4.7,17
1,Clear,0,47.1,10.2,18
1,Clear,0,11.4,1.68,19
1,Clear,0,8.6,1.05,20
1,Clear,0,5.8,0.55,21
1,Clear,0,5.8,0.52,22
1,Clear,0,22.6,3.12,23
1,Clear,0,10.0,1.4,24
1,Clear,0,9.3,1.05,25
1,Clear,0,38.0,6.45,26
1,Clear,0,7.2,0.95,27
1,Clear,0,8.6,1.1,28
1,Clear,0,14.2,1.8,29
1,Clear,0,14.9,1.9,30
1,Clear,0,18.4,2.8,31
1,Clear,0,10.7,1.25,32
1,Clear,0,12.1,1.9,33
1,Clear,0,17.7,2.8,34
1,Clear,0,9.3,1.6,35
1,Clear,0,43.6,10.48,36
1,Clear,0,17.0,1.81,37
1,Clear,0,17.0,3.9,38
1,Clear,0,80.0,19.1,39
1,Clear,0,35.2,6.89,40
1,Clear,0,7.9,0.8,41
1,Clear,0,10.7,1.4,42
1,Clear,0,41.5,6.8,43
1,Clear,0,6.5,0.78,44
1,Clear,0,21.2,3.03,45
1,Clear,0,23.3,4.78,46
1,Clear,0,8.6,1.0,47
1,Clear,0,7.2,0.96,48
1,Clear,0,10.0,1.79,49
1,Clear,0,16.3,1.89,50
1,Clear,0,70.0,18.47,51
1,Clear,0,52.7,8.38,52
1,Clear,0,21.9,2.71,53
1,Clear,0,24.7,4.84,54
1,Clear,0,14.2,0.94,55
1,Clear,0,21.2,3.11,56
1,Clear,0,11.4,1.49,57
1,Clear,0,19.1,2.57,58
1,Clear,0,74.4,19.9,59
1,Clear,0,14.9,2.6,60
1,Clear,0,10.0,1.3,61
1,Clear,0,21.9,5.02,62
1,Clear,0,5.8,0.52,63
1,Clear,0,22.6,2.55,64
1,Clear,0,30.3,5.89,65
1,Clear,0,56.9,15.42,66
1,Clear,0,29.6,4.75,67
1,Clear,0,21.2,1.6,68
1,Clear,0,27.5,4.3,69
1,Clear,0,31.7,6.04,70
1,Clear,0,37.3,4.88,71
1,Clear,0,24.0,3.22,72
1,Clear,0,10.7,1.62,73
1,Clear,0,5.1,0.63,74
1,Clear,0,11.4,2.12,75
1,Clear,0,10.0,2.0,76
1,Clear,0,7.2,0.9,77
1,Clear,0,24.7,3.3,78
1,Clear,0,22.6,4.79,79
1,Clear,0,40.8,6.6,80
1,Clear,0,14.9,2.9,81
1,Clear,0,24.0,1.59,82
1,Clear,0,19.8,3.27,83
1,Clear,0,10.7,1.64,84
1,Clear,0,20.5,2.96,85
1,Clear,0,25.4,3.82,86
1,Clear,0,29.6,3.78,87
1,Clear,0,14.2,2.98,88
1,Clear,0,6.5,0.62,89
1,Clear,0,5.1,0.66,90
1,Clear,0,12.1,0.82,91
1,Clear,0,12.8,0.84,92
1,Clear,0,10.0,1.28,93
1,Clear,0,8.6,1.15,94
1,Clear,0,8.6,1.0,95
1,Clear,0,19.8,3.6,96
1,Clear,0,7.2,1.0,97
1,Clear,0,49.9,10.52,98
1,Clear,0,24.7,3.76,99
1,Clear,0,25.4,5.07,100
15,Snowfall,12,17.0,3.2,1
15,Snowfall,12,10.7,2.0,2
15,Snowfall,12,92.3,19.04,3
15,Snowfall,12,12.8,1.6,4
15,Snowfall,12,8.6,0.69,5
15,Snowfall,12,4.4,0.38,6
15,Snowfall,12,17.7,2.71,7
15,Snowfall,12,70.0,18.3,8
15,Snowfall,12,17.0,1.9,9
15,Snowfall,12,9.3,1.4,10
15,Snowfall,12,12.1,2.27,11
15,Snowfall,12,8.6,1.6,12
15,Snowfall,12,33.8,8.5,13
15,Snowfall,12,5.8,0.7,14
15,Snowfall,12,5.8,0.78,15
15,Snowfall,12,5.8,0.6,16
15,Snowfall,12,20.5,4.3,17
15,Snowfall,12,23.3,4.96,18
15,Snowfall,12,5.8,0.73,19
15,Snowfall,12,7.9,0.91,20
15,Snowfall,12,10.7,1.8,21
15,Snowfall,12,6.5,0.8,22
15,Snowfall,12,10.0,1.4,23
15,Snowfall,12,21.2,3.74,24
15,Snowfall,12,7.9,0.54,25
15,Snowfall,12,8.6,0.76,26
15,Snowfall,12,10.7,1.9,27
15,Snowfall,12,7.2,1.1,28
15,Snowfall,12,10.7,1.31,29
15,Snowfall,12,26.1,4.81,30
15,Snowfall,12,4.4,0.4,31
15,Snowfall,12,12.1,1.9,32
15,Snowfall,12,33.1,6.02,33
15,Snowfall,12,11.4,1.85,34
15,Snowfall,12,6.5,0.78,35
15,Snowfall,12,8.6,1.02,36
15,Snowfall,12,35.2,6.69,37
15,Snowfall,12,6.5,1.0,38
15,Snowfall,12,9.3,1.78,39
15,Snowfall,12,9.3,1.21,40
15,Snowfall,12,5.8,0.5,41
15,Snowfall,12,5.1,0.3,42
15,Snowfall,12,10.7,1.4,43
15,Snowfall,12,13.5,2.43,44
15,Snowfall,12,7.9,1.18,45
15,Snowfall,12,9.3,1.12,46
15,Snowfall,12,5.1,0.43,47
15,Snowfall,12,14.2,1.94,48
15,Snowfall,12,6.5,0.7,49
15,Snowfall,12,5.8,0.58,50
15,Snowfall,12,11.4,1.72,51
15,Snowfall,12,5.8,0.5,52
15,Snowfall,12,15.6,2.38,53
15,Snowfall,12,5.8,0.8,54
15,Snowfall,12,10.7,2.0,55
15,Snowfall,12,6.5,0.6,56
15,Snowfall,12,10.0,1.8,57
15,Snowfall,12,33.1,5.9,58
15,Snowfall,12,12.1,2.1,59
15,Snowfall,12,9.3,1.3,60
15,Snowfall,12,14.2,2.3,61
15,Snowfall,12,9.3,1.2,62
15,Snowfall,12,12.1,1.0,63
15,Snowfall,12,8.6,0.8,64
15,Snowfall,12,27.5,5.5,65
15,Snowfall,12,8.6,1.21,66
15,Snowfall,12,7.2,0.92,67
15,Snowfall,12,5.8,0.6,68
15,Snowfall,12,10.7,1.7,69
15,Snowfall,12,6.5,0.7,70
15,Snowfall,12,5.8,0.6,71
15,Snowfall,12,11.4,1.7,72
15,Snowfall,12,9.3,1.3,73
15,Snowfall,12,12.1,2.6,74
15,Snowfall,12,9.3,1.4,75
15,Snowfall,12,6.5,1.0,76
15,Snowfall,12,3.7,0.2,77
15,Snowfall,12,14.2,3.0,78
15,Snowfall,12,12.8,2.3,79
15,Snowfall,12,9.3,1.5,80
15,Snowfall,12,10.0,1.6,81
15,Snowfall,12,6.5,0.79,82
15,Snowfall,12,12.8,1.96,83
15,Snowfall,12,12.1,0.94,84
15,Snowfall,12,13.5,2.16,85
15,Snowfall,12,9.3,1.6,86
15,Snowfall,12,27.5,5.1,87
15,Snowfall,12,67.4,17.46,88
15,Snowfall,12,40.8,10.18,89
15,Snowfall,12,6.5,0.78,90
15,Snowfall,12,7.9,0.92,91
15,Snowfall,12,14.9,3.08,92
15,Snowfall,12,6.5,0.7,93
15,Snowfall,12,19.1,3.3,94
15,Snowfall,12,11.4,2.07,95
15,Snowfall,12,4.4,0.47,96
15,Snowfall,12,5.8,0.64,97
15,Snowfall,12,10.7,1.83,98
15,Snowfall,12,5.8,0.65,99
15,Snowfall,12,40.8,10.4,100
1,Clear,15,70.0,18.0,1
1,Clear,15,88.1,18.1,2
1,Clear,15,5.1,0.61,3
1,Clear,15,11.4,1.3,4
1,Clear,15,7.9,1.1,5
1,Clear,15,4.4,0.36,6
1,Clear,15,10.7,1.5,7
1,Clear,15,6.5,0.9,8
1,Clear,15,70.0,20.4,9
1,Clear,15,70.0,19.2,10
1,Clear,15,6.5,0.8,11
1,Clear,15,14.2,2.6,12
1,Clear,15,14.2,2.67,13
1,Clear,15,16.3,2.65,14
1,Clear,15,11.4,2.0,15
1,Clear,15,20.5,1.1,16
1,Clear,15,12.1,2.07,17
1,Clear,15,8.6,1.36,18
1,Clear,15,10.0,0.84,19
1,Clear,15,12.8,1.85,20
1,Clear,15,20.5,3.71,21
1,Clear,15,36.6,6.7,22
1,Clear,15,22.6,3.67,23
1,Clear,15,21.2,3.44,24
1,Clear,15,19.1,1.7,25
1,Clear,15,5.1,0.5,26
1,Clear,15,7.9,0.92,27
1,Clear,15,19.1,3.11,28
1,Clear,15,6.5,0.6,29
1,Clear,15,11.4,1.8,30
1,Clear,15,6.5,0.9,31
1,Clear,15,12.1,2.2,32
1,Clear,15,6.5,0.6,33
1,Clear,15,10.0,1.25,34
1,Clear,15,14.2,2.71,35
1,Clear,15,5.8,0.41,36
1,Clear,15,9.3,1.15,37
1,Clear,15,13.5,1.15,38
1,Clear,15,11.4,0.6,39
1,Clear,15,15.6,2.4,40
1,Clear,15,26.8,1.9,41
1,Clear,15,4.4,0.5,42
1,Clear,15,10.7,1.44,43
1,Clear,15,10.0,1.5,44
1,Clear,15,12.8,1.91,45
1,Clear,15,22.6,3.3,46
1,Clear,15,18.4,2.4,47
1,Clear,15,70.0,16.0,48
1,Clear,15,13.5,0.8,49
1,Clear,15,5.8,0.64,50
1,Clear,15,6.5,0.95,51
1,Clear,15,14.9,2.38,52
1,Clear,15,5.1,0.68,53
1,Clear,15,84.6,17.27,54
1,Clear,15,12.8,0.8,55
1,Clear,15,16.3,2.7,56
1,Clear,15,5.1,0.2,57
1,Clear,15,9.3,1.4,58
1,Clear,15,17.0,2.82,59
1,Clear,15,6.5,0.83,60
1,Clear,15,6.5,0.71,61
1,Clear,15,9.3,1.6,62
1,Clear,15,11.4,1.9,63
1,Clear,15,13.5,1.63,64
1,Clear,15,8.6,0.96,65
1,Clear,15,12.8,1.43,66
1,Clear,15,17.7,2.2,67
1,Clear,15,35.9,8.99,68
1,Clear,15,37.3,9.55,69
1,Clear,15,9.3,0.96,70
1,Clear,15,8.6,1.23,71
1,Clear,15,15.6,2.2,72
1,Clear,15,13.5,2.45,73
1,Clear,15,10.0,1.7,74
1,Clear,15,13.5,1.5,75
1,Clear,15,9.3,0.9,76
1,Clear,15,19.8,3.1,77
1,Clear,15,70.0,19.21,78
1,Clear,15,34.5,7.4,79
1,Clear,15,61.8,7.5,80
1,Clear,15,5.1,0.49,81
1,Clear,15,10.0,1.74,82
1,Clear,15,5.8,0.55,83
1,Clear,15,7.2,0.89,84
1,Clear,15,70.0,17.9,85
1,Clear,15,7.2,0.94,86
1,Clear,15,28.9,6.69,87
1,Clear,15,10.0,1.8,88
1,Clear,15,11.4,1.83,89
1,Clear,15,7.2,0.72,90
1,Clear,15,22.6,2.32,91
1,Clear,15,32.4,4.3,92
1,Clear,15,43.6,10.4,93
1,Clear,15,47.1,11.82,94
1,Clear,15,70.0,18.48,95
1,Clear,15,70.0,18.8,96
1,Clear,15,23.3,1.9,97
1,Clear,15,70.0,16.45,98
1,Clear,15,70.0,17.31,99
1,Clear,15,13.5,2.17,100
1,Clear,16,17.7,3.64,1
1,Clear,16,10.7,1.0,2
1,Clear,16,8.6,1.24,3
1,Clear,16,5.1,0.51,4
1,Clear,16,5.8,0.69,5
1,Clear,16,18.4,3.1,6
1,Clear,16,7.2,0.63,7
1,Clear,16,9.3,1.42,8
1,Clear,16,23.3,1.7,9
1,Clear,16,10.7,1.4,10
1,Clear,16,20.5,4.56,11
1,Clear,16,19.1,3.58,12
1,Clear,16,70.0,28.87,13
1,Clear,16,14.2,1.96,14
1,Clear,16,18.4,2.0,15
1,Clear,16,7.9,0.79,16
1,Clear,16,12.1,2.24,17
1,Clear,16,12.8,2.45,18
1,Clear,16,21.9,4.2,19
1,Clear,16,10.0,1.5,20
1,Clear,16,14.2,2.1,21
1,Clear,16,11.4,2.1,22
1,Clear,16,32.4,7.2,23
1,Clear,16,11.4,1.48,24
1,Clear,16,12.1,1.59,25
1,Clear,16,8.6,1.4,26
1,Clear,16,10.0,1.4,27
1,Clear,16,5.8,0.6,28
1,Clear,16,16.3,2.7,29
1,Clear,16,12.1,1.7,30
1,Clear,16,12.1,1.77,31
1,Clear,16,14.9,2.03,32
1,Clear,16,12.1,1.53,33
1,Clear,16,38.0,7.76,34
1,Clear,16,9.3,1.21,35
1,Clear,16,13.5,1.8,36
1,Clear,16,10.0,1.42,37
1,Clear,16,12.1,1.91,38
1,Clear,16,44.3,9.74,39
1,Clear,16,3.7,0.11,40
1,Clear,16,13.5,1.74,41
1,Clear,16,15.6,1.31,42
1,Clear,16,21.2,3.1,43
1,Clear,16,5.1,0.43,44
1,Clear,16,12.8,2.09,45
1,Clear,16,15.6,2.21,46
1,Clear,16,18.4,1.46,47
1,Clear,16,8.6,1.2,48
1,Clear,16,9.3,1.3,49
1,Clear,16,14.2,2.49,50
1,Clear,16,18.4,3.7,51
1,Clear,16,11.4,1.9,52
1,Clear,16,7.2,0.7,53
1,Clear,16,21.9,4.1,54
1,Clear,16,12.8,1.9,55
1,Clear,16,19.8,1.5,56
1,Clear,16,13.5,2.4,57
1,Clear,16,14.9,2.5,58
1,Clear,16,8.6,1.0,59
1,Clear,16,5.8,0.6,60
1,Clear,16,26.1,4.7,61
1,Clear,16,70.0,18.21,62
1,Clear,16,70.0,18.92,63
1,Clear,16,13.5,1.78,64
1,Clear,16,8.6,1.04,65
1,Clear,16,17.7,2.96,66
1,Clear,16,12.1,1.88,67
1,Clear,16,11.4,1.09,68
1,Clear,16,12.8,1.5,69
1,Clear,16,16.3,2.9,70
1,Clear,16,19.1,2.2,71
1,Clear,16,62.5,13.2,72
1,Clear,16,70.0,17.6,73
1,Clear,16,12.1,1.89,74
1,Clear,16,11.4,2.17,75
1,Clear,16,12.1,1.7,76
1,Clear,16,5.8,0.57,77
1,Clear,16,35.9,8.69,78
1,Clear,16,70.0,0.35,79
1,Clear,16,5.1,0.4,80
1,Clear,16,6.5,0.9,81
1,Clear,16,14.2,3.1,82
1,Clear,16,19.8,3.6,83
1,Clear,16,16.3,2.66,84
1,Clear,16,58.3,15.21,85
1,Clear,16,5.8,0.49,86
1,Clear,16,12.1,1.37,87
1,Clear,16,8.6,1.45,88
1,Clear,16,14.2,1.53,89
1,Clear,16,8.6,1.07,90
1,Clear,16,8.6,0.95,91
1,Clear,16,10.0,1.0,92
1,Clear,16,12.1,1.7,93
1,Clear,16,14.9,2.4,94
1,Clear,16,23.3,4.9,95
1,Clear,16,12.1,1.4,96
1,Clear,16,11.4,1.67,97
1,Clear,16,24.0,3.73,98
1,Clear,16,14.9,2.85,99
1,Clear,16,28.2,7.22,100
1,Clear,17,18.4,3.24,1
1,Clear,17,10.7,1.5,2
1,Clear,17,6.5,0.8,3
1,Clear,17,45.0,11.1,4
1,Clear,17,10.7,1.68,5
1,Clear,17,4.4,0.32,6
1,Clear,17,19.1,2.76,7
1,Clear,17,4.4,0.32,8
1,Clear,17,18.4,1.78,9
1,Clear,17,6.5,0.6,10
1,Clear,17,24.0,5.1,11
1,Clear,17,23.3,3.38,12
1,Clear,17,10.0,0.7,13
1,Clear,17,16.3,2.3,14
1,Clear,17,7.9,0.97,15
1,Clear,17,43.6,10.2,16
1,Clear,17,10.0,1.3,17
1,Clear,17,10.0,1.8,18
1,Clear,17,70.0,18.95,19
1,Clear,17,10.7,1.57,20
1,Clear,17,19.1,2.64,21
1,Clear,17,26.8,3.08,22
1,Clear,17,23.3,4.2,23
1,Clear,17,9.3,0.9,24
1,Clear,17,8.6,1.3,25
1,Clear,17,9.3,1.47,26
1,Clear,17,9.3,1.2,27
1,Clear,17,8.6,1.5,28
1,Clear,17,11.4,1.7,29
1,Clear,17,5.8,0.6,30
1,Clear,17,37.3,9.2,31
1,Clear,17,8.6,1.2,32
1,Clear,17,9.3,1.4,33
1,Clear,17,46.4,10.5,34
1,Clear,17,51.3,13.5,35
1,Clear,17,24.0,5.23,36
1,Clear,17,17.0,3.26,37
1,Clear,17,7.9,0.8,38
1,Clear,17,16.3,1.1,39
1,Clear,17,14.9,2.73,40
1,Clear,17,10.0,1.17,41
1,Clear,17,10.7,0.9,42
1,Clear,17,7.9,0.85,43
1,Clear,17,8.6,1.15,44
1,Clear,17,14.2,2.23,45
1,Clear,17,23.3,4.7,46
1,Clear,17,22.6,4.8,47
1,Clear,17,15.6,0.76,48
1,Clear,17,12.8,1.96,49
1,Clear,17,5.1,0.5,50
1,Clear,17,11.4,1.4,51
1,Clear,17,7.2,0.8,52
1,Clear,17,7.9,0.89,53
1,Clear,17,38.7,9.39,54
1,Clear,17,10.0,1.2,55
1,Clear,17,19.1,3.3,56
1,Clear,17,10.7,1.9,57
1,Clear,17,70.0,17.14,58
1,Clear,17,15.6,2.44,59
1,Clear,17,13.5,2.1,60
1,Clear,17,10.0,1.65,61
1,Clear,17,10.0,1.36,62
1,Clear,17,77.2,20.82,63
1,Clear,17,83.9,16.98,64
1,Clear,17,12.8,2.2,65
1,Clear,17,15.6,3.1,66
1,Clear,17,12.1,1.8,67
1,Clear,17,7.2,0.56,68
1,Clear,17,13.5,2.21,69
1,Clear,17,12.1,1.71,70
1,Clear,17,5.1,0.55,71
1,Clear,17,7.9,1.51,72
1,Clear,17,11.4,2.3,73
1,Clear,17,10.0,1.87,74
1,Clear,17,70.0,17.06,75
1,Clear,17,7.9,0.98,76
1,Clear,17,16.3,3.24,77
1,Clear,17,15.6,2.4,78
1,Clear,17,70.0,19.43,79
1,Clear,17,13.5,2.01,80
1,Clear,17,35.9,8.95,81
1,Clear,17,12.1,2.12,82
1,Clear,17,16.3,1.8,83
1,Clear,17,9.3,1.61,84
1,Clear,17,7.9,1.11,85
1,Clear,17,17.7,2.51,86
1,Clear,17,19.1,1.17,87
1,Clear,17,12.8,1.61,88
1,Clear,17,7.9,1.22,89
1,Clear,17,13.5,2.22,90
1,Clear,17,9.3,1.2,91
1,Clear,17,38.0,9.76,92
1,Clear,17,7.2,0.88,93
1,Clear,17,8.6,1.42,94
1,Clear,17,15.6,2.14,95
1,Clear,17,16.3,1.61,96
1,Clear,17,10.0,1.0,97
1,Clear,17,70.9,16.47,98
1,Clear,17,26.8,6.81,99
1,Clear,17,63.2,15.38,100
1,Clear,19,9.3,1.29,1
1,Clear,19,10.7,1.1,2
1,Clear,19,11.4,1.49,3
1,Clear,19,13.5,2.67,4
1,Clear,19,10.0,1.62,5
1,Clear,19,45.7,10.2,6
1,Clear,19,11.4,2.1,7
1,Clear,19,17.7,3.14,8
1,Clear,19,9.3,1.46,9
1,Clear,19,7.9,1.0,10
1,Clear,19,5.8,0.8,11
1,Clear,19,5.8,0.6,12
1,Clear,19,5.1,0.4,13
1,Clear,19,6.5,0.9,14
1,Clear,19,5.1,0.43,15
1,Clear,19,11.4,1.57,16
1,Clear,19,17.0,2.6,17
1,Clear,19,11.4,0.9,18
1,Clear,19,8.6,1.1,19
1,Clear,19,8.6,1.3,20
1,Clear,19,7.2,0.8,21
1,Clear,19,7.2,0.74,22
1,Clear,19,9.3,1.01,23
1,Clear,19,21.2,4.2,24
1,Clear,19,32.4,7.56,25
1,Clear,19,17.7,2.9,26
1,Clear,19,5.8,0.52,27
1,Clear,19,7.9,0.75,28
1,Clear,19,10.7,1.73,29
1,Clear,19,10.7,1.46,30
1,Clear,19,19.1,3.24,31
1,Clear,19,70.0,20.18,32
1,Clear,19,14.9,1.61,33
1,Clear,19,8.6,0.71,34
1,Clear,19,11.4,1.0,35
1,Clear,19,14.2,2.15,36
1,Clear,19,12.1,1.57,37
1,Clear,19,17.0,2.72,38
1,Clear,19,12.8,2.7,39
1,Clear,19,19.1,3.19,40
1,Clear,19,10.0,1.6,41
1,Clear,19,11.4,0.9,42
1,Clear,19,33.1,8.13,43
1,Clear,19,11.4,1.78,44
1,Clear,19,13.5,1.5,45
1,Clear,19,8.6,0.65,46
1,Clear,19,49.9,11.94,47
1,Clear,19,5.8,0.58,48
1,Clear,19,13.5,1.76,49
1,Clear,19,10.0,1.6,50
1,Clear,19,7.2,0.99,51
1,Clear,19,56.2,11.21,52
1,Clear,19,12.1,2.18,53
1,Clear,19,12.8,2.1,54
1,Clear,19,10.0,1.62,55
1,Clear,19,7.9,1.21,56
1,Clear,19,70.0,16.6,57
1,Clear,19,17.0,3.1,58
1,Clear,19,15.6,2.16,59
1,Clear,19,32.4,5.99,60
1,Clear,19,21.9,2.78,61
1,Clear,19,33.1,5.07,62
1,Clear,19,59.0,14.41,63
1,Clear,19,8.6,1.22,64
1,Clear,19,95.0,13.5,65
1,Clear,19,15.6,2.9,66
1,Clear,19,9.3,1.79,67
1,Clear,19,6.5,1.0,68
1,Clear,19,44.3,10.3,69
1,Clear,19,70.0,19.08,70
1,Clear,19,26.8,1.44,71
1,Clear,19,59.0,15.5,72
1,Clear,19,12.1,0.76,73
1,Clear,19,7.9,1.05,74
1,Clear,19,22.6,0.8,75
1,Clear,19,13.5,0.9,76
1,Clear,19,10.7,1.7,77
1,Clear,19,12.8,1.6,78
1,Clear,19,8.6,1.22,79
1,Clear,19,4.4,0.29,80
1,Clear,19,12.8,1.9,81
1,Clear,19,17.7,2.79,82
1,Clear,19,35.2,8.36,83
1,Clear,19,8.6,1.6,84
1,Clear,19,14.2,3.2,85
1,Clear,19,7.2,0.83,86
1,Clear,19,70.0,17.6,87
1,Clear,19,70.0,19.0,88
1,Clear,19,12.1,2.1,89
1,Clear,19,24.7,5.83,90
1,Clear,19,6.5,0.9,91
1,Clear,19,10.7,1.2,92
1,Clear,19,26.1,2.45,93
1,Clear,19,21.9,3.97,94
1,Clear,19,6.5,0.7,95
1,Clear,19,150.0,22.05,96
1,Clear,19,24.7,3.82,97
1,Clear,19,70.0,17.1,98
1,Clear,19,10.7,1.43,99
1,Clear,19,5.8,0.65,100
1,Clear,20,10.7,1.75,1
1,Clear,20,6.5,0.58,2
1,Clear,20,20.5,1.3,3
1,Clear,20,7.2,0.8,4
1,Clear,20,12.8,1.04,5
1,Clear,20,10.7,1.51,6
1,Clear,20,8.6,0.43,7
1,Clear,20,5.8,0.79,8
1,Clear,20,4.4,0.5,9
1,Clear,20,70.0,0.42,10
1,Clear,20,10.0,1.45,11
1,Clear,20,7.9,0.8,12
1,Clear,20,7.2,0.7,13
1,Clear,20,19.1,3.5,14
1,Clear,20,28.9,5.6,15
1,Clear,20,19.8,4.6,16
1,Clear,20,34.5,7.68,17
1,Clear,20,27.5,5.88,18
1,Clear,20,8.6,0.8,19
1,Clear,20,31.0,5.4,20
1,Clear,20,15.6,0.86,21
1,Clear,20,26.8,5.15,22
1,Clear,20,17.7,3.5,23
1,Clear,20,16.3,2.63,24
1,Clear,20,70.0,19.4,25
1,Clear,20,8.6,1.12,26
1,Clear,20,14.9,2.34,27
1,Clear,20,70.0,17.07,28
1,Clear,20,35.2,9.06,29
1,Clear,20,7.9,1.04,30
1,Clear,20,9.3,1.28,31
1,Clear,20,10.0,1.21,32
1,Clear,20,9.3,1.33,33
1,Clear,20,10.0,1.83,34
1,Clear,20,13.5,2.08,35
1,Clear,20,10.0,1.89,36
1,Clear,20,5.8,0.65,37
1,Clear,20,5.1,0.5,38
1,Clear,20,70.0,18.42,39
1,Clear,20,17.7,2.25,40
1,Clear,20,5.8,0.49,41
1,Clear,20,9.3,0.95,42
1,Clear,20,16.3,0.74,43
1,Clear,20,70.0,20.82,44
1,Clear,20,21.2,3.71,45
1,Clear,20,11.4,1.83,46
1,Clear,20,20.5,3.8,47
1,Clear,20,10.7,1.67,48
1,Clear,20,6.5,0.64,49
1,Clear,20,17.7,1.92,50
1,Clear,20,14.9,3.16,51
1,Clear,20,12.8,1.46,52
1,Clear,20,12.8,1.67,53
1,Clear,20,70.0,17.97,54
1,Clear,20,8.6,1.4,55
1,Clear,20,5.8,0.8,56
1,Clear,20,7.9,1.1,57
1,Clear,20,74.4,17.0,58
1,Clear,20,70.0,17.3,59
1,Clear,20,8.6,1.09,60
1,Clear,20,45.0,11.8,61
1,Clear,20,7.2,0.77,62
1,Clear,20,12.1,1.84,63
1,Clear,20,11.4,1.4,64
1,Clear,20,10.0,0.4,65
1,Clear,20,5.8,0.7,66
1,Clear,20,6.5,0.8,67
1,Clear,20,9.3,1.2,68
1,Clear,20,27.5,6.33,69
1,Clear,20,11.4,2.15,70
1,Clear,20,7.9,0.99,71
1,Clear,20,10.7,1.73,72
1,Clear,20,7.2,0.79,73
1,Clear,20,10.0,1.3,74
1,Clear,20,7.2,0.9,75
1,Clear,20,7.2,0.65,76
1,Clear,20,9.3,1.47,77
1,Clear,20,8.6,1.04,78
1,Clear,20,14.2,1.77,79
1,Clear,20,21.9,3.9,80
1,Clear,20,35.2,8.68,81
1,Clear,20,10.7,1.43,82
1,Clear,20,6.5,0.7,83
1,Clear,20,7.9,1.0,84
1,Clear,20,70.0,20.13,85
1,Clear,20,11.4,1.9,86
1,Clear,20,4.4,0.42,87
1,Clear,20,6.5,1.1,88
1,Clear,20,5.1,0.4,89
1,Clear,20,7.2,0.87,90
1,Clear,20,28.9,6.8,91
1,Clear,20,24.0,3.9,92
1,Clear,20,5.1,0.51,93
1,Clear,20,5.8,0.66,94
1,Clear,20,50.6,12.04,95
1,Clear,20,19.8,4.03,96
1,Clear,20,7.2,0.74,97
1,Clear,20,10.0,0.8,98
1,Clear,20,11.4,2.3,99
1,Clear,20,24.7,5.12,100
1,Clear,21,12.1,1.91,1
1,Clear,21,14.2,2.4,2
1,Clear,21,70.0,17.8,3
1,Clear,21,6.5,0.95,4
1,Clear,21,66.7,17.5,5
1,Clear,21,4.4,0.42,6
1,Clear,21,13.5,2.66,7
1,Clear,21,7.2,1.18,8
1,Clear,21,10.7,1.8,9
1,Clear,21,5.8,0.63,10
1,Clear,21,7.2,1.08,11
1,Clear,21,32.4,1.5,12
1,Clear,21,40.1,9.7,13
1,Clear,21,8.6,0.8,14
1,Clear,21,22.6,3.89,15
1,Clear,21,5.8,0.6,16
1,Clear,21,7.2,1.1,17
1,Clear,21,19.8,3.37,18
1,Clear,21,12.1,1.87,19
1,Clear,21,6.5,0.66,20
1,Clear,21,70.0,19.74,21
1,Clear,21,31.7,7.58,22
1,Clear,21,18.4,2.97,23
1,Clear,21,7.2,1.19,24
1,Clear,21,16.3,2.76,25
1,Clear,21,7.9,1.14,26
1,Clear,21,13.5,1.95,27
1,Clear,21,34.5,8.0,28
1,Clear,21,9.3,1.15,29
1,Clear,21,44.3,11.4,30
1,Clear,21,9.3,1.46,31
1,Clear,21,31.7,7.07,32
1,Clear,21,7.2,0.98,33
1,Clear,21,12.1,2.13,34
1,Clear,21,7.9,0.64,35
1,Clear,21,5.1,0.52,36
1,Clear,21,10.0,1.22,37
1,Clear,21,10.0,1.85,38
1,Clear,21,7.2,0.8,39
1,Clear,21,16.3,2.5,40
1,Clear,21,10.0,0.83,41
1,Clear,21,33.8,8.29,42
1,Clear,21,26.8,5.25,43
1,Clear,21,20.5,3.7,44
1,Clear,21,9.3,1.6,45
1,Clear,21,70.0,19.03,46
1,Clear,21,13.5,2.6,47
1,Clear,21,22.6,5.1,48
1,Clear,21,25.4,5.8,49
1,Clear,21,8.6,1.36,50
1,Clear,21,13.5,2.21,51
1,Clear,21,7.9,0.99,52
1,Clear,21,5.8,0.4,53
1,Clear,21,15.6,1.71,54
1,Clear,21,58.3,15.5,55
1,Clear,21,8.6,0.91,56
1,Clear,21,5.8,0.6,57
1,Clear,21,10.7,1.6,58
1,Clear,21,7.9,1.0,59
1,Clear,21,9.3,1.09,60
1,Clear,21,25.4,4.92,61
1,Clear,21,5.8,0.61,62
1,Clear,21,9.3,1.4,63
1,Clear,21,10.0,1.7,64
1,Clear,21,10.7,1.6,65
1,Clear,21,39.4,10.51,66
1,Clear,21,15.6,3.0,67
1,Clear,21,7.9,1.21,68
1,Clear,21,7.2,1.0,69
1,Clear,21,70.0,17.68,70
1,Clear,21,16.3,2.6,71
1,Clear,21,16.3,1.97,72
1,Clear,21,8.6,1.41,73
1,Clear,21,7.9,0.55,74
1,Clear,21,12.8,1.95,75
1,Clear,21,13.5,2.42,76
1,Clear,21,12.8,2.18,77
1,Clear,21,11.4,1.15,78
1,Clear,21,7.9,1.03,79
1,Clear,21,7.9,1.07,80
1,Clear,21,9.3,1.12,81
1,Clear,21,5.1,0.6,82
1,Clear,21,7.2,0.9,83
1,Clear,21,10.7,1.8,84
1,Clear,21,7.9,1.25,85
1,Clear,21,0.01,1.54,86
1,Clear,21,25.4,4.6,87
1,Clear,21,10.7,1.16,88
1,Clear,21,23.3,5.13,89
1,Clear,21,42.2,10.45,90
1,Clear,21,12.1,2.11,91
1,Clear,21,26.8,6.39,92
1,Clear,21,7.2,1.11,93
1,Clear,21,7.9,0.73,94
1,Clear,21,12.8,1.64,95
1,Clear,21,6.5,0.5,96
1,Clear,21,7.2,0.89,97
1,Clear,21,70.2,19.2,98
1,Clear,21,5.8,0.64,99
1,Clear,21,70.0,17.0,100
1,Clear,22,21.9,3.56,1
1,Clear,22,12.8,2.04,2
1,Clear,22,16.3,2.53,3
1,Clear,22,8.6,1.05,4
1,Clear,22,5.1,0.69,5
1,Clear,22,5.8,0.68,6
1,Clear,22,7.9,0.9,7
1,Clear,22,26.1,3.76,8
1,Clear,22,6.5,1.05,9
1,Clear,22,30.3,6.02,10
1,Clear,22,15.6,2.69,11
1,Clear,22,8.6,1.25,12
1,Clear,22,47.1,12.43,13
1,Clear,22,11.4,2.16,14
1,Clear,22,70.0,19.11,15
1,Clear,22,8.6,1.16,16
1,Clear,22,13.5,1.66,17
1,Clear,22,5.8,0.57,18
1,Clear,22,70.0,20.0,19
1,Clear,22,70.0,20.0,20
1,Clear,22,10.0,1.35,21
1,Clear,22,18.4,3.46,22
1,Clear,22,8.6,1.09,23
1,Clear,22,10.0,1.6,24
1,Clear,22,16.3,2.26,25
1,Clear,22,10.0,1.41,26
1,Clear,22,19.8,3.9,27
1,Clear,22,34.5,8.67,28
1,Clear,22,8.6,1.3,29
1,Clear,22,47.8,11.97,30
1,Clear,22,45.0,11.9,31
1,Clear,22,26.1,5.21,32
1,Clear,22,28.9,7.09,33
1,Clear,22,10.0,0.1,34
1,Clear,22,5.8,0.7,35
1,Clear,22,18.4,4.0,36
1,Clear,22,14.2,2.12,37
1,Clear,22,9.3,1.74,38
1,Clear,22,14.9,2.76,39
1,Clear,22,5.8,0.8,40
1,Clear,22,17.7,2.99,41
1,Clear,22,8.6,1.46,42
1,Clear,22,17.7,3.55,43
1,Clear,22,31.7,6.8,44
1,Clear,22,11.4,1.7,45
1,Clear,22,26.1,4.39,46
1,Clear,22,8.6,0.99,47
1,Clear,22,10.0,1.4,48
1,Clear,22,9.3,0.5,49
1,Clear,22,12.8,1.19,50
1,Clear,22,10.7,1.61,51
1,Clear,22,12.8,1.99,52
1,Clear,22,38.0,9.53,53
1,Clear,22,14.2,3.07,54
1,Clear,22,12.1,2.03,55
1,Clear,22,12.1,2.1,56
1,Clear,22,31.0,7.3,57
1,Clear,22,22.6,4.14,58
1,Clear,22,8.6,1.63,59
1,Clear,22,5.8,0.51,60
1,Clear,22,8.6,1.4,61
1,Clear,22,70.0,19.69,62
1,Clear,22,14.9,2.99,63
1,Clear,22,4.4,0.5,64
1,Clear,22,10.7,0.95,65
1,Clear,22,21.2,4.26,66
1,Clear,22,28.2,6.3,67
1,Clear,22,5.8,0.86,68
1,Clear,22,12.8,2.57,69
1,Clear,22,9.3,1.4,70
1,Clear,22,7.9,1.34,71
1,Clear,22,12.1,2.16,72
1,Clear,22,4.4,0.4,73
1,Clear,22,81.4,14.5,74
1,Clear,22,8.6,1.15,75
1,Clear,22,5.8,0.51,76
1,Clear,22,14.2,2.9,77
1,Clear,22,10.0,1.42,78
1,Clear,22,10.0,1.3,79
1,Clear,22,6.5,0.98,80
1,Clear,22,19.1,3.11,81
1,Clear,22,15.6,2.7,82
1,Clear,22,24.7,5.38,83
1,Clear,22,19.1,3.9,84
1,Clear,22,12.8,2.09,85
1,Clear,22,70.0,17.52,86
1,Clear,22,10.0,1.37,87
1,Clear,22,12.8,2.31,88
1,Clear,22,17.7,3.61,89
1,Clear,22,34.5,7.74,90
1,Clear,22,10.0,1.26,91
1,Clear,22,6.5,0.61,92
1,Clear,22,8.6,1.1,93
1,Clear,22,25.4,6.28,94
1,Clear,22,5.8,0.63,95
1,Clear,22,13.5,2.47,96
1,Clear,22,24.0,5.18,97
1,Clear,22,7.9,0.93,98
1,Clear,22,8.6,1.0,99
1,Clear,22,10.0,1.4,100
1,Clear,23,33.8,8.4,1
1,Clear,23,5.1,0.67,2
1,Clear,23,5.1,0.61,3
1,Clear,23,9.3,1.15,4
1,Clear,23,70.0,20.64,5
1,Clear,23,17.0,1.57,6
1,Clear,23,31.7,7.7,7
1,Clear,23,12.8,2.01,8
1,Clear,23,70.0,19.79,9
1,Clear,23,36.6,8.39,10
1,Clear,23,70.0,19.9,11
1,Clear,23,7.2,1.19,12
1,Clear,23,5.1,0.73,13
1,Clear,23,11.4,2.33,14
1,Clear,23,9.3,1.83,15
1,Clear,23,5.1,0.71,16
1,Clear,23,6.5,0.89,17
1,Clear,23,7.9,1.0,18
1,Clear,23,17.7,2.96,19
1,Clear,23,9.3,1.25,20
1,Clear,23,10.7,2.13,21
1,Clear,23,26.8,6.25,22
1,Clear,23,47.8,11.23,23
1,Clear,23,42.2,10.9,24
1,Clear,23,139.0,44.0,25
1,Clear,23,33.8,8.55,26
1,Clear,23,35.9,8.8,27
1,Clear,23,70.0,17.6,28
1,Clear,23,70.0,17.1,29
1,Clear,23,5.8,0.9,30
1,Clear,23,25.4,5.7,31
1,Clear,23,5.8,0.65,32
1,Clear,23,18.4,2.88,33
1,Clear,23,9.3,1.9,34
1,Clear,23,12.8,2.44,35
1,Clear,23,17.7,3.63,36
1,Clear,23,10.7,1.77,37
1,Clear,23,66.7,17.9,38
1,Clear,23,49.2,11.09,39
1,Clear,23,27.5,5.82,40
1,Clear,23,11.4,1.93,41
1,Clear,23,6.5,0.7,42
1,Clear,23,35.2,8.6,43
1,Clear,23,22.6,3.9,44
1,Clear,23,10.0,1.07,45
1,Clear,23,40.8,10.27,46
1,Clear,23,10.0,1.39,47
1,Clear,23,6.5,0.5,48
1,Clear,23,18.4,3.94,49
1,Clear,23,7.2,0.96,50
1,Clear,23,5.1,0.6,51
1,Clear,23,14.2,2.52,52
1,Clear,23,9.3,1.0,53
1,Clear,23,12.1,2.3,54
1,Clear,23,13.5,2.31,55
1,Clear,23,10.0,1.37,56
1,Clear,23,12.8,2.56,57
1,Clear,23,8.6,1.23,58
1,Clear,23,17.0,3.44,59
1,Clear,23,7.2,0.91,60
1,Clear,23,6.5,1.09,61
1,Clear,23,8.6,0.98,62
1,Clear,23,5.1,0.53,63
1,Clear,23,17.0,3.13,64
1,Clear,23,5.8,1.0,65
1,Clear,23,11.4,1.69,66
1,Clear,23,3.0,2.6,67
1,Clear,23,9.3,1.38,68
1,Clear,23,12.8,2.26,69
1,Clear,23,17.7,3.5,70
1,Clear,23,17.7,3.4,71
1,Clear,23,6.5,0.92,72
1,Clear,23,12.1,1.97,73
1,Clear,23,17.7,3.75,74
1,Clear,23,4.4,0.51,75
1,Clear,23,26.8,5.9,76
1,Clear,23,7.2,0.52,77
1,Clear,23,7.2,0.97,78
1,Clear,23,96.8,26.44,79
1,Clear,23,10.7,1.5,80
1,Clear,23,12.8,2.35,81
1,Clear,23,8.6,1.7,82
1,Clear,23,7.2,1.1,83
1,Clear,23,8.6,1.09,84
1,Clear,23,12.8,1.83,85
1,Clear,23,7.9,1.28,86
1,Clear,23,20.5,4.8,87
1,Clear,23,33.1,8.2,88
1,Clear,23,17.0,3.4,89
1,Clear,23,69.5,18.32,90
1,Clear,23,67.4,18.4,91
1,Clear,23,9.3,1.5,92
1,Clear,23,8.6,1.33,93
1,Clear,23,12.1,2.2,94
1,Clear,23,5.8,0.65,95
1,Clear,23,5.8,0.84,96
1,Clear,23,12.8,1.39,97
1,Clear,23,12.1,2.28,98
1,Clear,23,36.6,9.04,99
1,Clear,23,14.2,2.65,100
1,Clear,1,20.5,3.54,1
1,Clear,1,7.9,1.18,2
1,Clear,1,21.2,5.1,3
1,Clear,1,7.2,1.1,4
1,Clear,1,14.9,2.51,5
1,Clear,1,70.0,19.59,6
1,Clear,1,12.1,1.85,7
1,Clear,1,4.4,0.4,8
1,Clear,1,26.1,5.43,9
1,Clear,1,5.1,0.4,10
1,Clear,1,20.5,4.5,11
1,Clear,1,5.8,0.82,12
1,Clear,1,3.7,0.23,13
1,Clear,1,7.9,1.46,14
1,Clear,1,20.5,4.31,15
1,Clear,1,5.1,0.47,16
1,Clear,1,10.0,1.59,17
1,Clear,1,9.3,1.1,18
1,Clear,1,12.1,2.21,19
1,Clear,1,10.7,1.89,20
1,Clear,1,7.2,1.0,21
1,Clear,1,21.2,3.76,22
1,Clear,1,32.4,8.24,23
1,Clear,1,16.3,3.26,24
1,Clear,1,21.2,4.58,25
1,Clear,1,18.4,3.71,26
1,Clear,1,12.1,2.4,27
1,Clear,1,10.0,1.47,28
1,Clear,1,5.8,0.62,29
1,Clear,1,12.8,2.6,30
1,Clear,1,11.4,2.0,31
1,Clear,1,10.0,1.69,32
1,Clear,1,19.1,3.98,33
1,Clear,1,19.8,4.25,34
1,Clear,1,10.0,1.82,35
1,Clear,1,21.9,5.0,36
1,Clear,1,10.7,1.83,37
1,Clear,1,7.9,1.1,38
1,Clear,1,8.6,1.38,39
1,Clear,1,31.7,6.97,40
1,Clear,1,16.3,3.0,41
1,Clear,1,11.4,2.2,42
1,Clear,1,31.7,7.75,43
1,Clear,1,19.8,3.7,44
1,Clear,1,21.2,4.32,45
1,Clear,1,7.9,1.2,46
1,Clear,1,76.5,20.4,47
1,Clear,1,33.1,6.83,48
1,Clear,1,131.8,20.01,49
1,Clear,1,6.5,0.92,50
1,Clear,1,8.6,1.4,51
1,Clear,1,8.6,1.56,52
1,Clear,1,5.8,0.46,53
1,Clear,1,7.9,1.01,54
1,Clear,1,5.8,0.64,55
1,Clear,1,19.1,4.3,56
1,Clear,1,14.9,2.72,57
1,Clear,1,7.2,0.73,58
1,Clear,1,17.0,3.8,59
1,Clear,1,26.8,6.27,60
1,Clear,1,17.7,3.9,61
1,Clear,1,26.8,5.65,62
1,Clear,1,5.8,0.51,63
1,Clear,1,15.6,3.01,64
1,Clear,1,10.7,2.19,65
1,Clear,1,7.9,1.09,66
1,Clear,1,7.2,1.0,67
1,Clear,1,10.0,1.94,68
1,Clear,1,6.5,1.16,69
1,Clear,1,14.9,3.2,70
1,Clear,1,7.2,0.72,71
1,Clear,1,7.9,1.35,72
1,Clear,1,12.8,2.23,73
1,Clear,1,8.6,1.3,74
1,Clear,1,26.1,5.61,75
1,Clear,1,7.9,1.02,76
1,Clear,1,12.1,2.35,77
1,Clear,1,14.2,2.93,78
1,Clear,1,24.0,5.64,79
1,Clear,1,33.1,7.59,80
1,Clear,1,7.2,1.1,81
1,Clear,1,7.9,1.2,82
1,Clear,1,3.7,0.2,83
1,Clear,1,39.4,10.24,84
1,Clear,1,7.2,0.74,85
1,Clear,1,14.9,2.56,86
1,Clear,1,8.6,1.19,87
1,Clear,1,6.5,0.78,88
1,Clear,1,7.9,1.36,89
1,Clear,1,18.4,3.12,90
1,Clear,1,83.5,22.5,91
1,Clear,1,12.1,1.9,92
1,Clear,1,10.7,1.75,93
1,Clear,1,4.4,0.38,94
1,Clear,1,17.0,3.46,95
1,Clear,1,33.1,7.44,96
1,Clear,1,19.1,4.28,97
1,Clear,1,70.0,17.7,98
1,Clear,1,6.5,0.5,99
1,Clear,1,5.1,0.7,100
1,Clear,2,12.8,2.5,1
1,Clear,2,5.1,0.52,2
1,Clear,2,35.2,9.0,3
1,Clear,2,7.9,1.15,4
1,Clear,2,26.1,5.9,5
1,Clear,2,21.9,4.9,6
1,Clear,2,10.7,1.7,7
1,Clear,2,5.8,0.7,8
1,Clear,2,87.0,23.91,9
1,Clear,2,22.6,4.9,10
1,Clear,2,5.1,0.68,11
1,Clear,2,8.6,1.47,12
1,Clear,2,79.3,21.24,13
1,Clear,2,8.6,1.5,14
1,Clear,2,7.9,1.2,15
1,Clear,2,12.1,1.95,16
1,Clear,2,10.7,2.08,17
1,Clear,2,10.7,1.83,18
1,Clear,2,14.9,3.06,19
1,Clear,2,9.3,1.28,20
1,Clear,2,17.7,3.36,21
1,Clear,2,7.2,0.75,22
1,Clear,2,9.3,1.38,23
1,Clear,2,10.7,2.39,24
1,Clear,2,15.6,2.61,25
1,Clear,2,8.6,1.04,26
1,Clear,2,14.2,2.6,27
1,Clear,2,19.8,4.1,28
1,Clear,2,9.3,1.5,29
1,Clear,2,13.5,2.75,30
1,Clear,2,45.0,11.8,31
1,Clear,2,31.0,7.2,32
1,Clear,2,9.3,1.2,33
1,Clear,2,10.0,1.62,34
1,Clear,2,6.5,0.73,35
1,Clear,2,27.5,0.01,36
1,Clear,2,38.0,8.73,37
1,Clear,2,17.0,3.34,38
1,Clear,2,10.7,1.48,39
1,Clear,2,13.5,2.1,40
1,Clear,2,5.1,0.48,41
1,Clear,2,19.1,4.44,42
1,Clear,2,12.8,2.16,43
1,Clear,2,11.4,2.25,44
1,Clear,2,10.7,1.86,45
1,Clear,2,52.0,12.28,46
1,Clear,2,32.4,7.94,47
1,Clear,2,12.1,2.54,48
1,Clear,2,6.5,0.96,49
1,Clear,2,70.0,19.63,50
1,Clear,2,12.1,2.19,51
1,Clear,2,70.0,17.4,52
1,Clear,2,15.6,3.56,53
1,Clear,2,12.1,2.23,54
1,Clear,2,7.2,1.02,55
1,Clear,2,8.6,1.36,56
1,Clear,2,21.9,4.41,57
1,Clear,2,10.7,1.9,58
1,Clear,2,12.8,2.38,59
1,Clear,2,59.7,15.88,60
1,Clear,2,7.2,0.7,61
1,Clear,2,14.9,2.52,62
1,Clear,2,7.9,1.05,63
1,Clear,2,21.9,4.62,64
1,Clear,2,8.6,1.37,65
1,Clear,2,10.0,1.7,66
1,Clear,2,10.7,1.95,67
1,Clear,2,12.8,2.56,68
1,Clear,2,8.6,1.63,69
1,Clear,2,6.5,1.07,70
1,Clear,2,10.0,1.42,71
1,Clear,2,5.1,0.6,72
1,Clear,2,7.2,1.1,73
1,Clear,2,16.3,3.1,74
1,Clear,2,80.0,17.28,75
1,Clear,2,12.8,1.86,76
1,Clear,2,7.2,1.21,77
1,Clear,2,7.9,1.21,78
1,Clear,2,10.0,1.6,79
1,Clear,2,10.0,2.07,80
1,Clear,2,18.4,3.8,81
1,Clear,2,6.5,0.82,82
1,Clear,2,13.5,2.71,83
1,Clear,2,7.9,1.37,84
1,Clear,2,5.1,0.6,85
1,Clear,2,5.1,0.54,86
1,Clear,2,5.1,0.5,87
1,Clear,2,3.7,0.21,88
1,Clear,2,7.9,1.32,89
1,Clear,2,9.3,1.45,90
1,Clear,2,38.7,9.6,91
1,Clear,2,5.1,0.4,92
1,Clear,2,5.8,0.6,93
1,Clear,2,15.6,3.5,94
1,Clear,2,14.2,2.38,95
1,Clear,2,4.4,0.4,96
1,Clear,2,12.1,2.3,97
1,Clear,2,6.5,0.7,98
1,Clear,2,6.5,1.04,99
1,Clear,2,7.2,0.6,100
1,Clear,3,12.1,2.2,1
1,Clear,3,49.9,12.47,2
1,Clear,3,10.7,1.46,3
1,Clear,3,7.2,0.9,4
1,Clear,3,12.8,2.5,5
1,Clear,3,14.2,2.8,6
1,Clear,3,73.4,13.87,7
1,Clear,3,70.0,17.51,8
1,Clear,3,20.5,3.71,9
1,Clear,3,6.5,0.99,10
1,Clear,3,7.9,1.04,11
1,Clear,3,11.4,1.87,12
1,Clear,3,7.9,1.31,13
1,Clear,3,7.2,0.99,14
1,Clear,3,31.7,7.19,15
1,Clear,3,19.1,4.23,16
1,Clear,3,10.0,1.3,17
1,Clear,3,6.5,0.8,18
1,Clear,3,11.4,1.43,19
1,Clear,3,12.8,2.57,20
1,Clear,3,11.4,1.77,21
1,Clear,3,14.2,2.56,22
1,Clear,3,12.8,2.74,23
1,Clear,3,12.8,2.21,24
1,Clear,3,51.3,13.64,25
1,Clear,3,7.9,0.82,26
1,Clear,3,15.6,2.46,27
1,Clear,3,22.6,5.3,28
1,Clear,3,7.2,0.94,29
1,Clear,3,6.5,1.0,30
1,Clear,3,9.3,1.12,31
1,Clear,3,5.8,0.67,32
1,Clear,3,70.0,17.22,33
1,Clear,3,8.6,1.7,34
1,Clear,3,84.2,22.72,35
1,Clear,3,9.3,1.8,36
1,Clear,3,43.6,10.9,37
1,Clear,3,5.8,0.6,38
1,Clear,3,8.6,1.48,39
1,Clear,3,8.6,1.4,40
1,Clear,3,4.4,0.4,41
1,Clear,3,23.3,4.92,42
1,Clear,3,16.3,3.15,43
1,Clear,3,13.5,2.24,44
1,Clear,3,14.2,2.55,45
1,Clear,3,4.4,0.3,46
1,Clear,3,91.6,18.92,47
1,Clear,3,12.8,2.88,48
1,Clear,3,4.4,0.6,49
1,Clear,3,8.6,1.4,50
1,Clear,3,5.8,0.63,51
1,Clear,3,19.1,3.3,52
1,Clear,3,5.8,0.49,53
1,Clear,3,5.8,0.65,54
1,Clear,3,70.0,20.01,55
1,Clear,3,19.1,2.97,56
1,Clear,3,16.3,3.3,57
1,Clear,3,40.8,8.47,58
1,Clear,3,14.9,2.81,59
1,Clear,3,12.1,2.46,60
1,Clear,3,9.3,1.48,61
1,Clear,3,7.9,1.17,62
1,Clear,3,8.6,1.1,63
1,Clear,3,12.1,1.61,64
1,Clear,3,7.2,1.14,65
1,Clear,3,15.6,2.61,66
1,Clear,3,70.0,16.03,67
1,Clear,3,10.7,1.65,68
1,Clear,3,6.5,0.88,69
1,Clear,3,10.0,1.45,70
1,Clear,3,11.4,1.38,71
1,Clear,3,17.0,2.82,72
1,Clear,3,43.6,11.13,73
1,Clear,3,4.4,0.4,74
1,Clear,3,88.1,17.72,75
1,Clear,3,11.4,1.39,76
1,Clear,3,53.4,12.95,77
1,Clear,3,14.9,2.24,78
1,Clear,3,14.2,2.17,79
1,Clear,3,11.4,2.53,80
1,Clear,3,14.9,2.8,81
1,Clear,3,14.9,2.7,82
1,Clear,3,5.1,0.58,83
1,Clear,3,10.0,1.25,84
1,Clear,3,11.4,1.64,85
1,Clear,3,7.9,1.23,86
1,Clear,3,12.8,2.12,87
1,Clear,3,7.9,1.25,88
1,Clear,3,18.4,2.89,89
1,Clear,3,21.2,4.6,90
1,Clear,3,70.0,16.28,91
1,Clear,3,9.3,1.51,92
1,Clear,3,93.7,19.59,93
1,Clear,3,75.8,20.83,94
1,Clear,3,68.5,12.77,95
1,Clear,3,11.4,1.91,96
1,Clear,3,9.3,1.19,97
1,Clear,3,13.5,2.24,98
1,Clear,3,9.3,1.38,99
1,Clear,3,8.6,1.07,100
1,Clear,6,6.5,0.93,1
1,Clear,6,10.0,1.59,2
1,Clear,6,36.6,7.7,3
1,Clear,6,10.0,1.4,4
1,Clear,6,15.6,3.5,5
1,Clear,6,10.7,1.92,6
1,Clear,6,6.5,0.9,7
1,Clear,6,10.0,1.4,8
1,Clear,6,10.0,2.0,9
1,Clear,6,5.1,0.7,10
1,Clear,6,45.7,11.3,11
1,Clear,6,6.5,0.8,12
1,Clear,6,86.3,27.04,13
1,Clear,6,59.7,14.4,14
1,Clear,6,10.7,1.63,15
1,Clear,6,70.0,19.95,16
1,Clear,6,7.9,1.1,17
1,Clear,6,17.0,3.49,18
1,Clear,6,8.6,1.2,19
1,Clear,6,49.5,15.8,20
1,Clear,6,9.3,1.76,21
1,Clear,6,9.3,1.63,22
1,Clear,6,9.3,1.3,23
1,Clear,6,70.9,19.02,24
1,Clear,6,70.0,18.6,25
1,Clear,6,10.0,1.68,26
1,Clear,6,11.4,2.23,27
1,Clear,6,8.6,1.6,28
1,Clear,6,41.5,10.9,29
1,Clear,6,10.7,1.54,30
1,Clear,6,6.5,0.9,31
1,Clear,6,29.6,6.49,32
1,Clear,6,10.7,1.72,33
1,Clear,6,5.1,0.8,34
1,Clear,6,6.5,0.75,35
1,Clear,6,28.2,6.5,36
1,Clear,6,24.7,6.15,37
1,Clear,6,10.0,1.72,38
1,Clear,6,70.0,18.99,39
1,Clear,6,12.1,2.22,40
1,Clear,6,5.1,0.56,41
1,Clear,6,3.7,0.33,42
1,Clear,6,27.5,5.11,43
1,Clear,6,14.2,2.1,44
1,Clear,6,56.2,14.56,45
1,Clear,6,9.3,1.16,46
1,Clear,6,8.6,1.2,47
1,Clear,6,7.2,1.3,48
1,Clear,6,80.7,21.4,49
1,Clear,6,13.5,2.52,50
1,Clear,6,8.6,1.3,51
1,Clear,6,70.0,12.3,52
1,Clear,6,14.2,2.7,53
1,Clear,6,44.3,9.36,54
1,Clear,6,9.3,1.54,55
1,Clear,6,21.2,4.59,56
1,Clear,6,19.8,3.93,57
1,Clear,6,7.2,1.1,58
1,Clear,6,38.0,9.44,59
1,Clear,6,22.6,5.06,60
1,Clear,6,20.5,4.74,61
1,Clear,6,5.1,0.62,62
1,Clear,6,12.1,2.49,63
1,Clear,6,19.8,4.37,64
1,Clear,6,9.3,1.69,65
1,Clear,6,25.4,5.21,66
1,Clear,6,40.1,9.4,67
1,Clear,6,3.0,0.04,68
1,Clear,6,70.0,18.46,69
1,Clear,6,7.2,1.1,70
1,Clear,6,70.0,16.54,71
1,Clear,6,11.4,1.83,72
1,Clear,6,11.4,2.09,73
1,Clear,6,70.0,16.42,74
1,Clear,6,31.0,7.3,75
1,Clear,6,17.0,3.54,76
1,Clear,6,14.9,2.69,77
1,Clear,6,14.2,2.38,78
1,Clear,6,19.1,3.93,79
1,Clear,6,17.0,4.1,80
1,Clear,6,12.1,2.1,81
1,Clear,6,10.0,2.1,82
1,Clear,6,10.0,1.1,83
1,Clear,6,57.6,15.31,84
1,Clear,6,3.0,0.01,85
1,Clear,6,70.0,20.01,86
1,Clear,6,10.0,2.0,87
1,Clear,6,6.5,0.8,88
1,Clear,6,14.9,2.64,89
1,Clear,6,10.0,1.5,90
1,Clear,6,9.3,1.5,91
1,Clear,6,28.9,6.6,92
1,Clear,6,10.7,2.0,93
1,Clear,6,17.7,3.9,94
1,Clear,6,18.4,3.8,95
1,Clear,6,10.0,2.09,96
1,Clear,6,12.1,2.11,97
1,Clear,6,72.3,19.47,98
1,Clear,6,34.5,8.8,99
1,Clear,6,9.3,1.5,100
1,Clear,7,7.9,1.13,1
1,Clear,7,5.8,0.9,2
1,Clear,7,4.4,0.4,3
1,Clear,7,10.7,2.0,4
1,Clear,7,70.0,17.8,5
1,Clear,7,7.9,0.89,6
1,Clear,7,10.7,1.5,7
1,Clear,7,8.6,1.11,8
1,Clear,7,13.5,2.62,9
1,Clear,7,7.9,1.3,10
1,Clear,7,19.8,4.4,11
1,Clear,7,6.5,0.89,12
1,Clear,7,21.2,3.76,13
1,Clear,7,7.2,0.98,14
1,Clear,7,9.3,1.4,15
1,Clear,7,54.1,14.5,16
1,Clear,7,6.5,0.9,17
1,Clear,7,9.3,1.8,18
1,Clear,7,11.4,1.9,19
1,Clear,7,11.4,2.27,20
1,Clear,7,24.0,4.63,21
1,Clear,7,70.0,18.6,22
1,Clear,7,6.5,0.96,23
1,Clear,7,58.3,15.82,24
1,Clear,7,42.9,10.37,25
1,Clear,7,13.5,2.2,26
1,Clear,7,70.0,16.56,27
1,Clear,7,9.3,1.55,28
1,Clear,7,21.2,4.83,29
1,Clear,7,105.2,25.4,30
1,Clear,7,8.6,1.35,31
1,Clear,7,5.8,0.69,32
1,Clear,7,14.9,3.24,33
1,Clear,7,7.2,0.8,34
1,Clear,7,70.0,18.52,35
1,Clear,7,14.2,2.2,36
1,Clear,7,15.6,2.5,37
1,Clear,7,41.5,10.61,38
1,Clear,7,10.0,1.64,39
1,Clear,7,10.0,1.64,40
1,Clear,7,10.0,1.6,41
1,Clear,7,11.4,1.9,42
1,Clear,7,10.7,2.01,43
1,Clear,7,5.1,0.48,44
1,Clear,7,70.0,16.13,45
1,Clear,7,50.6,11.86,46
1,Clear,7,13.5,2.7,47
1,Clear,7,7.2,1.0,48
1,Clear,7,30.3,7.46,49
1,Clear,7,6.5,1.06,50
1,Clear,7,10.0,2.01,51
1,Clear,7,11.4,1.78,52
1,Clear,7,14.9,2.7,53
1,Clear,7,70.0,19.98,54
1,Clear,7,35.2,8.49,55
1,Clear,7,24.0,5.36,56
1,Clear,7,6.5,0.7,57
1,Clear,7,7.9,1.37,58
1,Clear,7,10.0,1.7,59
1,Clear,7,70.0,17.8,60
1,Clear,7,69.5,18.68,61
1,Clear,7,21.2,4.61,62
1,Clear,7,10.7,1.6,63
1,Clear,7,42.2,10.66,64
1,Clear,7,14.2,3.18,65
1,Clear,7,9.3,1.69,66
1,Clear,7,70.0,17.52,67
1,Clear,7,7.9,0.94,68
1,Clear,7,5.8,0.69,69
1,Clear,7,10.0,2.01,70
1,Clear,7,7.9,1.27,71
1,Clear,7,14.2,2.8,72
1,Clear,7,31.7,7.19,73
1,Clear,7,13.5,2.57,74
1,Clear,7,70.0,17.48,75
1,Clear,7,9.3,1.69,76
1,Clear,7,9.3,1.75,77
1,Clear,7,12.8,2.62,78
1,Clear,7,14.9,3.2,79
1,Clear,7,7.2,1.0,80
1,Clear,7,5.1,0.55,81
1,Clear,7,17.7,3.01,82
1,Clear,7,17.0,3.0,83
1,Clear,7,5.8,0.73,84
1,Clear,7,70.0,18.62,85
1,Clear,7,5.8,0.43,86
1,Clear,7,12.1,2.13,87
1,Clear,7,5.1,0.59,88
1,Clear,7,9.3,1.52,89
1,Clear,7,7.2,1.04,90
1,Clear,7,6.5,0.61,91
1,Clear,7,7.9,0.97,92
1,Clear,7,12.8,2.8,93
1,Clear,7,4.4,0.3,94
1,Clear,7,7.9,1.1,95
1,Clear,7,8.6,0.93,96
1,Clear,7,14.9,3.15,97
1,Clear,7,8.6,1.5,98
1,Clear,7,19.1,4.14,99
1,Clear,7,7.2,0.93,100
1,Clear,8,10.0,1.91,1
1,Clear,8,12.1,2.4,2
1,Clear,8,8.6,1.1,3
1,Clear,8,24.0,5.8,4
1,Clear,8,10.0,1.68,5
1,Clear,8,31.0,7.6,6
1,Clear,8,11.4,1.85,7
1,Clear,8,44.3,11.8,8
1,Clear,8,12.8,2.12,9
1,Clear,8,14.9,2.89,10
1,Clear,8,10.0,1.3,11
1,Clear,8,5.8,0.5,12
1,Clear,8,10.7,1.4,13
1,Clear,8,47.1,9.92,14
1,Clear,8,35.9,9.07,15
1,Clear,8,70.0,18.43,16
1,Clear,8,14.2,2.8,17
1,Clear,8,14.9,3.08,18
1,Clear,8,21.9,4.1,19
1,Clear,8,20.5,4.21,20
1,Clear,8,20.5,2.7,21
1,Clear,8,9.3,1.8,22
1,Clear,8,5.8,0.52,23
1,Clear,8,12.8,1.53,24
1,Clear,8,13.5,2.18,25
1,Clear,8,6.5,0.64,26
1,Clear,8,57.6,13.1,27
1,Clear,8,9.3,1.6,28
1,Clear,8,7.9,1.09,29
1,Clear,8,34.5,6.7,30
1,Clear,8,7.9,0.91,31
1,Clear,8,70.0,18.58,32
1,Clear,8,45.0,10.7,33
1,Clear,8,7.9,1.19,34
1,Clear,8,7.2,1.03,35
1,Clear,8,6.5,0.8,36
1,Clear,8,12.1,2.6,37
1,Clear,8,5.1,0.5,38
1,Clear,8,6.5,0.99,39
1,Clear,8,12.8,1.99,40
1,Clear,8,37.5,10.0,41
1,Clear,8,59.5,21.0,42
1,Clear,8,75.8,19.95,43
1,Clear,8,8.6,0.98,44
1,Clear,8,5.1,0.65,45
1,Clear,8,14.2,2.48,46
1,Clear,8,63.9,16.7,47
1,Clear,8,7.9,0.95,48
1,Clear,8,9.3,0.98,49
1,Clear,8,10.0,1.9,50
1,Clear,8,17.7,3.2,51
1,Clear,8,90.2,18.69,52
1,Clear,8,7.2,1.02,53
1,Clear,8,7.2,0.9,54
1,Clear,8,9.3,0.77,55
1,Clear,8,5.8,0.63,56
1,Clear,8,70.0,16.85,57
1,Clear,8,24.0,4.97,58
1,Clear,8,7.2,0.98,59
1,Clear,8,11.4,1.84,60
1,Clear,8,40.8,9.8,61
1,Clear,8,26.1,6.23,62
1,Clear,8,12.1,2.1,63
1,Clear,8,14.9,2.46,64
1,Clear,8,9.3,1.4,65
1,Clear,8,7.2,1.1,66
1,Clear,8,5.8,0.73,67
1,Clear,8,14.2,2.32,68
1,Clear,8,16.3,2.75,69
1,Clear,8,11.4,2.2,70
1,Clear,8,14.2,2.7,71
1,Clear,8,32.4,7.19,72
1,Clear,8,70.0,21.64,73
1,Clear,8,17.0,3.51,74
1,Clear,8,48.5,12.7,75
1,Clear,8,7.2,1.11,76
1,Clear,8,9.3,1.03,77
1,Clear,8,11.4,1.77,78
1,Clear,8,6.5,1.11,79
1,Clear,8,19.1,4.2,80
1,Clear,8,36.6,9.68,81
1,Clear,8,42.2,10.31,82
1,Clear,8,7.2,1.14,83
1,Clear,8,22.6,4.68,84
1,Clear,8,14.2,2.46,85
1,Clear,8,22.6,4.14,86
1,Clear,8,76.5,20.36,87
1,Clear,8,5.1,0.54,88
1,Clear,8,12.1,2.32,89
1,Clear,8,4.4,0.5,90
1,Clear,8,5.1,0.4,91
1,Clear,8,4.4,0.2,92
1,Clear,8,70.0,19.18,93
1,Clear,8,15.6,3.5,94
1,Clear,8,70.0,17.3,95
1,Clear,8,7.9,1.2,96
1,Clear,8,48.5,11.4,97
1,Clear,8,71.6,19.45,98
1,Clear,8,22.6,5.28,99
1,Clear,8,5.1,0.57,100
1,Clear,9,7.2,1.24,1
1,Clear,9,4.4,0.55,2
1,Clear,9,8.6,1.4,3
1,Clear,9,5.1,0.6,4
1,Clear,9,3.7,0.04,5
1,Clear,9,77.2,21.15,6
1,Clear,9,5.1,0.5,7
1,Clear,9,7.2,0.7,8
1,Clear,9,5.8,0.64,9
1,Clear,9,5.1,0.3,10
1,Clear,9,32.4,8.3,11
1,Clear,9,14.9,2.9,12
1,Clear,9,13.5,2.17,13
1,Clear,9,7.9,1.12,14
1,Clear,9,6.5,0.68,15
1,Clear,9,3.0,0.13,16
1,Clear,9,3.0,0.32,17
1,Clear,9,70.0,18.7,18
1,Clear,9,8.6,1.1,19
1,Clear,9,10.0,1.89,20
1,Clear,9,7.2,0.9,21
1,Clear,9,10.0,2.0,22
1,Clear,9,24.7,5.9,23
1,Clear,9,6.5,1.02,24
1,Clear,9,10.0,1.7,25
1,Clear,9,7.2,1.0,26
1,Clear,9,8.6,1.1,27
1,Clear,9,11.4,2.38,28
1,Clear,9,12.1,1.86,29
1,Clear,9,11.4,1.7,30
1,Clear,9,7.9,1.1,31
1,Clear,9,6.5,1.1,32
1,Clear,9,7.9,1.1,33
1,Clear,9,12.1,2.05,34
1,Clear,9,7.2,0.83,35
1,Clear,9,17.7,3.13,36
1,Clear,9,10.7,1.36,37
1,Clear,9,8.6,1.17,38
1,Clear,9,47.8,11.1,39
1,Clear,9,14.9,2.31,40
1,Clear,9,7.2,0.87,41
1,Clear,9,6.5,0.8,42
1,Clear,9,6.5,0.8,43
1,Clear,9,9.3,1.24,44
1,Clear,9,11.4,1.59,45
1,Clear,9,6.5,0.89,46
1,Clear,9,7.9,0.9,47
1,Clear,9,27.5,6.09,48
1,Clear,9,16.3,2.79,49
1,Clear,9,26.8,5.9,50
1,Clear,9,7.9,1.0,51
1,Clear,9,18.4,3.7,52
1,Clear,9,49.2,11.57,53
1,Clear,9,5.1,0.5,54
1,Clear,9,3.7,0.04,55
1,Clear,9,8.6,1.05,56
1,Clear,9,5.8,0.49,57
1,Clear,9,70.0,18.34,58
1,Clear,9,44.3,11.1,59
1,Clear,9,7.9,1.06,60
1,Clear,9,9.3,1.62,61
1,Clear,9,33.1,8.5,62
1,Clear,9,14.2,3.0,63
1,Clear,9,32.4,7.95,64
1,Clear,9,10.0,1.34,65
1,Clear,9,8.6,1.06,66
1,Clear,9,70.0,21.58,67
1,Clear,9,5.8,0.7,68
1,Clear,9,12.8,2.16,69
1,Clear,9,8.6,1.2,70
1,Clear,9,18.4,4.13,71
1,Clear,9,14.2,2.01,72
1,Clear,9,14.2,2.6,73
1,Clear,9,11.4,1.75,74
1,Clear,9,5.8,0.63,75
1,Clear,9,19.1,4.33,76
1,Clear,9,8.6,1.24,77
1,Clear,9,24.7,4.19,78
1,Clear,9,13.5,2.24,79
1,Clear,9,7.9,1.1,80
1,Clear,9,7.2,1.0,81
1,Clear,9,6.5,0.8,82
1,Clear,9,26.1,5.7,83
1,Clear,9,13.5,2.2,84
1,Clear,9,6.5,0.82,85
1,Clear,9,7.9,0.89,86
1,Clear,9,16.3,3.0,87
1,Clear,9,12.8,2.0,88
1,Clear,9,12.1,2.12,89
1,Clear,9,9.3,1.4,90
1,Clear,9,8.6,1.5,91
1,Clear,9,10.0,1.7,92
1,Clear,9,5.1,0.4,93
1,Clear,9,8.6,1.15,94
1,Clear,9,27.5,4.54,95
1,Clear,9,70.0,18.19,96
1,Clear,9,20.5,3.55,97
1,Clear,9,20.5,3.59,98
1,Clear,9,21.2,3.57,99
1,Clear,9,8.6,1.0,100
1,Clear,10,14.9,2.73,1
1,Clear,10,27.5,5.48,2
1,Clear,10,6.5,0.87,3
1,Clear,10,6.5,0.7,4
1,Clear,10,7.2,1.3,5
1,Clear,10,39.4,8.32,6
1,Clear,10,9.3,1.6,7
1,Clear,10,22.6,4.1,8
1,Clear,10,4.4,0.4,9
1,Clear,10,5.8,0.68,10
1,Clear,10,10.7,1.16,11
1,Clear,10,6.5,0.96,12
1,Clear,10,5.1,0.37,13
1,Clear,10,10.7,1.67,14
1,Clear,10,14.9,2.66,15
1,Clear,10,7.2,0.69,16
1,Clear,10,5.8,0.3,17
1,Clear,10,7.2,0.9,18
1,Clear,10,70.0,19.01,19
1,Clear,10,19.8,3.2,20
1,Clear,10,11.4,1.63,21
1,Clear,10,7.2,1.04,22
1,Clear,10,7.9,1.13,23
1,Clear,10,6.5,1.1,24
1,Clear,10,5.1,0.5,25
1,Clear,10,12.8,2.5,26
1,Clear,10,14.9,2.9,27
1,Clear,10,12.8,2.27,28
1,Clear,10,13.5,1.91,29
1,Clear,10,5.1,0.5,30
1,Clear,10,10.0,1.6,31
1,Clear,10,12.1,1.9,32
1,Clear,10,6.5,0.9,33
1,Clear,10,70.0,17.48,34
1,Clear,10,9.3,1.27,35
1,Clear,10,28.9,6.18,36
1,Clear,10,12.1,1.6,37
1,Clear,10,9.3,1.0,38
1,Clear,10,38.0,8.83,39
1,Clear,10,9.3,1.15,40
1,Clear,10,22.6,4.69,41
1,Clear,10,14.9,2.59,42
1,Clear,10,9.3,1.47,43
1,Clear,10,8.6,0.73,44
1,Clear,10,10.7,1.25,45
1,Clear,10,7.2,1.11,46
1,Clear,10,70.0,17.12,47
1,Clear,10,44.3,9.6,48
1,Clear,10,25.4,5.6,49
1,Clear,10,7.9,1.07,50
1,Clear,10,10.0,1.13,51
1,Clear,10,13.5,2.58,52
1,Clear,10,12.8,1.83,53
1,Clear,10,5.8,0.6,54
1,Clear,10,11.4,1.92,55
1,Clear,10,14.2,2.55,56
1,Clear,10,38.7,9.6,57
1,Clear,10,14.9,2.3,58
1,Clear,10,9.3,1.3,59
1,Clear,10,27.5,6.1,60
1,Clear,10,13.5,1.66,61
1,Clear,10,12.8,2.23,62
1,Clear,10,11.4,1.7,63
1,Clear,10,7.9,1.1,64
1,Clear,10,8.6,1.2,65
1,Clear,10,8.6,1.4,66
1,Clear,10,12.8,2.12,67
1,Clear,10,9.3,1.58,68
1,Clear,10,10.7,1.8,69
1,Clear,10,6.5,1.0,70
1,Clear,10,32.4,8.2,71
1,Clear,10,10.7,2.07,72
1,Clear,10,10.0,1.4,73
1,Clear,10,6.5,0.64,74
1,Clear,10,40.1,9.78,75
1,Clear,10,6.5,0.92,76
1,Clear,10,7.2,0.95,77
1,Clear,10,9.3,1.48,78
1,Clear,10,7.9,0.86,79
1,Clear,10,9.3,1.55,80
1,Clear,10,35.2,8.7,81
1,Clear,10,42.9,9.7,82
1,Clear,10,13.5,1.9,83
1,Clear,10,14.2,2.5,84
1,Clear,10,9.3,1.26,85
1,Clear,10,9.3,1.05,86
1,Clear,10,7.9,0.89,87
1,Clear,10,32.4,8.21,88
1,Clear,10,16.3,3.44,89
1,Clear,10,5.8,0.74,90
1,Clear,10,8.6,1.1,91
1,Clear,10,5.1,0.4,92
1,Clear,10,13.5,2.0,93
1,Clear,10,5.8,0.4,94
1,Clear,10,12.1,1.96,95
1,Clear,10,15.6,2.72,96
1,Clear,10,10.0,1.27,97
1,Clear,10,5.8,0.61,98
1,Clear,10,8.6,1.29,99
1,Clear,10,28.2,6.41,100
1,Clear,4,49.9,11.57,1
1,Clear,4,5.1,0.69,2
1,Clear,4,4.4,0.41,3
1,Clear,4,32.4,8.1,4
1,Clear,4,14.2,2.9,5
1,Clear,4,32.4,8.5,6
1,Clear,4,19.8,3.9,7
1,Clear,4,70.0,16.3,8
1,Clear,4,17.7,3.72,9
1,Clear,4,36.6,8.75,10
1,Clear,4,75.1,14.82,11
1,Clear,4,40.1,9.54,12
1,Clear,4,6.5,1.1,13
1,Clear,4,8.6,1.71,14
1,Clear,4,5.1,0.78,15
1,Clear,4,12.1,2.2,16
1,Clear,4,17.7,3.9,17
1,Clear,4,52.7,13.07,18
1,Clear,4,28.2,6.44,19
1,Clear,4,9.3,1.5,20
1,Clear,4,7.2,0.99,21
1,Clear,4,17.0,3.52,22
1,Clear,4,6.5,1.0,23
1,Clear,4,7.2,1.19,24
1,Clear,4,15.6,3.37,25
1,Clear,4,89.5,18.05,26
1,Clear,4,70.0,18.73,27
1,Clear,4,13.5,2.9,28
1,Clear,4,7.2,0.81,29
1,Clear,4,10.0,1.7,30
1,Clear,4,24.7,5.58,31
1,Clear,4,9.3,1.67,32
1,Clear,4,12.8,2.18,33
1,Clear,4,70.0,15.02,34
1,Clear,4,40.8,10.6,35
1,Clear,4,12.1,1.8,36
1,Clear,4,12.1,2.3,37
1,Clear,4,70.0,17.99,38
1,Clear,4,7.9,1.1,39
1,Clear,4,19.1,3.84,40
1,Clear,4,7.9,1.19,41
1,Clear,4,6.5,0.6,42
1,Clear,4,36.6,7.35,43
1,Clear,4,33.8,6.96,44
1,Clear,4,34.5,8.6,45
1,Clear,4,9.3,1.78,46
1,Clear,4,62.5,15.28,47
1,Clear,4,88.1,17.81,48
1,Clear,4,5.8,0.8,49
1,Clear,4,88.8,18.3,50
1,Clear,4,70.0,16.64,51
1,Clear,4,19.1,4.27,52
1,Clear,4,4.4,0.3,53
1,Clear,4,7.2,1.36,54
1,Clear,4,31.5,12.2,55
1,Clear,4,29.5,9.2,56
1,Clear,4,7.9,1.54,57
1,Clear,4,21.9,4.69,58
1,Clear,4,82.0,0.06,59
1,Clear,4,57.29,19.2,60
1,Clear,4,21.2,4.61,61
1,Clear,4,31.5,7.0,62
1,Clear,4,41.5,11.3,63
1,Clear,4,43.6,10.96,64
1,Clear,4,10.7,1.22,65
1,Clear,4,27.5,6.5,66
1,Clear,4,21.5,2.7,67
1,Clear,4,34.5,9.0,68
1,Clear,4,8.6,1.22,69
1,Clear,4,24.0,4.84,70
1,Clear,4,47.8,12.15,71
1,Clear,4,27.5,6.5,72
1,Clear,4,35.9,9.26,73
1,Clear,4,70.0,16.61,74
1,Clear,4,15.6,2.95,75
1,Clear,4,33.1,7.39,76
1,Clear,4,5.8,0.76,77
1,Clear,4,14.9,2.48,78
1,Clear,4,33.8,8.29,79
1,Clear,4,70.0,16.12,80
1,Clear,4,4.4,0.35,81
1,Clear,4,56.5,23.6,82
1,Clear,4,11.4,1.82,83
1,Clear,4,54.5,14.9,84
1,Clear,4,5.8,0.79,85
1,Clear,4,7.2,0.84,86
1,Clear,4,21.2,4.75,87
1,Clear,4,5.1,0.4,88
1,Clear,4,11.4,2.1,89
1,Clear,4,21.2,4.7,90
1,Clear,4,81.4,21.56,91
1,Clear,4,84.6,17.25,92
1,Clear,4,65.0,8.8,93
1,Clear,4,70.0,17.07,94
1,Clear,4,44.5,16.3,95
1,Clear,4,12.1,2.48,96
1,Clear,4,70.0,15.94,97
1,Clear,4,48.5,16.3,98
1,Clear,4,15.6,3.3,99
1,Clear,4,70.0,17.32,100
1,Clear,5,7.9,1.4,1
1,Clear,5,12.8,2.1,2
1,Clear,5,22.6,4.5,3
1,Clear,5,6.5,1.0,4
1,Clear,5,10.7,1.23,5
1,Clear,5,7.9,1.18,6
1,Clear,5,8.6,1.63,7
1,Clear,5,5.1,0.5,8
1,Clear,5,7.2,0.91,9
1,Clear,5,9.3,1.07,10
1,Clear,5,45.0,11.6,11
1,Clear,5,6.5,0.9,12
1,Clear,5,6.5,0.8,13
1,Clear,5,49.9,13.3,14
1,Clear,5,7.2,0.9,15
1,Clear,5,17.0,3.2,16
1,Clear,5,47.1,12.0,17
1,Clear,5,17.0,4.0,18
1,Clear,5,8.6,1.2,19
1,Clear,5,9.3,1.4,20
1,Clear,5,70.0,19.0,21
1,Clear,5,40.8,9.12,22
1,Clear,5,22.6,5.21,23
1,Clear,5,26.1,6.3,24
1,Clear,5,34.5,10.0,25
1,Clear,5,46.5,12.6,26
1,Clear,5,8.6,1.33,27
1,Clear,5,33.8,6.98,28
1,Clear,5,26.8,6.4,29
1,Clear,5,6.5,0.85,30
1,Clear,5,7.2,1.09,31
1,Clear,5,8.6,1.24,32
1,Clear,5,9.3,1.23,33
1,Clear,5,12.8,2.4,34
1,Clear,5,101.0,20.9,35
1,Clear,5,11.4,1.67,36
1,Clear,5,5.1,0.59,37
1,Clear,5,9.3,1.65,38
1,Clear,5,19.8,3.3,39
1,Clear,5,11.4,1.44,40
1,Clear,5,20.5,4.3,41
1,Clear,5,12.1,1.5,42
1,Clear,5,70.0,21.3,43
1,Clear,5,10.7,1.81,44
1,Clear,5,7.9,0.93,45
1,Clear,5,9.3,1.57,46
1,Clear,5,7.2,1.03,47
1,Clear,5,13.5,2.43,48
1,Clear,5,5.8,0.8,49
1,Clear,5,9.3,1.1,50
1,Clear,5,30.3,7.67,51
1,Clear,5,43.6,10.4,52
1,Clear,5,14.9,3.06,53
1,Clear,5,21.2,4.6,54
1,Clear,5,10.7,1.9,55
1,Clear,5,49.2,12.42,56
1,Clear,5,6.5,1.18,57
1,Clear,5,12.1,2.5,58
1,Clear,5,17.7,3.91,59
1,Clear,5,13.5,1.87,60
1,Clear,5,5.8,0.8,61
1,Clear,5,63.2,12.6,62
1,Clear,5,10.0,1.67,63
1,Clear,5,16.3,2.97,64
1,Clear,5,9.3,1.71,65
1,Clear,5,8.6,1.47,66
1,Clear,5,7.9,1.2,67
1,Clear,5,13.5,2.8,68
1,Clear,5,8.6,1.4,69
1,Clear,5,7.2,1.0,70
1,Clear,5,10.0,1.33,71
1,Clear,5,5.1,0.67,72
1,Clear,5,7.9,0.99,73
1,Clear,5,6.5,0.59,74
1,Clear,5,7.2,0.96,75
1,Clear,5,11.4,1.65,76
1,Clear,5,13.5,2.66,77
1,Clear,5,10.7,1.49,78
1,Clear,5,70.0,17.25,79
1,Clear,5,30.3,7.2,80
1,Clear,5,7.2,0.88,81
1,Clear,5,19.1,4.47,82
1,Clear,5,15.6,2.96,83
1,Clear,5,14.9,2.7,84
1,Clear,5,5.8,0.75,85
1,Clear,5,70.0,19.9,86
1,Clear,5,7.9,1.1,87
1,Clear,5,5.8,0.9,88
1,Clear,5,10.7,1.92,89
1,Clear,5,70.0,18.38,90
1,Clear,5,8.6,1.01,91
1,Clear,5,12.1,2.1,92
1,Clear,5,7.2,1.1,93
1,Clear,5,7.2,1.3,94
1,Clear,5,17.0,3.42,95
1,Clear,5,66.0,17.31,96
1,Clear,5,14.2,2.96,97
1,Clear,5,7.2,1.0,98
1,Clear,5,10.0,1.27,99
1,Clear,5,9.3,1.7,100
1,Clear,11,18.4,2.76,1
1,Clear,11,13.5,0.9,2
1,Clear,11,13.5,1.2,3
1,Clear,11,4.4,0.6,4
1,Clear,11,19.8,3.3,5
1,Clear,11,35.5,9.3,6
1,Clear,11,6.5,0.8,7
1,Clear,11,17.7,1.5,8
1,Clear,11,10.0,0.8,9
1,Clear,11,12.1,0.74,10
1,Clear,11,17.7,2.0,11
1,Clear,11,16.3,1.9,12
1,Clear,11,24.0,3.3,13
1,Clear,11,23.3,4.2,14
1,Clear,11,17.7,1.79,15
1,Clear,11,54.1,13.3,16
1,Clear,11,14.9,1.1,17
1,Clear,11,11.4,1.7,18
1,Clear,11,7.2,0.7,19
1,Clear,11,14.2,1.4,20
1,Clear,11,7.9,0.7,21
1,Clear,11,6.5,0.6,22
1,Clear,11,17.0,1.8,23
1,Clear,11,14.2,0.72,24
1,Clear,11,24.0,2.34,25
1,Clear,11,14.9,1.55,26
1,Clear,11,10.0,1.17,27
1,Clear,11,13.5,1.66,28
1,Clear,11,26.8,6.1,29
1,Clear,11,9.3,1.4,30
1,Clear,11,7.9,0.7,31
1,Clear,11,10.7,0.7,32
1,Clear,11,12.8,1.3,33
1,Clear,11,29.6,4.12,34
1,Clear,11,12.8,0.82,35
1,Clear,11,18.4,1.1,36
1,Clear,11,19.8,1.2,37
1,Clear,11,7.2,0.9,38
1,Clear,11,5.8,0.5,39
1,Clear,11,10.7,1.2,40
1,Clear,11,10.0,1.3,41
1,Clear,11,7.2,0.6,42
1,Clear,11,19.8,2.03,43
1,Clear,11,10.7,1.49,44
1,Clear,11,10.0,1.0,45
1,Clear,11,17.0,2.2,46
1,Clear,11,4.4,0.3,47
1,Clear,11,14.9,1.3,48
1,Clear,11,14.2,2.03,49
1,Clear,11,28.2,5.74,50
1,Clear,11,14.9,1.27,51
1,Clear,11,7.9,0.7,52
1,Clear,11,13.5,1.72,53
1,Clear,11,16.3,2.13,54
1,Clear,11,18.4,1.58,55
1,Clear,11,10.0,0.5,56
1,Clear,11,9.3,0.91,57
1,Clear,11,10.0,0.78,58
1,Clear,11,8.6,0.72,59
1,Clear,11,9.3,1.15,60
1,Clear,11,45.7,10.9,61
1,Clear,11,10.7,1.7,62
1,Clear,11,10.0,1.5,63
1,Clear,11,10.0,1.2,64
1,Clear,11,18.4,2.05,65
1,Clear,11,26.1,2.54,66
1,Clear,11,16.3,1.22,67
1,Clear,11,9.3,1.08,68
1,Clear,11,23.3,3.6,69
1,Clear,11,7.9,0.7,70
1,Clear,11,7.9,0.8,71
1,Clear,11,11.4,1.39,72
1,Clear,11,30.3,4.4,73
1,Clear,11,19.8,3.2,74
1,Clear,11,4.4,0.42,75
1,Clear,11,5.8,0.7,76
1,Clear,11,10.0,1.7,77
1,Clear,11,21.2,2.56,78
1,Clear,11,12.1,1.1,79
1,Clear,11,10.7,1.1,80
1,Clear,11,14.2,2.17,81
1,Clear,11,16.3,1.84,82
1,Clear,11,24.7,5.2,83
1,Clear,11,28.2,5.2,84
1,Clear,11,13.5,1.3,85
1,Clear,11,8.6,0.8,86
1,Clear,11,70.0,17.66,87
1,Clear,11,7.2,0.3,88
1,Clear,11,8.6,0.81,89
1,Clear,11,12.1,1.04,90
1,Clear,11,7.9,0.76,91
1,Clear,11,8.6,0.94,92
1,Clear,11,13.5,1.27,93
1,Clear,11,5.8,0.52,94
1,Clear,11,7.2,0.77,95
1,Clear,11,8.6,1.2,96
1,Clear,11,7.2,0.59,97
1,Clear,11,10.0,1.4,98
1,Clear,11,11.4,1.5,99
1,Clear,11,9.3,1.0,100
1,Clear,12,17.7,2.91,1
1,Clear,12,9.3,0.89,2
1,Clear,12,19.1,3.38,3
1,Clear,12,13.5,1.34,4
1,Clear,12,28.9,3.64,5
1,Clear,12,6.5,0.76,6
1,Clear,12,26.8,6.2,7
1,Clear,12,17.7,3.1,8
1,Clear,12,13.5,1.5,9
1,Clear,12,42.9,10.1,10
1,Clear,12,7.9,0.8,11
1,Clear,12,5.8,0.4,12
1,Clear,13,8.6,1.19,1
1,Clear,12,9.3,0.9,13
1,Clear,12,33.8,4.85,14
1,Clear,12,19.1,2.44,15
1,Clear,12,17.7,1.9,16
1,Clear,12,12.8,1.4,17
1,Clear,12,12.1,1.9,18
1,Clear,12,21.2,2.3,19
1,Clear,12,10.7,0.9,20
1,Clear,12,12.8,2.0,21
1,Clear,12,8.6,1.1,22
1,Clear,12,6.5,0.7,23
1,Clear,12,8.6,1.1,24
1,Clear,12,15.6,2.0,25
1,Clear,12,5.8,0.7,26
1,Clear,12,12.1,1.33,27
1,Clear,12,10.0,0.8,28
1,Clear,12,21.9,3.4,29
1,Clear,12,7.2,0.62,30
1,Clear,12,10.0,1.2,31
1,Clear,12,10.7,0.5,32
1,Clear,12,19.1,2.86,33
1,Clear,12,16.3,1.5,34
1,Clear,12,12.1,0.9,35
1,Clear,12,6.5,0.3,36
1,Clear,12,5.1,0.3,37
1,Clear,12,15.6,1.8,38
1,Clear,12,7.9,0.5,39
1,Clear,12,9.3,1.1,40
1,Clear,12,7.9,0.5,41
1,Clear,12,4.4,0.33,42
1,Clear,12,7.9,0.8,43
1,Clear,12,5.8,0.5,44
1,Clear,12,9.3,1.0,45
1,Clear,12,5.1,0.28,46
1,Clear,12,12.1,1.9,47
1,Clear,12,10.0,1.4,48
1,Clear,12,19.8,1.8,49
1,Clear,12,42.9,9.62,50
1,Clear,12,17.0,3.48,51
1,Clear,12,31.0,3.59,52
1,Clear,12,7.2,0.68,53
1,Clear,12,14.9,1.6,54
1,Clear,12,12.8,2.0,55
1,Clear,12,3.7,0.3,56
1,Clear,12,18.4,2.34,57
1,Clear,12,43.6,10.85,58
1,Clear,12,5.8,0.43,59
1,Clear,12,13.5,1.59,60
1,Clear,12,18.4,1.79,61
1,Clear,12,12.1,1.13,62
1,Clear,12,5.1,0.36,63
1,Clear,12,19.1,2.08,64
1,Clear,12,8.6,0.76,65
1,Clear,12,8.6,0.76,66
1,Clear,12,10.0,0.75,67
1,Clear,12,7.9,0.61,68
1,Clear,12,14.9,1.81,69
1,Clear,12,19.1,1.4,70
1,Clear,12,19.8,2.78,71
1,Clear,12,7.2,0.8,72
1,Clear,12,12.8,1.3,73
1,Clear,12,9.3,1.19,74
1,Clear,12,6.5,0.6,75
1,Clear,12,82.0,16.62,76
1,Clear,12,24.7,4.61,77
1,Clear,12,14.2,2.2,78
1,Clear,12,5.1,0.4,79
1,Clear,12,13.5,1.1,80
1,Clear,12,18.4,2.36,81
1,Clear,12,5.8,0.68,82
1,Clear,12,7.9,1.04,83
1,Clear,12,8.6,0.86,84
1,Clear,12,5.8,0.31,85
1,Clear,12,5.8,0.41,86
1,Clear,12,17.7,1.83,87
1,Clear,12,12.1,1.5,88
1,Clear,12,24.0,4.0,89
1,Clear,12,9.3,0.95,90
1,Clear,12,35.9,6.5,91
1,Clear,12,5.8,0.5,92
1,Clear,12,10.7,1.45,93
1,Clear,12,7.9,0.96,94
1,Clear,12,15.6,1.06,95
1,Clear,12,19.1,2.57,96
1,Clear,12,10.0,1.22,97
1,Clear,12,27.5,2.22,98
1,Clear,12,13.5,1.76,99
1,Clear,12,13.5,1.4,100
1,Clear,13,43.6,10.78,2
1,Clear,13,13.5,1.92,3
1,Clear,13,9.3,0.52,4
1,Clear,13,17.7,2.8,5
1,Clear,13,10.0,1.0,6
1,Clear,13,5.8,0.6,7
1,Clear,13,5.8,0.4,8
1,Clear,13,26.5,4.7,9
1,Clear,13,8.6,1.1,10
1,Clear,13,17.7,2.0,11
1,Clear,13,14.2,0.6,12
1,Clear,13,18.4,2.1,13
1,Clear,13,10.0,1.38,14
1,Clear,13,14.2,1.5,15
1,Clear,13,10.7,1.4,16
1,Clear,13,22.6,3.83,17
1,Clear,13,24.0,2.45,18
1,Clear,13,55.5,10.02,19
1,Clear,13,9.3,1.05,20
1,Clear,13,35.2,7.4,21
1,Clear,13,11.4,0.9,22
1,Clear,13,7.2,0.8,23
1,Clear,13,46.4,10.7,24
1,Clear,13,7.9,1.0,25
1,Clear,13,7.9,0.8,26
1,Clear,13,7.2,0.3,27
1,Clear,13,15.6,1.9,28
1,Clear,13,5.8,0.4,29
1,Clear,13,16.3,1.4,30
1,Clear,13,5.8,0.39,31
1,Clear,13,7.2,0.77,32
1,Clear,13,5.8,0.49,33
1,Clear,13,10.7,1.32,34
1,Clear,13,70.0,15.23,35
1,Clear,13,10.7,0.9,36
1,Clear,13,7.9,0.2,37
1,Clear,13,9.3,1.0,38
1,Clear,13,8.6,0.8,39
1,Clear,13,18.4,3.06,40
1,Clear,13,11.4,1.1,41
1,Clear,13,11.4,1.1,42
1,Clear,13,18.4,2.6,43
1,Clear,13,20.5,3.0,44
1,Clear,13,14.9,1.96,45
1,Clear,13,15.6,1.21,46
1,Clear,13,14.2,1.4,47
1,Clear,13,7.9,0.9,48
1,Clear,13,7.9,0.6,49
1,Clear,13,34.5,8.8,50
1,Clear,13,17.0,1.8,51
1,Clear,13,13.5,2.1,52
1,Clear,13,15.6,2.18,53
1,Clear,13,6.5,0.4,54
1,Clear,13,5.1,0.5,55
1,Clear,13,7.2,0.6,56
1,Clear,13,5.8,0.63,57
1,Clear,13,6.5,0.53,58
1,Clear,13,12.1,1.4,59
1,Clear,13,4.4,0.37,60
1,Clear,13,14.9,1.9,61
1,Clear,13,12.1,1.3,62
1,Clear,13,26.8,3.5,63
1,Clear,13,14.2,1.01,64
1,Clear,13,36.6,8.77,65
1,Clear,13,26.8,5.12,66
1,Clear,13,10.0,1.06,67
1,Clear,13,18.4,2.1,68
1,Clear,13,4.4,0.4,69
1,Clear,13,14.9,1.0,70
1,Clear,13,13.5,1.29,71
1,Clear,13,11.4,1.3,72
1,Clear,13,22.6,1.99,73
1,Clear,13,14.2,1.3,74
1,Clear,13,17.7,2.42,75
1,Clear,13,12.8,1.99,76
1,Clear,13,15.6,2.28,77
1,Clear,13,18.4,1.8,78
1,Clear,13,17.7,2.73,79
1,Clear,13,16.3,2.05,80
1,Clear,13,6.5,0.83,81
1,Clear,13,20.5,2.7,82
1,Clear,13,11.4,1.3,83
1,Clear,13,24.7,4.62,84
1,Clear,13,10.0,0.94,85
1,Clear,13,9.3,1.12,86
1,Clear,13,21.2,3.4,87
1,Clear,13,5.8,0.5,88
1,Clear,13,51.3,9.18,89
1,Clear,13,8.6,1.0,90
1,Clear,13,3.0,0.1,91
1,Clear,13,10.7,1.4,92
1,Clear,13,7.2,0.8,93
1,Clear,13,14.9,1.78,94
1,Clear,13,7.2,0.64,95
1,Clear,13,14.2,1.89,96
1,Clear,13,12.8,1.36,97
1,Clear,13,70.0,18.81,98
1,Clear,13,6.5,0.79,99
1,Clear,13,13.5,1.44,100
1,Clear,14,15.6,2.2,1
1,Clear,14,11.4,0.7,2
1,Clear,14,14.9,2.4,3
1,Clear,14,6.5,0.5,4
1,Clear,14,33.8,7.0,5
1,Clear,14,17.5,1.0,6
1,Clear,14,20.5,2.4,7
1,Clear,14,14.9,1.5,8
1,Clear,14,18.4,2.6,9
1,Clear,14,14.9,2.02,10
1,Clear,14,30.3,5.85,11
1,Clear,14,19.1,2.5,12
1,Clear,14,6.5,0.8,13
1,Clear,14,26.8,1.93,14
1,Clear,14,17.47,3.18,15
1,Clear,14,4.4,0.24,16
1,Clear,14,12.8,1.28,17
1,Clear,14,54.1,12.1,18
1,Clear,14,9.3,1.2,19
1,Clear,14,16.3,1.9,20
1,Clear,14,13.5,1.5,21
1,Clear,14,20.5,3.0,22
1,Clear,14,7.2,0.8,23
1,Clear,14,10.0,1.2,24
1,Clear,14,10.7,0.81,25
1,Clear,14,11.4,1.31,26
1,Clear,14,20.5,1.67,27
1,Clear,14,12.8,0.5,28
1,Clear,14,11.4,0.9,29
1,Clear,14,44.3,11.6,30
1,Clear,14,15.6,2.1,31
1,Clear,14,6.5,0.8,32
1,Clear,14,6.5,0.7,33
1,Clear,14,10.7,0.6,34
1,Clear,14,17.0,2.1,35
1,Clear,14,12.8,2.2,36
1,Clear,14,9.3,0.9,37
1,Clear,14,17.0,1.5,38
1,Clear,14,13.5,1.63,39
1,Clear,14,4.4,0.3,40
1,Clear,14,6.5,0.85,41
1,Clear,14,14.2,1.52,42
1,Clear,14,19.1,1.7,43
1,Clear,14,6.5,0.7,44
1,Clear,14,21.2,3.06,45
1,Clear,14,44.3,5.1,46
1,Clear,14,10.0,0.83,47
1,Clear,14,9.3,0.96,48
1,Clear,14,7.9,0.74,49
1,Clear,14,28.9,3.3,50
1,Clear,14,8.6,0.7,51
1,Clear,14,47.8,9.81,52
1,Clear,14,8.6,0.55,53
1,Clear,14,14.9,2.4,54
1,Clear,14,38.0,8.7,55
1,Clear,14,11.4,1.02,56
1,Clear,14,16.3,2.13,57
1,Clear,14,21.2,3.64,58
1,Clear,14,17.7,2.09,59
1,Clear,14,52.7,13.57,60
1,Clear,14,10.7,1.16,61
1,Clear,14,21.2,2.05,62
1,Clear,14,38.7,5.78,63
1,Clear,14,15.6,1.91,64
1,Clear,14,70.0,16.21,65
1,Clear,14,39.4,9.0,66
1,Clear,14,13.5,2.1,67
1,Clear,14,8.6,0.95,68
1,Clear,14,15.6,1.56,69
1,Clear,14,14.2,1.66,70
1,Clear,14,25.4,5.37,71
1,Clear,14,8.6,0.8,72
1,Clear,14,22.6,3.78,73
1,Clear,14,15.6,1.9,74
1,Clear,14,17.0,3.14,75
1,Clear,14,12.1,1.41,76
1,Clear,14,19.1,1.91,77
1,Clear,14,6.5,0.7,78
1,Clear,14,52.0,12.6,79
1,Clear,14,6.5,0.63,80
1,Clear,14,21.2,2.0,81
1,Clear,14,10.0,1.6,82
1,Clear,14,38.0,8.4,83
1,Clear,14,4.4,0.4,84
1,Clear,14,16.3,3.0,85
1,Clear,14,7.2,0.6,86
1,Clear,14,14.9,1.1,87
1,Clear,14,20.5,3.61,88
1,Clear,14,18.4,2.37,89
1,Clear,14,22.6,3.6,90
1,Clear,14,52.7,11.11,91
1,Clear,14,19.1,2.83,92
1,Clear,14,8.6,0.86,93
1,Clear,14,8.6,0.78,94
1,Clear,14,8.6,1.03,95
1,Clear,14,5.1,0.51,96
1,Clear,14,11.4,1.6,97
1,Clear,14,5.8,0.4,98
1,Clear,14,7.9,0.88,99
1,Clear,14,17.7,2.24,100
1,Clear,18,9.3,1.09,1
1,Clear,18,8.6,1.27,2
1,Clear,18,10.0,1.1,3
1,Clear,18,10.0,1.41,4
1,Clear,18,10.7,0.5,5
1,Clear,18,10.7,0.79,6
1,Clear,18,10.7,1.33,7
1,Clear,18,25.4,3.57,8
1,Clear,18,16.3,2.18,9
1,Clear,18,16.3,1.7,10
1,Clear,18,49.9,11.37,11
1,Clear,18,24.0,3.98,12
1,Clear,18,7.2,0.66,13
1,Clear,18,7.2,0.5,14
1,Clear,18,7.9,0.9,15
1,Clear,18,12.8,1.46,16
1,Clear,18,14.9,1.23,17
1,Clear,18,12.8,2.65,18
1,Clear,18,14.2,1.41,19
1,Clear,18,19.8,2.61,20
1,Clear,18,10.7,1.73,21
1,Clear,18,19.1,2.42,22
1,Clear,18,9.3,0.97,23
1,Clear,18,7.2,0.83,24
1,Clear,18,5.8,0.62,25
1,Clear,18,23.3,2.22,26
1,Clear,18,70.0,14.14,27
1,Clear,18,10.0,1.2,28
1,Clear,18,10.7,1.3,29
1,Clear,18,8.6,0.8,30
1,Clear,18,5.1,0.4,31
1,Clear,18,26.1,3.7,32
1,Clear,18,29.6,2.84,33
1,Clear,18,21.2,2.35,34
1,Clear,18,34.5,7.41,35
1,Clear,18,10.0,0.56,36
1,Clear,18,14.9,1.1,37
1,Clear,18,24.7,3.5,38
1,Clear,18,4.4,0.4,39
1,Clear,18,6.5,0.6,40
1,Clear,18,10.7,1.7,41
1,Clear,18,30.3,3.5,42
1,Clear,18,9.3,0.96,43
1,Clear,18,10.0,1.3,44
1,Clear,18,6.5,0.5,45
1,Clear,18,13.5,1.4,46
1,Clear,18,10.7,1.9,47
1,Clear,18,10.0,0.67,48
1,Clear,18,61.1,12.43,49
1,Clear,18,5.8,0.47,50
1,Clear,18,8.6,1.28,51
1,Clear,18,5.8,0.55,52
1,Clear,18,4.4,0.4,53
1,Clear,18,7.9,0.82,54
1,Clear,18,9.3,1.2,55
1,Clear,18,12.1,2.0,56
1,Clear,18,8.6,1.11,57
1,Clear,18,14.2,2.71,58
1,Clear,18,11.4,1.16,59
1,Clear,18,20.5,1.41,60
1,Clear,18,5.1,0.36,61
1,Clear,18,7.2,0.6,62
1,Clear,18,34.5,8.61,63
1,Clear,18,7.9,1.15,64
1,Clear,18,6.5,0.66,65
1,Clear,18,8.6,1.13,66
1,Clear,18,7.2,0.72,67
1,Clear,18,19.8,3.02,68
1,Clear,18,11.4,1.29,69
1,Clear,18,10.7,1.1,70
1,Clear,18,16.3,1.82,71
1,Clear,18,6.5,0.8,72
1,Clear,18,7.9,0.74,73
1,Clear,18,12.1,1.61,74
1,Clear,18,8.6,0.99,75
1,Clear,18,10.7,1.1,76
1,Clear,18,8.6,0.6,77
1,Clear,18,9.3,1.08,78
1,Clear,18,10.0,0.7,79
1,Clear,18,20.5,3.0,80
1,Clear,18,7.2,0.53,81
1,Clear,18,5.1,0.37,82
1,Clear,18,21.9,1.31,83
1,Clear,18,7.2,0.8,84
1,Clear,18,6.5,0.8,85
1,Clear,18,16.3,2.4,86
1,Clear,18,22.6,3.51,87
1,Clear,18,17.7,3.24,88
1,Clear,18,6.5,0.64,89
1,Clear,18,70.0,17.76,90
1,Clear,18,16.3,0.94,91
1,Clear,18,5.8,0.6,92
1,Clear,18,32.4,6.8,93
1,Clear,18,14.2,1.86,94
1,Clear,18,17.7,3.57,95
1,Clear,18,12.1,1.93,96
1,Clear,18,59.7,14.88,97
1,Clear,18,6.5,0.53,98
1,Clear,18,11.4,1.61,99
1,Clear,18,22.6,2.87,100
8,Rain,0,14.9,2.68,1
8,Rain,0,15.6,2.52,2
8,Rain,0,24.7,4.89,3
8,Rain,0,12.1,1.9,4
8,Rain,0,70.0,18.4,5
8,Rain,0,17.0,2.14,6
8,Rain,0,17.7,2.93,7
8,Rain,0,70.0,16.8,8
8,Rain,0,7.2,0.9,9
8,Rain,0,12.1,1.67,10
8,Rain,0,13.5,2.0,11
8,Rain,0,11.4,1.77,12
8,Rain,0,5.1,0.6,13
8,Rain,0,8.6,1.13,14
8,Rain,0,20.5,3.68,15
8,Rain,0,28.9,6.03,16
8,Rain,0,13.5,2.3,17
8,Rain,0,6.5,0.6,18
8,Rain,0,12.1,1.76,19
8,Rain,0,5.8,0.71,20
8,Rain,0,12.1,2.02,21
8,Rain,0,7.2,0.76,22
8,Rain,0,12.8,1.73,23
8,Rain,0,20.5,4.02,24
8,Rain,0,9.3,1.6,25
8,Rain,0,15.6,2.1,26
8,Rain,0,31.0,6.1,27
8,Rain,0,4.4,0.35,28
8,Rain,0,13.5,1.81,29
8,Rain,0,14.2,2.63,30
8,Rain,0,10.7,1.67,31
8,Rain,0,47.8,10.72,32
8,Rain,0,12.8,2.02,33
8,Rain,0,6.5,0.95,34
8,Rain,0,12.1,1.95,35
8,Rain,0,19.1,4.07,36
8,Rain,0,7.9,0.7,37
8,Rain,0,9.3,1.0,38
8,Rain,0,17.0,3.42,39
8,Rain,0,15.6,2.36,40
8,Rain,0,24.7,5.9,41
8,Rain,0,7.2,1.16,42
8,Rain,0,7.9,1.04,43
8,Rain,0,16.3,2.65,44
8,Rain,0,9.3,1.11,45
8,Rain,0,7.2,1.2,46
8,Rain,0,6.5,0.82,47
8,Rain,0,10.7,1.85,48
8,Rain,0,15.6,2.63,49
8,Rain,0,21.9,3.65,50
8,Rain,0,15.6,2.19,51
8,Rain,0,16.3,2.44,52
8,Rain,0,7.2,0.69,53
8,Rain,0,5.8,0.58,54
8,Rain,0,7.2,0.73,55
8,Rain,0,70.0,22.1,56
8,Rain,0,5.1,0.73,57
8,Rain,0,10.0,1.6,58
8,Rain,0,7.2,1.1,59
8,Rain,0,26.8,4.3,60
8,Rain,0,8.6,0.95,61
8,Rain,0,11.4,1.66,62
8,Rain,0,70.0,19.6,63
8,Rain,0,8.6,1.12,64
8,Rain,0,9.3,1.4,65
8,Rain,0,11.4,2.12,66
8,Rain,0,7.2,0.75,67
8,Rain,0,7.9,1.1,68
8,Rain,0,12.8,2.13,69
8,Rain,0,20.5,3.6,70
8,Rain,0,14.2,1.9,71
8,Rain,0,19.1,2.28,72
8,Rain,0,8.6,1.1,73
8,Rain,0,26.8,5.7,74
8,Rain,0,17.0,2.88,75
8,Rain,0,12.1,2.33,76
8,Rain,0,9.3,1.1,77
8,Rain,0,13.5,1.4,78
8,Rain,0,12.1,1.7,79
8,Rain,0,24.7,4.32,80
8,Rain,0,7.9,0.97,81
8,Rain,0,14.9,2.74,82
8,Rain,0,19.1,3.7,83
8,Rain,0,12.8,2.3,84
8,Rain,0,12.8,2.4,85
8,Rain,0,8.6,1.4,86
8,Rain,0,17.0,3.3,87
8,Rain,0,9.3,1.3,88
8,Rain,0,7.2,0.5,89
8,Rain,0,9.3,1.2,90
8,Rain,0,10.0,1.1,91
8,Rain,0,13.5,2.3,92
8,Rain,0,5.1,0.33,93
8,Rain,0,7.2,1.08,94
8,Rain,0,7.9,0.85,95
8,Rain,0,5.8,0.81,96
8,Rain,0,8.6,1.38,97
8,Rain,0,4.4,0.4,98
8,Rain,0,7.9,1.0,99
8,Rain,0,10.7,1.3,100
8,Rain,19,8.6,0.79,1
8,Rain,19,11.4,1.24,2
8,Rain,19,7.9,0.69,3
8,Rain,19,6.5,0.42,4
8,Rain,19,13.5,1.53,5
8,Rain,19,19.1,1.9,6
8,Rain,19,14.9,0.71,7
8,Rain,19,11.4,1.33,8
8,Rain,19,11.4,0.64,9
8,Rain,19,8.6,1.23,10
8,Rain,19,40.8,4.1,11
8,Rain,19,14.9,2.0,12
8,Rain,19,5.8,0.44,13
8,Rain,19,16.3,1.54,14
8,Rain,19,22.6,2.26,15
8,Rain,19,15.6,1.0,16
8,Rain,19,11.4,0.9,17
8,Rain,19,8.6,0.3,18
8,Rain,19,16.3,2.06,19
8,Rain,19,7.9,1.24,20
8,Rain,19,6.5,0.99,21
8,Rain,19,7.9,0.95,22
8,Rain,19,9.3,1.04,23
8,Rain,19,15.6,2.3,24
8,Rain,19,40.1,6.73,25
8,Rain,19,49.9,10.69,26
8,Rain,19,12.8,1.5,27
8,Rain,19,14.9,2.32,28
8,Rain,19,14.9,2.09,29
8,Rain,19,10.0,0.87,30
8,Rain,19,5.1,0.42,31
8,Rain,19,7.9,0.95,32
8,Rain,19,4.4,0.28,33
8,Rain,19,26.8,4.77,34
8,Rain,19,7.9,0.84,35
8,Rain,19,10.0,1.1,36
8,Rain,19,14.9,1.79,37
8,Rain,19,9.3,0.8,38
8,Rain,19,7.9,0.93,39
8,Rain,19,10.0,1.03,40
8,Rain,19,18.4,2.11,41
8,Rain,19,7.9,0.5,42
8,Rain,19,36.6,6.2,43
8,Rain,19,18.4,1.9,44
8,Rain,19,14.2,2.0,45
8,Rain,19,9.3,1.2,46
8,Rain,19,7.2,0.17,47
8,Rain,19,12.1,1.93,48
8,Rain,19,24.7,3.13,49
8,Rain,19,28.2,1.62,50
8,Rain,19,14.2,1.77,51
8,Rain,19,15.6,2.61,52
8,Rain,19,11.4,1.44,53
8,Rain,19,14.9,1.6,54
8,Rain,19,17.0,1.62,55
8,Rain,19,7.9,1.2,56
8,Rain,19,7.9,0.9,57
8,Rain,19,15.6,1.6,58
8,Rain,19,17.7,0.77,59
8,Rain,19,9.3,1.23,60
8,Rain,19,7.9,0.52,61
8,Rain,19,12.1,1.36,62
8,Rain,19,6.5,0.63,63
8,Rain,19,28.9,2.81,64
8,Rain,19,10.0,1.4,65
8,Rain,19,26.8,2.7,66
8,Rain,19,10.7,1.22,67
8,Rain,19,5.1,0.5,68
8,Rain,19,7.2,0.67,69
8,Rain,19,16.3,3.09,70
8,Rain,19,37.3,4.4,71
8,Rain,19,10.7,1.01,72
8,Rain,19,44.3,10.6,73
8,Rain,19,23.3,2.1,74
8,Rain,19,12.8,1.6,75
8,Rain,19,23.3,3.2,76
8,Rain,19,7.9,0.38,77
8,Rain,19,10.7,0.85,78
8,Rain,19,8.6,0.66,79
8,Rain,19,16.3,1.09,80
8,Rain,19,17.7,2.08,81
8,Rain,19,10.7,1.04,82
8,Rain,19,9.3,1.3,83
8,Rain,19,25.4,1.52,84
8,Rain,19,5.8,0.5,85
8,Rain,19,43.6,6.8,86
8,Rain,19,18.4,1.16,87
8,Rain,19,14.9,1.06,88
8,Rain,19,6.5,0.53,89
8,Rain,19,12.8,1.83,90
8,Rain,19,7.2,0.67,91
8,Rain,19,10.0,1.66,92
8,Rain,19,39.4,3.99,93
8,Rain,19,23.3,1.66,94
8,Rain,19,9.3,1.05,95
8,Rain,19,30.3,7.22,96
8,Rain,19,9.3,1.0,97
8,Rain,19,6.5,0.9,98
8,Rain,19,10.0,0.58,99
8,Rain,19,8.6,0.78,100
8,Rain,3,12.8,2.6,1
8,Rain,3,7.2,1.1,2
8,Rain,3,9.3,1.7,3
8,Rain,3,18.4,3.6,4
8,Rain,3,33.8,8.41,5
8,Rain,3,70.0,16.92,6
8,Rain,3,10.0,1.48,7
8,Rain,3,6.66,1.28,8
8,Rain,3,7.9,1.27,9
8,Rain,3,17.0,3.86,10
8,Rain,3,10.0,1.68,11
8,Rain,3,16.3,3.69,12
8,Rain,3,20.5,4.12,13
8,Rain,3,26.1,5.4,14
8,Rain,3,34.5,8.25,15
8,Rain,3,7.2,0.85,16
8,Rain,3,18.4,3.03,17
8,Rain,3,7.2,0.59,18
8,Rain,3,10.7,1.38,19
8,Rain,3,24.0,5.02,20
8,Rain,3,14.2,2.52,21
8,Rain,3,14.9,2.4,22
8,Rain,3,16.3,3.21,23
8,Rain,3,4.4,0.4,24
8,Rain,3,6.5,0.7,25
8,Rain,3,13.5,2.2,26
8,Rain,3,5.8,0.9,27
8,Rain,3,10.7,1.71,28
8,Rain,3,7.2,0.74,29
8,Rain,3,7.2,0.86,30
8,Rain,3,11.4,1.84,31
8,Rain,3,9.3,1.54,32
8,Rain,3,16.3,2.84,33
8,Rain,3,17.0,3.3,34
8,Rain,3,12.8,2.46,35
8,Rain,3,31.0,6.74,36
8,Rain,3,21.9,4.1,37
8,Rain,3,14.9,2.93,38
8,Rain,3,7.9,1.39,39
8,Rain,3,21.9,5.21,40
8,Rain,3,7.2,0.89,41
8,Rain,3,25.4,4.81,42
8,Rain,3,9.3,1.4,43
8,Rain,3,17.7,3.3,44
8,Rain,3,9.3,1.07,45
8,Rain,3,9.3,1.08,46
8,Rain,3,8.6,1.28,47
8,Rain,3,36.6,8.42,48
8,Rain,3,9.3,1.3,49
8,Rain,3,19.8,4.56,50
8,Rain,3,15.6,3.25,51
8,Rain,3,4.4,0.63,52
8,Rain,3,12.1,1.98,53
8,Rain,3,12.8,2.15,54
8,Rain,3,7.2,0.69,55
8,Rain,3,5.8,0.43,56
8,Rain,3,10.0,1.3,57
8,Rain,3,9.3,1.47,58
8,Rain,3,41.5,10.68,59
8,Rain,3,16.3,3.5,60
8,Rain,3,10.7,1.36,61
8,Rain,3,17.0,3.53,62
8,Rain,3,35.2,8.76,63
8,Rain,3,7.9,1.08,64
8,Rain,3,11.4,2.27,65
8,Rain,3,7.2,1.18,66
8,Rain,3,5.8,0.57,67
8,Rain,3,6.5,0.93,68
8,Rain,3,8.6,1.36,69
8,Rain,3,5.8,0.51,70
8,Rain,3,24.0,4.7,71
8,Rain,3,20.5,3.5,72
8,Rain,3,21.9,4.36,73
8,Rain,3,8.6,0.98,74
8,Rain,3,8.6,1.2,75
8,Rain,3,12.1,2.13,76
8,Rain,3,13.5,2.25,77
8,Rain,3,7.2,1.01,78
8,Rain,3,7.9,1.19,79
8,Rain,3,6.5,0.78,80
8,Rain,3,12.8,2.1,81
8,Rain,3,8.6,1.26,82
8,Rain,3,8.6,1.44,83
8,Rain,3,15.6,2.37,84
8,Rain,3,28.9,5.47,85
8,Rain,3,17.7,3.83,86
8,Rain,3,10.0,1.54,87
8,Rain,3,7.9,1.21,88
8,Rain,3,4.4,0.2,89
8,Rain,3,17.7,3.72,90
8,Rain,3,8.6,1.08,91
8,Rain,3,7.2,0.84,92
8,Rain,3,51.3,10.84,93
8,Rain,3,12.8,2.0,94
8,Rain,3,11.4,2.06,95
8,Rain,3,6.5,0.9,96
8,Rain,3,9.3,1.8,97
8,Rain,3,29.6,7.0,98
8,Rain,3,12.8,2.39,99
8,Rain,3,23.3,4.11,100
8,Rain,4,21.9,4.4,1
8,Rain,4,12.8,2.2,2
8,Rain,4,70.0,16.41,3
8,Rain,4,9.3,1.41,4
8,Rain,4,56.9,14.61,5
8,Rain,4,23.3,4.54,6
8,Rain,4,12.8,2.73,7
8,Rain,4,72.5,11.3,8
8,Rain,4,6.5,0.8,9
8,Rain,4,22.6,5.65,10
8,Rain,4,39.4,9.68,11
8,Rain,4,35.9,9.05,12
8,Rain,4,24.0,5.02,13
8,Rain,4,6.5,1.14,14
8,Rain,4,8.6,1.26,15
8,Rain,4,12.1,2.46,16
8,Rain,4,10.0,1.9,17
8,Rain,4,5.8,0.7,18
8,Rain,4,33.1,8.56,19
8,Rain,4,9.3,1.45,20
8,Rain,4,10.7,1.53,21
8,Rain,4,7.9,1.13,22
8,Rain,4,12.1,1.9,23
8,Rain,4,10.0,1.6,24
8,Rain,4,8.6,1.2,25
8,Rain,4,8.6,1.51,26
8,Rain,4,4.4,0.44,27
8,Rain,4,5.1,0.36,28
8,Rain,4,17.0,3.31,29
8,Rain,4,10.0,1.75,30
8,Rain,4,12.8,1.81,31
8,Rain,4,12.8,2.5,32
8,Rain,4,7.9,1.3,33
8,Rain,4,25.4,6.2,34
8,Rain,4,30.3,7.09,35
8,Rain,4,21.2,4.41,36
8,Rain,4,14.2,1.97,37
8,Rain,4,7.2,0.87,38
8,Rain,4,10.7,1.46,39
8,Rain,4,3.7,0.26,40
8,Rain,4,8.6,1.41,41
8,Rain,4,7.2,1.02,42
8,Rain,4,11.4,1.72,43
8,Rain,4,6.5,1.11,44
8,Rain,4,13.5,2.94,45
8,Rain,4,27.5,6.5,46
8,Rain,4,5.8,0.58,47
8,Rain,4,8.6,1.43,48
8,Rain,4,7.9,0.99,49
8,Rain,4,5.8,0.64,50
8,Rain,4,10.7,2.06,51
8,Rain,4,5.1,0.36,52
8,Rain,4,7.2,1.1,53
8,Rain,4,70.0,16.93,54
8,Rain,4,7.9,0.88,55
8,Rain,4,23.3,5.29,56
8,Rain,4,7.9,1.54,57
8,Rain,4,8.6,1.5,58
8,Rain,4,5.1,0.59,59
8,Rain,4,40.1,8.75,60
8,Rain,4,13.5,2.3,61
8,Rain,4,13.5,2.67,62
8,Rain,4,10.0,1.7,63
8,Rain,4,7.2,1.04,64
8,Rain,4,7.2,0.79,65
8,Rain,4,7.2,0.8,66
8,Rain,4,4.4,0.26,67
8,Rain,4,7.9,0.94,68
8,Rain,4,8.6,1.34,69
8,Rain,4,14.2,3.1,70
8,Rain,4,8.6,1.45,71
8,Rain,4,10.0,1.43,72
8,Rain,4,9.3,1.35,73
8,Rain,4,12.8,2.4,74
8,Rain,4,43.6,10.7,75
8,Rain,4,24.0,5.3,76
8,Rain,4,13.5,2.5,77
8,Rain,4,39.4,8.97,78
8,Rain,4,13.5,2.6,79
8,Rain,4,44.3,6.17,80
8,Rain,4,5.8,0.42,81
8,Rain,4,16.3,3.14,82
8,Rain,4,9.3,1.32,83
8,Rain,4,4.4,0.49,84
8,Rain,4,10.7,2.1,85
8,Rain,4,47.8,12.52,86
8,Rain,4,89.5,18.72,87
8,Rain,4,21.9,4.0,88
8,Rain,4,3.0,0.07,89
8,Rain,4,12.1,1.5,90
8,Rain,4,26.1,5.53,91
8,Rain,4,4.4,0.34,92
8,Rain,4,9.3,1.14,93
8,Rain,4,10.0,1.35,94
8,Rain,4,10.0,1.76,95
8,Rain,4,5.8,0.63,96
8,Rain,4,15.6,3.23,97
8,Rain,4,17.0,2.9,98
8,Rain,4,5.1,0.57,99
8,Rain,4,17.0,3.82,100
15,Snowfall,13,12.8,1.94,1
15,Snowfall,13,16.3,2.84,2
15,Snowfall,13,11.4,1.6,3
15,Snowfall,13,58.3,15.1,4
15,Snowfall,13,3.7,0.24,5
15,Snowfall,14,17.0,2.73,1
15,Snowfall,13,12.8,1.8,6
15,Snowfall,13,13.5,1.81,7
15,Snowfall,13,17.7,2.13,8
15,Snowfall,13,78.6,18.7,9
15,Snowfall,13,8.6,0.9,10
15,Snowfall,13,83.5,21.4,11
15,Snowfall,13,10.0,1.3,12
15,Snowfall,13,10.7,1.7,13
15,Snowfall,13,15.6,2.2,14
15,Snowfall,13,8.6,1.3,15
15,Snowfall,13,10.7,1.2,16
15,Snowfall,13,9.3,1.2,17
15,Snowfall,13,3.7,0.3,18
15,Snowfall,13,17.7,2.64,19
15,Snowfall,13,33.1,8.1,20
15,Snowfall,13,21.2,2.9,21
15,Snowfall,13,6.5,0.77,22
15,Snowfall,13,5.8,0.63,23
15,Snowfall,13,45.7,12.18,24
15,Snowfall,13,5.1,0.36,25
15,Snowfall,13,5.1,0.34,26
15,Snowfall,13,9.3,1.4,27
15,Snowfall,13,52.7,12.3,28
15,Snowfall,13,17.7,2.8,29
15,Snowfall,13,14.2,2.3,30
15,Snowfall,13,20.5,4.3,31
15,Snowfall,13,13.5,2.9,32
15,Snowfall,13,9.3,1.3,33
15,Snowfall,13,14.9,2.25,34
15,Snowfall,13,5.1,0.5,35
15,Snowfall,13,11.4,2.5,36
15,Snowfall,13,7.9,0.77,37
15,Snowfall,13,5.8,0.59,38
15,Snowfall,13,28.9,5.03,39
15,Snowfall,13,38.0,8.66,40
15,Snowfall,13,17.0,2.38,41
15,Snowfall,13,5.8,0.4,42
15,Snowfall,13,5.1,0.6,43
15,Snowfall,13,12.1,2.1,44
15,Snowfall,13,15.6,3.0,45
15,Snowfall,13,9.3,1.4,46
15,Snowfall,13,12.1,2.2,47
15,Snowfall,13,7.9,1.0,48
15,Snowfall,13,6.5,1.0,49
15,Snowfall,13,7.2,1.2,50
15,Snowfall,13,7.2,0.78,51
15,Snowfall,13,7.2,0.84,52
15,Snowfall,13,7.9,0.6,53
15,Snowfall,13,5.8,0.5,54
15,Snowfall,13,11.4,1.4,55
15,Snowfall,13,7.2,0.7,56
15,Snowfall,13,12.1,2.0,57
15,Snowfall,13,10.0,0.57,58
15,Snowfall,13,9.3,1.43,59
15,Snowfall,13,26.1,5.8,60
15,Snowfall,13,13.5,2.3,61
15,Snowfall,13,5.8,0.7,62
15,Snowfall,13,10.7,1.59,63
15,Snowfall,13,33.1,6.92,64
15,Snowfall,13,70.0,18.68,65
15,Snowfall,13,19.1,3.4,66
15,Snowfall,13,7.9,1.1,67
15,Snowfall,13,14.2,2.3,68
15,Snowfall,13,7.2,1.2,69
15,Snowfall,13,14.2,2.4,70
15,Snowfall,13,6.5,0.87,71
15,Snowfall,13,7.2,0.93,72
15,Snowfall,13,25.4,5.21,73
15,Snowfall,13,18.4,3.4,74
15,Snowfall,13,19.8,3.23,75
15,Snowfall,13,20.5,3.25,76
15,Snowfall,13,7.9,0.87,77
15,Snowfall,13,14.2,2.6,78
15,Snowfall,13,3.7,0.2,79
15,Snowfall,13,24.0,4.9,80
15,Snowfall,13,17.7,3.7,81
15,Snowfall,13,5.8,0.5,82
15,Snowfall,13,7.9,0.89,83
15,Snowfall,13,9.3,1.1,84
15,Snowfall,13,17.0,2.82,85
15,Snowfall,13,41.5,9.33,86
15,Snowfall,13,17.0,2.75,87
15,Snowfall,13,12.1,2.1,88
15,Snowfall,13,131.8,8.5,89
15,Snowfall,13,18.4,3.22,90
15,Snowfall,13,17.0,2.81,91
15,Snowfall,13,70.0,22.06,92
15,Snowfall,13,12.1,2.1,93
15,Snowfall,13,14.2,2.4,94
15,Snowfall,13,5.8,0.4,95
15,Snowfall,13,9.3,1.22,96
15,Snowfall,13,12.8,1.44,97
15,Snowfall,13,12.1,2.22,98
15,Snowfall,13,29.6,6.09,99
15,Snowfall,13,6.5,0.6,100
15,Snowfall,14,17.0,2.19,2
15,Snowfall,14,70.0,18.3,3
15,Snowfall,14,12.1,2.43,4
15,Snowfall,14,43.6,9.1,5
15,Snowfall,14,18.4,3.02,6
15,Snowfall,14,11.4,1.67,7
15,Snowfall,14,10.0,1.9,8
15,Snowfall,14,8.6,1.3,9
15,Snowfall,14,10.7,1.7,10
15,Snowfall,14,9.3,1.6,11
15,Snowfall,14,20.5,3.7,12
15,Snowfall,14,4.4,0.3,13
15,Snowfall,14,37.3,9.39,14
15,Snowfall,14,10.7,1.8,15
15,Snowfall,14,4.4,0.56,16
15,Snowfall,14,5.1,0.7,17
15,Snowfall,14,9.3,1.69,18
15,Snowfall,14,5.8,0.41,19
15,Snowfall,14,7.9,0.91,20
15,Snowfall,14,70.0,18.3,21
15,Snowfall,14,10.7,1.85,22
15,Snowfall,14,20.5,3.23,23
15,Snowfall,14,7.2,1.0,24
15,Snowfall,14,8.6,0.91,25
15,Snowfall,14,15.6,1.9,26
15,Snowfall,14,19.1,2.9,27
15,Snowfall,14,17.0,2.8,28
15,Snowfall,14,26.8,5.0,29
15,Snowfall,14,10.7,1.9,30
15,Snowfall,14,16.3,2.7,31
15,Snowfall,14,12.1,1.7,32
15,Snowfall,14,7.2,0.43,33
15,Snowfall,14,22.6,3.48,34
15,Snowfall,14,10.7,1.91,35
15,Snowfall,14,7.2,0.97,36
15,Snowfall,14,7.9,0.8,37
15,Snowfall,14,12.8,1.7,38
15,Snowfall,14,7.9,0.85,39
15,Snowfall,14,7.2,0.9,40
15,Snowfall,14,10.7,1.5,41
15,Snowfall,14,6.5,1.0,42
15,Snowfall,14,9.3,1.1,43
15,Snowfall,14,5.8,0.9,44
15,Snowfall,14,7.2,0.9,45
15,Snowfall,14,8.6,1.1,46
15,Snowfall,14,21.2,4.9,47
15,Snowfall,14,13.5,1.0,48
15,Snowfall,14,9.3,1.8,49
15,Snowfall,14,7.2,1.0,50
15,Snowfall,14,19.8,2.83,51
15,Snowfall,14,22.6,3.6,52
15,Snowfall,14,14.9,1.76,53
15,Snowfall,14,5.8,0.77,54
15,Snowfall,14,16.3,3.1,55
15,Snowfall,14,14.9,2.4,56
15,Snowfall,14,10.0,1.1,57
15,Snowfall,14,33.1,8.15,58
15,Snowfall,14,12.8,1.96,59
15,Snowfall,14,7.2,0.67,60
15,Snowfall,14,7.2,1.1,61
15,Snowfall,14,15.6,2.1,62
15,Snowfall,14,5.8,0.4,63
15,Snowfall,14,7.9,0.74,64
15,Snowfall,14,17.0,3.12,65
15,Snowfall,14,54.8,14.72,66
15,Snowfall,14,14.9,2.69,67
15,Snowfall,14,11.4,2.27,68
15,Snowfall,14,7.9,1.38,69
15,Snowfall,14,14.2,1.79,70
15,Snowfall,14,7.2,0.72,71
15,Snowfall,14,4.4,0.51,72
15,Snowfall,14,14.2,2.1,73
15,Snowfall,14,16.3,2.5,74
15,Snowfall,14,14.9,2.3,75
15,Snowfall,14,6.5,0.8,76
15,Snowfall,14,7.2,0.9,77
15,Snowfall,14,5.8,0.6,78
15,Snowfall,14,6.5,1.0,79
15,Snowfall,14,5.8,0.6,80
15,Snowfall,14,9.3,1.17,81
15,Snowfall,14,11.4,1.58,82
15,Snowfall,14,11.4,2.2,83
15,Snowfall,14,14.2,3.0,84
15,Snowfall,14,14.9,1.98,85
15,Snowfall,14,16.3,2.83,86
15,Snowfall,14,11.4,1.5,87
15,Snowfall,14,7.2,1.1,88
15,Snowfall,14,14.9,2.49,89
15,Snowfall,14,40.8,9.61,90
15,Snowfall,14,14.2,1.77,91
15,Snowfall,14,9.3,1.2,92
15,Snowfall,14,14.2,1.44,93
15,Snowfall,14,9.3,1.56,94
15,Snowfall,14,5.1,0.6,95
15,Snowfall,14,9.3,1.6,96
15,Snowfall,14,12.8,2.4,97
15,Snowfall,14,70.0,18.6,98
15,Snowfall,14,8.6,1.26,99
15,Snowfall,14,10.7,1.84,100
15,Snowfall,17,16.3,2.6,1
15,Snowfall,17,56.2,14.26,2
15,Snowfall,17,7.9,1.04,3
15,Snowfall,17,14.2,2.23,4
15,Snowfall,17,10.7,0.97,5
15,Snowfall,17,10.0,1.22,6
15,Snowfall,17,12.1,1.58,7
15,Snowfall,17,17.7,2.7,8
15,Snowfall,17,9.3,1.12,9
15,Snowfall,17,29.6,4.73,10
15,Snowfall,17,35.9,9.0,11
15,Snowfall,17,10.7,1.3,12
15,Snowfall,17,16.3,3.34,13
15,Snowfall,17,17.0,2.65,14
15,Snowfall,17,10.7,0.9,15
15,Snowfall,17,20.5,4.07,16
15,Snowfall,17,7.9,0.57,17
15,Snowfall,17,11.4,1.15,18
15,Snowfall,17,8.6,1.48,19
15,Snowfall,17,10.0,1.4,20
15,Snowfall,17,48.5,11.45,21
15,Snowfall,17,6.5,0.7,22
15,Snowfall,17,8.6,1.0,23
15,Snowfall,17,6.5,0.67,24
15,Snowfall,17,12.1,1.32,25
15,Snowfall,17,6.5,0.84,26
15,Snowfall,17,19.8,4.4,27
15,Snowfall,17,20.5,1.93,28
15,Snowfall,17,20.5,4.8,29
15,Snowfall,17,17.7,3.83,30
15,Snowfall,17,12.1,1.74,31
15,Snowfall,17,10.7,1.38,32
15,Snowfall,17,5.8,0.5,33
15,Snowfall,17,9.3,1.1,34
15,Snowfall,17,10.0,1.7,35
15,Snowfall,17,8.6,1.2,36
15,Snowfall,17,8.6,1.5,37
15,Snowfall,17,9.3,1.5,38
15,Snowfall,17,25.4,4.2,39
15,Snowfall,17,21.9,3.2,40
15,Snowfall,17,7.9,0.9,41
15,Snowfall,17,7.2,1.3,42
15,Snowfall,17,9.3,1.6,43
15,Snowfall,17,8.6,1.24,44
15,Snowfall,17,24.0,4.15,45
15,Snowfall,17,36.6,8.83,46
15,Snowfall,17,10.7,1.0,47
15,Snowfall,17,8.6,1.1,48
15,Snowfall,17,9.3,1.2,49
15,Snowfall,17,7.9,0.98,50
15,Snowfall,17,16.3,2.25,51
15,Snowfall,17,18.4,2.56,52
15,Snowfall,17,17.0,3.03,53
15,Snowfall,17,10.0,1.4,54
15,Snowfall,17,5.8,0.43,55
15,Snowfall,17,9.3,1.09,56
15,Snowfall,17,26.1,3.8,57
15,Snowfall,17,16.3,2.0,58
15,Snowfall,17,42.2,9.28,59
15,Snowfall,17,7.9,0.9,60
15,Snowfall,17,7.2,0.67,61
15,Snowfall,17,5.8,0.43,62
15,Snowfall,17,6.5,0.97,63
15,Snowfall,17,10.0,1.47,64
15,Snowfall,17,7.9,0.7,65
15,Snowfall,17,5.8,0.64,66
15,Snowfall,17,14.9,1.92,67
15,Snowfall,17,7.9,1.2,68
15,Snowfall,17,8.6,0.85,69
15,Snowfall,17,70.0,16.8,70
15,Snowfall,17,12.8,1.2,71
15,Snowfall,17,8.6,1.0,72
15,Snowfall,17,17.7,2.9,73
15,Snowfall,17,47.1,11.19,74
15,Snowfall,17,10.0,1.1,75
15,Snowfall,17,22.6,3.67,76
15,Snowfall,17,10.7,1.63,77
15,Snowfall,17,15.6,2.22,78
15,Snowfall,17,10.7,1.5,79
15,Snowfall,17,11.4,1.5,80
15,Snowfall,17,5.1,0.6,81
15,Snowfall,17,14.9,2.3,82
15,Snowfall,17,10.0,1.8,83
15,Snowfall,17,70.0,16.9,84
15,Snowfall,17,7.2,0.75,85
15,Snowfall,17,18.4,2.75,86
15,Snowfall,17,11.4,1.6,87
15,Snowfall,17,125.0,15.73,88
15,Snowfall,17,17.7,2.59,89
15,Snowfall,17,14.9,2.48,90
15,Snowfall,17,25.4,4.13,91
15,Snowfall,17,7.9,0.8,92
15,Snowfall,17,8.6,1.1,93
15,Snowfall,17,70.0,16.94,94
15,Snowfall,17,46.4,11.17,95
15,Snowfall,17,21.2,4.0,96
15,Snowfall,17,12.1,1.9,97
15,Snowfall,17,70.0,19.35,98
15,Snowfall,17,8.6,1.12,99
15,Snowfall,17,70.0,19.02,100
15,Snowfall,18,16.3,2.48,1
15,Snowfall,18,8.6,1.0,2
15,Snowfall,18,44.3,11.38,3
15,Snowfall,18,21.9,3.4,4
15,Snowfall,18,14.9,2.02,5
15,Snowfall,18,45.7,10.6,6
15,Snowfall,18,42.2,10.8,7
15,Snowfall,18,4.4,0.2,8
15,Snowfall,18,19.8,4.01,9
15,Snowfall,18,7.9,1.27,10
15,Snowfall,18,7.2,0.8,11
15,Snowfall,18,5.8,0.62,12
15,Snowfall,18,13.5,1.7,13
15,Snowfall,18,5.1,0.6,14
15,Snowfall,18,14.2,2.1,15
15,Snowfall,18,12.1,1.6,16
15,Snowfall,18,7.2,0.5,17
15,Snowfall,18,12.8,2.05,18
15,Snowfall,18,6.5,0.78,19
15,Snowfall,18,15.6,2.31,20
15,Snowfall,18,19.8,4.7,21
15,Snowfall,18,5.1,0.5,22
15,Snowfall,18,19.8,2.85,23
15,Snowfall,18,16.3,2.8,24
15,Snowfall,18,3.7,0.02,25
15,Snowfall,18,11.4,1.3,26
15,Snowfall,18,10.0,1.3,27
15,Snowfall,18,18.4,3.4,28
15,Snowfall,18,24.7,4.3,29
15,Snowfall,18,10.7,1.7,30
15,Snowfall,18,7.2,1.08,31
15,Snowfall,18,13.5,2.0,32
15,Snowfall,18,7.2,0.55,33
15,Snowfall,18,11.4,1.69,34
15,Snowfall,18,9.3,1.17,35
15,Snowfall,18,12.1,2.01,36
15,Snowfall,18,17.7,3.1,37
15,Snowfall,18,27.5,6.9,38
15,Snowfall,18,56.9,14.36,39
15,Snowfall,18,70.0,18.93,40
15,Snowfall,18,13.5,1.99,41
15,Snowfall,18,7.2,0.83,42
15,Snowfall,18,6.5,0.84,43
15,Snowfall,18,45.0,6.7,44
15,Snowfall,18,12.1,1.6,45
15,Snowfall,18,23.3,5.37,46
15,Snowfall,18,5.8,0.73,47
15,Snowfall,18,4.4,0.24,48
15,Snowfall,18,6.5,0.99,49
15,Snowfall,18,6.5,0.92,50
15,Snowfall,18,6.5,0.63,51
15,Snowfall,18,26.8,6.27,52
15,Snowfall,18,11.4,1.4,53
15,Snowfall,18,21.2,3.65,54
15,Snowfall,18,7.9,0.8,55
15,Snowfall,18,16.3,2.1,56
15,Snowfall,18,8.6,1.1,57
15,Snowfall,18,6.5,0.8,58
15,Snowfall,18,7.2,0.9,59
15,Snowfall,18,12.8,2.2,60
15,Snowfall,18,63.2,16.68,61
15,Snowfall,18,14.2,1.53,62
15,Snowfall,18,6.5,0.4,63
15,Snowfall,18,12.1,2.0,64
15,Snowfall,18,6.5,1.12,65
15,Snowfall,18,7.9,0.8,66
15,Snowfall,18,8.6,1.2,67
15,Snowfall,18,5.8,0.52,68
15,Snowfall,18,7.9,1.1,69
15,Snowfall,18,10.0,1.2,70
15,Snowfall,18,70.0,18.8,71
15,Snowfall,18,10.0,1.4,72
15,Snowfall,18,10.0,1.3,73
15,Snowfall,18,7.2,1.29,74
15,Snowfall,18,23.3,4.28,75
15,Snowfall,18,10.7,1.63,76
15,Snowfall,18,5.8,0.61,77
15,Snowfall,18,8.6,1.12,78
15,Snowfall,18,9.3,1.4,79
15,Snowfall,18,12.1,2.3,80
15,Snowfall,18,21.2,4.87,81
15,Snowfall,18,7.9,1.15,82
15,Snowfall,18,5.1,0.5,83
15,Snowfall,18,16.3,1.8,84
15,Snowfall,18,17.7,3.22,85
15,Snowfall,18,5.1,0.5,86
15,Snowfall,18,17.0,1.9,87
15,Snowfall,18,6.5,0.84,88
15,Snowfall,18,7.2,0.67,89
15,Snowfall,18,5.1,0.59,90
15,Snowfall,18,7.9,0.98,91
15,Snowfall,18,10.0,1.55,92
15,Snowfall,18,19.1,3.74,93
15,Snowfall,18,29.6,4.43,94
15,Snowfall,18,26.1,5.52,95
15,Snowfall,18,12.1,2.1,96
15,Snowfall,18,11.4,1.4,97
15,Snowfall,18,11.4,1.35,98
15,Snowfall,18,10.0,1.67,99
15,Snowfall,18,7.9,0.88,100
15,Snowfall,2,9.3,1.3,1
15,Snowfall,2,32.4,7.5,2
15,Snowfall,2,6.5,1.07,3
15,Snowfall,2,10.0,2.12,4
15,Snowfall,2,12.8,2.43,5
15,Snowfall,2,66.0,18.0,6
15,Snowfall,2,7.9,0.98,7
15,Snowfall,2,14.2,3.0,8
15,Snowfall,2,12.8,1.77,9
15,Snowfall,2,11.4,2.25,10
15,Snowfall,2,14.9,2.44,11
15,Snowfall,2,10.7,2.07,12
15,Snowfall,2,26.1,6.13,13
15,Snowfall,2,11.4,2.2,14
15,Snowfall,2,14.2,2.6,15
15,Snowfall,2,5.1,0.52,16
15,Snowfall,2,19.1,3.54,17
15,Snowfall,2,21.2,4.8,18
15,Snowfall,2,10.7,1.9,19
15,Snowfall,2,13.5,2.6,20
15,Snowfall,2,14.2,2.49,21
15,Snowfall,2,4.4,0.45,22
15,Snowfall,2,5.8,0.71,23
15,Snowfall,2,5.8,0.68,24
15,Snowfall,2,12.8,2.76,25
15,Snowfall,2,9.3,1.2,26
15,Snowfall,2,31.7,8.15,27
15,Snowfall,2,35.2,7.9,28
15,Snowfall,2,13.5,2.5,29
15,Snowfall,2,7.9,1.39,30
15,Snowfall,2,5.1,0.57,31
15,Snowfall,2,5.1,0.6,32
15,Snowfall,2,14.9,3.1,33
15,Snowfall,2,8.6,1.3,34
15,Snowfall,2,10.0,1.33,35
15,Snowfall,2,13.5,1.64,36
15,Snowfall,2,18.4,4.0,37
15,Snowfall,2,68.8,18.6,38
15,Snowfall,2,19.1,4.57,39
15,Snowfall,2,12.1,2.6,40
15,Snowfall,2,8.6,1.24,41
15,Snowfall,2,7.2,0.86,42
15,Snowfall,2,40.8,9.91,43
15,Snowfall,2,5.1,0.4,44
15,Snowfall,2,11.4,1.53,45
15,Snowfall,2,11.4,2.26,46
15,Snowfall,2,14.9,3.35,47
15,Snowfall,2,14.2,2.44,48
15,Snowfall,2,20.5,4.22,49
15,Snowfall,2,6.5,0.9,50
15,Snowfall,2,38.0,9.1,51
15,Snowfall,2,70.0,17.59,52
15,Snowfall,2,31.7,7.88,53
15,Snowfall,2,5.8,0.69,54
15,Snowfall,2,15.6,3.5,55
15,Snowfall,2,7.2,0.9,56
15,Snowfall,2,24.0,5.0,57
15,Snowfall,2,29.6,7.34,58
15,Snowfall,2,7.9,1.04,59
15,Snowfall,2,22.6,4.77,60
15,Snowfall,2,7.2,0.76,61
15,Snowfall,2,7.9,0.9,62
15,Snowfall,2,7.2,1.07,63
15,Snowfall,2,5.1,0.51,64
15,Snowfall,2,23.3,5.01,65
15,Snowfall,2,14.2,2.53,66
15,Snowfall,2,5.8,0.85,67
15,Snowfall,2,9.3,1.7,68
15,Snowfall,2,5.8,0.65,69
15,Snowfall,2,6.5,0.74,70
15,Snowfall,2,11.4,2.39,71
15,Snowfall,2,19.8,2.8,72
15,Snowfall,2,18.4,3.89,73
15,Snowfall,2,68.1,18.4,74
15,Snowfall,2,6.5,0.9,75
15,Snowfall,2,17.7,3.39,76
15,Snowfall,2,25.4,5.3,77
15,Snowfall,2,8.6,1.1,78
15,Snowfall,2,9.3,1.8,79
15,Snowfall,2,3.0,0.01,80
15,Snowfall,2,14.9,3.28,81
15,Snowfall,2,10.0,1.55,82
15,Snowfall,2,8.6,1.36,83
15,Snowfall,2,17.0,3.11,84
15,Snowfall,2,7.9,1.03,85
15,Snowfall,2,14.9,2.19,86
15,Snowfall,2,83.9,16.6,87
15,Snowfall,2,5.1,0.61,88
15,Snowfall,2,10.7,1.6,89
15,Snowfall,2,10.7,2.1,90
15,Snowfall,2,14.2,2.75,91
15,Snowfall,2,7.9,1.36,92
15,Snowfall,2,18.4,2.99,93
15,Snowfall,2,11.4,1.95,94
15,Snowfall,2,7.2,0.8,95
15,Snowfall,2,38.0,8.41,96
15,Snowfall,2,9.3,1.46,97
15,Snowfall,2,40.1,9.65,98
15,Snowfall,2,10.7,1.26,99
15,Snowfall,2,36.6,8.1,100
15,Snowfall,9,9.3,1.6,1
15,Snowfall,9,10.0,1.4,2
15,Snowfall,9,8.6,1.4,3
15,Snowfall,9,5.8,0.7,4
15,Snowfall,9,40.8,7.9,5
15,Snowfall,9,7.2,0.9,6
15,Snowfall,9,18.4,4.0,7
15,Snowfall,9,5.1,0.5,8
15,Snowfall,9,12.8,2.1,9
15,Snowfall,9,11.4,1.78,10
15,Snowfall,9,13.5,1.53,11
15,Snowfall,9,5.1,0.77,12
15,Snowfall,9,10.7,1.41,13
15,Snowfall,9,7.9,0.99,14
15,Snowfall,9,24.7,4.33,15
15,Snowfall,9,5.8,0.56,16
15,Snowfall,9,6.5,0.6,17
15,Snowfall,9,8.6,1.1,18
15,Snowfall,9,5.1,0.7,19
15,Snowfall,9,6.5,0.6,20
15,Snowfall,9,10.0,1.9,21
15,Snowfall,9,12.8,2.0,22
15,Snowfall,9,7.2,0.88,23
15,Snowfall,9,3.7,0.17,24
15,Snowfall,9,14.2,1.61,25
15,Snowfall,9,13.5,2.14,26
15,Snowfall,9,10.7,1.47,27
15,Snowfall,9,9.3,1.22,28
15,Snowfall,9,6.5,1.0,29
15,Snowfall,9,9.3,1.34,30
15,Snowfall,9,9.3,1.36,31
15,Snowfall,9,10.0,1.6,32
15,Snowfall,9,14.9,2.5,33
15,Snowfall,9,11.4,2.4,34
15,Snowfall,9,6.5,0.5,35
15,Snowfall,9,5.8,0.5,36
15,Snowfall,9,8.6,1.41,37
15,Snowfall,9,11.4,1.96,38
15,Snowfall,9,8.6,1.24,39
15,Snowfall,9,6.5,0.9,40
15,Snowfall,9,7.2,0.64,41
15,Snowfall,9,5.8,0.43,42
15,Snowfall,9,5.8,0.73,43
15,Snowfall,9,7.2,0.9,44
15,Snowfall,9,13.5,2.17,45
15,Snowfall,9,8.6,1.28,46
15,Snowfall,9,51.3,12.58,47
15,Snowfall,9,5.1,0.7,48
15,Snowfall,9,4.4,0.4,49
15,Snowfall,9,15.6,2.2,50
15,Snowfall,9,7.2,0.95,51
15,Snowfall,9,12.8,2.01,52
15,Snowfall,9,8.6,1.11,53
15,Snowfall,9,10.0,1.49,54
15,Snowfall,9,5.8,0.75,55
15,Snowfall,9,17.0,3.84,56
15,Snowfall,9,12.1,1.69,57
15,Snowfall,9,9.3,1.62,58
15,Snowfall,9,7.2,0.78,59
15,Snowfall,9,11.4,1.5,60
15,Snowfall,9,80.7,21.53,61
15,Snowfall,9,20.5,4.4,62
15,Snowfall,9,19.1,4.0,63
15,Snowfall,9,6.5,0.75,64
15,Snowfall,9,9.3,1.25,65
15,Snowfall,9,4.4,0.43,66
15,Snowfall,9,12.1,1.87,67
15,Snowfall,9,15.6,2.17,68
15,Snowfall,9,11.4,1.5,69
15,Snowfall,9,26.8,4.7,70
15,Snowfall,9,19.8,3.48,71
15,Snowfall,9,7.2,0.92,72
15,Snowfall,9,21.2,3.73,73
15,Snowfall,9,14.9,2.03,74
15,Snowfall,9,5.1,0.48,75
15,Snowfall,9,33.1,7.53,76
15,Snowfall,9,14.2,1.87,77
15,Snowfall,9,33.1,7.37,78
15,Snowfall,9,18.4,3.51,79
15,Snowfall,9,9.3,1.14,80
15,Snowfall,9,8.6,0.97,81
15,Snowfall,9,6.5,0.95,82
15,Snowfall,9,7.9,1.1,83
15,Snowfall,9,10.0,1.5,84
15,Snowfall,9,7.2,0.8,85
15,Snowfall,9,10.7,1.68,86
15,Snowfall,9,8.6,1.31,87
15,Snowfall,9,7.9,1.11,88
15,Snowfall,9,7.2,1.08,89
15,Snowfall,9,10.0,1.17,90
15,Snowfall,9,12.8,1.84,91
15,Snowfall,9,5.1,0.51,92
15,Snowfall,9,14.9,2.76,93
15,Snowfall,9,10.7,1.89,94
15,Snowfall,9,10.0,1.24,95
15,Snowfall,9,18.4,2.37,96
15,Snowfall,9,10.7,1.49,97
15,Snowfall,9,7.2,1.0,98
15,Snowfall,9,15.6,2.54,99
15,Snowfall,9,4.4,0.34,100
15,Snowfall,3,11.4,1.67,1
15,Snowfall,3,14.2,2.8,2
15,Snowfall,3,14.9,2.98,3
15,Snowfall,3,7.2,1.03,4
15,Snowfall,3,14.2,2.73,5
15,Snowfall,3,10.7,1.72,6
15,Snowfall,3,7.9,1.08,7
15,Snowfall,3,7.2,0.9,8
15,Snowfall,3,33.1,8.4,9
15,Snowfall,3,7.9,0.93,10
15,Snowfall,3,12.1,1.39,11
15,Snowfall,3,7.2,0.92,12
15,Snowfall,3,6.5,0.91,13
15,Snowfall,3,12.8,1.72,14
15,Snowfall,3,42.2,10.22,15
15,Snowfall,3,10.0,1.43,16
15,Snowfall,3,3.0,0.02,17
15,Snowfall,3,11.4,1.53,18
15,Snowfall,3,17.7,4.0,19
15,Snowfall,3,22.6,5.19,20
15,Snowfall,3,7.9,1.48,21
15,Snowfall,3,17.7,3.3,22
15,Snowfall,3,6.5,1.0,23
15,Snowfall,3,14.2,2.15,24
15,Snowfall,3,13.5,2.9,25
15,Snowfall,3,24.7,5.31,26
15,Snowfall,3,7.9,0.86,27
15,Snowfall,3,15.6,3.12,28
15,Snowfall,3,12.1,2.0,29
15,Snowfall,3,5.8,0.75,30
15,Snowfall,3,7.2,1.14,31
15,Snowfall,3,15.6,3.17,32
15,Snowfall,3,27.5,6.5,33
15,Snowfall,3,8.6,1.09,34
15,Snowfall,3,8.6,1.13,35
15,Snowfall,3,49.2,12.4,36
15,Snowfall,3,17.7,3.79,37
15,Snowfall,3,8.6,1.42,38
15,Snowfall,3,6.5,1.12,39
15,Snowfall,3,36.6,10.3,40
15,Snowfall,3,16.3,3.3,41
15,Snowfall,3,55.5,12.51,42
15,Snowfall,3,24.0,5.07,43
15,Snowfall,3,5.8,0.51,44
15,Snowfall,3,19.8,3.47,45
15,Snowfall,3,31.0,7.81,46
15,Snowfall,3,12.1,1.59,47
15,Snowfall,3,26.1,5.78,48
15,Snowfall,3,26.8,6.1,49
15,Snowfall,3,31.7,6.9,50
15,Snowfall,3,5.8,0.6,51
15,Snowfall,3,15.6,3.2,52
15,Snowfall,3,13.5,2.34,53
15,Snowfall,3,4.4,0.52,54
15,Snowfall,3,5.8,0.6,55
15,Snowfall,3,38.0,8.4,56
15,Snowfall,3,6.5,0.95,57
15,Snowfall,3,14.9,2.45,58
15,Snowfall,3,26.8,5.68,59
15,Snowfall,3,10.0,1.3,60
15,Snowfall,3,12.8,2.0,61
15,Snowfall,3,28.9,6.73,62
15,Snowfall,3,10.0,1.91,63
15,Snowfall,3,11.4,1.57,64
15,Snowfall,3,17.0,1.88,65
15,Snowfall,3,9.3,0.82,66
15,Snowfall,3,19.8,3.8,67
15,Snowfall,3,70.0,16.92,68
15,Snowfall,3,6.5,0.82,69
15,Snowfall,3,24.0,5.4,70
15,Snowfall,3,7.9,1.2,71
15,Snowfall,3,7.9,1.07,72
15,Snowfall,3,7.2,1.13,73
15,Snowfall,3,4.4,0.3,74
15,Snowfall,3,38.7,9.48,75
15,Snowfall,3,40.5,10.9,76
15,Snowfall,3,33.1,7.53,77
15,Snowfall,3,25.4,5.84,78
15,Snowfall,3,4.4,0.36,79
15,Snowfall,3,5.8,0.68,80
15,Snowfall,3,9.3,1.8,81
15,Snowfall,3,44.5,13.4,82
15,Snowfall,3,6.5,0.71,83
15,Snowfall,3,54.5,7.7,84
15,Snowfall,3,42.9,10.22,85
15,Snowfall,3,10.0,1.09,86
15,Snowfall,3,6.5,0.76,87
15,Snowfall,3,51.5,14.7,88
15,Snowfall,3,11.4,2.4,89
15,Snowfall,3,48.5,15.9,90
15,Snowfall,3,57.75,8.45,91
15,Snowfall,3,62.5,19.2,92
15,Snowfall,3,13.5,2.66,93
15,Snowfall,3,65.0,2.81,94
15,Snowfall,3,29.6,5.87,95
15,Snowfall,3,4.4,0.48,96
15,Snowfall,3,21.9,5.0,97
15,Snowfall,3,14.9,3.12,98
15,Snowfall,3,12.8,2.32,99
15,Snowfall,3,8.6,0.53,100
15,Snowfall,5,7.9,1.22,1
15,Snowfall,5,6.5,1.1,2
15,Snowfall,5,14.2,2.6,3
15,Snowfall,5,145.0,28.68,4
15,Snowfall,5,6.5,0.7,5
15,Snowfall,5,5.8,0.5,6
15,Snowfall,5,23.3,4.9,7
15,Snowfall,5,6.5,0.63,8
15,Snowfall,5,33.8,8.5,9
15,Snowfall,5,21.9,4.8,10
15,Snowfall,5,30.3,7.5,11
15,Snowfall,5,45.7,9.48,12
15,Snowfall,5,3.7,0.31,13
15,Snowfall,5,7.2,1.31,14
15,Snowfall,5,142.3,26.13,15
15,Snowfall,5,45.0,11.85,16
15,Snowfall,5,15.6,2.7,17
15,Snowfall,5,41.5,10.21,18
15,Snowfall,5,7.2,0.73,19
15,Snowfall,5,11.4,2.34,20
15,Snowfall,5,12.1,2.4,21
15,Snowfall,5,49.9,13.11,22
15,Snowfall,5,35.2,9.15,23
15,Snowfall,5,5.1,0.67,24
15,Snowfall,5,11.4,2.17,25
15,Snowfall,5,42.2,11.0,26
15,Snowfall,5,42.9,11.17,27
15,Snowfall,5,10.7,1.8,28
15,Snowfall,5,14.9,2.4,29
15,Snowfall,5,10.7,2.07,30
15,Snowfall,5,9.3,1.01,31
15,Snowfall,5,8.6,1.26,32
15,Snowfall,5,11.4,1.51,33
15,Snowfall,5,7.9,1.11,34
15,Snowfall,5,7.2,0.85,35
15,Snowfall,5,5.1,0.44,36
15,Snowfall,5,5.8,0.9,37
15,Snowfall,5,62.5,16.79,38
15,Snowfall,5,6.5,0.55,39
15,Snowfall,5,15.6,3.13,40
15,Snowfall,5,18.4,3.1,41
15,Snowfall,5,76.5,20.5,42
15,Snowfall,5,9.3,1.8,43
15,Snowfall,5,24.0,5.4,44
15,Snowfall,5,13.5,2.88,45
15,Snowfall,5,13.5,2.52,46
15,Snowfall,5,5.8,0.8,47
15,Snowfall,5,70.0,16.6,48
15,Snowfall,5,8.6,1.32,49
15,Snowfall,5,6.5,0.94,50
15,Snowfall,5,11.4,1.83,51
15,Snowfall,5,7.2,0.7,52
15,Snowfall,5,45.0,10.87,53
15,Snowfall,5,12.8,2.57,54
15,Snowfall,5,13.5,1.71,55
15,Snowfall,5,12.1,2.07,56
15,Snowfall,5,45.0,11.92,57
15,Snowfall,5,29.6,7.45,58
15,Snowfall,5,19.1,2.81,59
15,Snowfall,5,5.1,0.53,60
15,Snowfall,5,20.5,4.02,61
15,Snowfall,5,40.1,10.57,62
15,Snowfall,5,7.9,1.38,63
15,Snowfall,5,6.5,0.73,64
15,Snowfall,5,28.2,6.57,65
15,Snowfall,5,38.7,9.73,66
15,Snowfall,5,40.1,9.9,67
15,Snowfall,5,20.5,3.7,68
15,Snowfall,5,21.5,2.7,69
15,Snowfall,5,16.3,2.94,70
15,Snowfall,5,31.0,7.0,71
15,Snowfall,5,5.1,0.6,72
15,Snowfall,5,13.5,2.94,73
15,Snowfall,5,70.0,21.13,74
15,Snowfall,5,17.0,2.91,75
15,Snowfall,5,5.8,0.54,76
15,Snowfall,5,7.2,0.9,77
15,Snowfall,5,12.8,2.1,78
15,Snowfall,5,5.8,0.7,79
15,Snowfall,5,7.9,1.4,80
15,Snowfall,5,5.8,0.65,81
15,Snowfall,5,15.6,3.03,82
15,Snowfall,5,31.0,6.8,83
15,Snowfall,5,10.0,1.95,84
15,Snowfall,5,70.0,17.3,85
15,Snowfall,5,6.5,0.9,86
15,Snowfall,5,12.8,2.0,87
15,Snowfall,5,9.3,1.5,88
15,Snowfall,5,6.5,0.8,89
15,Snowfall,5,8.6,1.6,90
15,Snowfall,5,38.7,9.87,91
15,Snowfall,5,8.6,1.52,92
15,Snowfall,5,40.8,10.2,93
15,Snowfall,5,11.4,1.7,94
15,Snowfall,5,6.5,0.98,95
15,Snowfall,5,6.5,0.65,96
15,Snowfall,5,19.8,3.91,97
15,Snowfall,5,7.2,0.91,98
15,Snowfall,5,5.8,0.94,99
15,Snowfall,5,42.9,11.0,100
15,Snowfall,6,14.9,3.1,1
15,Snowfall,6,12.1,2.09,2
15,Snowfall,6,107.7,22.19,3
15,Snowfall,6,5.1,0.5,4
15,Snowfall,6,5.1,0.6,5
15,Snowfall,6,33.8,8.4,6
15,Snowfall,6,5.8,0.88,7
15,Snowfall,6,6.5,0.82,8
15,Snowfall,6,7.2,0.88,9
15,Snowfall,6,77.9,19.4,10
15,Snowfall,6,8.6,0.96,11
15,Snowfall,6,5.8,1.0,12
15,Snowfall,6,6.5,1.1,13
15,Snowfall,6,41.5,10.28,14
15,Snowfall,6,10.0,1.7,15
15,Snowfall,6,10.0,1.9,16
15,Snowfall,6,10.7,2.1,17
15,Snowfall,6,7.2,1.1,18
15,Snowfall,6,9.3,1.55,19
15,Snowfall,6,15.6,3.1,20
15,Snowfall,6,7.9,1.1,21
15,Snowfall,6,11.4,2.2,22
15,Snowfall,6,7.2,1.1,23
15,Snowfall,6,9.3,1.8,24
15,Snowfall,6,7.2,1.0,25
15,Snowfall,6,13.5,2.7,26
15,Snowfall,6,5.8,0.9,27
15,Snowfall,6,10.7,1.2,28
15,Snowfall,6,70.0,21.2,29
15,Snowfall,6,70.0,17.61,30
15,Snowfall,6,7.2,0.9,31
15,Snowfall,6,70.0,15.4,32
15,Snowfall,6,90.2,18.57,33
15,Snowfall,6,32.4,6.9,34
15,Snowfall,6,16.3,3.0,35
15,Snowfall,6,6.5,0.96,36
15,Snowfall,6,7.2,0.93,37
15,Snowfall,6,23.3,5.04,38
15,Snowfall,6,5.1,0.79,39
15,Snowfall,6,14.2,2.82,40
15,Snowfall,6,70.0,18.85,41
15,Snowfall,6,34.5,8.5,42
15,Snowfall,6,10.0,2.2,43
15,Snowfall,6,98.6,20.81,44
15,Snowfall,6,90.5,24.68,45
15,Snowfall,6,66.0,17.65,46
15,Snowfall,6,17.7,3.5,47
15,Snowfall,6,70.0,17.71,48
15,Snowfall,6,7.2,1.18,49
15,Snowfall,6,40.8,9.82,50
15,Snowfall,6,12.1,2.4,51
15,Snowfall,6,59.7,16.12,52
15,Snowfall,6,4.4,0.4,53
15,Snowfall,6,11.4,2.18,54
15,Snowfall,6,5.1,0.56,55
15,Snowfall,6,5.8,0.9,56
15,Snowfall,6,10.0,1.6,57
15,Snowfall,6,14.2,2.57,58
15,Snowfall,6,7.9,1.25,59
15,Snowfall,6,12.1,2.2,60
15,Snowfall,6,37.3,9.57,61
15,Snowfall,6,12.8,2.5,62
15,Snowfall,6,60.4,15.54,63
15,Snowfall,6,9.3,1.53,64
15,Snowfall,6,10.7,1.39,65
15,Snowfall,6,70.0,16.0,66
15,Snowfall,6,12.8,2.34,67
15,Snowfall,6,5.1,0.6,68
15,Snowfall,6,46.4,11.7,69
15,Snowfall,6,17.0,2.94,70
15,Snowfall,6,4.4,0.4,71
15,Snowfall,6,12.1,2.3,72
15,Snowfall,6,6.5,0.63,73
15,Snowfall,6,9.3,1.6,74
15,Snowfall,6,14.2,3.13,75
15,Snowfall,6,5.8,0.7,76
15,Snowfall,6,27.5,6.0,77
15,Snowfall,7,8.6,1.04,1
15,Snowfall,6,10.7,2.3,78
15,Snowfall,6,5.8,0.8,79
15,Snowfall,6,12.8,2.7,80
15,Snowfall,6,5.1,0.55,81
15,Snowfall,6,15.6,2.87,82
15,Snowfall,6,91.9,24.56,83
15,Snowfall,6,36.6,9.1,84
15,Snowfall,6,37.3,7.43,85
15,Snowfall,6,5.8,0.4,86
15,Snowfall,6,10.0,1.07,87
15,Snowfall,6,6.5,0.7,88
15,Snowfall,6,17.0,3.2,89
15,Snowfall,6,10.0,1.4,90
15,Snowfall,6,19.1,3.8,91
15,Snowfall,6,5.8,0.7,92
15,Snowfall,6,6.5,0.9,93
15,Snowfall,6,8.6,1.18,94
15,Snowfall,6,5.8,0.6,95
15,Snowfall,6,13.5,2.47,96
15,Snowfall,6,7.9,1.01,97
15,Snowfall,6,9.3,1.19,98
15,Snowfall,6,90.9,19.1,99
15,Snowfall,6,10.0,1.66,100
15,Snowfall,7,53.4,13.13,2
15,Snowfall,7,11.4,1.5,3
15,Snowfall,7,70.0,18.16,4
15,Snowfall,7,18.4,4.0,5
15,Snowfall,7,70.0,16.4,6
15,Snowfall,7,11.4,2.37,7
15,Snowfall,7,5.1,0.6,8
15,Snowfall,7,43.6,11.54,9
15,Snowfall,7,33.8,9.4,10
15,Snowfall,7,5.1,0.43,11
15,Snowfall,7,10.7,1.28,12
15,Snowfall,7,10.7,1.58,13
15,Snowfall,7,12.1,2.57,14
15,Snowfall,7,7.2,1.0,15
15,Snowfall,7,7.9,1.2,16
15,Snowfall,7,4.4,0.5,17
15,Snowfall,7,9.3,1.7,18
15,Snowfall,7,21.9,5.0,19
15,Snowfall,7,11.4,2.06,20
15,Snowfall,7,12.8,2.69,21
15,Snowfall,7,13.5,2.74,22
15,Snowfall,7,40.8,10.14,23
15,Snowfall,7,12.1,1.94,24
15,Snowfall,7,7.9,1.36,25
15,Snowfall,7,9.3,1.2,26
15,Snowfall,7,90.2,18.18,27
15,Snowfall,7,72.3,18.94,28
15,Snowfall,7,7.9,1.0,29
15,Snowfall,7,21.9,3.3,30
15,Snowfall,7,6.5,0.7,31
15,Snowfall,7,8.6,1.46,32
15,Snowfall,7,7.9,1.18,33
15,Snowfall,7,13.5,2.2,34
15,Snowfall,7,10.0,1.5,35
15,Snowfall,7,14.9,2.9,36
15,Snowfall,7,10.0,1.58,37
15,Snowfall,7,10.0,1.9,38
15,Snowfall,7,14.9,2.49,39
15,Snowfall,7,9.3,1.3,40
15,Snowfall,7,7.9,1.2,41
15,Snowfall,7,7.9,1.0,42
15,Snowfall,7,7.9,0.8,43
15,Snowfall,7,42.2,10.5,44
15,Snowfall,7,7.2,1.0,45
15,Snowfall,7,10.0,1.62,46
15,Snowfall,7,19.1,4.5,47
15,Snowfall,7,40.8,10.8,48
15,Snowfall,7,8.6,1.14,49
15,Snowfall,7,11.4,2.31,50
15,Snowfall,7,50.6,10.2,51
15,Snowfall,7,8.6,1.54,52
15,Snowfall,7,36.6,9.1,53
15,Snowfall,7,11.4,1.8,54
15,Snowfall,7,47.8,12.19,55
15,Snowfall,7,6.5,0.8,56
15,Snowfall,7,6.5,0.81,57
15,Snowfall,7,37.3,9.2,58
15,Snowfall,7,16.3,2.6,59
15,Snowfall,7,11.4,1.6,60
15,Snowfall,7,53.4,13.39,61
15,Snowfall,7,49.2,10.8,62
15,Snowfall,7,28.2,6.22,63
15,Snowfall,7,5.1,0.69,64
15,Snowfall,7,8.6,1.2,65
15,Snowfall,7,70.0,20.0,66
15,Snowfall,7,5.1,0.6,67
15,Snowfall,7,5.8,0.67,68
15,Snowfall,7,90.2,17.62,69
15,Snowfall,7,7.2,1.32,70
15,Snowfall,7,4.4,0.39,71
15,Snowfall,7,37.3,9.53,72
15,Snowfall,7,10.0,1.6,73
15,Snowfall,7,15.6,2.64,74
15,Snowfall,7,16.3,3.3,75
15,Snowfall,7,7.9,1.1,76
15,Snowfall,7,7.9,1.24,77
15,Snowfall,7,7.9,0.9,78
15,Snowfall,7,30.3,7.16,79
15,Snowfall,7,43.6,11.1,80
15,Snowfall,7,11.4,2.16,81
15,Snowfall,7,7.2,1.11,82
15,Snowfall,7,18.4,3.2,83
15,Snowfall,7,9.3,0.9,84
15,Snowfall,7,7.9,1.5,85
15,Snowfall,7,5.8,0.8,86
15,Snowfall,7,6.5,1.1,87
15,Snowfall,7,5.8,0.61,88
15,Snowfall,7,5.8,0.62,89
15,Snowfall,7,9.3,1.38,90
15,Snowfall,7,11.4,1.58,91
15,Snowfall,7,9.3,1.55,92
15,Snowfall,7,7.2,0.9,93
15,Snowfall,7,13.5,2.46,94
15,Snowfall,7,14.2,2.8,95
15,Snowfall,7,5.8,0.66,96
15,Snowfall,7,6.5,0.92,97
15,Snowfall,7,10.0,1.27,98
15,Snowfall,7,10.0,1.3,99
15,Snowfall,7,6.5,0.88,100
15,Snowfall,8,10.0,1.8,1
15,Snowfall,8,15.6,2.3,2
15,Snowfall,8,6.5,0.8,3
15,Snowfall,8,17.7,3.3,4
15,Snowfall,8,8.6,1.1,5
15,Snowfall,8,18.4,2.8,6
15,Snowfall,8,10.7,1.3,7
15,Snowfall,8,10.0,1.6,8
15,Snowfall,8,10.0,1.2,9
15,Snowfall,8,10.7,2.1,10
15,Snowfall,8,9.3,1.3,11
15,Snowfall,8,10.7,1.46,12
15,Snowfall,8,5.8,0.84,13
15,Snowfall,8,7.2,0.98,14
15,Snowfall,8,8.6,1.06,15
15,Snowfall,8,8.6,0.83,16
15,Snowfall,8,12.1,2.1,17
15,Snowfall,8,7.2,1.0,18
15,Snowfall,8,10.7,1.9,19
15,Snowfall,8,8.6,0.7,20
15,Snowfall,8,10.0,1.63,21
15,Snowfall,8,10.7,1.28,22
15,Snowfall,8,10.0,1.54,23
15,Snowfall,8,19.1,3.85,24
15,Snowfall,8,7.9,0.9,25
15,Snowfall,8,5.1,0.58,26
15,Snowfall,8,6.5,1.06,27
15,Snowfall,8,10.7,1.5,28
15,Snowfall,8,18.4,3.6,29
15,Snowfall,8,5.8,0.8,30
15,Snowfall,8,7.2,1.2,31
15,Snowfall,8,6.5,0.7,32
15,Snowfall,8,53.4,13.05,33
15,Snowfall,8,5.8,0.7,34
15,Snowfall,8,49.2,11.78,35
15,Snowfall,8,8.6,1.27,36
15,Snowfall,8,20.5,3.8,37
15,Snowfall,8,7.9,0.85,38
15,Snowfall,8,5.8,0.67,39
15,Snowfall,8,8.6,1.11,40
15,Snowfall,8,13.5,2.5,41
15,Snowfall,8,8.6,0.9,42
15,Snowfall,8,6.5,0.9,43
15,Snowfall,8,9.3,1.29,44
15,Snowfall,8,5.8,0.77,45
15,Snowfall,8,10.0,1.46,46
15,Snowfall,8,5.8,0.5,47
15,Snowfall,8,9.3,1.8,48
15,Snowfall,8,8.6,0.9,49
15,Snowfall,8,14.2,2.58,50
15,Snowfall,8,10.0,1.13,51
15,Snowfall,8,9.3,1.7,52
15,Snowfall,8,22.6,5.2,53
15,Snowfall,8,9.3,1.7,54
15,Snowfall,8,7.9,1.3,55
15,Snowfall,8,7.2,0.99,56
15,Snowfall,8,10.0,1.14,57
15,Snowfall,8,35.9,8.56,58
15,Snowfall,8,8.6,0.8,59
15,Snowfall,8,70.0,19.42,60
15,Snowfall,8,7.9,0.87,61
15,Snowfall,8,13.5,2.23,62
15,Snowfall,8,11.4,2.33,63
15,Snowfall,8,9.3,1.58,64
15,Snowfall,8,8.6,1.03,65
15,Snowfall,8,11.4,1.69,66
15,Snowfall,8,5.8,0.76,67
15,Snowfall,8,9.3,1.36,68
15,Snowfall,8,12.8,1.85,69
15,Snowfall,8,6.5,0.58,70
15,Snowfall,8,9.3,1.41,71
15,Snowfall,8,7.2,0.67,72
15,Snowfall,8,9.3,1.35,73
15,Snowfall,8,6.5,0.6,74
15,Snowfall,8,27.5,6.6,75
15,Snowfall,8,70.0,18.63,76
15,Snowfall,8,7.2,0.8,77
15,Snowfall,8,70.0,27.53,78
15,Snowfall,8,35.9,8.9,79
15,Snowfall,8,5.8,0.67,80
15,Snowfall,8,7.9,1.04,81
15,Snowfall,8,44.3,11.6,82
15,Snowfall,8,8.6,1.3,83
15,Snowfall,8,16.3,3.7,84
15,Snowfall,8,7.9,1.1,85
15,Snowfall,8,12.1,1.95,86
15,Snowfall,8,20.5,3.95,87
15,Snowfall,8,10.0,1.05,88
15,Snowfall,8,21.2,4.2,89
15,Snowfall,8,7.2,0.81,90
15,Snowfall,8,11.4,1.63,91
15,Snowfall,8,10.7,1.0,92
15,Snowfall,8,9.3,1.1,93
15,Snowfall,8,15.6,1.73,94
15,Snowfall,8,14.2,2.4,95
15,Snowfall,8,12.1,1.75,96
15,Snowfall,8,5.8,0.44,97
15,Snowfall,8,5.8,0.72,98
15,Snowfall,8,20.5,3.33,99
15,Snowfall,8,38.7,9.5,100
8,Rain,22,17.7,3.6,1
8,Rain,22,15.6,1.76,2
8,Rain,22,6.5,0.8,3
8,Rain,22,17.0,2.59,4
8,Rain,22,10.7,1.39,5
8,Rain,22,27.5,5.13,6
8,Rain,22,4.4,0.26,7
8,Rain,22,11.4,1.81,8
8,Rain,22,15.6,2.01,9
8,Rain,22,5.8,0.75,10
8,Rain,22,11.4,2.08,11
8,Rain,22,11.4,1.79,12
8,Rain,22,14.2,2.3,13
8,Rain,22,11.4,2.0,14
8,Rain,22,19.8,3.0,15
8,Rain,22,12.1,1.82,16
8,Rain,22,14.2,2.17,17
8,Rain,22,6.5,0.87,18
8,Rain,22,9.3,0.95,19
8,Rain,22,16.3,2.86,20
8,Rain,22,11.4,1.39,21
8,Rain,22,19.8,3.84,22
8,Rain,22,5.1,0.67,23
8,Rain,22,7.2,0.86,24
8,Rain,22,12.1,1.96,25
8,Rain,22,7.9,0.92,26
8,Rain,22,8.6,0.89,27
8,Rain,22,12.8,2.24,28
8,Rain,22,26.8,4.49,29
8,Rain,22,6.5,0.71,30
8,Rain,22,5.8,0.7,31
8,Rain,22,7.2,0.7,32
8,Rain,22,13.5,2.0,33
8,Rain,22,27.5,5.72,34
8,Rain,22,21.2,3.37,35
8,Rain,22,11.4,1.5,36
8,Rain,22,8.6,1.26,37
8,Rain,22,7.9,0.9,38
8,Rain,22,11.4,2.15,39
8,Rain,22,10.0,1.22,40
8,Rain,22,26.1,4.61,41
8,Rain,22,17.0,2.68,42
8,Rain,22,18.4,3.0,43
8,Rain,22,14.9,2.8,44
8,Rain,22,19.1,3.36,45
8,Rain,22,9.3,1.2,46
8,Rain,22,14.2,2.4,47
8,Rain,22,5.8,0.9,48
8,Rain,22,70.0,18.1,49
8,Rain,22,12.8,1.69,50
8,Rain,22,12.8,1.95,51
8,Rain,22,38.7,9.34,52
8,Rain,22,7.2,0.76,53
8,Rain,22,17.0,3.62,54
8,Rain,22,3.0,0.01,55
8,Rain,22,70.0,18.06,56
8,Rain,22,12.1,1.8,57
8,Rain,22,9.3,1.4,58
8,Rain,22,13.5,2.24,59
8,Rain,22,7.2,0.71,60
8,Rain,22,35.2,5.16,61
8,Rain,22,5.8,0.63,62
8,Rain,22,9.3,1.09,63
8,Rain,22,21.2,2.63,64
8,Rain,22,6.5,0.9,65
8,Rain,22,15.6,3.0,66
8,Rain,22,6.5,0.81,67
8,Rain,22,8.6,1.3,68
8,Rain,22,6.5,1.0,69
8,Rain,22,26.8,5.92,70
8,Rain,22,11.4,1.62,71
8,Rain,22,6.5,0.79,72
8,Rain,22,38.0,9.46,73
8,Rain,22,3.7,0.03,74
8,Rain,22,19.1,3.01,75
8,Rain,22,9.3,1.39,76
8,Rain,22,10.0,0.95,77
8,Rain,22,7.2,0.8,78
8,Rain,22,11.4,1.43,79
8,Rain,22,6.5,0.74,80
8,Rain,22,6.5,0.81,81
8,Rain,22,35.2,8.6,82
8,Rain,22,29.6,7.1,83
8,Rain,22,17.7,2.61,84
8,Rain,22,20.5,3.5,85
8,Rain,22,48.5,12.54,86
8,Rain,22,7.9,1.13,87
8,Rain,22,61.1,14.78,88
8,Rain,22,9.3,1.5,89
8,Rain,22,11.4,1.5,90
8,Rain,22,9.3,0.9,91
8,Rain,22,22.6,4.5,92
8,Rain,22,12.1,2.0,93
8,Rain,22,70.0,18.7,94
8,Rain,22,52.0,13.1,95
8,Rain,22,7.9,0.79,96
8,Rain,22,11.4,1.72,97
8,Rain,22,12.8,1.9,98
8,Rain,22,14.9,2.6,99
8,Rain,22,12.8,2.3,100
8,Rain,13,3.0,0.02,1
8,Rain,13,19.8,2.57,2
8,Rain,13,11.4,1.03,3
8,Rain,13,8.6,1.1,4
8,Rain,13,51.3,11.69,5
8,Rain,13,12.1,1.22,6
8,Rain,13,14.2,2.1,7
8,Rain,13,10.7,1.4,8
8,Rain,13,15.6,2.0,9
8,Rain,13,79.0,13.6,10
8,Rain,13,12.1,1.7,11
8,Rain,13,10.0,0.8,12
8,Rain,13,12.8,1.56,13
8,Rain,13,5.1,0.23,14
8,Rain,13,7.9,0.71,15
8,Rain,13,18.4,2.3,16
8,Rain,13,33.8,6.38,17
8,Rain,13,12.8,1.53,18
8,Rain,13,14.9,1.3,19
8,Rain,13,10.7,1.8,20
8,Rain,13,5.8,0.4,21
8,Rain,13,26.1,5.2,22
8,Rain,13,9.3,1.0,23
8,Rain,13,34.5,6.68,24
8,Rain,13,5.8,0.5,25
8,Rain,13,12.8,1.6,26
8,Rain,13,5.1,0.3,27
8,Rain,13,6.5,0.5,28
8,Rain,13,19.8,3.2,29
8,Rain,13,14.9,2.3,30
8,Rain,13,10.0,1.7,31
8,Rain,13,14.9,2.0,32
8,Rain,13,5.8,0.43,33
8,Rain,13,14.2,2.19,34
8,Rain,13,39.4,8.67,35
8,Rain,13,14.2,1.48,36
8,Rain,13,15.6,1.8,37
8,Rain,13,14.9,1.9,38
8,Rain,13,8.6,1.3,39
8,Rain,13,5.1,0.34,40
8,Rain,13,13.5,1.5,41
8,Rain,13,16.3,1.0,42
8,Rain,13,28.2,6.4,43
8,Rain,13,17.7,2.8,44
8,Rain,13,62.5,14.58,45
8,Rain,13,10.7,1.54,46
8,Rain,13,9.3,1.19,47
8,Rain,13,14.9,1.66,48
8,Rain,13,5.1,0.55,49
8,Rain,13,19.1,2.34,50
8,Rain,13,7.9,0.6,51
8,Rain,13,28.9,5.4,52
8,Rain,13,10.0,0.9,53
8,Rain,13,10.0,1.3,54
8,Rain,13,12.1,1.33,55
8,Rain,13,7.2,0.65,56
8,Rain,13,8.6,0.77,57
8,Rain,13,49.2,10.46,58
8,Rain,13,40.1,7.21,59
8,Rain,13,19.1,1.29,60
8,Rain,13,10.0,1.2,61
8,Rain,13,53.4,9.8,62
8,Rain,13,10.0,0.9,63
8,Rain,13,11.4,1.47,64
8,Rain,13,17.7,2.15,65
8,Rain,13,5.1,0.44,66
8,Rain,13,24.0,4.56,67
8,Rain,13,10.7,1.09,68
8,Rain,13,10.0,1.16,69
8,Rain,13,10.0,1.13,70
8,Rain,13,29.6,3.53,71
8,Rain,13,7.9,1.0,72
8,Rain,13,7.9,0.3,73
8,Rain,13,15.6,1.9,74
8,Rain,13,8.6,0.9,75
8,Rain,13,5.1,0.4,76
8,Rain,13,7.9,0.81,77
8,Rain,13,14.9,1.69,78
8,Rain,13,54.8,11.4,79
8,Rain,13,12.8,1.74,80
8,Rain,13,5.1,0.37,81
8,Rain,13,9.3,0.97,82
8,Rain,13,17.7,1.97,83
8,Rain,13,21.9,3.08,84
8,Rain,13,40.1,8.3,85
8,Rain,13,54.8,12.2,86
8,Rain,13,10.0,1.29,87
8,Rain,13,7.2,0.81,88
8,Rain,13,14.2,1.91,89
8,Rain,13,10.0,0.79,90
8,Rain,13,26.1,3.31,91
8,Rain,13,11.4,1.6,92
8,Rain,13,3.7,0.2,93
8,Rain,13,22.6,3.5,94
8,Rain,13,17.7,2.1,95
8,Rain,13,15.6,1.64,96
8,Rain,13,13.5,0.96,97
8,Rain,13,10.7,1.14,98
8,Rain,13,4.4,0.34,99
8,Rain,13,26.8,5.9,100
8,Rain,15,14.9,1.92,1
8,Rain,15,8.6,0.85,2
8,Rain,15,15.6,1.57,3
8,Rain,15,5.8,0.61,4
8,Rain,15,17.0,2.86,5
8,Rain,15,16.3,1.82,6
8,Rain,15,5.8,0.8,7
8,Rain,15,21.2,2.6,8
8,Rain,15,48.5,15.7,9
8,Rain,15,5.1,0.5,10
8,Rain,15,12.1,1.3,11
8,Rain,15,53.4,11.07,12
8,Rain,15,17.7,2.08,13
8,Rain,15,13.5,1.3,14
8,Rain,15,5.8,0.6,15
8,Rain,15,7.2,0.8,16
8,Rain,15,7.2,0.6,17
8,Rain,15,26.8,5.0,18
8,Rain,15,14.9,2.3,19
8,Rain,15,11.4,1.0,20
8,Rain,15,12.1,1.5,21
8,Rain,15,7.2,0.65,22
8,Rain,15,7.9,0.76,23
8,Rain,15,12.1,1.81,24
8,Rain,15,8.6,0.9,25
8,Rain,15,6.5,0.68,26
8,Rain,15,8.6,1.1,27
8,Rain,15,8.6,0.7,28
8,Rain,15,30.3,4.2,29
8,Rain,15,5.8,0.8,30
8,Rain,15,9.3,1.1,31
8,Rain,15,7.9,0.6,32
8,Rain,15,17.0,2.31,33
8,Rain,15,10.0,0.78,34
8,Rain,15,14.2,1.94,35
8,Rain,15,10.7,0.5,36
8,Rain,15,17.0,2.0,37
8,Rain,15,10.7,1.2,38
8,Rain,15,7.9,0.6,39
8,Rain,15,5.8,0.67,40
8,Rain,15,10.0,1.29,41
8,Rain,15,17.0,0.7,42
8,Rain,15,12.8,1.6,43
8,Rain,15,7.9,0.9,44
8,Rain,15,5.8,0.62,45
8,Rain,15,22.6,2.47,46
8,Rain,15,11.4,1.05,47
8,Rain,15,10.7,0.77,48
8,Rain,15,17.0,1.2,49
8,Rain,15,9.3,0.8,50
8,Rain,15,12.1,2.4,51
8,Rain,15,26.8,5.0,52
8,Rain,15,23.3,3.6,53
8,Rain,15,12.8,0.7,54
8,Rain,15,7.2,0.8,55
8,Rain,15,13.5,1.8,56
8,Rain,15,26.1,4.39,57
8,Rain,15,7.9,0.81,58
8,Rain,15,21.2,3.0,59
8,Rain,15,7.9,1.1,60
8,Rain,15,7.9,0.8,61
8,Rain,15,7.2,0.8,62
8,Rain,15,9.3,1.0,63
8,Rain,15,9.3,0.94,64
8,Rain,15,7.2,0.23,65
8,Rain,15,5.8,0.41,66
8,Rain,15,5.8,0.7,67
8,Rain,15,18.4,1.9,68
8,Rain,15,7.9,0.58,69
8,Rain,15,11.4,0.49,70
8,Rain,15,70.0,20.71,71
8,Rain,15,12.1,1.7,72
8,Rain,15,13.5,1.63,73
8,Rain,15,7.9,0.82,74
8,Rain,15,12.1,1.4,75
8,Rain,15,6.5,0.74,76
8,Rain,15,6.5,0.47,77
8,Rain,15,7.9,0.54,78
8,Rain,15,3.7,0.29,79
8,Rain,15,32.4,5.51,80
8,Rain,15,5.8,0.65,81
8,Rain,15,11.4,0.55,82
8,Rain,15,5.8,0.63,83
8,Rain,15,10.7,1.4,84
8,Rain,15,9.3,1.2,85
8,Rain,15,19.8,1.7,86
8,Rain,15,11.4,1.4,87
8,Rain,15,18.4,2.54,88
8,Rain,15,52.0,9.02,89
8,Rain,15,70.0,16.4,90
8,Rain,15,12.8,1.53,91
8,Rain,15,17.7,1.97,92
8,Rain,15,11.4,0.76,93
8,Rain,15,5.8,0.36,94
8,Rain,15,8.6,0.71,95
8,Rain,15,14.9,1.21,96
8,Rain,15,14.2,1.63,97
8,Rain,15,10.0,0.94,98
8,Rain,15,14.9,2.43,99
8,Rain,15,25.4,2.78,100
8,Rain,17,12.8,1.97,1
8,Rain,17,7.2,0.94,2
8,Rain,17,35.2,3.81,3
8,Rain,17,14.2,2.12,4
8,Rain,17,6.5,0.73,5
8,Rain,17,14.9,1.61,6
8,Rain,17,5.8,0.67,7
8,Rain,17,14.9,1.7,8
8,Rain,17,17.0,2.0,9
8,Rain,17,24.0,2.91,10
8,Rain,17,17.7,2.62,11
8,Rain,17,9.3,1.17,12
8,Rain,17,10.0,1.4,13
8,Rain,17,9.3,0.4,14
8,Rain,17,5.1,0.4,15
8,Rain,17,23.3,4.4,16
8,Rain,17,8.6,1.0,17
8,Rain,17,36.6,8.32,18
8,Rain,17,5.1,0.52,19
8,Rain,17,21.9,4.02,20
8,Rain,17,10.7,1.11,21
8,Rain,17,10.0,1.06,22
8,Rain,17,10.7,1.63,23
8,Rain,17,53.4,10.8,24
8,Rain,17,9.3,1.4,25
8,Rain,17,7.2,1.1,26
8,Rain,17,19.1,2.1,27
8,Rain,17,23.3,3.0,28
8,Rain,17,5.8,0.6,29
8,Rain,17,19.1,2.4,30
8,Rain,17,5.8,0.58,31
8,Rain,17,7.2,0.84,32
8,Rain,17,61.8,13.9,33
8,Rain,17,5.1,0.43,34
8,Rain,17,8.6,1.04,35
8,Rain,17,30.3,4.2,36
8,Rain,17,23.3,2.79,37
8,Rain,17,13.5,1.73,38
8,Rain,17,10.0,1.25,39
8,Rain,17,12.8,1.4,40
8,Rain,17,14.2,1.6,41
8,Rain,17,12.1,1.7,42
8,Rain,17,13.5,1.5,43
8,Rain,17,5.1,0.6,44
8,Rain,17,12.1,1.52,45
8,Rain,17,14.2,1.9,46
8,Rain,17,8.6,1.02,47
8,Rain,17,5.1,0.38,48
8,Rain,17,11.4,1.22,49
8,Rain,17,70.0,19.9,50
8,Rain,17,31.7,7.08,51
8,Rain,17,12.8,1.8,52
8,Rain,17,12.1,1.83,53
8,Rain,17,35.2,6.72,54
8,Rain,17,7.2,0.7,55
8,Rain,17,5.8,0.3,56
8,Rain,17,14.9,1.77,57
8,Rain,17,7.2,0.58,58
8,Rain,17,7.9,0.94,59
8,Rain,17,4.4,0.46,60
8,Rain,17,5.1,0.5,61
8,Rain,17,6.5,0.6,62
8,Rain,17,14.9,2.2,63
8,Rain,17,6.5,0.5,64
8,Rain,17,10.7,1.46,65
8,Rain,17,20.5,3.15,66
8,Rain,17,5.8,0.5,67
8,Rain,17,7.2,0.5,68
8,Rain,17,9.3,0.8,69
8,Rain,17,12.8,1.9,70
8,Rain,17,5.1,0.4,71
8,Rain,17,8.6,1.4,72
8,Rain,17,10.0,1.18,73
8,Rain,17,9.3,0.9,74
8,Rain,17,8.6,0.72,75
8,Rain,17,12.8,1.81,76
8,Rain,17,19.8,2.87,77
8,Rain,17,7.9,0.77,78
8,Rain,17,16.3,1.94,79
8,Rain,17,8.6,0.8,80
8,Rain,17,13.5,1.7,81
8,Rain,17,10.7,1.4,82
8,Rain,17,7.2,0.71,83
8,Rain,17,10.7,1.2,84
8,Rain,17,8.6,0.92,85
8,Rain,17,11.4,2.24,86
8,Rain,17,17.7,2.4,87
8,Rain,17,13.5,2.0,88
8,Rain,17,8.6,0.56,89
8,Rain,17,13.5,1.19,90
8,Rain,17,7.9,1.11,91
8,Rain,17,31.0,4.08,92
8,Rain,17,23.3,4.8,93
8,Rain,17,20.5,2.2,94
8,Rain,17,14.9,1.5,95
8,Rain,17,7.2,0.6,96
8,Rain,17,14.2,1.4,97
8,Rain,17,8.6,0.9,98
8,Rain,17,8.6,1.1,99
8,Rain,17,13.5,2.0,100
8,Rain,18,7.2,0.77,1
8,Rain,18,12.8,1.56,2
8,Rain,18,12.1,1.58,3
8,Rain,18,25.4,3.56,4
8,Rain,18,6.5,0.5,5
8,Rain,18,70.0,17.0,6
8,Rain,18,7.9,0.6,7
8,Rain,18,29.6,5.0,8
8,Rain,18,7.9,0.67,9
8,Rain,18,15.6,2.4,10
8,Rain,18,12.1,1.4,11
8,Rain,18,8.6,0.9,12
8,Rain,18,14.9,2.5,13
8,Rain,18,9.3,1.18,14
8,Rain,18,8.6,1.07,15
8,Rain,18,13.5,1.84,16
8,Rain,18,15.6,2.3,17
8,Rain,18,36.6,7.9,18
8,Rain,18,9.3,0.9,19
8,Rain,18,5.1,0.5,20
8,Rain,18,21.2,3.6,21
8,Rain,18,9.3,0.85,22
8,Rain,18,8.6,1.17,23
8,Rain,18,12.8,1.55,24
8,Rain,18,6.5,0.4,25
8,Rain,18,11.4,1.5,26
8,Rain,18,18.4,3.6,27
8,Rain,18,24.0,3.59,28
8,Rain,18,19.1,2.55,29
8,Rain,18,23.3,2.58,30
8,Rain,18,10.0,1.26,31
8,Rain,18,10.0,1.0,32
8,Rain,18,14.2,1.9,33
8,Rain,18,14.2,1.98,34
8,Rain,18,7.2,0.53,35
8,Rain,18,7.9,0.8,36
8,Rain,18,21.9,3.2,37
8,Rain,18,6.5,0.75,38
8,Rain,18,12.8,1.52,39
8,Rain,18,6.5,0.79,40
8,Rain,18,12.8,1.35,41
8,Rain,18,31.0,6.0,42
8,Rain,18,5.1,0.4,43
8,Rain,18,16.3,1.67,44
8,Rain,18,11.4,1.8,45
8,Rain,18,24.0,3.33,46
8,Rain,18,21.2,3.03,47
8,Rain,18,10.7,1.5,48
8,Rain,18,6.5,0.9,49
8,Rain,18,7.9,1.1,50
8,Rain,18,6.5,0.9,51
8,Rain,18,12.8,1.8,52
8,Rain,18,22.6,4.13,53
8,Rain,18,10.7,1.08,54
8,Rain,18,19.8,2.72,55
8,Rain,18,44.3,9.67,56
8,Rain,18,4.4,0.37,57
8,Rain,18,20.5,4.49,58
8,Rain,18,6.5,0.43,59
8,Rain,18,28.9,6.19,60
8,Rain,18,21.9,3.8,61
8,Rain,18,15.6,2.7,62
8,Rain,18,7.9,1.04,63
8,Rain,18,5.1,0.62,64
8,Rain,18,7.2,0.7,65
8,Rain,18,19.8,2.7,66
8,Rain,18,12.8,1.25,67
8,Rain,18,12.8,1.63,68
8,Rain,18,10.7,1.87,69
8,Rain,18,5.1,0.59,70
8,Rain,18,3.7,0.04,71
8,Rain,18,51.3,10.45,72
8,Rain,18,12.8,1.5,73
8,Rain,18,12.8,1.9,74
8,Rain,18,10.7,1.1,75
8,Rain,18,24.7,3.1,76
8,Rain,18,12.8,1.9,77
8,Rain,18,17.0,2.66,78
8,Rain,18,22.6,4.5,79
8,Rain,18,31.7,6.8,80
8,Rain,18,14.2,1.71,81
8,Rain,18,6.5,0.57,82
8,Rain,18,19.8,4.14,83
8,Rain,18,70.0,17.3,84
8,Rain,18,33.1,8.36,85
8,Rain,18,13.5,2.35,86
8,Rain,18,12.8,1.43,87
8,Rain,18,10.7,1.41,88
8,Rain,18,17.0,2.59,89
8,Rain,18,11.4,1.76,90
8,Rain,18,5.8,0.55,91
8,Rain,18,10.7,1.42,92
8,Rain,18,7.9,0.74,93
8,Rain,18,7.9,0.99,94
8,Rain,18,7.9,1.0,95
8,Rain,18,7.2,0.8,96
8,Rain,18,14.2,2.3,97
8,Rain,18,12.1,1.8,98
8,Rain,18,12.1,1.86,99
8,Rain,18,19.8,2.56,100
8,Rain,21,7.9,0.79,1
8,Rain,21,16.3,1.68,2
8,Rain,21,14.9,2.26,3
8,Rain,21,39.4,9.8,4
8,Rain,21,7.9,1.21,5
8,Rain,21,7.9,0.61,6
8,Rain,21,24.0,4.93,7
8,Rain,21,7.9,0.63,8
8,Rain,21,10.0,0.94,9
8,Rain,21,18.4,3.46,10
8,Rain,21,9.3,0.94,11
8,Rain,21,49.2,11.5,12
8,Rain,21,45.0,10.62,13
8,Rain,21,8.6,1.0,14
8,Rain,21,11.4,1.1,15
8,Rain,21,7.9,1.06,16
8,Rain,21,9.3,1.29,17
8,Rain,21,6.5,0.62,18
8,Rain,21,20.5,2.43,19
8,Rain,21,16.3,2.6,20
8,Rain,21,7.9,1.02,21
8,Rain,21,21.9,3.0,22
8,Rain,21,8.6,0.83,23
8,Rain,21,13.5,2.4,24
8,Rain,21,13.5,2.23,25
8,Rain,21,11.4,2.18,26
8,Rain,21,9.3,1.3,27
8,Rain,21,19.8,3.32,28
8,Rain,21,9.3,0.79,29
8,Rain,21,7.9,0.5,30
8,Rain,21,7.2,1.04,31
8,Rain,21,12.8,2.02,32
8,Rain,21,12.1,1.41,33
8,Rain,21,26.8,5.0,34
8,Rain,21,19.8,2.7,35
8,Rain,21,13.5,1.4,36
8,Rain,21,6.5,0.65,37
8,Rain,21,11.4,1.72,38
8,Rain,21,26.8,5.6,39
8,Rain,21,6.5,0.76,40
8,Rain,21,9.3,1.54,41
8,Rain,21,13.5,1.2,42
8,Rain,21,52.0,11.8,43
8,Rain,21,14.2,2.7,44
8,Rain,21,12.1,1.9,45
8,Rain,21,19.8,3.94,46
8,Rain,21,14.2,2.24,47
8,Rain,21,12.8,1.9,48
8,Rain,21,10.0,1.36,49
8,Rain,21,10.7,0.96,50
8,Rain,21,19.8,2.78,51
8,Rain,21,5.8,0.68,52
8,Rain,21,9.3,1.16,53
8,Rain,21,23.3,5.01,54
8,Rain,21,34.5,8.3,55
8,Rain,21,13.5,1.64,56
8,Rain,21,54.8,13.65,57
8,Rain,21,13.5,1.8,58
8,Rain,21,52.7,13.69,59
8,Rain,21,12.8,0.8,60
8,Rain,21,13.5,2.0,61
8,Rain,21,17.7,2.1,62
8,Rain,21,7.2,0.81,63
8,Rain,21,63.9,16.94,64
8,Rain,21,10.0,1.4,65
8,Rain,21,10.0,1.38,66
8,Rain,21,8.6,1.09,67
8,Rain,21,7.2,0.66,68
8,Rain,21,7.2,0.77,69
8,Rain,21,34.5,8.0,70
8,Rain,21,5.1,0.5,71
8,Rain,21,15.6,1.4,72
8,Rain,21,70.0,18.33,73
8,Rain,21,24.0,4.9,74
8,Rain,21,25.4,3.95,75
8,Rain,21,7.9,0.98,76
8,Rain,21,12.8,2.08,77
8,Rain,21,7.2,1.0,78
8,Rain,21,12.1,1.99,79
8,Rain,21,10.0,0.89,80
8,Rain,21,11.4,0.91,81
8,Rain,21,28.2,3.93,82
8,Rain,21,10.7,1.45,83
8,Rain,21,5.8,0.56,84
8,Rain,21,12.1,1.21,85
8,Rain,21,20.5,2.43,86
8,Rain,21,4.4,0.45,87
8,Rain,21,12.8,1.88,88
8,Rain,21,3.7,0.3,89
8,Rain,21,11.4,1.5,90
8,Rain,21,24.7,2.67,91
8,Rain,21,14.9,1.85,92
8,Rain,21,7.2,0.54,93
8,Rain,21,14.2,2.5,94
8,Rain,21,15.6,3.3,95
8,Rain,21,55.5,13.76,96
8,Rain,21,27.5,5.01,97
8,Rain,21,14.9,2.07,98
8,Rain,21,15.6,1.95,99
8,Rain,21,38.0,6.17,100
8,Rain,16,10.0,1.93,1
8,Rain,16,8.6,1.3,2
8,Rain,16,8.6,0.82,3
8,Rain,16,21.9,3.66,4
8,Rain,16,5.8,0.7,5
8,Rain,16,18.4,3.2,6
8,Rain,16,7.2,1.2,7
8,Rain,16,20.5,4.5,8
8,Rain,16,7.2,1.2,9
8,Rain,16,24.0,4.22,10
8,Rain,16,78.6,18.2,11
8,Rain,16,9.3,1.1,12
8,Rain,16,15.6,3.2,13
8,Rain,16,15.6,2.7,14
8,Rain,16,9.3,1.02,15
8,Rain,16,8.6,1.3,16
8,Rain,16,7.2,1.0,17
8,Rain,16,4.4,0.3,18
8,Rain,16,17.0,3.0,19
8,Rain,16,10.0,1.1,20
8,Rain,16,22.6,3.27,21
8,Rain,16,15.6,2.35,22
8,Rain,16,5.1,0.54,23
8,Rain,16,6.5,0.64,24
8,Rain,16,12.1,1.66,25
8,Rain,16,13.5,1.09,26
8,Rain,16,27.5,4.34,27
8,Rain,16,8.6,0.98,28
8,Rain,16,17.0,2.75,29
8,Rain,16,6.5,0.78,30
8,Rain,16,10.7,1.55,31
8,Rain,16,10.7,1.62,32
8,Rain,16,12.1,2.12,33
8,Rain,16,10.0,1.33,34
8,Rain,16,6.5,0.63,35
8,Rain,16,8.6,1.6,36
8,Rain,16,6.5,0.6,37
8,Rain,16,5.1,0.28,38
8,Rain,16,5.1,0.4,39
8,Rain,16,14.9,2.5,40
8,Rain,16,14.9,2.5,41
8,Rain,16,15.6,2.59,42
8,Rain,16,19.1,4.1,43
8,Rain,16,12.8,2.33,44
8,Rain,16,8.6,1.3,45
8,Rain,16,6.5,0.7,46
8,Rain,16,14.2,2.7,47
8,Rain,16,14.9,2.11,48
8,Rain,16,9.3,1.34,49
8,Rain,16,30.3,6.4,50
8,Rain,16,14.9,2.0,51
8,Rain,16,10.7,1.51,52
8,Rain,16,15.6,2.75,53
8,Rain,16,5.8,0.43,54
8,Rain,16,14.2,2.42,55
8,Rain,16,20.5,3.3,56
8,Rain,16,7.9,1.16,57
8,Rain,16,21.9,4.2,58
8,Rain,16,7.2,0.77,59
8,Rain,16,70.0,18.48,60
8,Rain,16,12.8,2.3,61
8,Rain,16,14.2,2.2,62
8,Rain,16,14.9,2.18,63
8,Rain,16,22.6,5.18,64
8,Rain,16,22.6,4.44,65
8,Rain,16,5.1,0.57,66
8,Rain,16,26.8,4.68,67
8,Rain,16,15.6,1.75,68
8,Rain,16,10.7,1.44,69
8,Rain,16,14.2,2.46,70
8,Rain,16,8.6,1.3,71
8,Rain,16,12.8,2.34,72
8,Rain,16,12.8,2.33,73
8,Rain,16,26.1,4.1,74
8,Rain,16,17.0,2.66,75
8,Rain,16,8.6,0.98,76
8,Rain,16,5.1,0.5,77
8,Rain,16,5.1,0.53,78
8,Rain,16,12.1,1.62,79
8,Rain,16,25.4,4.62,80
8,Rain,16,4.4,0.43,81
8,Rain,16,5.1,0.7,82
8,Rain,16,16.3,1.76,83
8,Rain,16,11.4,1.41,84
8,Rain,16,7.9,0.9,85
8,Rain,16,14.2,2.3,86
8,Rain,16,12.1,2.1,87
8,Rain,16,5.1,0.47,88
8,Rain,16,7.2,0.9,89
8,Rain,16,21.9,5.3,90
8,Rain,16,6.5,0.7,91
8,Rain,16,70.0,17.2,92
8,Rain,16,15.6,3.1,93
8,Rain,16,13.5,1.8,94
8,Rain,16,13.5,2.43,95
8,Rain,16,12.1,1.8,96
8,Rain,16,7.9,0.96,97
8,Rain,16,70.0,18.25,98
8,Rain,16,7.2,0.8,99
8,Rain,16,13.5,1.9,100
15,Snowfall,21,8.6,1.28,1
15,Snowfall,21,11.4,1.5,2
15,Snowfall,21,16.3,2.58,3
15,Snowfall,21,3.7,0.07,4
15,Snowfall,21,11.4,1.33,5
15,Snowfall,21,14.2,1.92,6
15,Snowfall,21,7.9,1.54,7
15,Snowfall,21,9.3,1.75,8
15,Snowfall,21,20.5,4.26,9
15,Snowfall,21,12.1,1.9,10
15,Snowfall,21,18.4,3.2,11
15,Snowfall,21,5.1,0.54,12
15,Snowfall,21,9.3,1.53,13
15,Snowfall,21,13.5,2.42,14
15,Snowfall,21,7.2,0.69,15
15,Snowfall,21,6.5,0.7,16
15,Snowfall,21,10.0,1.09,17
15,Snowfall,21,28.9,4.68,18
15,Snowfall,21,12.1,1.9,19
15,Snowfall,21,10.7,1.18,20
15,Snowfall,21,5.1,0.5,21
15,Snowfall,21,6.5,1.0,22
15,Snowfall,21,9.3,1.23,23
15,Snowfall,21,10.0,1.7,24
15,Snowfall,21,5.8,0.8,25
15,Snowfall,21,10.0,1.7,26
15,Snowfall,21,7.2,0.78,27
15,Snowfall,21,70.0,17.91,28
15,Snowfall,21,14.2,2.2,29
15,Snowfall,21,11.4,1.58,30
15,Snowfall,21,12.1,2.1,31
15,Snowfall,21,6.5,0.73,32
15,Snowfall,21,7.2,0.98,33
15,Snowfall,21,10.7,2.03,34
15,Snowfall,21,32.5,7.3,35
15,Snowfall,21,7.9,1.26,36
15,Snowfall,21,14.2,2.7,37
15,Snowfall,21,12.1,2.41,38
15,Snowfall,21,17.0,3.51,39
15,Snowfall,21,19.1,3.23,40
15,Snowfall,21,6.5,0.5,41
15,Snowfall,21,10.7,1.23,42
15,Snowfall,21,7.9,0.79,43
15,Snowfall,21,15.6,2.5,44
15,Snowfall,21,6.5,0.62,45
15,Snowfall,21,20.0,0.02,46
15,Snowfall,21,23.3,4.19,47
15,Snowfall,21,7.2,0.85,48
15,Snowfall,21,33.1,6.25,49
15,Snowfall,21,5.1,0.49,50
15,Snowfall,21,15.6,2.97,51
15,Snowfall,21,113.6,20.69,52
15,Snowfall,21,10.7,1.23,53
15,Snowfall,21,28.2,5.07,54
15,Snowfall,21,14.2,2.06,55
15,Snowfall,21,14.2,2.96,56
15,Snowfall,21,70.0,18.06,57
15,Snowfall,21,12.8,2.1,58
15,Snowfall,21,8.6,1.15,59
15,Snowfall,21,7.9,1.2,60
15,Snowfall,21,6.5,0.7,61
15,Snowfall,21,11.4,1.6,62
15,Snowfall,21,40.8,9.92,63
15,Snowfall,21,12.8,2.5,64
15,Snowfall,21,5.8,0.68,65
15,Snowfall,21,9.3,1.43,66
15,Snowfall,21,13.5,2.0,67
15,Snowfall,21,24.7,5.54,68
15,Snowfall,21,22.6,4.7,69
15,Snowfall,21,47.1,6.9,70
15,Snowfall,21,14.2,1.99,71
15,Snowfall,21,6.5,0.81,72
15,Snowfall,21,5.8,0.57,73
15,Snowfall,21,13.5,1.98,74
15,Snowfall,21,7.2,0.98,75
15,Snowfall,21,19.1,3.78,76
15,Snowfall,21,21.2,3.85,77
15,Snowfall,21,13.5,2.26,78
15,Snowfall,21,17.0,3.13,79
15,Snowfall,21,7.2,0.8,80
15,Snowfall,21,8.6,1.1,81
15,Snowfall,21,16.3,2.6,82
15,Snowfall,21,5.8,0.83,83
15,Snowfall,21,27.5,6.17,84
15,Snowfall,21,43.6,9.98,85
15,Snowfall,21,40.1,7.72,86
15,Snowfall,21,5.8,0.7,87
15,Snowfall,21,15.6,3.02,88
15,Snowfall,21,11.4,1.75,89
15,Snowfall,21,7.2,1.1,90
15,Snowfall,21,5.1,0.5,91
15,Snowfall,21,10.7,1.56,92
15,Snowfall,21,4.4,0.31,93
15,Snowfall,21,6.5,0.6,94
15,Snowfall,21,36.6,7.53,95
15,Snowfall,21,5.1,0.4,96
15,Snowfall,21,12.1,2.3,97
15,Snowfall,21,5.1,0.53,98
15,Snowfall,21,7.9,1.08,99
15,Snowfall,21,10.0,1.47,100
15,Snowfall,23,5.1,0.45,1
15,Snowfall,23,6.5,0.73,2
15,Snowfall,23,12.8,1.9,3
15,Snowfall,23,6.5,0.77,4
15,Snowfall,23,14.2,1.17,5
15,Snowfall,23,18.4,3.03,6
15,Snowfall,23,19.1,3.77,7
15,Snowfall,23,26.8,6.23,8
15,Snowfall,23,14.2,3.14,9
15,Snowfall,23,10.7,2.14,10
15,Snowfall,23,10.7,2.08,11
15,Snowfall,23,7.9,1.52,12
15,Snowfall,23,19.8,4.2,13
15,Snowfall,23,14.9,1.85,14
15,Snowfall,23,13.5,1.76,15
15,Snowfall,23,15.6,1.95,16
15,Snowfall,23,19.1,3.25,17
15,Snowfall,23,10.0,1.5,18
15,Snowfall,23,10.0,1.58,19
15,Snowfall,23,7.2,0.81,20
15,Snowfall,23,9.3,0.92,21
15,Snowfall,23,8.6,0.96,22
15,Snowfall,23,18.4,3.06,23
15,Snowfall,23,70.0,0.03,24
15,Snowfall,23,80.0,12.88,25
15,Snowfall,23,16.3,2.98,26
15,Snowfall,23,5.8,0.39,27
15,Snowfall,23,12.1,1.73,28
15,Snowfall,23,15.79,3.48,29
15,Snowfall,23,8.6,1.4,30
15,Snowfall,23,12.8,2.26,31
15,Snowfall,23,7.9,0.73,32
15,Snowfall,23,70.0,0.02,33
15,Snowfall,23,5.1,0.46,34
15,Snowfall,23,6.5,0.93,35
15,Snowfall,23,16.3,3.14,36
15,Snowfall,23,14.9,2.2,37
15,Snowfall,23,10.0,1.86,38
15,Snowfall,23,8.6,0.96,39
15,Snowfall,23,7.9,1.2,40
15,Snowfall,23,28.01,8.67,41
15,Snowfall,23,7.9,1.06,42
15,Snowfall,23,12.1,2.63,43
15,Snowfall,23,17.7,3.27,44
15,Snowfall,23,7.2,0.78,45
15,Snowfall,23,17.7,3.0,46
15,Snowfall,23,12.8,1.86,47
15,Snowfall,23,23.3,4.62,48
15,Snowfall,23,19.1,3.8,49
15,Snowfall,23,7.2,0.81,50
15,Snowfall,23,66.0,14.14,51
15,Snowfall,23,11.4,1.74,52
15,Snowfall,23,28.9,5.8,53
15,Snowfall,23,13.5,2.36,54
15,Snowfall,23,11.4,1.96,55
15,Snowfall,23,7.9,0.8,56
15,Snowfall,23,5.8,0.74,57
15,Snowfall,23,70.0,3.21,58
15,Snowfall,23,12.8,1.88,59
15,Snowfall,23,210.0,25.36,60
15,Snowfall,23,9.3,1.36,61
15,Snowfall,23,13.5,2.8,62
15,Snowfall,23,7.9,1.4,63
15,Snowfall,23,24.7,4.83,64
15,Snowfall,23,28.9,6.0,65
15,Snowfall,23,38.0,7.9,66
15,Snowfall,23,6.5,0.61,67
15,Snowfall,23,8.6,0.96,68
15,Snowfall,23,5.8,0.62,69
15,Snowfall,23,18.4,3.53,70
15,Snowfall,23,9.3,1.36,71
15,Snowfall,23,5.8,0.53,72
15,Snowfall,23,7.2,0.75,73
15,Snowfall,23,15.6,2.93,74
15,Snowfall,23,26.5,4.4,75
15,Snowfall,23,8.6,1.26,76
15,Snowfall,23,11.4,2.19,77
15,Snowfall,23,12.1,2.3,78
15,Snowfall,23,13.5,2.4,79
15,Snowfall,23,5.1,0.55,80
15,Snowfall,23,42.9,10.64,81
15,Snowfall,23,7.2,0.35,82
15,Snowfall,23,11.4,1.81,83
15,Snowfall,23,150.7,25.03,84
15,Snowfall,23,12.1,1.28,85
15,Snowfall,23,21.9,2.03,86
15,Snowfall,23,7.2,1.14,87
15,Snowfall,23,14.2,2.53,88
15,Snowfall,23,21.9,4.08,89
15,Snowfall,23,10.0,1.29,90
15,Snowfall,23,49.5,17.1,91
15,Snowfall,23,41.5,7.24,92
15,Snowfall,23,7.9,1.37,93
15,Snowfall,23,10.0,1.75,94
15,Snowfall,23,50.0,8.27,95
15,Snowfall,23,8.6,0.74,96
15,Snowfall,23,17.7,2.99,97
15,Snowfall,23,27.5,5.34,98
15,Snowfall,23,24.0,5.4,99
15,Snowfall,23,10.0,1.86,100
15,Snowfall,1,6.5,0.77,1
15,Snowfall,1,14.2,2.64,2
15,Snowfall,1,21.9,5.0,3
15,Snowfall,1,31.7,7.34,4
15,Snowfall,1,17.0,2.72,5
15,Snowfall,1,8.6,1.35,6
15,Snowfall,1,5.8,0.82,7
15,Snowfall,1,7.9,1.12,8
15,Snowfall,1,5.1,0.54,9
15,Snowfall,1,22.6,3.9,10
15,Snowfall,1,27.5,5.72,11
15,Snowfall,1,19.8,3.72,12
15,Snowfall,1,5.8,0.89,13
15,Snowfall,1,24.0,4.89,14
15,Snowfall,1,31.0,7.39,15
15,Snowfall,1,14.9,2.8,16
15,Snowfall,1,10.0,1.22,17
15,Snowfall,1,14.2,2.1,18
15,Snowfall,1,6.5,0.7,19
15,Snowfall,1,7.2,1.05,20
15,Snowfall,1,4.4,0.17,21
15,Snowfall,1,6.5,0.74,22
15,Snowfall,1,8.6,1.42,23
15,Snowfall,1,14.2,1.91,24
15,Snowfall,1,7.9,0.83,25
15,Snowfall,1,25.4,5.9,26
15,Snowfall,1,3.0,0.16,27
15,Snowfall,1,14.2,2.33,28
15,Snowfall,1,75.0,17.7,29
15,Snowfall,1,10.7,1.48,30
15,Snowfall,1,5.1,0.65,31
15,Snowfall,1,9.3,1.43,32
15,Snowfall,1,48.5,14.5,33
15,Snowfall,1,30.3,6.36,34
15,Snowfall,1,21.9,4.9,35
15,Snowfall,1,19.1,3.49,36
15,Snowfall,1,46.5,12.8,37
15,Snowfall,1,5.8,0.68,38
15,Snowfall,1,25.4,4.42,39
15,Snowfall,1,15.6,2.18,40
15,Snowfall,1,5.8,0.61,41
15,Snowfall,1,8.6,0.98,42
15,Snowfall,1,6.5,0.73,43
15,Snowfall,1,11.4,1.29,44
15,Snowfall,1,17.7,2.86,45
15,Snowfall,1,7.9,1.0,46
15,Snowfall,1,39.4,8.86,47
15,Snowfall,1,44.3,7.08,48
15,Snowfall,1,9.3,1.44,49
15,Snowfall,1,7.9,1.07,50
15,Snowfall,1,10.7,1.27,51
15,Snowfall,10,8.6,1.15,1
15,Snowfall,10,9.3,1.6,2
15,Snowfall,10,4.4,0.2,3
15,Snowfall,10,5.8,0.5,4
15,Snowfall,10,13.5,1.9,5
15,Snowfall,10,10.7,1.17,6
15,Snowfall,10,6.5,0.5,7
15,Snowfall,10,12.1,1.74,8
15,Snowfall,10,7.2,0.84,9
15,Snowfall,10,31.7,4.54,10
15,Snowfall,10,7.9,1.12,11
15,Snowfall,10,7.9,1.08,12
15,Snowfall,10,7.2,1.2,13
15,Snowfall,10,5.8,0.49,14
15,Snowfall,10,7.9,1.19,15
15,Snowfall,10,6.5,0.87,16
15,Snowfall,10,11.4,1.58,17
15,Snowfall,10,20.5,4.72,18
15,Snowfall,10,10.0,1.61,19
15,Snowfall,10,6.5,0.78,20
15,Snowfall,10,4.4,0.42,21
15,Snowfall,10,10.7,0.9,22
15,Snowfall,10,9.3,1.34,23
15,Snowfall,10,6.5,0.5,24
15,Snowfall,10,7.9,1.0,25
15,Snowfall,10,7.9,1.01,26
15,Snowfall,10,21.2,2.35,27
15,Snowfall,10,4.4,0.38,28
15,Snowfall,10,12.8,1.83,29
15,Snowfall,10,10.0,0.94,30
15,Snowfall,10,6.5,0.72,31
15,Snowfall,10,11.4,1.26,32
15,Snowfall,10,6.5,0.79,33
15,Snowfall,10,10.0,1.2,34
15,Snowfall,10,7.2,0.8,35
15,Snowfall,10,10.13,1.72,36
15,Snowfall,10,18.59,2.63,37
15,Snowfall,10,15.6,2.19,38
15,Snowfall,10,14.9,2.13,39
15,Snowfall,10,5.8,0.39,40
15,Snowfall,10,5.8,0.42,41
15,Snowfall,10,12.8,2.32,42
15,Snowfall,10,8.88,0.68,43
15,Snowfall,10,21.9,3.64,44
15,Snowfall,10,5.8,0.6,45
15,Snowfall,10,15.6,2.96,46
15,Snowfall,10,7.2,0.89,47
15,Snowfall,10,5.1,0.6,48
15,Snowfall,10,5.8,0.7,49
15,Snowfall,10,4.4,0.31,50
15,Snowfall,10,12.1,1.36,51
15,Snowfall,10,12.1,1.71,52
15,Snowfall,10,8.6,1.13,53
15,Snowfall,10,7.2,0.9,54
15,Snowfall,10,8.6,1.25,55
15,Snowfall,10,14.2,2.14,56
15,Snowfall,10,7.9,1.13,57
15,Snowfall,10,10.0,0.95,58
15,Snowfall,10,6.5,0.7,59
15,Snowfall,10,14.2,2.62,60
15,Snowfall,10,6.5,0.95,61
15,Snowfall,10,12.1,2.14,62
15,Snowfall,10,5.8,0.87,63
15,Snowfall,10,7.2,0.93,64
15,Snowfall,10,11.4,1.52,65
15,Snowfall,10,9.3,1.64,66
15,Snowfall,10,9.3,1.7,67
15,Snowfall,10,10.7,1.3,68
15,Snowfall,10,48.0,0.05,69
15,Snowfall,10,11.4,1.9,70
15,Snowfall,10,5.1,0.34,71
15,Snowfall,10,14.2,1.94,72
15,Snowfall,10,6.5,0.84,73
15,Snowfall,10,4.4,0.35,74
15,Snowfall,10,13.5,2.27,75
15,Snowfall,10,8.6,1.26,76
15,Snowfall,10,84.2,0.98,77
15,Snowfall,10,5.8,0.76,78
15,Snowfall,10,7.2,1.22,79
15,Snowfall,10,21.9,4.38,80
15,Snowfall,10,10.7,1.14,81
15,Snowfall,10,12.1,1.51,82
15,Snowfall,10,8.6,1.2,83
15,Snowfall,10,7.2,0.78,84
15,Snowfall,10,9.3,1.34,85
15,Snowfall,10,18.4,3.37,86
15,Snowfall,10,7.2,0.8,87
15,Snowfall,10,9.3,1.14,88
15,Snowfall,10,9.3,1.02,89
15,Snowfall,10,10.7,1.26,90
15,Snowfall,10,10.0,1.62,91
15,Snowfall,10,59.7,14.68,92
15,Snowfall,10,10.7,1.68,93
15,Snowfall,10,7.2,0.7,94
15,Snowfall,10,14.2,2.82,95
15,Snowfall,10,20.0,0.38,96
15,Snowfall,10,6.5,0.61,97
15,Snowfall,10,17.0,2.61,98
15,Snowfall,10,17.0,2.62,99
15,Snowfall,10,70.0,0.05,100
15,Snowfall,11,11.4,1.94,1
15,Snowfall,11,8.6,0.95,2
15,Snowfall,11,7.2,0.91,3
15,Snowfall,11,16.3,2.94,4
15,Snowfall,11,7.9,1.0,5
15,Snowfall,11,17.0,2.78,6
15,Snowfall,11,6.5,0.55,7
15,Snowfall,11,5.1,0.69,8
15,Snowfall,11,9.3,1.35,9
15,Snowfall,11,5.8,0.59,10
15,Snowfall,11,70.0,17.0,11
15,Snowfall,11,4.4,0.08,12
15,Snowfall,11,28.9,2.83,13
15,Snowfall,11,6.5,0.64,14
15,Snowfall,11,19.1,3.1,15
15,Snowfall,11,14.2,2.7,16
15,Snowfall,11,12.1,1.42,17
15,Snowfall,11,5.8,0.7,18
15,Snowfall,11,7.2,0.69,19
15,Snowfall,11,6.5,0.87,20
15,Snowfall,11,5.8,0.75,21
15,Snowfall,11,9.3,1.34,22
15,Snowfall,11,10.0,1.16,23
15,Snowfall,11,8.6,1.12,24
15,Snowfall,11,5.8,0.98,25
15,Snowfall,11,13.5,1.9,26
15,Snowfall,11,50.6,9.0,27
15,Snowfall,11,6.5,0.8,28
15,Snowfall,11,7.2,0.6,29
15,Snowfall,11,19.8,4.05,30
15,Snowfall,11,17.7,3.45,31
15,Snowfall,11,7.2,0.72,32
15,Snowfall,11,14.9,2.81,33
15,Snowfall,11,5.8,0.56,34
15,Snowfall,11,7.9,0.56,35
15,Snowfall,11,5.1,0.41,36
15,Snowfall,11,6.5,0.63,37
15,Snowfall,11,7.2,1.15,38
15,Snowfall,11,5.8,0.54,39
15,Snowfall,11,18.4,3.34,40
15,Snowfall,11,21.9,4.76,41
15,Snowfall,11,9.3,1.32,42
15,Snowfall,11,13.5,2.17,43
15,Snowfall,11,5.1,0.46,44
15,Snowfall,11,5.8,0.61,45
15,Snowfall,11,12.1,1.51,46
15,Snowfall,11,29.6,6.45,47
15,Snowfall,11,16.3,3.15,48
15,Snowfall,11,14.9,2.3,49
15,Snowfall,11,10.0,1.3,50
15,Snowfall,11,15.6,2.1,51
15,Snowfall,11,7.2,0.9,52
15,Snowfall,11,9.3,1.24,53
15,Snowfall,11,5.8,0.76,54
15,Snowfall,11,10.0,1.11,55
15,Snowfall,11,5.8,0.5,56
15,Snowfall,11,13.5,1.84,57
15,Snowfall,11,12.1,2.63,58
15,Snowfall,11,5.1,0.71,59
15,Snowfall,11,10.7,1.53,60
15,Snowfall,11,10.7,1.73,61
15,Snowfall,11,5.8,0.67,62
15,Snowfall,11,5.8,0.58,63
15,Snowfall,11,7.9,0.87,64
15,Snowfall,11,9.3,1.42,65
15,Snowfall,11,7.9,1.18,66
15,Snowfall,11,15.6,2.27,67
15,Snowfall,11,10.0,1.1,68
15,Snowfall,11,4.4,0.4,69
15,Snowfall,11,7.9,0.9,70
15,Snowfall,11,11.4,1.6,71
15,Snowfall,11,11.4,1.74,72
15,Snowfall,11,6.5,0.74,73
15,Snowfall,11,13.5,2.3,74
15,Snowfall,11,7.9,0.98,75
15,Snowfall,11,6.5,0.83,76
15,Snowfall,11,7.2,1.26,77
15,Snowfall,11,10.0,1.43,78
15,Snowfall,11,5.8,0.9,79
15,Snowfall,11,10.0,1.24,80
15,Snowfall,11,13.5,2.21,81
15,Snowfall,11,12.1,1.55,82
15,Snowfall,11,7.2,0.73,83
15,Snowfall,11,12.1,1.46,84
15,Snowfall,11,26.8,5.48,85
15,Snowfall,11,17.7,3.07,86
15,Snowfall,11,13.5,2.4,87
15,Snowfall,11,15.6,2.26,88
15,Snowfall,11,7.9,0.84,89
15,Snowfall,11,10.7,1.28,90
15,Snowfall,11,7.2,0.77,91
15,Snowfall,11,10.0,1.4,92
15,Snowfall,11,7.2,0.87,93
15,Snowfall,11,24.0,4.45,94
15,Snowfall,11,21.9,4.09,95
15,Snowfall,11,4.4,0.37,96
15,Snowfall,11,12.8,2.08,97
15,Snowfall,11,31.0,6.1,98
15,Snowfall,11,14.9,2.38,99
15,Snowfall,11,7.2,1.12,100
15,Snowfall,15,101.0,21.5,1
15,Snowfall,15,12.8,2.0,2
15,Snowfall,15,5.1,0.71,3
15,Snowfall,15,9.3,1.58,4
15,Snowfall,15,6.5,0.7,5
15,Snowfall,15,5.8,0.63,6
15,Snowfall,15,28.2,6.18,7
15,Snowfall,15,5.1,0.52,8
15,Snowfall,15,13.5,2.3,9
15,Snowfall,15,7.2,1.1,10
15,Snowfall,15,10.0,1.74,11
15,Snowfall,15,7.9,1.03,12
15,Snowfall,15,20.83,6.25,13
15,Snowfall,15,13.5,2.4,14
15,Snowfall,15,8.6,1.41,15
15,Snowfall,15,5.1,0.38,16
15,Snowfall,15,9.3,1.62,17
15,Snowfall,15,5.1,0.5,18
15,Snowfall,15,7.9,0.95,19
15,Snowfall,15,21.2,4.13,20
15,Snowfall,15,8.6,1.35,21
15,Snowfall,15,7.2,0.74,22
15,Snowfall,15,22.6,4.1,23
15,Snowfall,15,7.2,1.05,24
15,Snowfall,15,5.1,0.39,25
15,Snowfall,15,6.5,0.7,26
15,Snowfall,15,7.9,1.3,27
15,Snowfall,15,15.6,2.9,28
15,Snowfall,15,15.6,2.49,29
15,Snowfall,15,7.2,1.08,30
15,Snowfall,15,6.5,0.58,31
15,Snowfall,15,6.5,0.65,32
15,Snowfall,15,7.2,0.88,33
15,Snowfall,15,9.3,1.33,34
15,Snowfall,15,9.3,1.39,35
15,Snowfall,15,5.8,0.73,36
15,Snowfall,15,13.5,1.9,37
15,Snowfall,15,10.0,1.01,38
15,Snowfall,15,20.5,1.33,39
15,Snowfall,15,7.9,1.1,40
15,Snowfall,15,9.3,0.9,41
15,Snowfall,15,4.4,0.3,42
15,Snowfall,15,6.5,0.8,43
15,Snowfall,15,10.0,1.5,44
15,Snowfall,15,6.5,1.06,45
15,Snowfall,15,10.7,1.5,46
15,Snowfall,15,6.5,0.77,47
15,Snowfall,15,25.14,4.62,48
15,Snowfall,15,14.9,1.96,49
15,Snowfall,15,8.6,1.39,50
15,Snowfall,15,7.2,0.93,51
15,Snowfall,15,10.7,1.39,52
15,Snowfall,15,5.1,0.63,53
15,Snowfall,15,7.9,1.05,54
15,Snowfall,15,9.3,1.6,55
15,Snowfall,15,5.1,0.66,56
15,Snowfall,15,7.9,0.7,57
15,Snowfall,15,10.0,1.26,58
15,Snowfall,15,11.4,1.7,59
15,Snowfall,15,7.2,0.81,60
15,Snowfall,15,15.6,2.19,61
15,Snowfall,15,6.5,0.76,62
15,Snowfall,15,10.0,1.81,63
15,Snowfall,15,13.5,2.5,64
15,Snowfall,15,4.4,0.25,65
15,Snowfall,15,17.0,3.35,66
15,Snowfall,15,9.3,1.52,67
15,Snowfall,15,8.6,1.31,68
15,Snowfall,15,7.9,1.45,69
15,Snowfall,15,19.1,3.49,70
15,Snowfall,15,10.7,1.43,71
15,Snowfall,15,12.1,2.2,72
15,Snowfall,15,6.5,1.1,73
15,Snowfall,15,5.1,0.34,74
15,Snowfall,15,16.3,2.51,75
15,Snowfall,15,11.4,2.15,76
15,Snowfall,15,6.5,0.74,77
15,Snowfall,15,21.9,4.5,78
15,Snowfall,15,10.0,1.48,79
15,Snowfall,15,59.7,15.5,80
15,Snowfall,15,8.6,1.48,81
15,Snowfall,15,6.5,0.89,82
15,Snowfall,15,7.2,0.98,83
15,Snowfall,15,3.7,0.27,84
15,Snowfall,15,12.1,2.2,85
15,Snowfall,15,6.5,0.71,86
15,Snowfall,15,14.9,2.19,87
15,Snowfall,15,22.6,3.7,88
15,Snowfall,15,3.0,0.1,89
15,Snowfall,15,14.2,2.8,90
15,Snowfall,15,7.2,0.8,91
15,Snowfall,15,7.2,0.81,92
15,Snowfall,15,7.9,1.23,93
15,Snowfall,15,9.3,1.55,94
15,Snowfall,15,8.6,1.1,95
15,Snowfall,15,19.1,3.9,96
15,Snowfall,15,10.0,1.3,97
15,Snowfall,15,32.4,7.82,98
15,Snowfall,15,8.6,1.0,99
15,Snowfall,15,7.9,1.2,100
15,Snowfall,16,16.3,3.53,1
15,Snowfall,16,3.7,0.2,2
15,Snowfall,16,10.0,1.5,3
15,Snowfall,16,9.3,1.6,4
15,Snowfall,16,7.9,0.9,5
15,Snowfall,16,3.7,0.15,6
15,Snowfall,16,8.6,1.28,7
15,Snowfall,16,8.6,0.81,8
15,Snowfall,16,11.4,1.86,9
15,Snowfall,16,9.3,1.36,10
15,Snowfall,16,5.8,0.8,11
15,Snowfall,16,7.9,1.0,12
15,Snowfall,16,6.5,0.91,13
15,Snowfall,16,11.4,1.73,14
15,Snowfall,16,9.3,1.5,15
15,Snowfall,16,5.8,0.5,16
15,Snowfall,16,7.2,0.98,17
15,Snowfall,16,7.2,0.94,18
15,Snowfall,16,12.8,1.98,19
15,Snowfall,16,7.2,0.84,20
15,Snowfall,16,9.3,1.08,21
15,Snowfall,16,40.0,2.34,22
15,Snowfall,16,12.8,1.97,23
15,Snowfall,16,4.4,0.48,24
15,Snowfall,16,10.7,1.59,25
15,Snowfall,16,10.7,1.44,26
15,Snowfall,16,13.5,2.3,27
15,Snowfall,16,21.2,4.1,28
15,Snowfall,16,4.4,0.36,29
15,Snowfall,16,7.9,1.18,30
15,Snowfall,16,10.7,1.94,31
15,Snowfall,16,6.5,0.88,32
15,Snowfall,16,7.9,1.06,33
15,Snowfall,16,8.6,0.91,34
15,Snowfall,16,11.4,1.71,35
15,Snowfall,16,7.9,1.15,36
15,Snowfall,16,20.5,4.0,37
15,Snowfall,16,12.8,1.9,38
15,Snowfall,16,7.2,0.85,39
15,Snowfall,16,7.2,1.06,40
15,Snowfall,16,17.7,3.09,41
15,Snowfall,16,5.8,0.6,42
15,Snowfall,16,6.5,0.8,43
15,Snowfall,16,7.9,0.9,44
15,Snowfall,16,14.9,2.7,45
15,Snowfall,16,6.5,0.7,46
15,Snowfall,16,10.0,1.71,47
15,Snowfall,16,10.0,1.67,48
15,Snowfall,16,7.9,0.98,49
15,Snowfall,16,17.7,3.14,50
15,Snowfall,16,10.7,1.48,51
15,Snowfall,16,13.5,2.22,52
15,Snowfall,16,7.9,0.69,53
15,Snowfall,16,8.6,1.09,54
15,Snowfall,16,5.8,0.8,55
15,Snowfall,16,7.9,1.14,56
15,Snowfall,16,12.1,1.75,57
15,Snowfall,16,7.2,1.1,58
15,Snowfall,16,7.2,1.0,59
15,Snowfall,16,12.1,2.2,60
15,Snowfall,16,9.3,0.99,61
15,Snowfall,16,9.3,1.12,62
15,Snowfall,16,12.8,2.3,63
15,Snowfall,16,17.7,3.0,64
15,Snowfall,16,14.9,2.5,65
15,Snowfall,16,7.2,1.1,66
15,Snowfall,16,13.5,2.3,67
15,Snowfall,16,26.1,4.4,68
15,Snowfall,16,5.8,0.5,69
15,Snowfall,16,10.0,1.6,70
15,Snowfall,16,6.5,1.11,71
15,Snowfall,16,7.9,1.21,72
15,Snowfall,16,4.4,0.29,73
15,Snowfall,16,5.8,0.78,74
15,Snowfall,16,8.6,1.09,75
15,Snowfall,16,11.4,2.17,76
15,Snowfall,16,15.6,3.17,77
15,Snowfall,16,11.4,1.7,78
15,Snowfall,16,5.8,0.88,79
15,Snowfall,16,5.1,0.51,80
15,Snowfall,16,10.0,1.6,81
15,Snowfall,16,15.6,2.73,82
15,Snowfall,16,7.9,1.15,83
15,Snowfall,16,6.5,1.0,84
15,Snowfall,16,8.6,1.0,85
15,Snowfall,16,7.9,0.68,86
15,Snowfall,16,9.3,1.24,87
15,Snowfall,16,7.2,0.96,88
15,Snowfall,16,5.8,0.75,89
15,Snowfall,16,7.2,0.84,90
15,Snowfall,16,11.4,1.84,91
15,Snowfall,16,7.2,0.66,92
15,Snowfall,16,10.0,1.3,93
15,Snowfall,16,14.2,1.88,94
15,Snowfall,16,15.6,3.09,95
15,Snowfall,16,17.0,2.81,96
15,Snowfall,16,7.2,1.09,97
15,Snowfall,16,29.6,6.39,98
15,Snowfall,16,11.4,2.1,99
15,Snowfall,16,10.0,1.35,100
15,Snowfall,19,7.9,1.2,1
15,Snowfall,19,16.3,2.57,2
15,Snowfall,19,4.4,0.4,3
15,Snowfall,19,5.8,0.7,4
15,Snowfall,19,7.2,0.8,5
15,Snowfall,19,13.5,1.8,6
15,Snowfall,19,8.6,1.3,7
15,Snowfall,19,4.4,0.4,8
15,Snowfall,19,29.6,5.0,9
15,Snowfall,19,16.3,3.15,10
15,Snowfall,19,13.5,2.66,11
15,Snowfall,19,6.5,0.96,12
15,Snowfall,19,7.2,0.96,13
15,Snowfall,19,7.9,1.14,14
15,Snowfall,19,6.5,1.0,15
15,Snowfall,19,4.4,0.45,16
15,Snowfall,19,5.8,0.38,17
15,Snowfall,19,7.9,0.87,18
15,Snowfall,19,69.0,0.3,19
15,Snowfall,19,11.4,2.18,20
15,Snowfall,19,7.9,0.95,21
15,Snowfall,19,13.5,2.38,22
15,Snowfall,19,5.8,0.65,23
15,Snowfall,19,10.7,1.47,24
15,Snowfall,19,8.6,0.91,25
15,Snowfall,19,10.7,1.42,26
15,Snowfall,19,6.5,1.04,27
15,Snowfall,19,18.4,4.25,28
15,Snowfall,19,12.8,1.35,29
15,Snowfall,19,7.9,0.81,30
15,Snowfall,19,9.3,1.25,31
15,Snowfall,19,7.9,1.08,32
15,Snowfall,19,12.1,1.69,33
15,Snowfall,19,4.4,0.39,34
15,Snowfall,19,10.0,1.48,35
15,Snowfall,19,11.4,1.94,36
15,Snowfall,19,13.5,2.66,37
15,Snowfall,19,6.5,0.73,38
15,Snowfall,19,30.3,5.11,39
15,Snowfall,19,10.0,1.57,40
15,Snowfall,19,15.6,2.46,41
15,Snowfall,19,8.6,1.37,42
15,Snowfall,19,12.1,1.77,43
15,Snowfall,19,11.4,1.21,44
15,Snowfall,19,10.0,1.71,45
15,Snowfall,19,33.8,8.2,46
15,Snowfall,19,8.6,0.98,47
15,Snowfall,19,17.7,2.68,48
15,Snowfall,19,7.2,1.07,49
15,Snowfall,19,24.0,4.34,50
15,Snowfall,19,7.9,1.31,51
15,Snowfall,19,9.3,1.36,52
15,Snowfall,19,7.2,1.06,53
15,Snowfall,19,7.2,1.06,54
15,Snowfall,19,7.9,1.0,55
15,Snowfall,19,9.3,1.56,56
15,Snowfall,19,7.2,1.05,57
15,Snowfall,19,9.3,1.5,58
15,Snowfall,19,5.8,0.9,59
15,Snowfall,19,11.4,2.1,60
15,Snowfall,19,5.1,0.46,61
15,Snowfall,19,7.2,0.82,62
15,Snowfall,19,10.0,1.53,63
15,Snowfall,19,9.3,1.34,64
15,Snowfall,19,12.1,2.06,65
15,Snowfall,19,18.4,3.84,66
15,Snowfall,19,10.0,1.46,67
15,Snowfall,19,9.3,1.45,68
15,Snowfall,19,12.1,2.05,69
15,Snowfall,19,15.6,3.07,70
15,Snowfall,19,25.4,4.79,71
15,Snowfall,19,8.6,1.3,72
15,Snowfall,19,5.1,0.4,73
15,Snowfall,19,48.5,11.6,74
15,Snowfall,19,8.6,1.3,75
15,Snowfall,19,9.3,1.6,76
15,Snowfall,19,10.7,1.8,77
15,Snowfall,19,9.3,1.2,78
15,Snowfall,19,36.6,8.07,79
15,Snowfall,19,7.2,0.83,80
15,Snowfall,19,8.6,0.83,81
15,Snowfall,19,24.7,4.92,82
15,Snowfall,19,13.5,1.68,83
15,Snowfall,19,10.7,1.38,84
15,Snowfall,19,16.3,3.02,85
15,Snowfall,19,5.1,0.5,86
15,Snowfall,19,5.8,0.57,87
15,Snowfall,19,17.7,2.9,88
15,Snowfall,19,5.1,0.4,89
15,Snowfall,19,5.1,0.47,90
15,Snowfall,19,6.5,0.49,91
15,Snowfall,19,6.5,0.68,92
15,Snowfall,19,19.8,2.99,93
15,Snowfall,19,17.0,3.23,94
15,Snowfall,19,6.5,0.72,95
15,Snowfall,19,16.3,3.26,96
15,Snowfall,19,33.8,7.72,97
15,Snowfall,19,7.9,0.88,98
15,Snowfall,19,11.4,1.62,99
15,Snowfall,19,12.1,1.55,100
15,Snowfall,1,19.71,3.5,52
15,Snowfall,1,34.19,5.59,53
15,Snowfall,1,28.07,2.69,54
15,Snowfall,1,10.16,0.79,55
15,Snowfall,1,24.15,1.64,56
15,Snowfall,1,17.44,1.17,57
15,Snowfall,1,35.2,3.62,58
15,Snowfall,1,14.38,1.58,59
15,Snowfall,1,28.88,2.65,60
15,Snowfall,1,10.55,1.6,61
15,Snowfall,1,12.43,1.7,62
15,Snowfall,1,10.9,0.91,63
15,Snowfall,1,13.2,1.26,64
15,Snowfall,1,7.2,0.2,65
15,Snowfall,1,34.58,5.02,66
15,Snowfall,1,29.0,3.14,67
15,Snowfall,1,37.87,4.06,68
15,Snowfall,1,8.19,0.23,69
15,Snowfall,1,12.06,0.37,70
15,Snowfall,1,9.19,0.47,71
15,Snowfall,1,32.1,8.77,72
15,Snowfall,1,14.38,1.47,73
15,Snowfall,1,17.18,1.35,74
15,Snowfall,1,19.31,2.32,75
15,Snowfall,1,15.44,1.77,76
15,Snowfall,1,11.32,1.83,77
15,Snowfall,1,17.97,3.0,78
15,Snowfall,1,9.4,0.52,79
15,Snowfall,1,11.05,0.89,80
15,Snowfall,1,29.52,5.68,81
15,Snowfall,1,10.66,1.1,82
15,Snowfall,1,34.58,8.46,83
15,Snowfall,1,16.97,2.53,84
15,Snowfall,1,41.56,5.88,85
15,Snowfall,1,20.75,1.48,86
15,Snowfall,1,10.01,0.54,87
15,Snowfall,1,17.08,1.16,88
15,Snowfall,1,12.64,1.22,89
15,Snowfall,1,32.14,6.42,90
15,Snowfall,1,20.9,4.6,91
15,Snowfall,1,15.99,2.7,92
15,Snowfall,1,24.62,4.7,93
15,Snowfall,1,13.6,1.9,94
15,Snowfall,1,15.93,1.25,95
15,Snowfall,1,35.84,5.55,96
15,Snowfall,1,13.19,1.07,97
15,Snowfall,1,16.19,1.6,98
15,Snowfall,1,44.73,7.9,99
15,Snowfall,1,43.81,5.75,100
8,Rain,7,12.1,2.08,1
8,Rain,7,21.2,3.73,2
8,Rain,7,9.3,1.5,3
8,Rain,7,12.1,1.5,4
8,Rain,7,10.7,1.75,5
8,Rain,7,7.2,0.9,6
8,Rain,7,28.2,5.99,7
8,Rain,7,14.2,1.8,8
8,Rain,7,20.5,3.0,9
8,Rain,7,9.3,0.8,10
8,Rain,7,13.5,1.97,11
8,Rain,7,5.1,0.4,12
8,Rain,7,11.4,2.1,13
8,Rain,7,33.8,7.0,14
8,Rain,7,7.9,0.9,15
8,Rain,7,9.3,1.3,16
8,Rain,7,9.3,1.2,17
8,Rain,7,12.1,1.9,18
8,Rain,7,8.6,0.81,19
8,Rain,7,24.7,4.35,20
8,Rain,7,9.3,1.13,21
8,Rain,7,7.2,0.61,22
8,Rain,7,6.5,0.6,23
8,Rain,7,15.6,2.6,24
8,Rain,7,5.1,0.46,25
8,Rain,7,27.5,5.57,26
8,Rain,7,7.9,1.2,27
8,Rain,7,12.1,1.6,28
8,Rain,7,7.9,0.6,29
8,Rain,7,10.0,1.16,30
8,Rain,7,12.8,2.37,31
8,Rain,7,3.7,0.31,32
8,Rain,7,9.3,1.45,33
8,Rain,7,14.9,2.3,34
8,Rain,7,15.6,2.34,35
8,Rain,7,11.4,1.85,36
8,Rain,7,7.9,0.72,37
8,Rain,7,7.2,0.9,38
8,Rain,7,5.8,0.8,39
8,Rain,7,7.9,1.2,40
8,Rain,7,10.0,1.3,41
8,Rain,7,8.6,1.17,42
8,Rain,7,6.5,0.59,43
8,Rain,7,10.0,1.16,44
8,Rain,7,70.0,2.8,45
8,Rain,7,70.2,13.4,46
8,Rain,7,36.6,8.01,47
8,Rain,7,79.3,14.77,48
8,Rain,7,12.1,2.02,49
8,Rain,7,18.4,3.11,50
8,Rain,7,12.1,2.0,51
8,Rain,7,10.7,1.4,52
8,Rain,7,11.4,1.5,53
8,Rain,7,10.7,0.7,54
8,Rain,7,12.8,1.62,55
8,Rain,7,14.9,2.53,56
8,Rain,7,7.2,0.68,57
8,Rain,7,22.6,4.4,58
8,Rain,7,10.7,1.6,59
8,Rain,7,19.8,4.41,60
8,Rain,7,70.0,19.3,61
8,Rain,7,6.5,1.0,62
8,Rain,7,9.3,0.87,63
8,Rain,7,9.3,0.9,64
8,Rain,7,52.7,12.12,65
8,Rain,7,13.5,2.18,66
8,Rain,7,14.2,2.52,67
8,Rain,7,23.3,4.1,68
8,Rain,7,5.1,0.6,69
8,Rain,7,28.9,5.9,70
8,Rain,7,7.9,0.8,71
8,Rain,7,7.9,0.7,72
8,Rain,7,9.3,1.02,73
8,Rain,7,7.2,0.9,74
8,Rain,7,24.7,5.2,75
8,Rain,7,13.5,2.14,76
8,Rain,7,11.4,1.1,77
8,Rain,7,7.2,0.8,78
8,Rain,7,14.9,2.33,79
8,Rain,7,9.3,1.34,80
8,Rain,7,14.2,1.5,81
8,Rain,7,10.7,1.4,82
8,Rain,7,16.3,2.3,83
8,Rain,7,6.5,0.57,84
8,Rain,7,14.2,2.25,85
8,Rain,7,11.4,1.83,86
8,Rain,7,12.1,2.34,87
8,Rain,7,17.0,2.21,88
8,Rain,7,18.4,2.7,89
8,Rain,7,10.0,1.04,90
8,Rain,7,7.9,1.02,91
8,Rain,7,9.3,0.9,92
8,Rain,7,4.4,0.5,93
8,Rain,7,11.4,1.9,94
8,Rain,7,9.3,1.4,95
8,Rain,7,9.3,1.2,96
8,Rain,7,9.3,0.9,97
8,Rain,7,7.9,1.0,98
8,Rain,7,9.3,1.2,99
8,Rain,7,7.9,1.5,100
8,Rain,8,14.2,1.14,1
8,Rain,8,40.1,9.01,2
8,Rain,8,9.3,1.3,3
8,Rain,8,33.8,7.0,4
8,Rain,8,71.6,12.7,5
8,Rain,8,70.0,15.7,6
8,Rain,8,9.3,1.1,7
8,Rain,8,32.4,5.2,8
8,Rain,8,26.1,5.04,9
8,Rain,8,21.9,3.2,10
8,Rain,8,10.7,1.1,11
8,Rain,8,13.5,1.8,12
8,Rain,8,40.8,8.72,13
8,Rain,8,70.0,19.1,14
8,Rain,8,9.3,0.57,15
8,Rain,8,6.5,0.66,16
8,Rain,8,9.3,0.8,17
8,Rain,8,10.0,0.6,18
8,Rain,8,28.9,6.0,19
8,Rain,8,70.0,17.68,20
8,Rain,8,10.7,1.2,21
8,Rain,8,20.5,2.6,22
8,Rain,8,14.9,1.68,23
8,Rain,8,7.2,0.74,24
8,Rain,8,7.9,0.9,25
8,Rain,8,14.2,2.33,26
8,Rain,8,46.4,8.73,27
8,Rain,8,10.7,1.15,28
8,Rain,8,10.0,0.69,29
8,Rain,8,14.2,2.05,30
8,Rain,8,7.2,0.94,31
8,Rain,8,21.2,2.8,32
8,Rain,8,10.7,1.6,33
8,Rain,8,16.3,2.19,34
8,Rain,8,30.3,5.59,35
8,Rain,8,38.7,7.69,36
8,Rain,8,10.7,0.9,37
8,Rain,8,10.7,1.26,38
8,Rain,8,18.4,2.07,39
8,Rain,8,5.1,0.3,40
8,Rain,8,8.6,1.0,41
8,Rain,8,7.9,1.0,42
8,Rain,8,9.3,1.4,43
8,Rain,8,9.3,1.0,44
8,Rain,8,27.5,4.26,45
8,Rain,8,12.8,1.7,46
8,Rain,8,14.9,1.44,47
8,Rain,8,5.1,0.43,48
8,Rain,8,11.4,1.53,49
8,Rain,8,12.1,2.02,50
8,Rain,8,7.2,0.54,51
8,Rain,8,70.0,19.37,52
8,Rain,8,27.5,2.92,53
8,Rain,8,13.5,1.77,54
8,Rain,8,43.6,10.6,55
8,Rain,8,12.8,1.5,56
8,Rain,8,10.7,1.8,57
8,Rain,8,6.5,0.77,58
8,Rain,8,10.7,1.4,59
8,Rain,8,26.8,4.3,60
8,Rain,8,12.8,1.11,61
8,Rain,8,19.1,1.6,62
8,Rain,8,14.2,1.89,63
8,Rain,8,15.6,2.39,64
8,Rain,8,9.3,0.88,65
8,Rain,8,12.8,1.7,66
8,Rain,8,5.8,0.5,67
8,Rain,8,5.8,0.7,68
8,Rain,8,17.0,2.28,69
8,Rain,8,10.7,1.49,70
8,Rain,8,16.3,2.76,71
8,Rain,8,56.2,11.72,72
8,Rain,8,10.0,1.0,73
8,Rain,8,24.0,3.9,74
8,Rain,8,12.8,1.6,75
8,Rain,8,12.8,1.9,76
8,Rain,8,19.1,2.82,77
8,Rain,8,10.0,1.3,78
8,Rain,8,10.0,1.2,79
8,Rain,8,10.0,1.1,80
8,Rain,8,6.5,0.84,81
8,Rain,8,10.0,1.37,82
8,Rain,8,13.5,1.0,83
8,Rain,8,8.6,1.2,84
8,Rain,8,14.9,2.4,85
8,Rain,8,10.7,1.46,86
8,Rain,8,15.6,1.74,87
8,Rain,8,16.3,2.21,88
8,Rain,8,21.9,2.6,89
8,Rain,8,19.8,2.35,90
8,Rain,8,20.5,3.15,91
8,Rain,8,14.2,2.24,92
8,Rain,8,7.9,1.1,93
8,Rain,8,10.0,1.37,94
8,Rain,8,9.3,0.9,95
8,Rain,8,5.1,0.1,96
8,Rain,8,12.8,1.7,97
8,Rain,8,12.8,1.9,98
8,Rain,8,7.2,1.0,99
8,Rain,8,17.7,2.0,100
8,Rain,14,4.4,0.48,1
8,Rain,14,22.6,3.1,2
8,Rain,14,7.9,1.5,3
8,Rain,14,20.5,1.43,4
8,Rain,14,5.8,0.6,5
8,Rain,14,7.9,1.0,6
8,Rain,14,10.7,0.7,7
8,Rain,14,5.1,0.3,8
8,Rain,14,14.9,1.66,9
8,Rain,14,7.2,0.85,10
8,Rain,14,16.3,0.69,11
8,Rain,14,49.2,11.68,12
8,Rain,14,78.6,15.8,13
8,Rain,14,8.6,1.0,14
8,Rain,14,6.5,0.6,15
8,Rain,14,14.2,1.5,16
8,Rain,14,12.1,1.1,17
8,Rain,14,12.8,1.4,18
8,Rain,14,12.8,1.84,19
8,Rain,14,8.6,0.9,20
8,Rain,14,11.4,0.8,21
8,Rain,14,43.6,7.7,22
8,Rain,14,6.5,0.6,23
8,Rain,14,14.9,1.5,24
8,Rain,14,7.2,0.71,25
8,Rain,14,70.0,16.41,26
8,Rain,14,7.2,0.71,27
8,Rain,14,12.1,1.1,28
8,Rain,14,7.2,0.6,29
8,Rain,14,20.5,3.5,30
8,Rain,14,11.4,1.15,31
8,Rain,14,43.6,10.83,32
8,Rain,14,4.4,0.4,33
8,Rain,14,21.9,2.0,34
8,Rain,14,6.5,0.41,35
8,Rain,14,6.5,0.61,36
8,Rain,14,12.8,1.32,37
8,Rain,14,7.9,0.75,38
8,Rain,14,6.5,0.51,39
8,Rain,14,9.3,1.0,40
8,Rain,14,116.4,18.7,41
8,Rain,14,15.6,2.01,42
8,Rain,14,13.5,1.11,43
8,Rain,14,9.3,0.83,44
8,Rain,14,13.5,1.45,45
8,Rain,14,39.4,8.61,46
8,Rain,14,3.7,0.2,47
8,Rain,14,12.8,1.89,48
8,Rain,14,5.1,0.5,49
8,Rain,14,11.4,1.8,50
8,Rain,14,20.5,2.5,51
8,Rain,14,15.6,1.48,52
8,Rain,14,19.1,2.39,53
8,Rain,14,15.6,1.33,54
8,Rain,14,5.8,0.5,55
8,Rain,14,15.6,1.5,56
8,Rain,14,10.0,1.0,57
8,Rain,14,9.3,1.17,58
8,Rain,14,21.2,1.87,59
8,Rain,14,11.4,0.78,60
8,Rain,14,19.1,2.06,61
8,Rain,14,10.7,1.0,62
8,Rain,14,21.2,1.57,63
8,Rain,14,35.9,6.47,64
8,Rain,14,9.3,1.36,65
8,Rain,14,10.7,1.4,66
8,Rain,14,26.1,2.2,67
8,Rain,14,19.1,3.04,68
8,Rain,14,15.6,1.28,69
8,Rain,14,7.2,0.5,70
8,Rain,14,13.5,1.5,71
8,Rain,14,15.6,1.2,72
8,Rain,14,11.4,1.5,73
8,Rain,14,5.1,0.48,74
8,Rain,14,12.1,0.85,75
8,Rain,14,10.7,1.06,76
8,Rain,14,14.2,1.33,77
8,Rain,14,12.8,1.95,78
8,Rain,14,70.0,16.61,79
8,Rain,14,6.5,0.7,80
8,Rain,14,6.5,0.4,81
8,Rain,14,13.5,0.8,82
8,Rain,14,18.4,2.12,83
8,Rain,14,17.7,1.54,84
8,Rain,14,10.7,1.4,85
8,Rain,14,4.4,0.27,86
8,Rain,14,13.5,1.57,87
8,Rain,14,10.7,0.74,88
8,Rain,14,35.2,4.65,89
8,Rain,14,14.9,1.72,90
8,Rain,14,27.5,1.79,91
8,Rain,14,5.1,0.51,92
8,Rain,14,14.2,1.79,93
8,Rain,14,15.6,1.75,94
8,Rain,14,14.2,1.5,95
8,Rain,14,19.8,3.8,96
8,Rain,14,37.3,7.84,97
8,Rain,14,19.8,2.36,98
8,Rain,14,10.7,1.03,99
8,Rain,14,51.3,11.33,100
8,Rain,23,6.5,0.65,1
8,Rain,23,9.3,1.28,2
8,Rain,23,9.3,1.27,3
8,Rain,23,21.9,5.2,4
8,Rain,23,5.8,0.6,5
8,Rain,23,17.0,3.55,6
8,Rain,23,46.4,11.93,7
8,Rain,23,34.5,8.73,8
8,Rain,23,8.6,1.1,9
8,Rain,23,18.4,2.7,10
8,Rain,23,12.8,1.78,11
8,Rain,23,10.7,1.01,12
8,Rain,23,9.3,1.43,13
8,Rain,23,14.2,2.25,14
8,Rain,23,17.7,3.28,15
8,Rain,23,27.5,4.71,16
8,Rain,23,12.1,2.01,17
8,Rain,23,14.9,2.5,18
8,Rain,23,16.3,3.0,19
8,Rain,23,43.6,10.2,20
8,Rain,23,17.7,2.77,21
8,Rain,23,5.8,0.74,22
8,Rain,23,13.5,1.75,23
8,Rain,23,21.2,3.55,24
8,Rain,23,6.5,0.95,25
8,Rain,23,24.7,4.6,26
8,Rain,23,13.5,2.3,27
8,Rain,23,14.2,1.13,28
8,Rain,23,16.3,2.86,29
8,Rain,23,8.6,1.05,30
8,Rain,23,19.1,3.75,31
8,Rain,23,3.7,0.03,32
8,Rain,23,10.7,1.32,33
8,Rain,23,12.1,2.14,34
8,Rain,23,60.4,15.12,35
8,Rain,23,7.9,0.9,36
8,Rain,23,5.1,0.5,37
8,Rain,23,14.9,2.6,38
8,Rain,23,78.6,17.0,39
8,Rain,23,10.7,1.61,40
8,Rain,23,61.8,13.58,41
8,Rain,23,20.5,4.1,42
8,Rain,23,10.0,1.13,43
8,Rain,23,49.2,10.05,44
8,Rain,23,4.4,0.36,45
8,Rain,23,18.4,3.1,46
8,Rain,23,9.3,1.55,47
8,Rain,23,12.1,1.78,48
8,Rain,23,19.1,3.5,49
8,Rain,23,30.3,6.4,50
8,Rain,23,29.6,4.77,51
8,Rain,23,13.5,2.37,52
8,Rain,23,8.6,1.06,53
8,Rain,23,15.6,2.7,54
8,Rain,23,7.9,1.2,55
8,Rain,23,12.1,1.72,56
8,Rain,23,12.8,2.15,57
8,Rain,23,28.2,5.5,58
8,Rain,23,17.7,3.5,59
8,Rain,23,19.1,3.5,60
8,Rain,23,17.7,3.28,61
8,Rain,23,22.6,3.92,62
8,Rain,23,8.6,1.28,63
8,Rain,23,9.3,1.6,64
8,Rain,23,36.6,7.72,65
8,Rain,23,10.0,1.56,66
8,Rain,23,4.4,0.39,67
8,Rain,23,14.9,2.27,68
8,Rain,23,15.6,2.87,69
8,Rain,23,17.7,2.77,70
8,Rain,23,5.8,0.62,71
8,Rain,23,8.6,1.19,72
8,Rain,23,11.4,1.92,73
8,Rain,23,10.0,1.5,74
8,Rain,23,5.1,0.41,75
8,Rain,23,5.8,0.26,76
8,Rain,23,16.3,2.51,77
8,Rain,23,8.6,1.1,78
8,Rain,23,12.8,2.5,79
8,Rain,23,16.3,3.3,80
8,Rain,23,12.1,1.96,81
8,Rain,23,16.3,2.65,82
8,Rain,23,21.2,3.98,83
8,Rain,23,20.5,2.41,84
8,Rain,23,42.9,8.4,85
8,Rain,23,21.2,4.5,86
8,Rain,23,5.8,0.65,87
8,Rain,23,178.0,31.38,88
8,Rain,23,6.5,0.52,89
8,Rain,23,26.1,3.85,90
8,Rain,23,6.5,0.7,91
8,Rain,23,16.3,2.8,92
8,Rain,23,10.7,1.7,93
8,Rain,23,17.7,3.5,94
8,Rain,23,9.3,1.26,95
8,Rain,23,19.1,4.28,96
8,Rain,23,7.2,0.65,97
8,Rain,23,11.4,1.68,98
8,Rain,23,5.1,0.56,99
8,Rain,23,12.8,1.53,100
8,Rain,2,25.4,5.7,1
8,Rain,2,10.0,1.5,2
8,Rain,2,10.0,1.43,3
8,Rain,2,22.6,4.43,4
8,Rain,2,21.2,4.5,5
8,Rain,2,7.9,1.2,6
8,Rain,2,21.2,4.3,7
8,Rain,2,16.3,3.02,8
8,Rain,2,13.5,2.26,9
8,Rain,2,21.9,5.17,10
8,Rain,2,7.2,0.92,11
8,Rain,2,11.4,2.66,12
8,Rain,2,75.1,19.58,13
8,Rain,2,9.3,1.63,14
8,Rain,2,7.2,1.0,15
8,Rain,2,7.2,1.0,16
8,Rain,2,14.2,2.77,17
8,Rain,2,15.6,2.31,18
8,Rain,2,4.4,0.4,19
8,Rain,2,7.9,0.98,20
8,Rain,2,12.1,2.06,21
8,Rain,2,8.6,1.2,22
8,Rain,2,12.1,2.46,23
8,Rain,2,5.1,0.6,24
8,Rain,2,17.7,3.06,25
8,Rain,2,35.9,7.7,26
8,Rain,2,18.4,4.04,27
8,Rain,2,6.5,0.92,28
8,Rain,2,7.2,1.0,29
8,Rain,2,14.2,3.27,30
8,Rain,2,10.0,1.33,31
8,Rain,2,7.9,1.04,32
8,Rain,2,17.7,3.6,33
8,Rain,2,28.9,6.4,34
8,Rain,2,5.1,0.3,35
8,Rain,2,20.5,4.8,36
8,Rain,2,17.0,3.23,37
8,Rain,2,14.2,2.75,38
8,Rain,2,8.6,1.46,39
8,Rain,2,11.4,1.52,40
8,Rain,2,7.2,0.76,41
8,Rain,2,10.7,1.67,42
8,Rain,2,14.2,2.7,43
8,Rain,2,3.7,0.16,44
8,Rain,2,7.9,1.33,45
8,Rain,2,21.2,4.06,46
8,Rain,2,7.2,0.88,47
8,Rain,2,19.8,4.44,48
8,Rain,2,6.5,0.7,49
8,Rain,2,14.9,2.9,50
8,Rain,2,11.4,2.0,51
8,Rain,2,42.9,10.69,52
8,Rain,2,5.1,0.4,53
8,Rain,2,7.2,0.96,54
8,Rain,2,18.4,3.66,55
8,Rain,2,29.6,6.36,56
8,Rain,2,10.7,2.0,57
8,Rain,2,55.5,14.4,58
8,Rain,2,12.8,2.37,59
8,Rain,2,14.2,2.56,60
8,Rain,2,16.3,3.74,61
8,Rain,2,14.9,2.71,62
8,Rain,2,17.7,3.74,63
8,Rain,2,4.4,0.46,64
8,Rain,2,31.7,7.04,65
8,Rain,2,5.1,0.6,66
8,Rain,2,22.6,5.3,67
8,Rain,2,6.5,0.51,68
8,Rain,2,5.8,0.71,69
8,Rain,2,15.6,2.64,70
8,Rain,2,9.3,1.74,71
8,Rain,2,3.7,0.31,72
8,Rain,2,14.9,3.1,73
8,Rain,2,8.6,1.55,74
8,Rain,2,10.0,1.41,75
8,Rain,2,7.9,0.85,76
8,Rain,2,21.2,4.6,77
8,Rain,2,7.9,1.45,78
8,Rain,2,25.4,5.9,79
8,Rain,2,3.7,0.2,80
8,Rain,2,8.6,1.0,81
8,Rain,2,25.5,5.8,82
8,Rain,2,5.8,0.51,83
8,Rain,2,5.8,0.43,84
8,Rain,2,16.3,3.31,85
8,Rain,2,10.0,1.04,86
8,Rain,2,7.9,1.01,87
8,Rain,2,21.9,3.84,88
8,Rain,2,12.1,1.8,89
8,Rain,2,12.1,1.66,90
8,Rain,2,26.8,5.68,91
8,Rain,2,7.2,0.74,92
8,Rain,2,8.6,1.09,93
8,Rain,2,3.0,0.01,94
8,Rain,2,12.1,2.25,95
8,Rain,2,18.4,3.55,96
8,Rain,2,6.5,0.57,97
8,Rain,2,17.7,3.96,98
8,Rain,2,9.3,1.36,99
8,Rain,2,14.9,2.61,100
8,Rain,20,8.6,0.67,1
8,Rain,20,33.8,5.87,2
8,Rain,20,17.0,2.82,3
8,Rain,20,14.9,2.71,4
8,Rain,20,13.5,2.4,5
8,Rain,20,12.1,1.6,6
8,Rain,20,14.9,2.0,7
8,Rain,20,7.9,1.47,8
8,Rain,20,20.5,4.35,9
8,Rain,20,17.7,3.14,10
8,Rain,20,53.4,12.76,11
8,Rain,20,5.1,0.4,12
8,Rain,20,21.2,3.8,13
8,Rain,20,38.0,7.51,14
8,Rain,20,22.6,3.07,15
8,Rain,20,14.9,1.85,16
8,Rain,20,8.6,0.92,17
8,Rain,20,15.6,3.2,18
8,Rain,20,45.0,10.8,19
8,Rain,20,7.2,1.06,20
8,Rain,20,10.0,1.68,21
8,Rain,20,7.9,0.7,22
8,Rain,20,17.7,3.0,23
8,Rain,20,26.1,4.9,24
8,Rain,20,14.2,2.6,25
8,Rain,20,7.9,0.8,26
8,Rain,20,12.1,1.9,27
8,Rain,20,38.7,9.0,28
8,Rain,20,14.9,2.1,29
8,Rain,20,13.5,1.66,30
8,Rain,20,13.5,2.38,31
8,Rain,20,10.7,1.52,32
8,Rain,20,7.2,0.7,33
8,Rain,20,11.4,1.0,34
8,Rain,20,12.8,2.17,35
8,Rain,20,8.6,0.97,36
8,Rain,20,31.0,5.67,37
8,Rain,20,15.6,2.13,38
8,Rain,20,15.6,2.53,39
8,Rain,20,8.6,1.15,40
8,Rain,20,12.1,2.13,41
8,Rain,20,10.0,1.09,42
8,Rain,20,7.2,0.79,43
8,Rain,20,35.9,6.96,44
8,Rain,20,23.3,4.19,45
8,Rain,20,10.0,1.19,46
8,Rain,20,5.8,0.4,47
8,Rain,20,11.4,1.3,48
8,Rain,20,8.6,0.9,49
8,Rain,20,14.2,2.1,50
8,Rain,20,15.6,2.0,51
8,Rain,20,10.0,1.0,52
8,Rain,20,14.9,2.2,53
8,Rain,20,18.4,2.4,54
8,Rain,20,16.3,3.3,55
8,Rain,20,6.5,0.7,56
8,Rain,20,17.7,2.6,57
8,Rain,20,28.2,5.58,58
8,Rain,20,7.9,1.02,59
8,Rain,20,14.2,1.62,60
8,Rain,20,7.9,1.12,61
8,Rain,20,41.5,8.16,62
8,Rain,20,10.7,1.71,63
8,Rain,20,10.7,1.27,64
8,Rain,20,70.0,17.58,65
8,Rain,20,10.0,1.15,66
8,Rain,20,6.5,0.79,67
8,Rain,20,40.1,8.72,68
8,Rain,20,74.4,18.29,69
8,Rain,20,26.8,5.12,70
8,Rain,20,3.7,0.32,71
8,Rain,20,11.4,1.67,72
8,Rain,20,15.6,2.29,73
8,Rain,20,7.9,1.0,74
8,Rain,20,11.4,1.7,75
8,Rain,20,6.5,0.6,76
8,Rain,20,5.8,0.64,77
8,Rain,20,16.3,3.49,78
8,Rain,20,10.0,1.32,79
8,Rain,20,9.3,1.0,80
8,Rain,20,10.7,1.6,81
8,Rain,20,13.5,1.66,82
8,Rain,20,21.2,3.08,83
8,Rain,20,8.6,1.4,84
8,Rain,20,10.0,1.4,85
8,Rain,20,21.2,4.8,86
8,Rain,20,12.1,2.0,87
8,Rain,20,28.9,5.07,88
8,Rain,20,19.8,2.46,89
8,Rain,20,6.5,0.81,90
8,Rain,20,12.1,1.73,91
8,Rain,20,8.6,1.19,92
8,Rain,20,5.8,0.73,93
8,Rain,20,15.6,2.6,94
8,Rain,20,12.1,1.8,95
8,Rain,20,8.6,1.3,96
8,Rain,20,7.9,1.0,97
8,Rain,20,30.3,5.6,98
8,Rain,20,15.6,2.5,99
8,Rain,20,70.0,18.62,100
8,Rain,1,40.1,9.8,1
8,Rain,1,15.6,3.16,2
8,Rain,1,27.5,5.66,3
8,Rain,1,70.0,18.1,4
8,Rain,1,15.6,2.36,5
8,Rain,1,26.1,6.3,6
8,Rain,1,21.2,5.04,7
8,Rain,1,70.0,18.49,8
8,Rain,1,70.0,19.02,9
8,Rain,1,35.9,9.26,10
8,Rain,1,7.2,0.8,11
8,Rain,1,15.6,2.88,12
8,Rain,1,17.7,3.44,13
8,Rain,1,7.2,0.8,14
8,Rain,1,7.2,0.93,15
8,Rain,1,17.0,3.95,16
8,Rain,1,27.5,5.81,17
8,Rain,1,43.6,11.64,18
8,Rain,1,24.7,5.2,19
8,Rain,1,21.9,4.35,20
8,Rain,1,29.6,5.99,21
8,Rain,1,49.9,13.07,22
8,Rain,1,11.4,2.0,23
8,Rain,1,33.1,8.45,24
8,Rain,1,8.6,1.16,25
8,Rain,1,47.1,12.59,26
8,Rain,1,36.6,9.24,27
8,Rain,1,14.2,2.47,28
8,Rain,1,8.6,1.41,29
8,Rain,1,7.9,1.03,30
8,Rain,1,7.9,0.79,31
8,Rain,1,21.9,4.66,32
8,Rain,1,21.9,4.55,33
8,Rain,1,14.2,2.87,34
8,Rain,1,14.2,2.66,35
8,Rain,1,5.8,0.6,36
8,Rain,1,11.4,2.1,37
8,Rain,1,19.8,3.9,38
8,Rain,1,13.5,3.0,39
8,Rain,1,7.9,0.77,40
8,Rain,1,13.5,2.51,41
8,Rain,1,10.7,1.95,42
8,Rain,1,12.8,2.26,43
8,Rain,1,33.1,7.92,44
8,Rain,1,63.2,16.14,45
8,Rain,1,10.7,1.68,46
8,Rain,1,6.5,0.9,47
8,Rain,1,36.6,8.84,48
8,Rain,1,7.9,1.2,49
8,Rain,1,7.9,1.3,50
8,Rain,1,33.1,7.97,51
8,Rain,1,11.4,1.87,52
8,Rain,1,9.3,1.21,53
8,Rain,1,31.0,7.91,54
8,Rain,1,5.8,0.71,55
8,Rain,1,7.9,1.3,56
8,Rain,1,10.7,1.78,57
8,Rain,1,21.2,5.1,58
8,Rain,1,7.9,1.26,59
8,Rain,1,6.5,0.92,60
8,Rain,1,24.7,5.5,61
8,Rain,1,32.4,8.06,62
8,Rain,1,8.6,1.57,63
8,Rain,1,63.9,17.0,64
8,Rain,1,5.1,0.58,65
8,Rain,1,70.0,16.83,66
8,Rain,1,38.0,9.13,67
8,Rain,1,3.7,0.31,68
8,Rain,1,13.5,2.23,69
8,Rain,1,10.0,1.76,70
8,Rain,1,8.6,1.3,71
8,Rain,1,48.5,10.41,72
8,Rain,1,10.7,1.96,73
8,Rain,1,7.2,1.01,74
8,Rain,1,48.5,11.43,75
8,Rain,1,6.5,0.91,76
8,Rain,1,18.4,3.42,77
8,Rain,1,7.9,0.86,78
8,Rain,1,52.7,13.49,79
8,Rain,1,15.6,2.71,80
8,Rain,1,7.9,0.99,81
8,Rain,1,70.0,20.02,82
8,Rain,1,12.1,2.02,83
8,Rain,1,33.1,6.0,84
8,Rain,1,70.0,19.25,85
8,Rain,1,19.1,3.86,86
8,Rain,1,10.0,1.69,87
8,Rain,1,13.5,2.86,88
8,Rain,1,44.3,10.48,89
8,Rain,1,5.8,0.9,90
8,Rain,1,69.5,18.6,91
8,Rain,1,5.8,0.7,92
8,Rain,1,13.5,2.25,93
8,Rain,1,70.0,21.0,94
8,Rain,1,51.3,13.65,95
8,Rain,1,11.4,1.5,96
8,Rain,1,7.2,0.89,97
8,Rain,1,70.0,16.82,98
8,Rain,1,10.0,1.3,99
8,Rain,1,12.1,2.21,100
8,Rain,9,8.6,1.06,1
8,Rain,9,6.5,0.9,2
8,Rain,9,5.8,0.5,3
8,Rain,9,27.5,4.1,4
8,Rain,9,7.2,0.9,5
8,Rain,9,25.4,5.4,6
8,Rain,9,14.2,1.9,7
8,Rain,9,7.2,0.8,8
8,Rain,9,10.0,1.38,9
8,Rain,9,7.9,0.97,10
8,Rain,9,11.4,1.32,11
8,Rain,9,70.0,17.0,12
8,Rain,9,8.6,1.11,13
8,Rain,9,31.0,5.94,14
8,Rain,9,10.7,1.9,15
8,Rain,9,6.5,0.8,16
8,Rain,9,7.2,0.8,17
8,Rain,9,12.1,0.9,18
8,Rain,9,6.5,0.6,19
8,Rain,9,13.5,1.59,20
8,Rain,9,5.8,0.44,21
8,Rain,9,12.1,1.23,22
8,Rain,9,5.1,0.43,23
8,Rain,9,28.2,5.6,24
8,Rain,9,15.6,2.8,25
8,Rain,9,36.6,8.22,26
8,Rain,9,13.5,1.8,27
8,Rain,9,13.5,1.75,28
8,Rain,9,13.5,1.78,29
8,Rain,9,12.1,1.8,30
8,Rain,9,15.6,1.9,31
8,Rain,9,10.0,1.0,32
8,Rain,9,6.5,0.91,33
8,Rain,9,8.6,0.99,34
8,Rain,9,8.6,0.91,35
8,Rain,9,13.5,1.9,36
8,Rain,9,7.9,1.1,37
8,Rain,9,10.0,1.8,38
8,Rain,9,13.5,1.52,39
8,Rain,9,11.4,1.6,40
8,Rain,9,12.8,1.26,41
8,Rain,9,13.5,1.71,42
8,Rain,9,16.3,2.9,43
8,Rain,9,27.5,3.24,44
8,Rain,9,22.6,2.83,45
8,Rain,9,12.1,1.14,46
8,Rain,9,14.9,1.6,47
8,Rain,9,7.9,0.67,48
8,Rain,9,12.1,1.6,49
8,Rain,9,11.4,1.58,50
8,Rain,9,15.6,1.94,51
8,Rain,9,5.1,0.47,52
8,Rain,9,4.4,0.4,53
8,Rain,9,8.6,0.9,54
8,Rain,9,6.5,0.7,55
8,Rain,9,17.7,3.5,56
8,Rain,9,5.1,0.5,57
8,Rain,9,6.5,0.55,58
8,Rain,9,19.1,2.14,59
8,Rain,9,10.7,1.6,60
8,Rain,9,11.4,1.49,61
8,Rain,9,70.0,18.35,62
8,Rain,9,10.7,0.93,63
8,Rain,9,12.1,1.72,64
8,Rain,9,8.6,1.1,65
8,Rain,9,7.9,0.9,66
8,Rain,9,7.9,0.6,67
8,Rain,9,12.1,1.5,68
8,Rain,9,6.5,0.66,69
8,Rain,9,14.9,1.66,70
8,Rain,9,10.0,1.7,71
8,Rain,9,14.9,2.29,72
8,Rain,9,19.8,0.8,73
8,Rain,9,6.5,0.58,74
8,Rain,9,6.5,0.89,75
8,Rain,9,8.6,1.05,76
8,Rain,9,21.2,3.52,77
8,Rain,9,70.0,22.15,78
8,Rain,9,7.9,1.1,79
8,Rain,9,28.9,3.9,80
8,Rain,9,12.8,1.9,81
8,Rain,9,7.2,1.0,82
8,Rain,9,22.6,4.91,83
8,Rain,9,13.5,1.87,84
8,Rain,9,13.5,1.39,85
8,Rain,9,6.5,0.64,86
8,Rain,9,9.3,0.8,87
8,Rain,9,12.8,1.5,88
8,Rain,9,8.6,1.1,89
8,Rain,9,8.6,0.7,90
8,Rain,9,28.2,3.2,91
8,Rain,9,7.2,0.75,92
8,Rain,9,14.2,1.83,93
8,Rain,9,10.0,1.23,94
8,Rain,9,16.3,1.29,95
8,Rain,9,10.0,0.8,96
8,Rain,9,11.4,0.4,97
8,Rain,9,5.8,0.71,98
8,Rain,9,13.5,1.79,99
8,Rain,9,19.8,1.56,100
8,Rain,6,5.8,0.65,1
8,Rain,6,5.8,0.7,2
8,Rain,6,12.8,1.6,3
8,Rain,6,21.9,4.1,4
8,Rain,6,10.7,1.9,5
8,Rain,6,5.1,0.7,6
8,Rain,6,17.0,3.01,7
8,Rain,6,5.8,0.7,8
8,Rain,6,6.5,0.63,9
8,Rain,6,5.1,0.57,10
8,Rain,6,7.9,1.21,11
8,Rain,6,10.0,1.14,12
8,Rain,6,70.0,0.01,13
8,Rain,6,16.3,3.03,14
8,Rain,6,13.5,2.49,15
8,Rain,6,10.7,2.1,16
8,Rain,6,7.2,0.83,17
8,Rain,6,40.8,9.75,18
8,Rain,6,7.2,1.0,19
8,Rain,6,7.2,0.99,20
8,Rain,6,17.0,3.1,21
8,Rain,6,9.3,1.47,22
8,Rain,6,6.5,0.6,23
8,Rain,6,21.9,4.14,24
8,Rain,6,15.6,2.74,25
8,Rain,6,6.5,0.7,26
8,Rain,6,7.2,0.7,27
8,Rain,6,7.9,0.91,28
8,Rain,6,8.6,0.65,29
8,Rain,6,19.8,4.2,30
8,Rain,6,10.7,1.7,31
8,Rain,6,21.2,5.1,32
8,Rain,6,11.4,1.51,33
8,Rain,6,7.2,0.69,34
8,Rain,6,17.7,3.6,35
8,Rain,6,21.9,4.4,36
8,Rain,6,5.8,0.4,37
8,Rain,6,8.6,1.7,38
8,Rain,6,11.4,1.84,39
8,Rain,6,10.7,1.4,40
8,Rain,6,15.6,2.87,41
8,Rain,6,7.9,1.0,42
8,Rain,6,69.5,21.02,43
8,Rain,6,7.2,1.1,44
8,Rain,6,17.0,3.6,45
8,Rain,6,12.8,1.86,46
8,Rain,6,50.5,14.6,47
8,Rain,6,84.6,17.4,48
8,Rain,6,15.6,3.5,49
8,Rain,6,70.0,17.41,50
8,Rain,6,65.3,15.19,51
8,Rain,6,10.7,2.0,52
8,Rain,6,7.2,0.8,53
8,Rain,6,12.8,2.6,54
8,Rain,6,7.2,0.99,55
8,Rain,6,19.1,3.41,56
8,Rain,6,9.3,1.4,57
8,Rain,6,12.1,1.6,58
8,Rain,6,37.3,9.5,59
8,Rain,6,6.5,0.55,60
8,Rain,6,5.8,0.71,61
8,Rain,6,41.5,14.9,62
8,Rain,6,70.0,18.0,63
8,Rain,6,12.1,1.88,64
8,Rain,6,9.3,1.38,65
8,Rain,6,13.5,2.27,66
8,Rain,6,14.2,2.63,67
8,Rain,6,20.33,4.56,68
8,Rain,6,47.8,11.8,69
8,Rain,6,70.0,21.38,70
8,Rain,6,11.4,1.89,71
8,Rain,6,6.5,1.05,72
8,Rain,6,8.6,0.94,73
8,Rain,6,70.0,19.62,74
8,Rain,6,14.9,2.01,75
8,Rain,6,14.2,2.8,76
8,Rain,6,6.5,0.8,77
8,Rain,6,11.4,2.23,78
8,Rain,6,20.5,4.74,79
8,Rain,6,13.5,2.72,80
8,Rain,6,5.1,0.4,81
8,Rain,6,101.4,21.37,82
8,Rain,6,10.7,2.3,83
8,Rain,6,6.5,0.74,84
8,Rain,6,5.1,0.54,85
8,Rain,6,7.9,0.8,86
8,Rain,6,9.3,1.46,87
8,Rain,6,6.5,0.89,88
8,Rain,6,15.6,3.4,89
8,Rain,6,21.2,3.99,90
8,Rain,6,12.8,2.39,91
8,Rain,6,16.3,2.76,92
8,Rain,6,9.3,1.5,93
8,Rain,6,5.1,0.4,94
8,Rain,6,8.6,1.51,95
8,Rain,6,9.3,1.53,96
8,Rain,6,4.4,0.53,97
8,Rain,6,5.8,0.69,98
8,Rain,6,29.6,6.11,99
8,Rain,6,6.5,0.8,100
