pickup_timestamp,WeatherCode,hour,fare,trip_distance,P_base,L_base,delta_P,delta_L,epsilon,fare_per_mile,distance_rank,abs_epsilon
2026-03-09 14:28:00,1,14,21.390000000000001,288381.67999999999,21.351866450514009,6.4543849058934528,0.0017859585987188079,44678.963188541908,25016796.705474153,7.4172534122139808e-05,3,25016796.705474153
2026-01-30 22:54:00,1,22,21.420000000000002,101071.17999999999,21.351866450514009,6.4543849058934528,0.0031909879936679758,15658.304716660547,4907039.6841768259,0.00021192984983454239,154,4907039.6841768259
2026-02-03 06:52:00,1,6,21.649999999999999,192007.26999999999,21.351866450514009,6.4543849058934528,0.013962880021611042,29747.345163716454,2130459.1257444751,0.00011275614720213459,23,2130459.1257444751
2026-01-05 19:07:00,3,19,21.07,160979.64000000001,21.351866450514009,6.4543849058934528,-0.013201021614071762,24940.127984637336,-1889257.4161118071,0.00013088611702697308,47,1889257.4161118071
2026-02-27 22:29:00,1,22,21.5,67362.910000000003,21.351866450514009,6.4543849058934528,0.0069377330468655355,10435.766784467936,1504204.1418965827,0.00031916673433496264,229,1504204.1418965827
2026-03-10 19:43:00,1,19,20.870000000000001,183495.35000000001,21.351866450514009,6.4543849058934528,-0.022567884247065826,28428.564191694193,-1259691.1558242482,0.00011373585216192128,28,1259691.1558242482
2026-01-23 03:58:00,3,3,20.899999999999999,146814.32999999999,21.351866450514009,6.4543849058934528,-0.021162854852116827,22745.447901789197,-1074781.6426815435,0.00014235667594573363,57,1074781.6426815435
2026-01-08 22:12:00,1,22,21,98518.690000000002,21.351866450514009,6.4543849058934528,-0.016479423535619708,15262.838682760193,-926175.5212353206,0.00021315752371453577,168,926175.5212353206
2026-02-25 07:39:00,3,7,22.129999999999999,197869.5,21.351866450514009,6.4543849058934528,0.036443350340796897,30655.600572322044,841185.0251321242,0.00011184139041135697,17,841185.0251321242
2026-03-18 19:51:00,3,19,21.079999999999998,60451.57,21.351866450514009,6.4543849058934528,-0.01273267848242215,9364.9691638163858,-735506.60819284886,0.0003487088920932905,230,735506.60819284886
2026-01-17 10:40:00,3,10,22.75,236183.06,21.351866450514009,6.4543849058934528,0.065480624503078649,36591.651886060114,558816.47683949186,9.6323588999143288e-05,9,558816.47683949186
2026-02-01 13:38:00,3,13,20.59,126632.58,21.351866450514009,6.4543849058934528,-0.03568149193325762,19618.620125904283,-549826.2281913826,0.0001625963871224925,89,549826.2281913826
2026-02-21 22:38:00,3,22,22.210000000000001,121998.31,21.351866450514009,6.4543849058934528,0.040190095393994624,18900.616773521549,470280.46557823697,0.00018205170219161233,102,470280.46557823697
2026-03-19 20:01:00,3,20,19.93,187105.07000000001,21.351866450514009,6.4543849058934528,-0.066592138622138142,28987.830497102164,-435304.09289881767,0.00010651769083542204,25,435304.09289881767
2026-03-11 13:30:00,3,13,22.190000000000001,90661.300000000003,21.351866450514009,6.4543849058934528,0.039253409130695235,14045.466289486054,357815.19619662367,0.00024475713452156545,184,357815.19619662367
2026-01-27 12:53:00,1,12,20.300000000000001,106861.86,21.351866450514009,6.4543849058934528,-0.049263442751099021,16555.474638261068,-336060.04196472303,0.00018996487614945126,133,336060.04196472303
2026-02-20 11:18:00,3,11,20.199999999999999,107837.75,21.351866450514009,6.4543849058934528,-0.053946874067596136,16706.672624471794,-309687.50114303408,0.00018731844831703184,130,309687.50114303408
2026-01-16 08:35:00,1,8,23.010000000000002,153394.69,21.351866450514009,6.4543849058934528,0.077657545925971044,23764.96565536964,306022.6198497719,0.00015000519248743225,50,306022.6198497719
2026-02-06 22:39:00,3,22,20.190000000000001,103469.75,21.351866450514009,6.4543849058934528,-0.054415217199245747,16029.92339682477,-294585.30576345767,0.00019512949436912723,146,294585.30576345767
2026-03-26 06:57:00,3,6,20.91,36189.120000000003,21.351866450514009,6.4543849058934528,-0.020694511720467046,5605.9045350790866,-270888.4660242938,0.00057779796800806423,264,270888.4660242938
2026-03-17 19:22:00,3,19,22.620000000000001,102839.13,21.351866450514009,6.4543849058934528,0.059392163791632528,15932.219276417545,268254.5686045902,0.00021995518631867073,149,268254.5686045902
2026-02-26 09:12:00,1,9,20.309999999999999,77648.029999999999,21.351866450514009,6.4543849058934528,-0.04879509961944941,12029.275716761194,-246526.30716151674,0.000261564910275251,219,246526.30716151674
2026-03-16 08:45:00,9,8,24.079999999999998,199688.67999999999,21.351866450514009,6.4543849058934528,0.12777026101248931,30937.452371761356,242133.43642412435,0.00012058770682444292,16,242133.43642412435
2026-03-31 04:56:00,3,4,20.190000000000001,82880.509999999995,21.351866450514009,6.4543849058934528,-0.054415217199245747,12839.961797044733,-235962.70414634509,0.00024360371334587592,207,235962.70414634509
2026-03-20 22:48:00,3,22,23.719999999999999,166887.07999999999,21.351866450514009,6.4543849058934528,0.11090990827309997,25855.387933669183,233120.63219819768,0.00014213203322869573,41,233120.63219819768
2026-02-15 13:46:00,3,13,23.870000000000001,170941.09,21.351866450514009,6.4543849058934528,0.11793505524784564,26483.489613241829,224559.9457903812,0.00013963874923226475,38,224559.9457903812
2026-01-11 11:47:00,3,11,19.690000000000001,100567.63,21.351866450514009,6.4543849058934528,-0.077832373781730996,15580.28798736072,-200177.47410676768,0.00019578864491486973,157,200177.47410676768
2026-03-21 18:09:00,1,18,22.329999999999998,54935.900000000001,21.351866450514009,6.4543849058934528,0.045810212973790961,8510.4074851405949,185775.33114743623,0.00040647372665233479,237,185775.33114743623
2026-01-17 00:18:00,2,0,19.77,86500.580000000002,21.351866450514009,6.4543849058934528,-0.074085628728533429,13400.831663466017,-180883.01190733913,0.0002285533807981403,197,180883.01190733913
2026-01-18 10:15:00,3,10,19.219999999999999,108930.72,21.351866450514009,6.4543849058934528,-0.099844500969267239,16876.01021681185,-169022.93118783168,0.0001764424213848949,122,169022.93118783168
2026-01-08 12:39:00,1,12,19.210000000000001,107969.2,21.351866450514009,6.4543849058934528,-0.10031284410091684,16727.038624008012,-166748.72269776597,0.0001779211108353123,129,166748.72269776597
2026-03-28 20:13:00,3,20,17.149999999999999,208321.67999999999,21.351866450514009,6.4543849058934528,-0.19679152922075616,32274.992683637902,-164006.00580440921,8.2324604909100193e-05,12,164006.00580440921
2026-02-26 02:43:00,1,2,19.559999999999999,88736.410000000003,21.351866450514009,6.4543849058934528,-0.083920834493177277,13747.236477030587,-163811.96111852571,0.00022042811964108079,191,163811.96111852571
2026-01-15 02:03:00,3,2,23.52,103770.03,21.351866450514009,6.4543849058934528,0.10154304564010591,16076.446807556878,158321.49514734716,0.0002266550371046438,145,158321.49514734716
2026-01-27 22:58:00,3,22,18.780000000000001,119355.41,21.351866450514009,6.4543849058934528,-0.12045159876185414,18491.143208102978,-153515.13303415733,0.00015734519281530683,108,153515.13303415733
2026-02-21 02:18:00,3,2,24.02,120630.81,21.351866450514009,6.4543849058934528,0.12496020222259115,18688.745306303761,149557.5789243168,0.0001991199429067914,106,149557.5789243168
2026-03-24 21:51:00,1,21,25.98,200520.75,21.351866450514009,6.4543849058934528,0.21675545602593335,31066.367831891454,143324.50219003746,0.00012956265124681611,13,143324.50219003746
2026-01-05 09:45:00,1,9,23.960000000000001,106775.94,21.351866450514009,6.4543849058934528,0.12215014343269298,16542.16275784911,135424.83285714808,0.0002243951212230021,134,135424.83285714808
2026-03-04 07:30:00,8,7,23.280000000000001,75748.889999999999,21.351866450514009,6.4543849058934528,0.090302810480513057,11735.035440160103,129952.05107921278,0.00030733123614088602,224,129952.05107921278
2026-02-20 08:00:00,3,8,15.07,240830.73999999999,21.351866450514009,6.4543849058934528,-0.29420690060389471,37311.732895755747,-126821.40636120013,6.2575068282396179e-05,5,126821.40636120013
2026-03-16 14:34:00,5,14,24.199999999999999,108834.33,21.351866450514009,6.4543849058934528,0.13339037859228584,16861.076183374833,126403.9907624187,0.00022235630981511071,124,126403.9907624187
2026-01-13 13:46:00,1,13,18.239999999999998,116656.85000000001,21.351866450514009,6.4543849058934528,-0.14574212787093835,18073.046047901709,-124007.01370235419,0.00015635601338455477,114,124007.01370235419
2026-01-11 07:25:00,3,7,24.210000000000001,106608.24000000001,21.351866450514009,6.4543849058934528,0.13385872172393559,16516.180421430519,123385.16466258188,0.00022709314026758156,137,123385.16466258188
2026-03-28 23:33:00,3,23,26.210000000000001,173660.98999999999,21.351866450514009,6.4543849058934528,0.22752734805387659,26904.893052865715,118249.05130303219,0.00015092623852944753,33,118249.05130303219
2026-03-15 03:15:00,3,3,17.59,134279.51999999999,21.351866450514009,6.4543849058934528,-0.17618443142816909,20803.386778574411,-118077.32732080821,0.00013099540421353904,76,118077.32732080821
2026-03-01 16:29:00,3,16,17.93,121666.5,21.351866450514009,6.4543849058934528,-0.16026076495207914,18849.20831170251,-117615.86385375587,0.00014737006489049984,103,117615.86385375587
2026-01-02 07:07:00,3,7,27.609999999999999,221436.73000000001,21.351866450514009,6.4543849058934528,0.29309538648483519,34306.952380994153,117050.4687652912,0.00012468572851486741,11,117050.4687652912
2026-03-19 20:06:00,3,20,15.93,183605.04999999999,21.351866450514009,6.4543849058934528,-0.25392939128202013,28445.560389100985,-112021.53577215745,8.6762319446006533e-05,27,112021.53577215745
2026-02-20 11:40:00,3,11,31.109999999999999,328522.20000000001,21.351866450514009,6.4543849058934528,0.4570154825622319,50898.071683814327,111370.56319942842,9.4696796746155965e-05,1,111370.56319942842
2026-03-18 08:33:00,1,8,18.190000000000001,104481.35000000001,21.351866450514009,6.4543849058934528,-0.14808384352918672,16186.654055865001,-109307.3604121754,0.00017409805673452726,142,109307.3604121754
2026-03-13 09:18:00,1,9,26.510000000000002,166294.85000000001,21.351866450514009,6.4543849058934528,0.24157764200336776,25763.631707687182,106647.41775784043,0.00015941564035206141,42,106647.41775784043
2026-02-28 19:14:00,3,19,24.239999999999998,92400.470000000001,21.351866450514009,6.4543849058934528,0.13526375111888461,14314.921865092023,105829.697510832,0.0002623363279429206,182,105829.697510832
2026-02-02 00:13:00,3,0,18.59,87996.020000000004,21.351866450514009,6.4543849058934528,-0.12935011826319859,13632.525313876378,-105392.44568866366,0.00021125955469349634,193,105392.44568866366
2026-01-17 15:12:00,3,15,25.18,121092.53999999999,21.351866450514009,6.4543849058934528,0.17928800549395693,18760.282719509221,104637.68988796941,0.00020794014230769296,105,104637.68988796941
2026-01-21 16:31:00,3,16,13.58,236216.69,21.351866450514009,6.4543849058934528,-0.36399002721970075,36596.862297352644,-100543.58515504916,5.7489587209100251e-05,8,100543.58515504916
2026-01-07 21:25:00,3,21,17.199999999999999,125373.66,21.351866450514009,6.4543849058934528,-0.1944498135625076,19423.571330650298,-99889.894337216334,0.00013718990097281997,93,99889.894337216334
2026-02-22 18:03:00,12,18,17.73,108643.50999999999,21.351866450514009,6.4543849058934528,-0.16962762758507319,16831.511786026022,-99226.24059329326,0.00016319428560435871,125,99226.24059329326
2026-01-28 01:08:00,2,1,12.19,269097.47999999998,21.351866450514009,6.4543849058934528,-0.42908972251900973,41691.195913864547,-97161.954075974223,4.5299569509160772e-05,4,97161.954075974223
2026-02-28 17:06:00,5,17,14.84,190858.87,21.351866450514009,6.4543849058934528,-0.30497879263183791,29569.419611282883,-96955.658313521752,7.775378739274733e-05,24,96955.658313521752
2026-02-14 20:51:00,1,20,26.329999999999998,141378.5,21.351866450514009,6.4543849058934528,0.23314746563367292,21903.256108263438,93945.932668547117,0.00018623765282557107,68,93945.932668547117
2026-01-13 20:46:00,1,20,15,176264.12,21.351866450514009,6.4543849058934528,-0.29748530252544264,27308.204915723956,-91796.820494647473,8.5099565356806597e-05,32,91796.820494647473
2026-03-09 21:45:00,1,21,25.920000000000002,123757.00999999999,21.351866450514009,6.4543849058934528,0.21394539723603517,19173.098199039592,89616.782818126623,0.00020944268126710561,96,89616.782818126623
2026-03-21 00:50:00,8,0,28.780000000000001,200042.67999999999,21.351866450514009,6.4543849058934528,0.34789153288785074,30992.298806419563,89086.096891040186,0.00014386929829174455,15,89086.096891040186
2026-02-15 02:13:00,1,2,27.210000000000001,152745.79000000001,21.351866450514009,6.4543849058934528,0.27436166121884709,23664.429351839386,86252.682851935489,0.00017813911597825381,52,86252.682851935489
2026-02-19 06:29:00,5,6,17.899999999999999,89019.639999999999,21.351866450514009,6.4543849058934528,-0.1616657943470283,13791.118272760088,-85306.346518524326,0.00020107922251763767,188,85306.346518524326
2026-03-16 08:07:00,9,8,22.879999999999999,37562.589999999997,21.351866450514009,6.4543849058934528,0.071569085214524764,5818.7009548813658,81301.876884972051,0.00060911667699165581,256,81301.876884972051
2026-03-06 16:18:00,3,16,16.129999999999999,125907.39,21.351866450514009,6.4543849058934528,-0.24456252864902606,19506.263950904889,-79759.822809562582,0.00012811003389078272,90,79759.822809562582
2026-03-04 06:29:00,7,6,27.760000000000002,152915.63,21.351866450514009,6.4543849058934528,0.3001205334595809,23690.743245800826,78937.428814717889,0.00018153801544027907,51,78937.428814717889
2026-01-26 21:00:00,2,21,15.19,146578.06,21.351866450514009,6.4543849058934528,-0.28858678302409829,22708.841779990624,-78689.81920109049,0.00010363078894617653,58,78689.81920109049
2026-03-11 07:53:00,1,7,22.969999999999999,37140.830000000002,21.351866450514009,6.4543849058934528,0.075784173399372101,5753.3562309224817,75917.648406654655,0.00061845683039393566,258,75917.648406654655
2026-02-26 20:06:00,3,20,29.960000000000001,196820.95999999999,21.351866450514009,6.4543849058934528,0.40315602242251591,30493.146672331884,75636.093661958075,0.00015221956035576701,19,75636.093661958075
2026-01-02 21:31:00,3,21,31.210000000000001,221544.91,21.351866450514009,6.4543849058934528,0.46169891387872902,34323.713079585468,74342.200182435379,0.00014087437170188204,10,74342.200182435379
2026-02-05 06:28:00,2,6,25.890000000000001,101774.45,21.351866450514009,6.4543849058934528,0.21254036784108601,15767.264750847206,74184.800332312443,0.00025438604679268718,150,74184.800332312443
2026-03-06 05:17:00,9,5,29.18,173146.70000000001,21.351866450514009,6.4543849058934528,0.3666252581538389,26825.212338514393,73167.933037658629,0.00016852761271222608,34,73167.933037658629
2026-03-22 12:28:00,3,12,26.199999999999999,106332.78,21.351866450514009,6.4543849058934528,0.2270590049222268,16473.502458461735,72551.636805174523,0.00024639626651348719,138,72551.636805174523
2026-03-13 22:15:00,3,22,25.190000000000001,84126.289999999994,21.351866450514009,6.4543849058934528,0.17975634862560672,13032.974767012249,72503.557546983182,0.00029943077247314724,202,72503.557546983182
2026-02-10 07:54:00,3,7,29.190000000000001,165025.22,21.351866450514009,6.4543849058934528,0.36709360128548868,25566.923575384641,69646.878850119872,0.00017688205475502471,44,69646.878850119872
2026-02-11 07:49:00,3,7,16.530000000000001,100679.8,21.351866450514009,6.4543849058934528,-0.22582880338303774,15597.666870342671,-69068.545007019376,0.00016418387799737387,155,69068.545007019376
2026-01-07 17:51:00,3,17,12.18,184908.32999999999,21.351866450514009,6.4543849058934528,-0.42955806565065946,28647.482031364678,-66690.592779283077,6.5870477549605252e-05,26,66690.592779283077
2026-01-19 18:08:00,1,18,23.030000000000001,33761.529999999999,21.351866450514009,6.4543849058934528,0.078594232189270433,5229.7896867403415,66541.647409265031,0.00068213733204626687,268,66541.647409265031
2026-03-24 15:13:00,1,15,24.190000000000001,55244.43,21.351866450514009,6.4543849058934528,0.13292203546063622,8558.2090966804153,64385.179379944566,0.00043787219815644764,236,64385.179379944566
2026-01-14 06:05:00,3,6,13.58,149596.92999999999,21.351866450514009,6.4543849058934528,-0.36399002721970075,23176.565667551698,-63673.628216089979,9.0777263945189261e-05,54,63673.628216089979
2026-02-04 12:12:00,3,12,28.98,144705.91,21.351866450514009,6.4543849058934528,0.35725839552084482,22418.783156698646,62752.292004263298,0.00020026825442029286,62,62752.292004263298
2026-02-25 17:22:00,3,17,14.699999999999999,124551.14999999999,21.351866450514009,6.4543849058934528,-0.31153559647493384,19296.137034122836,-61938.78726046448,0.00011802379986053923,95,61938.78726046448
2026-01-17 15:04:00,3,15,17.219999999999999,75501.759999999995,21.351866450514009,6.4543849058934528,-0.19351312729920822,11696.746741298288,-60444.202956902685,0.00022807415350317663,225,60444.202956902685
2026-03-06 08:56:00,8,8,15.18,112611.06,21.351866450514009,6.4543849058934528,-0.28905512615574797,17446.217921133837,-60356.023271953702,0.00013480025851812425,119,60356.023271953702
2026-03-30 10:55:00,1,10,25.879999999999999,81917.860000000001,21.351866450514009,6.4543849058934528,0.21207202470943623,12690.815129463597,59842.004841758433,0.00031592622170549864,208,59842.004841758433
2026-01-16 07:41:00,1,7,15.44,104197.27,21.351866450514009,6.4543849058934528,-0.27687820473285568,16142.640566718947,-58302.315930912941,0.00014818046576460208,143,58302.315930912941
2026-03-14 17:49:00,2,17,31.600000000000001,179186.51999999999,21.351866450514009,6.4543849058934528,0.47996429601306756,27760.982375173513,57839.68225506859,0.00017635255152005855,30,57839.68225506859
2026-02-16 11:18:00,14,11,20.190000000000001,20184.369999999999,21.351866450514009,6.4543849058934528,-0.054415217199245747,3126.2337014747595,-57451.460499143104,0.0010002789286958178,290,57451.460499143104
2026-03-26 09:00:00,3,9,25.98,79557.720000000001,21.351866450514009,6.4543849058934528,0.21675545602593335,12325.150541061847,56862.008306666219,0.00032655536131503016,214,56862.008306666219
2026-01-25 18:17:00,16,18,17.859999999999999,59989.540000000001,21.351866450514009,6.4543849058934528,-0.16353916687362707,9293.3852705815516,-56826.663901026863,0.00029771856893718473,231,56826.663901026863
2026-03-18 21:15:00,3,21,33.100000000000001,200113.59,21.351866450514009,6.4543849058934528,0.55021576576052333,31003.28513602864,56347.504134446324,0.0001654060576295693,14,56347.504134446324
2026-03-20 08:03:00,3,8,17.140000000000001,71554.419999999998,21.351866450514009,6.4543849058934528,-0.19725987235240577,11085.171810835787,-56195.777066265517,0.00023953796285400679,227,56195.777066265517
2026-02-26 21:13:00,3,21,12.48,146969.23999999999,21.351866450514009,6.4543849058934528,-0.41550777170116826,22769.448639622256,-54799.092075702414,8.4915727944160296e-05,56,54799.092075702414
2026-03-06 07:40:00,8,7,29.239999999999998,127867.98,21.351866450514009,6.4543849058934528,0.36943531694373705,19810.024886855546,53622.444791526264,0.00022867335512768717,86,53622.444791526264
2026-01-08 08:18:00,1,8,30.289999999999999,144477.69,21.351866450514009,6.4543849058934528,0.41861134576695608,22383.424249021537,53470.658345420357,0.00020965174623154619,63,53470.658345420357
2026-01-19 02:11:00,15,2,15.050000000000001,101485.71000000001,21.351866450514009,6.4543849058934528,-0.29514358686719411,15722.529271911584,-53270.780635278577,0.00014829674049676551,151,53270.780635278577
2026-01-17 10:39:00,3,10,33.590000000000003,196490.48000000001,21.351866450514009,6.4543849058934528,0.57316457921135888,30441.944271976397,53112.047352721522,0.00017094975797300716,20,53112.047352721522
2026-01-24 13:50:00,3,13,15.19,98090.130000000005,21.351866450514009,6.4543849058934528,-0.28858678302409829,15196.440411468891,-52658.130258861929,0.00015485757843322257,170,52658.130258861929
2026-02-12 09:14:00,3,9,14.94,97567.259999999995,21.351866450514009,6.4543849058934528,-0.3002953613153409,15115.430368277544,-50335.210980514596,0.00015312513644433594,171,50335.210980514596
2026-01-21 07:50:00,1,7,29.77,127257.13,21.351866450514009,6.4543849058934528,0.39425750292117145,19715.383800383894,50006.362984361069,0.00023393581169086556,87,50006.362984361069
2026-01-08 05:57:00,2,5,12.27,136778.67999999999,21.351866450514009,6.4543849058934528,-0.42534297746581212,21190.590212586849,-49820.007230024363,8.9706963102729171e-05,71,49820.007230024363
2026-03-22 19:22:00,3,19,28.07,100603.86,21.351866450514009,6.4543849058934528,0.31463917054072166,15585.901225574466,49535.794283939249,0.00027901513918054439,156,49535.794283939249
2026-03-19 20:22:00,3,20,15.130000000000001,92514.789999999994,21.351866450514009,6.4543849058934528,-0.29139684181399644,14332.633854951135,-49185.961542094883,0.00016354141862074163,181,49185.961542094883
2026-01-24 14:04:00,3,14,27.199999999999999,85638.589999999997,21.351866450514009,6.4543849058934528,0.2738933180871973,13267.280595073282,48439.592056238042,0.00031761382339433661,199,48439.592056238042
2026-03-22 19:00:00,3,19,29.190000000000001,113863.50999999999,21.351866450514009,6.4543849058934528,0.36709360128548868,17640.26429708771,48053.859384405005,0.00025635956593995744,116,48053.859384405005
2026-01-26 12:47:00,3,12,24.039999999999999,38700.239999999998,21.351866450514009,6.4543849058934528,0.12589688848589053,5994.9609729291305,47618.02332867818,0.0006211847781822542,254,47618.02332867818
2026-01-26 14:29:00,3,14,11.94,135361.01000000001,21.351866450514009,6.4543849058934528,-0.4407983008102524,20970.94573512386,-47574.924169571808,8.8208561682570172e-05,74,47574.924169571808
2026-01-30 07:53:00,1,7,31.280000000000001,142185.56,21.351866450514009,6.4543849058934528,0.46497731580027696,22028.296683278273,47374.99214421925,0.00021999421038254517,67,47374.99214421925
2026-02-27 08:37:00,1,8,29.960000000000001,122525.31,21.351866450514009,6.4543849058934528,0.40315602242251591,18982.266691783909,47084.169988883601,0.00024452090755779359,98,47084.169988883601
2026-02-15 10:25:00,5,10,9.8499999999999996,159540.32000000001,21.351866450514009,6.4543849058934528,-0.53868201532504068,24717.12919838804,-45884.452228229165,6.1739878671422988e-05,48,45884.452228229165
2026-02-21 19:14:00,3,19,28.5,98599.770000000004,21.351866450514009,6.4543849058934528,0.33477792520165894,15275.400685364961,45628.458555514298,0.00028904732739234583,167,45628.458555514298
2026-03-25 07:29:00,3,7,19.18,29455.25,21.351866450514009,6.4543849058934528,-0.10171787349586602,4562.6029504693188,-44855.46928637621,0.00065115726398519782,277,44855.46928637621
2026-03-13 22:13:00,3,22,13.66,104173.11,21.351866450514009,6.4543849058934528,-0.36024328216650309,16138.89737502024,-44799.995375238956,0.0001311278889533009,144,44799.995375238956
2026-02-21 04:15:00,5,4,32.560000000000002,150866.62,21.351866450514009,6.4543849058934528,0.52492523665143931,23373.283095860112,44526.88014194378,0.00021581977510996139,53,44526.88014194378
2026-01-19 17:13:00,1,17,8.5999999999999996,167957.87,21.351866450514009,6.4543849058934528,-0.59722490678125384,26021.289102504386,-43570.334738291866,5.1203316641250571e-05,39,43570.334738291866
2026-01-20 07:59:00,1,7,30.34,118200.03999999999,21.351866450514009,6.4543849058934528,0.42095306142520467,18312.137769653677,43501.61442621411,0.00025668350027631127,109,43501.61442621411
2026-02-13 19:09:00,1,19,28.77,97390.240000000005,21.351866450514009,6.4543849058934528,0.34742318975620096,15088.004052279817,43428.315947670621,0.00029540947840358541,172,43428.315947670621
2026-02-27 15:58:00,1,15,13.85,98286.429999999993,21.351866450514009,6.4543849058934528,-0.35134476266515874,15226.853844020885,-43338.781339776215,0.00014091467153705756,169,43338.781339776215
2026-01-09 21:06:00,3,21,8.5,163954.32999999999,21.351866450514009,6.4543849058934528,-0.60190833809775079,25401.006913206314,-42200.789232265386,5.1843705500184109e-05,46,42200.789232265386
2026-01-26 09:49:00,3,9,24.41,38937.440000000002,21.351866450514009,6.4543849058934528,0.14322558435692967,6031.7111828187544,42113.364102514293,0.0006269030526917024,252,42113.364102514293
2026-02-08 09:50:00,1,9,32.420000000000002,140591.56,21.351866450514009,6.4543849058934528,0.51836843280834333,21781.332793885107,42019.018549955435,0.00023059705717754325,69,42019.018549955435
2026-02-08 18:06:00,1,18,29.02,94809.110000000001,21.351866450514009,6.4543849058934528,0.35913176804744362,14688.100724908809,40898.917978674661,0.00030608872923709545,177,40898.917978674661
2026-01-01 11:25:00,21,11,10.19,136722.06,21.351866450514009,6.4543849058934528,-0.52275834884895078,21181.817881710162,-40519.329683303775,7.4530767017407426e-05,72,40519.329683303775
2026-03-04 08:39:00,8,8,30.129999999999999,107379.3,21.351866450514009,6.4543849058934528,0.4111178556605608,16635.643392920792,40464.414677858214,0.00028059411823321624,131,40464.414677858214
2026-01-03 14:12:00,2,14,9.1999999999999993,146983.76000000001,21.351866450514009,6.4543849058934528,-0.56912431888227155,22771.698273043832,-40011.817308679019,6.2591948933678107e-05,55,40011.817308679019
2026-02-19 20:32:00,3,20,12.949999999999999,100065.74000000001,21.351866450514009,6.4543849058934528,-0.39349564451363217,15502.528447556744,-39396.9505474912,0.00012941492262986311,160,39396.9505474912
2026-03-07 13:15:00,5,13,31.18,115664.91,21.351866450514009,6.4543849058934528,0.46029388448377989,17919.361380119615,38930.26169621219,0.00026957181741636249,115,38930.26169621219
2026-01-20 15:25:00,1,15,10.27,128286.95,21.351866450514009,6.4543849058934528,-0.51901160379575306,19874.937346541279,-38293.820795503205,8.0054908157065082e-05,84,38293.820795503205
2026-01-17 10:41:00,3,10,32.509999999999998,126724.57000000001,21.351866450514009,6.4543849058934528,0.5225835209931905,19632.872452243853,37568.870168218869,0.00025654062191728089,88,37568.870168218869
2026-01-24 01:55:00,3,1,29.109999999999999,87224.889999999999,21.351866450514009,6.4543849058934528,0.36334685623229096,13513.051497045919,37190.500661458595,0.00033373501531500929,196,37190.500661458595
2026-02-10 12:08:00,3,12,30.18,97368.929999999993,21.351866450514009,6.4543849058934528,0.41345957131880939,15084.702420860138,36484.10501840496,0.00030995513661288051,173,36484.10501840496
2026-02-03 08:05:00,1,8,44.189999999999998,237905.70000000001,21.351866450514009,6.4543849058934528,1.0696082987600459,36858.546412047726,34459.854560567983,0.00018574586485317499,6,34459.854560567983
2026-02-13 04:42:00,3,4,18.289999999999999,31383.720000000001,21.351866450514009,6.4543849058934528,-0.14340041221268979,4861.3874246086179,-33900.791145553092,0.000582786234391589,273,33900.791145553092
2026-01-11 17:25:00,3,17,29.199999999999999,79989.169999999998,21.351866450514009,6.4543849058934528,0.3675619444171383,12391.996569969426,33714.035846719788,0.00036504941856503825,212,33714.035846719788
2026-02-24 16:35:00,1,16,30.210000000000001,89768.160000000003,21.351866450514009,6.4543849058934528,0.41486460071375852,13907.089044710261,33521.99493710394,0.0003365335771614345,185,33521.99493710394
2026-02-20 21:32:00,8,21,16.18,51497,21.351866450514009,6.4543849058934528,-0.2422208129907775,7977.606908456677,-32935.266007716782,0.00031419305978989064,240,32935.266007716782
2026-01-20 17:38:00,1,17,35.200000000000003,136000.25,21.351866450514009,6.4543849058934528,0.6485678234069614,21069.985381708353,32486.94218443739,0.00025882305363409259,73,32486.94218443739
2026-02-05 08:40:00,1,8,10.880000000000001,101430.95,21.351866450514009,6.4543849058934528,-0.49044267276512105,15714.045117216998,-32040.533970302877,0.00010726509019189903,152,32040.533970302877
2026-01-23 16:33:00,3,16,33.579999999999998,117979.64,21.351866450514009,6.4543849058934528,0.57269623607970899,18277.990441408852,31915.681106143827,0.00028462538112508222,110,31915.681106143827
2026-03-04 08:05:00,8,8,35.020000000000003,131459.60000000001,21.351866450514009,6.4543849058934528,0.64013764703726672,20366.486897158113,31815.7930429804,0.00026639362967786304,79,31815.7930429804
2026-02-13 01:06:00,3,1,38.700000000000003,165480.78,21.351866450514009,6.4543849058934528,0.81248791948435806,25637.505049319367,31554.321528362045,0.00023386401731971535,43,31554.321528362045
2026-03-10 10:27:00,2,10,39.479999999999997,172432.89999999999,21.351866450514009,6.4543849058934528,0.8490186837530348,26714.620855296798,31465.29206778638,0.00022895862680497747,36,31465.29206778638
2026-03-08 00:48:00,5,0,35.399999999999999,133487.76000000001,21.351866450514009,6.4543849058934528,0.65793468603995531,20680.716685057516,31432.780675438669,0.00026519285363691769,77,31432.780675438669
2026-02-18 17:33:05,5,17,21.350000000000001,24,21.351866450514009,6.4543849058934528,-8.7413927879971857e-05,2.7184023497089198,-31098.045993786716,0.88958333333333339,34482,31098.045993786716
2026-01-15 08:26:00,3,8,36.880000000000003,145336.89999999999,21.351866450514009,6.4543849058934528,0.72724946952411174,22516.544602475427,30961.238950383173,0.00025375524041038446,59,30961.238950383173
2026-03-21 20:28:00,3,20,40.140000000000001,172977.10999999999,21.351866450514009,6.4543849058934528,0.87992933044191546,26798.937177910761,30455.783493944768,0.00023205382492515918,35,30455.783493944768
2026-03-21 09:47:00,5,9,8.0899999999999999,122087.03999999999,21.351866450514009,6.4543849058934528,-0.62111040649538873,18914.364016875286,-30452.498974537324,6.6264199705390518e-05,101,30452.498974537324
2026-02-02 11:48:00,1,11,12.19,83949.199999999997,21.351866450514009,6.4543849058934528,-0.42908972251900973,13005.537605674333,-30309.59942206063,0.00014520686319821987,203,30309.59942206063
2026-02-24 18:03:00,1,18,42.960000000000001,197805.79000000001,21.351866450514009,6.4543849058934528,1.0120020935671323,30645.729763417883,30282.279017227116,0.00021718272250776885,18,30282.279017227116
2026-01-01 12:54:00,15,12,31.620000000000001,93929.479999999996,21.351866450514009,6.4543849058934528,0.48090098227636696,14551.816630789041,30259.486187587612,0.00033663552699322939,179,30259.486187587612
2026-02-24 14:33:00,2,14,12.199999999999999,82902.330000000002,21.351866450514009,6.4543849058934528,-0.42862137938736006,12843.342444514345,-29964.30664021397,0.00014716112321571661,206,29964.30664021397
2026-03-16 20:05:00,9,20,35.770000000000003,130177.25999999999,21.351866450514009,6.4543849058934528,0.67526338191099455,20167.809560944541,29866.582582739291,0.00027477917418142005,80,29866.582582739291
2026-01-28 19:37:00,3,19,41.18,178237.67999999999,21.351866450514009,6.4543849058934528,0.92863701613348482,27613.975338277771,29736.026949746814,0.00023103981155948619,31,29736.026949746814
2026-01-29 20:17:00,1,20,37.359999999999999,143301.51999999999,21.351866450514009,6.4543849058934528,0.7497299398432975,22201.196195202487,29612.257714881711,0.00026070902806892769,66,29612.257714881711
2026-01-13 09:38:00,3,9,33.140000000000001,105203.41,21.351866450514009,6.4543849058934528,0.55208913828712203,16298.525289224619,29521.546719414597,0.00031500880057024766,141,29521.546719414597
2026-03-10 04:57:00,1,4,12.18,81404.190000000002,21.351866450514009,6.4543849058934528,-0.42955806565065946,12611.23047383964,-29358.616406695048,0.0001496237478685065,209,29358.616406695048
2026-03-14 12:03:00,1,12,35.200000000000003,121658.24000000001,21.351866450514009,6.4543849058934528,0.6485678234069614,18847.928561560486,29060.844342464155,0.00028933510792199528,104,29060.844342464155
2026-02-09 16:16:00,1,16,17.670000000000002,31912.529999999999,21.351866450514009,6.4543849058934528,-0.17243768637497137,4943.3177723815161,-28667.270341543033,0.00055370100709658567,272,28667.270341543033
2026-01-17 11:24:00,3,11,38.729999999999997,145291.26999999999,21.351866450514009,6.4543849058934528,0.81389294887930697,22509.474990008042,27656.554858968309,0.00026656797755295275,60,27656.554858968309
2026-01-16 06:48:00,1,6,34.200000000000003,107170.17999999999,21.351866450514009,6.4543849058934528,0.60173351024199084,16603.243713780328,27592.353477377772,0.00031911862049685839,132,27592.353477377772
2026-01-08 04:45:00,2,4,12.06,77091.990000000005,21.351866450514009,6.4543849058934528,-0.43517818323045587,11943.126531655689,-27444.22168179099,0.00015643648581389584,220,27444.22168179099
2026-03-06 07:28:00,8,7,9.0899999999999999,101130.63,21.351866450514009,6.4543849058934528,-0.57427609333041829,15667.515509147641,-27282.200480062649,8.9883747386919273e-05,153,27282.200480062649
2026-01-09 08:20:00,1,8,35.640000000000001,117061.64,21.351866450514009,6.4543849058934528,0.66917492119954824,18135.761551532487,27101.675476753851,0.00030445498627902363,111,27101.675476753851
2026-03-22 11:46:00,3,11,8.3900000000000006,106037.63,21.351866450514009,6.4543849058934528,-0.60706011254589753,16427.773856231877,-27061.197922124778,7.9122854782778527e-05,139,27061.197922124778
2026-03-04 07:45:00,8,7,16.48,39821.120000000003,21.351866450514009,6.4543849058934528,-0.2281705190412863,6168.622757335037,-27035.143642807143,0.0004138507405115677,251,27035.143642807143
2026-02-25 08:48:00,3,8,37.18,128065.92999999999,21.351866450514009,6.4543849058934528,0.74129976347360282,19840.693959569082,26764.738014482849,0.00029031921292415556,85,26764.738014482849
2026-02-18 07:37:00,5,7,10.35,88984.929999999993,21.351866450514009,6.4543849058934528,-0.51526485874255545,13785.740533361821,-26754.668593166498,0.0001163118294299945,189,26754.668593166498
2026-01-19 11:31:00,3,11,35.960000000000001,116681.39,21.351866450514009,6.4543849058934528,0.6841619014123389,18076.848114304285,26421.886511054803,0.00030818967789122156,113,26421.886511054803
2026-01-22 08:15:00,3,8,10.27,88381.889999999999,21.351866450514009,6.4543849058934528,-0.51901160379575306,13692.309476988135,-26381.509347479787,0.00011620027587099574,192,26381.509347479787
2026-01-29 07:53:00,1,7,42.270000000000003,164789.12,21.351866450514009,6.4543849058934528,0.97968641748330276,25530.343792269381,26059.709858848284,0.00025650965306447417,45,26059.709858848284
2026-01-14 21:08:00,3,21,41.189999999999998,155023.85999999999,21.351866450514009,6.4543849058934528,0.92910535926513438,24017.378553539438,25850.005399318456,0.00026570103466653459,49,25850.005399318456
2026-01-09 03:52:00,1,3,10.640000000000001,83414.179999999993,21.351866450514009,6.4543849058934528,-0.50168290792471393,12922.645121293448,-25758.591566832314,0.0001275562500284724,205,25758.591566832314
2026-01-22 12:31:00,3,12,24.969999999999999,28172.16,21.351866450514009,6.4543849058934528,0.16945279972931307,4363.8094141823185,25752.359483898439,0.00088633601399395708,281,25752.359483898439
2026-03-31 05:49:00,3,5,28.190000000000001,51103.32,21.351866450514009,6.4543849058934528,0.32025928812051818,7916.6127152469517,24719.38522597295,0.0005516275654888959,241,24719.38522597295
2026-02-15 06:22:00,1,6,9.3800000000000008,88929.639999999999,21.351866450514009,6.4543849058934528,-0.56069414251257677,13777.17426394868,-24571.639365110095,0.00010547664423245164,190,24571.639365110095
2026-03-07 12:02:00,5,12,7.9000000000000004,99744.570000000007,21.351866450514009,6.4543849058934528,-0.63000892599673308,15452.768477446076,-24527.856415682287,7.9202306451368735e-05,161,24527.856415682287
2026-02-26 23:40:00,3,23,7.1500000000000004,103089.08,21.351866450514009,6.4543849058934528,-0.66513466087046103,15970.94488755545,-24011.596188137741,6.9357491598528182e-05,147,24011.596188137741
2026-01-07 07:55:00,5,7,25.829999999999998,32455.560000000001,21.351866450514009,6.4543849058934528,0.20973030905118767,5027.4512735466178,23971.028776387284,0.00079585747403526533,271,23971.028776387284
2026-02-22 18:02:00,12,18,35.009999999999998,98665.880000000005,21.351866450514009,6.4543849058934528,0.63966930390561672,15285.643334504097,23896.165160927427,0.00035483391016225669,166,23896.165160927427
2026-01-11 17:35:00,3,17,44.619999999999997,167441.48999999999,21.351866450514009,6.4543849058934528,1.0897470534209832,25941.284577281771,23804.867832260446,0.0002664811451450892,40,23804.867832260446
2026-02-13 22:57:00,1,22,35.130000000000003,98896.580000000002,21.351866450514009,6.4543849058934528,0.64528942148541346,15321.386477090673,23743.43351518433,0.00035521956370988768,164,23743.43351518433
2026-02-24 06:03:00,3,6,16.460000000000001,34766.029999999999,21.351866450514009,6.4543849058934528,-0.2291072053045857,5385.4203184187836,-23506.1150139698,0.00047345066434102489,267,23506.1150139698
2026-03-05 22:53:00,5,22,40.210000000000001,131738.45999999999,21.351866450514009,6.4543849058934528,0.88320773236346339,20409.691633793103,23108.597089811228,0.00030522597577047739,78,23108.597089811228
2026-01-21 07:33:00,1,7,42.030000000000001,143441.60999999999,21.351866450514009,6.4543849058934528,0.96844618232370971,22222.9008195846,22946.965174938803,0.00029301121201860469,65,22946.965174938803
2026-01-18 09:52:01,3,9,7.0999999999999996,98773.580000000002,21.351866450514009,6.4543849058934528,-0.6674763765287095,15302.329665048415,-22925.649810454725,7.1881569950183036e-05,165,22925.649810454725
2026-02-02 10:39:00,1,10,10.27,76239.770000000004,21.351866450514009,6.4543849058934528,-0.51901160379575306,11811.08916288615,-22756.888432756841,0.00013470659735725853,221,22756.888432756841
2026-01-02 05:56:00,3,5,13.720000000000001,50837.559999999998,21.351866450514009,6.4543849058934528,-0.35743322337660483,7875.437606561175,-22033.311655148864,0.00026987919955245691,242,22033.311655148864
2026-03-09 19:52:00,1,19,36.259999999999998,99025.990000000005,21.351866450514009,6.4543849058934528,0.69821219536182988,15341.436412427167,21972.455529048551,0.00036616649831019103,163,21972.455529048551
2026-03-20 18:40:00,3,18,38.799999999999997,113113.28999999999,21.351866450514009,6.4543849058934528,0.8171713508008549,17524.030138304435,21444.743652760597,0.00034301893261172049,117,21444.743652760597
2026-01-14 15:15:00,3,15,33.729999999999997,79836.020000000004,21.351866450514009,6.4543849058934528,0.57972138305445453,12368.268514975347,21334.849595867963,0.00042249100092915448,213,21334.849595867963
2026-01-19 09:17:00,3,9,18.190000000000001,20208.709999999999,21.351866450514009,6.4543849058934528,-0.14808384352918672,3130.004781191089,-21136.706791204932,0.00090010693408931113,289,21136.706791204932
2026-03-14 23:52:00,2,23,39.840000000000003,116686.60000000001,21.351866450514009,6.4543849058934528,0.86587903649242448,18077.655317481036,20877.806894033976,0.00034142737897924869,112,20877.806894033976
2026-02-18 17:41:00,5,17,42.859999999999999,134630.82999999999,21.351866450514009,6.4543849058934528,1.0073186622506352,20857.816442302585,20706.274214855024,0.00031835204462454851,75,20706.274214855024
2026-01-07 08:39:00,5,8,37.93,103028.28,21.351866450514009,6.4543849058934528,0.77642549834733066,15961.524934936187,20557.70317810437,0.00036815134640702534,148,20557.70317810437
2026-03-16 16:25:00,5,16,11.67,59873.43,21.351866450514009,6.4543849058934528,-0.45344356536479441,9275.3959498805234,-20455.45831578509,0.00019491116510278431,232,20455.45831578509
2026-01-11 20:14:00,1,20,40.939999999999998,120061.75,21.351866450514009,6.4543849058934528,0.91739678097389177,18600.578887923537,20275.39149219327,0.0003409911982792188,107,20275.39149219327
2026-01-28 07:00:00,1,7,35.600000000000001,86449.580000000002,21.351866450514009,6.4543849058934528,0.66730154867294955,13392.930058472884,20070.281696643986,0.00041180072823951256,198,20070.281696643986
2026-01-11 17:52:00,3,17,7.8700000000000001,81353.559999999998,21.351866450514009,6.4543849058934528,-0.63141395539168221,12603.386194216066,-19960.575921065702,9.6738237392438641e-05,210,19960.575921065702
2026-02-17 08:24:00,3,8,34.270000000000003,75781.990000000005,21.351866450514009,6.4543849058934528,0.60501191216353889,11740.163736734077,19404.847244661574,0.00045221826452432828,223,19404.847244661574
2026-03-03 10:45:00,3,10,50.579999999999998,170943.88,21.351866450514009,6.4543849058934528,1.3688795598842074,26483.921877514986,19347.152703306667,0.00029588657985299031,37,19347.152703306667
2026-01-25 10:03:00,3,10,38.079999999999998,96315.649999999994,21.351866450514009,6.4543849058934528,0.7834506453220762,14921.514136405911,19045.88913864725,0.0003953666927441179,175,19045.88913864725
2026-02-17 15:24:00,5,15,55.409999999999997,194203.57999999999,21.351866450514009,6.4543849058934528,1.5950892924710147,30087.627008078503,18862.660009126255,0.00028531914808161622,21,18862.660009126255
2026-03-24 08:46:00,1,8,43.43,125413.57000000001,21.351866450514009,6.4543849058934528,1.0340142207546683,19429.754723891005,18790.606873578905,0.00034629426464775697,92,18790.606873578905
2026-02-27 17:12:00,1,17,74.099999999999994,298292.14000000001,21.351866450514009,6.4543849058934528,2.470422605524313,46214.424761487593,18707.092729051197,0.0002484141888552611,2,18707.092729051197
2026-01-27 10:07:00,1,10,46.969999999999999,144793.14000000001,21.351866450514009,6.4543849058934528,1.1998076893586638,22432.297999905524,18696.577959003011,0.00032439382141999265,61,18696.577959003011
2026-01-14 09:44:00,3,9,13.199999999999999,45947.709999999999,21.351866450514009,6.4543849058934528,-0.38178706622238956,7117.8363678226688,-18643.471708589928,0.00028728308766639296,243,18643.471708589928
2026-02-20 14:32:00,9,14,43.850000000000001,124902.39,21.351866450514009,6.4543849058934528,1.0536846322839561,19350.555852510828,18364.656045677311,0.00035107414677973739,94,18364.656045677311
2026-02-12 20:54:00,3,20,13.98,40474.410000000003,21.351866450514009,6.4543849058934528,-0.34525630195371254,6269.8392186284264,-18159.955902757149,0.00034540342898142307,249,18159.955902757149
2026-01-18 02:09:00,2,2,38.829999999999998,95498.110000000001,21.351866450514009,6.4543849058934528,0.81857638019580403,14794.849859031703,18073.878280598281,0.0004066049055839953,176,18073.878280598281
2026-02-25 18:49:00,3,18,46.789999999999999,138929.34,21.351866450514009,6.4543849058934528,1.1913775129889692,21523.799345812891,18066.313247606326,0.00033678991061211402,70,18066.313247606326
2026-02-04 07:49:00,3,7,26.850000000000001,29954.66,21.351866450514009,6.4543849058934528,0.25750130847945774,4639.9782553638242,18019.24146623892,0.00089635469072257877,275,18019.24146623892
2026-02-25 08:33:00,3,8,44.350000000000001,122274.3,21.351866450514009,6.4543849058934528,1.0771017888664414,18943.37685120889,17587.359938511654,0.00036270908931803329,100,17587.359938511654
2026-03-24 09:31:00,1,9,42.57,111451.14999999999,21.351866450514009,6.4543849058934528,0.99373671143279374,17266.509084906716,17375.335827144238,0.0003819610654533399,121,17375.335827144238
2026-02-10 14:07:00,3,14,14.19,37033.510000000002,21.351866450514009,6.4543849058934528,-0.33542109618906879,5736.7287750820333,-17103.064894428637,0.00038316648894474217,259,17103.064894428637
2026-03-05 22:31:00,5,22,43.189999999999998,111805.03,21.351866450514009,6.4543849058934528,1.0227739855950753,17321.336927553177,16935.644796905148,0.00038629746801194898,120,16935.644796905148
2026-02-18 18:26:00,5,18,36.189999999999998,75938.309999999998,21.351866450514009,6.4543849058934528,0.69493379344028194,11764.38293070518,16928.782341214686,0.00047657104826272798,222,16928.782341214686
2026-01-29 07:51:00,1,7,60.200000000000003,192081.67999999999,21.351866450514009,6.4543849058934528,1.8194256525312236,29758.873760334867,16356.191152374757,0.00031340833753640642,22,16356.191152374757
2026-02-24 08:03:00,2,8,43.200000000000003,106738.73,21.351866450514009,6.4543849058934528,1.0232423287267254,16536.397684872747,16160.783443595285,0.00040472656925934946,135,16160.783443595285
2026-01-19 11:46:00,3,11,39.060000000000002,85187.690000000002,21.351866450514009,6.4543849058934528,0.82934827222374741,13197.421110928126,15913.002477887399,0.00045851695239065648,200,15913.002477887399
2026-02-06 08:33:00,3,8,39.729999999999997,87989.240000000005,21.351866450514009,6.4543849058934528,0.86072726204427741,13631.474865212587,15837.159418927942,0.00045153248283540115,194,15837.159418927942
2026-02-24 08:48:00,2,8,10.26,52317.32,21.351866450514009,6.4543849058934528,-0.51947994692740274,8104.7019007697281,-15601.568354480407,0.00019611096287042225,239,15601.568354480407
2026-01-11 12:21:00,3,12,25.719999999999999,20302.130000000001,21.351866450514009,6.4543849058934528,0.20457853460304096,3144.4786623373316,15370.521000352255,0.0012668621469766963,288,15370.521000352255
2026-01-30 13:00:00,1,13,72.989999999999995,237567.19,21.351866450514009,6.4543849058934528,2.418436517911196,36806.099896239393,15218.964659047089,0.00030723939614725416,7,15218.964659047089
2026-02-11 04:58:00,16,4,28.199999999999999,31216.610000000001,21.351866450514009,6.4543849058934528,0.3207276312521678,4835.4964989144564,15076.644566094812,0.00090336522767846988,274,15076.644566094812
2026-01-11 16:12:00,3,16,29.52,36945.510000000002,21.351866450514009,6.4543849058934528,0.38254892462992884,5723.0946331331006,14960.425359108047,0.00079901454872324123,260,14960.425359108047
2026-03-09 08:27:00,1,8,50.189999999999998,129070.77,21.351866450514009,6.4543849058934528,1.3506141777498688,19996.377268614149,14805.395647429255,0.00038885643899079546,81,14805.395647429255
2026-03-25 06:42:00,3,6,29.73,36441.830000000002,21.351866450514009,6.4543849058934528,0.39238413039457271,5645.0577624872094,14386.559815277609,0.00081582072030960025,262,14386.559815277609
2026-01-18 17:16:00,15,17,30,37449.790000000001,21.351866450514009,6.4543849058934528,0.40502939494911472,5801.2244638377342,14322.971458816126,0.0008010725827835082,257,14322.971458816126
2026-03-15 13:52:00,3,13,46.210000000000001,105755.72,21.351866450514009,6.4543849058934528,1.1642136113532864,16384.096572631606,14073.101716777448,0.00043695036069916598,140,14073.101716777448
2026-01-08 09:08:00,1,9,50.939999999999998,125428.06,21.351866450514009,6.4543849058934528,1.3857399126235967,19431.999709309639,14022.833240416219,0.00040612921861344264,91,14022.833240416219
2026-02-25 08:36:00,3,8,48.189999999999998,112761.25,21.351866450514009,6.4543849058934528,1.2569455514199277,17469.487373171454,13898.364454559533,0.0004273631234134066,118,13898.364454559533
2026-03-13 21:02:00,3,21,45.390000000000001,100438.25999999999,21.351866450514009,6.4543849058934528,1.1258094745580105,15560.244249361474,13821.383281101254,0.00045191941795885357,158,13821.383281101254
2026-02-24 09:45:00,3,9,35.340000000000003,58217.160000000003,21.351866450514009,6.4543849058934528,0.65512462725005727,9018.784355724174,13766.517057344199,0.00060703751265090919,233,13766.517057344199
2026-03-07 23:41:00,5,23,56.450000000000003,143823.13,21.351866450514009,6.4543849058934528,1.6437969781625843,22282.011022270475,13555.208653064339,0.00039249597752461651,64,13555.208653064339
2026-03-15 06:26:00,3,6,45.859999999999999,99649.710000000006,21.351866450514009,6.4543849058934528,1.1478216017455467,15438.071492158851,13449.887568487511,0.00046021207688411734,162,13449.887568487511
2026-03-27 17:15:00,3,17,39.18,68980.639999999999,21.351866450514009,6.4543849058934528,0.83496838980354382,10686.407244184378,12798.577017626665,0.00056798545215005255,228,12798.577017626665
2026-03-05 10:20:00,3,10,41.759999999999998,78105.089999999997,21.351866450514009,6.4543849058934528,0.95580091776916754,12100.089590842776,12659.633785542179,0.00053466425811685256,218,12659.633785542179
2026-02-08 21:33:00,1,21,46.759999999999998,96895.479999999996,21.351866450514009,6.4543849058934528,1.18997248359402,15011.349187840568,12614.870843485784,0.00048258185005120981,174,12614.870843485784
2026-01-05 07:06:00,1,7,31.02,36430.860000000001,21.351866450514009,6.4543849058934528,0.45280039437738456,5643.3581427465297,12463.235926519748,0.00085147591904226252,263,12463.235926519748
2026-02-02 18:51:00,1,18,49.93,106734.86,21.351866450514009,6.4543849058934528,1.3384372563269766,16535.798092493857,12354.556042374694,0.00046779468301171706,136,12354.556042374694
2026-03-04 19:11:15,3,19,21.359999999999999,36.799999999999997,21.351866450514009,6.4543849058934528,0.00038092920376963984,4.7015502695536764,12342.32036564163,0.58043478260869563,5047,12342.32036564163
2026-01-27 14:46:00,1,14,71.010000000000005,183363.75,21.351866450514009,6.4543849058934528,2.3257045778445549,28408.17495214329,12214.868226501823,0.00038726302227130502,29,12214.868226501823
2026-03-19 21:49:00,3,21,56.490000000000002,128890.3,21.351866450514009,6.4543849058934528,1.645670350689183,19968.416432278649,12133.910308292401,0.00043827968435173167,82,12133.910308292401
2026-02-26 09:03:00,1,9,52.289999999999999,108903.36,21.351866450514009,6.4543849058934528,1.4489662353963069,16871.771238133184,11644.005792528757,0.00048015047469609752,123,11644.005792528757
2026-02-13 14:27:00,3,14,28.199999999999999,24092.189999999999,21.351866450514009,6.4543849058934528,0.3207276312521678,3731.6856627347388,11635.061339011203,0.0011705038022695321,285,11635.061339011203
2026-01-29 05:44:00,1,5,56.640000000000001,122434.09,21.351866450514009,6.4543849058934528,1.6526954976639285,18968.133664186389,11477.089210321979,0.00046261625336538217,99,11477.089210321979
2026-01-05 19:17:52,3,19,21.350000000000001,0.01,21.351866450514009,6.4543849058934528,-8.7413927879971857e-05,-0.99845066568762131,11422.100458162626,2135,10565895,11422.100458162626
2026-01-09 18:05:05,3,18,21.350000000000001,0.01,21.351866450514009,6.4543849058934528,-8.7413927879971857e-05,-0.99845066568762131,11422.100458162626,2135,10565895,11422.100458162626
2026-01-12 17:12:50,1,17,21.350000000000001,0.01,21.351866450514009,6.4543849058934528,-8.7413927879971857e-05,-0.99845066568762131,11422.100458162626,2135,10565895,11422.100458162626
2026-01-13 18:45:46,3,18,21.350000000000001,0.01,21.351866450514009,6.4543849058934528,-8.7413927879971857e-05,-0.99845066568762131,11422.100458162626,2135,10565895,11422.100458162626
2026-01-27 16:49:43,2,16,21.350000000000001,0.01,21.351866450514009,6.4543849058934528,-8.7413927879971857e-05,-0.99845066568762131,11422.100458162626,2135,10565895,11422.100458162626
2026-01-27 19:23:59,3,19,21.350000000000001,0.01,21.351866450514009,6.4543849058934528,-8.7413927879971857e-05,-0.99845066568762131,11422.100458162626,2135,10565895,11422.100458162626
2026-01-29 16:05:03,1,16,21.350000000000001,0.01,21.351866450514009,6.4543849058934528,-8.7413927879971857e-05,-0.99845066568762131,11422.100458162626,2135,10565895,11422.100458162626
2026-02-01 04:37:27,3,4,21.350000000000001,0.01,21.351866450514009,6.4543849058934528,-8.7413927879971857e-05,-0.99845066568762131,11422.100458162626,2135,10565895,11422.100458162626
2026-02-10 17:40:42,3,17,21.350000000000001,0.01,21.351866450514009,6.4543849058934528,-8.7413927879971857e-05,-0.99845066568762131,11422.100458162626,2135,10565895,11422.100458162626
2026-02-10 19:39:26,3,19,21.350000000000001,0.01,21.351866450514009,6.4543849058934528,-8.7413927879971857e-05,-0.99845066568762131,11422.100458162626,2135,10565895,11422.100458162626
2026-03-27 22:46:40,3,22,21.350000000000001,0.01,21.351866450514009,6.4543849058934528,-8.7413927879971857e-05,-0.99845066568762131,11422.100458162626,2135,10565895,11422.100458162626
2026-03-05 19:30:20,7,19,21.350000000000001,0.01,21.351866450514009,6.4543849058934528,-8.7413927879971857e-05,-0.99845066568762131,11422.100458162626,2135,10565895,11422.100458162626
2026-03-20 19:38:22,3,19,21.350000000000001,0.01,21.351866450514009,6.4543849058934528,-8.7413927879971857e-05,-0.99845066568762131,11422.100458162626,2135,10565895,11422.100458162626
2026-03-06 16:36:40,3,16,21.350000000000001,0.02,21.351866450514009,6.4543849058934528,-8.7413927879971857e-05,-0.99690133137524262,11404.376345427341,1067.5,10551558,11404.376345427341
2026-01-30 14:18:00,1,14,31.68,34816.239999999998,21.351866450514009,6.4543849058934528,0.48371104106626511,5393.1995260012372,11149.630808742291,0.00090992019816039872,266,11149.630808742291
2026-02-25 19:48:51,2,19,21.350000000000001,0.20000000000000001,21.351866450514009,6.4543849058934528,-8.7413927879971857e-05,-0.96901331375242561,11085.342316192206,106.75,10493436,11085.342316192206
2026-02-22 06:06:49,3,6,21.350000000000001,0.31,21.351866450514009,6.4543849058934528,-8.7413927879971857e-05,-0.95197063631625989,10890.377076104069,68.870967741935488,10417627,10890.377076104069
2026-03-11 09:01:00,3,9,45.219999999999999,78491.309999999998,21.351866450514009,6.4543849058934528,1.1178476413199656,12159.927980655468,10877.983305754355,0.00057611473168176202,215,10877.983305754355
2026-02-17 19:48:16,5,19,21.350000000000001,0.40999999999999998,21.351866450514009,6.4543849058934528,-8.7413927879971857e-05,-0.93647729319247264,10713.135948751216,52.073170731707322,10273208,10713.135948751216
2026-01-18 22:54:00,12,22,13.130000000000001,26556.080000000002,21.351866450514009,6.4543849058934528,-0.38506546814393744,4113.4245946274186,-10682.403214327755,0.00049442538205940034,283,10682.403214327755
2026-01-29 19:44:53,1,19,21.350000000000001,0.51000000000000001,21.351866450514009,6.4543849058934528,-8.7413927879971857e-05,-0.9209839500686855,10535.894821398364,41.86274509803922,10047312,10535.894821398364
2026-03-19 12:17:00,3,12,55.710000000000001,108568.14,21.351866450514009,6.4543849058934528,1.609139586420506,16819.834453313622,10452.68825355851,0.00051313396361031885,126,10452.68825355851
2026-02-11 19:51:14,3,19,21.350000000000001,0.56999999999999995,21.351866450514009,6.4543849058934528,-8.7413927879971857e-05,-0.91168794419441312,10429.550144986652,37.456140350877199,9911108,10429.550144986652
2026-03-15 00:38:05,2,0,21.350000000000001,0.56999999999999995,21.351866450514009,6.4543849058934528,-8.7413927879971857e-05,-0.91168794419441312,10429.550144986652,37.456140350877199,9911108,10429.550144986652
2026-02-25 20:47:35,1,20,21.350000000000001,0.65000000000000002,21.351866450514009,6.4543849058934528,-8.7413927879971857e-05,-0.89929326969538337,10287.757243104368,32.846153846153847,9637081,10287.757243104368
2026-02-03 12:52:00,1,12,62.939999999999998,128779.95,21.351866450514009,6.4543849058934528,1.9477516706032425,19951.31952814155,10243.256278128301,0.00048874067741135172,83,10243.256278128301
2026-02-17 21:16:41,3,21,21.350000000000001,0.68000000000000005,21.351866450514009,6.4543849058934528,-8.7413927879971857e-05,-0.89464526675824729,10234.584904898513,31.397058823529413,9550483,10234.584904898513
2026-02-15 02:30:06,1,2,21.350000000000001,0.72999999999999998,21.351866450514009,6.4543849058934528,-8.7413927879971857e-05,-0.88689859519635372,10145.964341222087,29.246575342465757,9328904,10145.964341222087
2026-02-28 23:16:00,2,23,50.020000000000003,87726.160000000003,21.351866450514009,6.4543849058934528,1.3426523445118241,13590.714978122527,10122.288940748831,0.00057018339797387687,195,10122.288940748831
2026-02-28 00:41:00,1,0,21.350000000000001,0.75,21.351866450514009,6.4543849058934528,-8.7413927879971857e-05,-0.88379992657159623,10110.516115751516,28.466666666666669,9266090,10110.516115751516
2026-01-19 00:17:02,12,0,21.350000000000001,0.76000000000000001,21.351866450514009,6.4543849058934528,-8.7413927879971857e-05,-0.88225059225921754,10092.792003016231,28.092105263157897,9234319,10092.792003016231
2026-02-26 23:42:00,3,23,56.939999999999998,108555.92999999999,21.351866450514009,6.4543849058934528,1.6667457916134196,16817.942716118207,10090.286593637258,0.00052452224397137959,127,10090.286593637258
2026-01-10 23:54:45,9,23,21.350000000000001,0.78000000000000003,21.351866450514009,6.4543849058934528,-8.7413927879971857e-05,-0.87915192363446004,10057.34377754566,27.371794871794872,9170929,10057.34377754566
2026-01-27 05:58:01,1,5,21.350000000000001,0.81999999999999995,21.351866450514009,6.4543849058934528,-8.7413927879971857e-05,-0.87295458638494516,9986.4473266045188,26.036585365853661,8965312,9986.4473266045188
2026-03-30 13:34:00,2,13,40.200000000000003,56777.769999999997,21.351866450514009,6.4543849058934528,0.88273938923181383,8795.7747241346915,9964.1806306944527,0.0007080235803554808,234,9964.1806306944527
2026-01-21 08:19:41,1,8,21.350000000000001,0.84999999999999998,21.351866450514009,6.4543849058934528,-8.7413927879971857e-05,-0.8683065834478092,9933.2749883986653,25.117647058823533,8867102,9933.2749883986653
2026-02-25 06:28:26,3,6,21.350000000000001,0.91000000000000003,21.351866450514009,6.4543849058934528,-8.7413927879971857e-05,-0.85901057757353672,9826.930311986951,23.461538461538463,8592952,9826.930311986951
2026-03-06 19:46:48,3,19,21.350000000000001,0.91000000000000003,21.351866450514009,6.4543849058934528,-8.7413927879971857e-05,-0.85901057757353672,9826.930311986951,23.461538461538463,8592952,9826.930311986951
2026-02-10 08:21:00,3,8,46.649999999999999,75008.419999999998,21.351866450514009,6.4543849058934528,1.1848207091458733,11620.311882331396,9807.6542658579747,0.00062193017797201964,226,9807.6542658579747
2026-02-19 09:56:35,3,9,21.350000000000001,0.96999999999999997,21.351866450514009,6.4543849058934528,-8.7413927879971857e-05,-0.84971457169926456,9720.5856355752421,22.010309278350519,8393949,9720.5856355752421
2026-02-25 08:08:14,3,8,21.350000000000001,0.96999999999999997,21.351866450514009,6.4543849058934528,-8.7413927879971857e-05,-0.84971457169926456,9720.5856355752421,22.010309278350519,8393949,9720.5856355752421
2026-03-05 11:41:49,7,11,21.350000000000001,1.01,21.351866450514009,6.4543849058934528,-8.7413927879971857e-05,-0.84351723444974969,9649.6891846341005,21.138613861386141,8187101,9649.6891846341005
2026-02-25 08:13:55,3,8,21.350000000000001,1.02,21.351866450514009,6.4543849058934528,-8.7413927879971857e-05,-0.84196790013737088,9631.9650718988141,20.93137254901961,8154668,9631.9650718988141
2026-01-10 19:33:46,8,19,21.350000000000001,1.05,21.351866450514009,6.4543849058934528,-8.7413927879971857e-05,-0.83731989720023481,9578.7927336929588,20.333333333333332,8056834,9578.7927336929588
2026-03-09 08:38:00,1,8,64.090000000000003,123699.53,21.351866450514009,6.4543849058934528,2.0016111307429587,19164.192625412041,9574.3835208883302,0.00051811029516441983,97,9574.3835208883302
2026-02-06 07:50:18,2,7,21.350000000000001,1.0600000000000001,21.351866450514009,6.4543849058934528,-8.7413927879971857e-05,-0.83577056288785612,9561.0686209576743,20.141509433962266,8024260,9561.0686209576743
2026-03-08 19:43:03,3,19,21.350000000000001,1.0700000000000001,21.351866450514009,6.4543849058934528,-8.7413927879971857e-05,-0.83422122857547731,9543.344508222388,19.953271028037385,7992045,9543.344508222388
2026-02-06 23:49:20,3,23,21.350000000000001,1.1000000000000001,21.351866450514009,6.4543849058934528,-8.7413927879971857e-05,-0.82957322563834113,9490.1721700165326,19.40909090909091,7822964,9490.1721700165326
2026-01-22 00:05:26,3,0,21.350000000000001,11.800000000000001,21.351866450514009,6.4543849058934528,-8.7413927879971857e-05,0.82821448860688562,-9474.6284567386974,1.8093220338983051,589734,9474.6284567386974
2026-01-19 12:51:28,3,12,21.350000000000001,1.1200000000000001,21.351866450514009,6.4543849058934528,-8.7413927879971857e-05,-0.82647455701358374,9454.7239445459618,19.0625,7759316,9454.7239445459618
2026-02-08 23:15:00,1,23,21.350000000000001,1.1299999999999999,21.351866450514009,6.4543849058934528,-8.7413927879971857e-05,-0.82492522270120505,9436.9998318106773,18.893805309734518,7727468,9436.9998318106773
2026-03-17 21:16:15,1,21,21.350000000000001,1.1299999999999999,21.351866450514009,6.4543849058934528,-8.7413927879971857e-05,-0.82492522270120505,9436.9998318106773,18.893805309734518,7727468,9436.9998318106773
2026-02-12 08:27:53,3,8,21.350000000000001,1.1399999999999999,21.351866450514009,6.4543849058934528,-8.7413927879971857e-05,-0.82337588838882636,9419.2757190753928,18.728070175438599,7695672,9419.2757190753928
2026-01-27 08:53:48,1,8,21.350000000000001,1.1499999999999999,21.351866450514009,6.4543849058934528,-8.7413927879971857e-05,-0.82182655407644767,9401.5516063401064,18.565217391304351,7664205,9401.5516063401064
2026-03-14 02:29:30,2,2,21.350000000000001,1.1599999999999999,21.351866450514009,6.4543849058934528,-8.7413927879971857e-05,-0.82027721976406887,9383.8274936048201,18.405172413793107,7632640,9383.8274936048201
2026-01-25 21:55:57,16,21,21.350000000000001,1.1699999999999999,21.351866450514009,6.4543849058934528,-8.7413927879971857e-05,-0.81872788545169017,9366.1033808695356,18.247863247863251,7601051,9366.1033808695356
2026-02-27 23:06:55,1,23,21.350000000000001,1.1699999999999999,21.351866450514009,6.4543849058934528,-8.7413927879971857e-05,-0.81872788545169017,9366.1033808695356,18.247863247863251,7601051,9366.1033808695356
2026-03-29 14:30:25,2,14,21.350000000000001,1.1699999999999999,21.351866450514009,6.4543849058934528,-8.7413927879971857e-05,-0.81872788545169017,9366.1033808695356,18.247863247863251,7601051,9366.1033808695356
2026-02-02 18:05:09,1,18,21.350000000000001,1.1799999999999999,21.351866450514009,6.4543849058934528,-8.7413927879971857e-05,-0.81717855113931148,9348.3792681342511,18.093220338983052,7570014,9348.3792681342511
2026-01-25 22:36:25,16,22,21.350000000000001,1.1899999999999999,21.351866450514009,6.4543849058934528,-8.7413927879971857e-05,-0.81562921682693268,9330.6551553989648,17.941176470588239,7538767,9330.6551553989648
2026-02-02 09:06:02,1,9,21.350000000000001,1.2,21.351866450514009,6.4543849058934528,-8.7413927879971857e-05,-0.81407988251455399,9312.9310426636803,17.791666666666668,7438327,9312.9310426636803
2026-03-21 01:07:07,9,1,21.350000000000001,1.2,21.351866450514009,6.4543849058934528,-8.7413927879971857e-05,-0.81407988251455399,9312.9310426636803,17.791666666666668,7438327,9312.9310426636803
2026-03-22 06:01:00,3,6,54.439999999999998,92955.279999999999,21.351866450514009,6.4543849058934528,1.5496600087009933,14400.880482077106,9292.9290303804664,0.00058565796370039439,180,9292.9290303804664
2026-01-10 15:57:00,3,15,21.350000000000001,1.22,21.351866450514009,6.4543849058934528,-8.7413927879971857e-05,-0.8109812138897966,9277.4828171931094,17.5,7376734,9277.4828171931094
2026-01-12 09:03:00,2,9,51.520000000000003,84598.699999999997,21.351866450514009,6.4543849058934528,1.4129038142592798,13106.166869263332,9276.0503135411873,0.00060899280958218041,201,9276.0503135411873
2026-02-01 06:32:11,3,6,21.350000000000001,1.23,21.351866450514009,6.4543849058934528,-8.7413927879971857e-05,-0.80943187957741791,9259.7587044578249,17.357723577235774,7346281,9259.7587044578249
2026-03-12 23:13:20,12,23,21.350000000000001,1.23,21.351866450514009,6.4543849058934528,-8.7413927879971857e-05,-0.80943187957741791,9259.7587044578249,17.357723577235774,7346281,9259.7587044578249
2026-03-12 07:30:51,5,7,21.350000000000001,1.24,21.351866450514009,6.4543849058934528,-8.7413927879971857e-05,-0.80788254526503911,9242.0345917225386,17.217741935483872,7315682,9242.0345917225386
2026-01-01 18:44:16,2,18,21.350000000000001,1.25,21.351866450514009,6.4543849058934528,-8.7413927879971857e-05,-0.80633321095266042,9224.3104789872541,17.080000000000002,7285274,9224.3104789872541
2026-01-01 12:14:35,15,12,21.350000000000001,1.27,21.351866450514009,6.4543849058934528,-8.7413927879971857e-05,-0.80323454232790292,9188.8622535166814,16.811023622047244,7224563,9188.8622535166814
2026-01-27 07:12:01,1,7,21.350000000000001,1.28,21.351866450514009,6.4543849058934528,-8.7413927879971857e-05,-0.80168520801552423,9171.1381407813969,16.6796875,7194639,9171.1381407813969
2026-01-31 19:25:50,3,19,21.350000000000001,1.28,21.351866450514009,6.4543849058934528,-8.7413927879971857e-05,-0.80168520801552423,9171.1381407813969,16.6796875,7194639,9171.1381407813969
2026-01-17 18:08:41,12,18,21.350000000000001,1.29,21.351866450514009,6.4543849058934528,-8.7413927879971857e-05,-0.80013587370314554,9153.4140280461124,16.550387596899224,7164775,9153.4140280461124
2026-02-09 08:59:10,1,8,21.350000000000001,1.29,21.351866450514009,6.4543849058934528,-8.7413927879971857e-05,-0.80013587370314554,9153.4140280461124,16.550387596899224,7164775,9153.4140280461124
2026-02-16 05:18:16,15,5,21.350000000000001,1.29,21.351866450514009,6.4543849058934528,-8.7413927879971857e-05,-0.80013587370314554,9153.4140280461124,16.550387596899224,7164775,9153.4140280461124
2026-01-25 18:19:55,16,18,21.350000000000001,1.3,21.351866450514009,6.4543849058934528,-8.7413927879971857e-05,-0.79858653939076685,9135.6899153108279,16.423076923076923,7068453,9135.6899153108279
2026-02-14 22:57:08,1,22,21.350000000000001,1.3,21.351866450514009,6.4543849058934528,-8.7413927879971857e-05,-0.79858653939076685,9135.6899153108279,16.423076923076923,7068453,9135.6899153108279
2026-02-23 23:44:46,3,23,21.350000000000001,1.3,21.351866450514009,6.4543849058934528,-8.7413927879971857e-05,-0.79858653939076685,9135.6899153108279,16.423076923076923,7068453,9135.6899153108279
2026-03-11 07:17:45,1,7,21.350000000000001,1.3100000000000001,21.351866450514009,6.4543849058934528,-8.7413927879971857e-05,-0.79703720507838816,9117.9658025755416,16.297709923664122,7038797,9117.9658025755416
2026-01-25 06:56:16,3,6,21.350000000000001,1.3200000000000001,21.351866450514009,6.4543849058934528,-8.7413927879971857e-05,-0.79548787076600935,9100.2416898402553,16.174242424242426,7009593,9100.2416898402553
2026-01-27 15:40:32,1,15,21.350000000000001,1.3200000000000001,21.351866450514009,6.4543849058934528,-8.7413927879971857e-05,-0.79548787076600935,9100.2416898402553,16.174242424242426,7009593,9100.2416898402553
2026-01-17 20:53:25,12,20,21.350000000000001,1.3400000000000001,21.351866450514009,6.4543849058934528,-8.7413927879971857e-05,-0.79238920214125197,9064.7934643696863,15.932835820895523,6951104,9064.7934643696863
2026-01-29 09:59:30,1,9,21.350000000000001,1.3400000000000001,21.351866450514009,6.4543849058934528,-8.7413927879971857e-05,-0.79238920214125197,9064.7934643696863,15.932835820895523,6951104,9064.7934643696863
2026-02-06 23:49:11,3,23,21.350000000000001,1.3700000000000001,21.351866450514009,6.4543849058934528,-8.7413927879971857e-05,-0.78774119920411578,9011.6211261638291,15.583941605839415,6864469,9011.6211261638291
2026-03-11 07:58:00,1,7,61.189999999999998,108359.49000000001,21.351866450514009,6.4543849058934528,1.8657916225645441,16787.507592885842,8997.5254416735406,0.00056469442593352914,128,8997.5254416735406
2026-01-25 18:18:46,16,18,21.350000000000001,1.3799999999999999,21.351866450514009,6.4543849058934528,-8.7413927879971857e-05,-0.78619186489173709,8993.8970134285446,15.471014492753625,6835878,8993.8970134285446
2026-02-24 07:43:02,3,7,21.350000000000001,1.3899999999999999,21.351866450514009,6.4543849058934528,-8.7413927879971857e-05,-0.7846425305793584,8976.1729006932601,15.359712230215829,6807117,8976.1729006932601
2026-01-26 00:05:47,16,0,21.350000000000001,1.4099999999999999,21.351866450514009,6.4543849058934528,-8.7413927879971857e-05,-0.7815438619546009,8940.7246752226893,15.141843971631207,6687955,8940.7246752226893
2026-02-21 20:18:20,3,20,21.350000000000001,1.4099999999999999,21.351866450514009,6.4543849058934528,-8.7413927879971857e-05,-0.7815438619546009,8940.7246752226893,15.141843971631207,6687955,8940.7246752226893
2026-02-27 22:37:40,1,22,21.350000000000001,1.4099999999999999,21.351866450514009,6.4543849058934528,-8.7413927879971857e-05,-0.7815438619546009,8940.7246752226893,15.141843971631207,6687955,8940.7246752226893
2026-03-07 01:00:51,3,1,21.350000000000001,1.4099999999999999,21.351866450514009,6.4543849058934528,-8.7413927879971857e-05,-0.7815438619546009,8940.7246752226893,15.141843971631207,6687955,8940.7246752226893
2026-02-14 17:59:39,2,17,21.350000000000001,1.4199999999999999,21.351866450514009,6.4543849058934528,-8.7413927879971857e-05,-0.77999452764222221,8923.0005624874029,15.035211267605636,6660095,8923.0005624874029
2026-02-14 23:21:15,1,23,21.350000000000001,1.4199999999999999,21.351866450514009,6.4543849058934528,-8.7413927879971857e-05,-0.77999452764222221,8923.0005624874029,15.035211267605636,6660095,8923.0005624874029
2026-03-09 15:25:48,1,15,21.350000000000001,1.4199999999999999,21.351866450514009,6.4543849058934528,-8.7413927879971857e-05,-0.77999452764222221,8923.0005624874029,15.035211267605636,6660095,8923.0005624874029
2026-01-14 19:22:01,3,19,21.350000000000001,1.4299999999999999,21.351866450514009,6.4543849058934528,-8.7413927879971857e-05,-0.77844519332984352,8905.2764497521184,14.930069930069932,6632548,8905.2764497521184
2026-03-04 07:51:32,8,7,21.350000000000001,1.4299999999999999,21.351866450514009,6.4543849058934528,-8.7413927879971857e-05,-0.77844519332984352,8905.2764497521184,14.930069930069932,6632548,8905.2764497521184
2026-01-06 07:39:38,3,7,21.350000000000001,1.46,21.351866450514009,6.4543849058934528,-8.7413927879971857e-05,-0.77379719039270733,8852.1041115462631,14.623287671232879,6550384,8852.1041115462631
2026-01-30 13:50:59,1,13,21.350000000000001,1.46,21.351866450514009,6.4543849058934528,-8.7413927879971857e-05,-0.77379719039270733,8852.1041115462631,14.623287671232879,6550384,8852.1041115462631
2026-01-26 00:16:41,16,0,21.350000000000001,1.47,21.351866450514009,6.4543849058934528,-8.7413927879971857e-05,-0.77224785608032875,8834.3799988109786,14.523809523809526,6523042,8834.3799988109786
2026-01-26 22:58:17,1,22,21.350000000000001,1.48,21.351866450514009,6.4543849058934528,-8.7413927879971857e-05,-0.77069852176795006,8816.6558860756941,14.425675675675677,6495839,8816.6558860756941
2026-02-28 18:08:20,3,18,21.350000000000001,1.49,21.351866450514009,6.4543849058934528,-8.7413927879971857e-05,-0.76914918745557115,8798.9317733404059,14.328859060402685,6469239,8798.9317733404059
2026-03-02 07:23:44,1,7,21.350000000000001,1.49,21.351866450514009,6.4543849058934528,-8.7413927879971857e-05,-0.76914918745557115,8798.9317733404059,14.328859060402685,6469239,8798.9317733404059
2026-01-29 22:29:53,1,22,21.350000000000001,1.5,21.351866450514009,6.4543849058934528,-8.7413927879971857e-05,-0.76759985314319257,8781.2076606051232,14.233333333333334,6382700,8781.2076606051232
2026-02-06 22:36:53,3,22,21.350000000000001,1.5,21.351866450514009,6.4543849058934528,-8.7413927879971857e-05,-0.76759985314319257,8781.2076606051232,14.233333333333334,6382700,8781.2076606051232
2026-02-24 07:59:25,3,7,21.350000000000001,1.5,21.351866450514009,6.4543849058934528,-8.7413927879971857e-05,-0.76759985314319257,8781.2076606051232,14.233333333333334,6382700,8781.2076606051232
2026-02-26 19:48:50,3,19,21.350000000000001,1.5,21.351866450514009,6.4543849058934528,-8.7413927879971857e-05,-0.76759985314319257,8781.2076606051232,14.233333333333334,6382700,8781.2076606051232
2026-03-04 11:40:51,3,11,21.350000000000001,1.5,21.351866450514009,6.4543849058934528,-8.7413927879971857e-05,-0.76759985314319257,8781.2076606051232,14.233333333333334,6382700,8781.2076606051232
2026-02-24 06:34:31,3,6,21.350000000000001,1.51,21.351866450514009,6.4543849058934528,-8.7413927879971857e-05,-0.76605051883081388,8763.4835478698369,14.139072847682121,6356415,8763.4835478698369
2026-03-05 07:36:46,3,7,21.350000000000001,1.51,21.351866450514009,6.4543849058934528,-8.7413927879971857e-05,-0.76605051883081388,8763.4835478698369,14.139072847682121,6356415,8763.4835478698369
2026-03-20 08:44:16,3,8,21.350000000000001,1.51,21.351866450514009,6.4543849058934528,-8.7413927879971857e-05,-0.76605051883081388,8763.4835478698369,14.139072847682121,6356415,8763.4835478698369
2026-02-11 08:56:22,2,8,21.350000000000001,1.52,21.351866450514009,6.4543849058934528,-8.7413927879971857e-05,-0.76450118451843496,8745.7594351345506,14.046052631578949,6330117,8745.7594351345506
2026-01-24 01:18:18,3,1,21.350000000000001,1.53,21.351866450514009,6.4543849058934528,-8.7413927879971857e-05,-0.76295185020605638,8728.0353223992661,13.954248366013072,6303883,8728.0353223992661
2026-01-31 18:16:15,2,18,21.350000000000001,1.55,21.351866450514009,6.4543849058934528,-8.7413927879971857e-05,-0.759853181581299,8692.5870969286971,13.774193548387098,6252271,8692.5870969286971
2026-03-28 19:09:56,3,19,21.350000000000001,1.55,21.351866450514009,6.4543849058934528,-8.7413927879971857e-05,-0.759853181581299,8692.5870969286971,13.774193548387098,6252271,8692.5870969286971
2026-01-25 14:39:12,15,14,21.350000000000001,1.5600000000000001,21.351866450514009,6.4543849058934528,-8.7413927879971857e-05,-0.75830384726892031,8674.8629841934107,13.685897435897436,6226516,8674.8629841934107
2026-01-25 19:41:08,16,19,21.350000000000001,1.5600000000000001,21.351866450514009,6.4543849058934528,-8.7413927879971857e-05,-0.75830384726892031,8674.8629841934107,13.685897435897436,6226516,8674.8629841934107
2026-01-16 05:38:23,1,5,21.350000000000001,1.5700000000000001,21.351866450514009,6.4543849058934528,-8.7413927879971857e-05,-0.7567545129565415,8657.1388714581244,13.598726114649683,6201245,8657.1388714581244
2026-03-14 19:03:14,2,19,21.350000000000001,1.5700000000000001,21.351866450514009,6.4543849058934528,-8.7413927879971857e-05,-0.7567545129565415,8657.1388714581244,13.598726114649683,6201245,8657.1388714581244
2026-03-05 20:07:09,5,20,21.350000000000001,1.5800000000000001,21.351866450514009,6.4543849058934528,-8.7413927879971857e-05,-0.75520517864416281,8639.4147587228399,13.512658227848101,6176262,8639.4147587228399
2026-02-15 19:57:23,3,19,21.350000000000001,1.5900000000000001,21.351866450514009,6.4543849058934528,-8.7413927879971857e-05,-0.75365584433178412,8621.6906459875554,13.427672955974844,6151013,8621.6906459875554
2026-02-25 04:59:07,3,4,21.350000000000001,1.5900000000000001,21.351866450514009,6.4543849058934528,-8.7413927879971857e-05,-0.75365584433178412,8621.6906459875554,13.427672955974844,6151013,8621.6906459875554
2026-02-27 17:40:20,1,17,21.350000000000001,1.5900000000000001,21.351866450514009,6.4543849058934528,-8.7413927879971857e-05,-0.75365584433178412,8621.6906459875554,13.427672955974844,6151013,8621.6906459875554
2026-01-27 22:35:08,3,22,21.350000000000001,1.6000000000000001,21.351866450514009,6.4543849058934528,-8.7413927879971857e-05,-0.75210651001940532,8603.9665332522691,13.34375,6069658,8603.9665332522691
2026-02-03 08:30:53,1,8,21.350000000000001,1.6000000000000001,21.351866450514009,6.4543849058934528,-8.7413927879971857e-05,-0.75210651001940532,8603.9665332522691,13.34375,6069658,8603.9665332522691
2026-02-09 07:06:17,1,7,21.350000000000001,1.6000000000000001,21.351866450514009,6.4543849058934528,-8.7413927879971857e-05,-0.75210651001940532,8603.9665332522691,13.34375,6069658,8603.9665332522691
2026-01-25 12:27:31,15,12,21.350000000000001,1.6100000000000001,21.351866450514009,6.4543849058934528,-8.7413927879971857e-05,-0.75055717570702662,8586.2424205169846,13.260869565217391,6044424,8586.2424205169846
2026-01-25 14:26:54,15,14,21.350000000000001,1.6100000000000001,21.351866450514009,6.4543849058934528,-8.7413927879971857e-05,-0.75055717570702662,8586.2424205169846,13.260869565217391,6044424,8586.2424205169846
2026-01-30 14:32:33,1,14,21.350000000000001,1.6100000000000001,21.351866450514009,6.4543849058934528,-8.7413927879971857e-05,-0.75055717570702662,8586.2424205169846,13.260869565217391,6044424,8586.2424205169846
2026-03-20 15:31:07,3,15,21.350000000000001,1.6299999999999999,21.351866450514009,6.4543849058934528,-8.7413927879971857e-05,-0.74745850708226924,8550.7941950464137,13.098159509202455,5994694,8550.7941950464137
2026-02-06 20:23:11,3,20,21.350000000000001,1.6399999999999999,21.351866450514009,6.4543849058934528,-8.7413927879971857e-05,-0.74590917276989055,8533.0700823111292,13.01829268292683,5970040,8533.0700823111292
2026-02-10 15:12:10,3,15,21.350000000000001,1.6399999999999999,21.351866450514009,6.4543849058934528,-8.7413927879971857e-05,-0.74590917276989055,8533.0700823111292,13.01829268292683,5970040,8533.0700823111292
2026-01-13 07:59:31,3,7,21.350000000000001,1.6499999999999999,21.351866450514009,6.4543849058934528,-8.7413927879971857e-05,-0.74435983845751186,8515.3459695758447,12.939393939393941,5945782,8515.3459695758447
2026-01-25 20:18:59,16,20,21.350000000000001,1.6499999999999999,21.351866450514009,6.4543849058934528,-8.7413927879971857e-05,-0.74435983845751186,8515.3459695758447,12.939393939393941,5945782,8515.3459695758447
2026-02-24 08:11:39,2,8,21.350000000000001,1.6499999999999999,21.351866450514009,6.4543849058934528,-8.7413927879971857e-05,-0.74435983845751186,8515.3459695758447,12.939393939393941,5945782,8515.3459695758447
2026-01-25 16:34:29,16,16,21.350000000000001,1.6599999999999999,21.351866450514009,6.4543849058934528,-8.7413927879971857e-05,-0.74281050414513305,8497.6218568405584,12.861445783132531,5921715,8497.6218568405584
2026-01-25 22:26:14,16,22,21.350000000000001,1.6699999999999999,21.351866450514009,6.4543849058934528,-8.7413927879971857e-05,-0.74126116983275436,8479.8977441052721,12.784431137724551,5897732,8479.8977441052721
2026-03-23 20:05:15,3,20,21.350000000000001,1.6699999999999999,21.351866450514009,6.4543849058934528,-8.7413927879971857e-05,-0.74126116983275436,8479.8977441052721,12.784431137724551,5897732,8479.8977441052721
2026-03-02 06:39:00,1,6,6.1500000000000004,38866.029999999999,21.351866450514009,6.4543849058934528,-0.71196897403543147,6020.6473864940572,-8456.3339219251375,0.00015823586818617698,253,8456.3339219251375
2026-02-03 17:54:07,2,17,21.350000000000001,1.6899999999999999,21.351866450514009,6.4543849058934528,-8.7413927879971857e-05,-0.73816250120799687,8444.4495186347012,12.633136094674558,5850193,8444.4495186347012
2026-03-08 01:05:58,5,1,21.350000000000001,1.6899999999999999,21.351866450514009,6.4543849058934528,-8.7413927879971857e-05,-0.73816250120799687,8444.4495186347012,12.633136094674558,5850193,8444.4495186347012
2026-01-27 05:28:00,1,5,21.350000000000001,1.7,21.351866450514009,6.4543849058934528,-8.7413927879971857e-05,-0.73661316689561818,8426.7254058994167,12.558823529411766,5773407,8426.7254058994167
2026-01-29 09:47:11,1,9,21.350000000000001,1.7,21.351866450514009,6.4543849058934528,-8.7413927879971857e-05,-0.73661316689561818,8426.7254058994167,12.558823529411766,5773407,8426.7254058994167
2026-02-04 19:31:45,1,19,21.350000000000001,1.7,21.351866450514009,6.4543849058934528,-8.7413927879971857e-05,-0.73661316689561818,8426.7254058994167,12.558823529411766,5773407,8426.7254058994167
2026-02-12 13:33:59,3,13,21.350000000000001,1.7,21.351866450514009,6.4543849058934528,-8.7413927879971857e-05,-0.73661316689561818,8426.7254058994167,12.558823529411766,5773407,8426.7254058994167
2026-03-04 10:00:49,3,10,21.350000000000001,1.7,21.351866450514009,6.4543849058934528,-8.7413927879971857e-05,-0.73661316689561818,8426.7254058994167,12.558823529411766,5773407,8426.7254058994167
2026-03-20 22:28:06,3,22,21.350000000000001,1.7,21.351866450514009,6.4543849058934528,-8.7413927879971857e-05,-0.73661316689561818,8426.7254058994167,12.558823529411766,5773407,8426.7254058994167
2026-01-22 15:38:38,3,15,21.350000000000001,1.71,21.351866450514009,6.4543849058934528,-8.7413927879971857e-05,-0.73506383258323948,8409.0012931641322,12.485380116959066,5750128,8409.0012931641322
2026-03-20 03:36:00,3,3,56.549999999999997,89420.649999999994,21.351866450514009,6.4543849058934528,1.648480409479081,13853.248128020787,8403.6474127092642,0.00063240426008981149,186,8403.6474127092642
2026-01-27 19:18:05,3,19,21.350000000000001,1.72,21.351866450514009,6.4543849058934528,-8.7413927879971857e-05,-0.73351449827086079,8391.2771804288459,12.412790697674419,5726742,8391.2771804288459
2026-01-17 14:29:00,3,14,21.350000000000001,1.73,21.351866450514009,6.4543849058934528,-8.7413927879971857e-05,-0.7319651639584821,8373.5530676935614,12.341040462427747,5703647,8373.5530676935614
2026-01-21 11:46:41,1,11,21.350000000000001,1.73,21.351866450514009,6.4543849058934528,-8.7413927879971857e-05,-0.7319651639584821,8373.5530676935614,12.341040462427747,5703647,8373.5530676935614
2026-03-05 12:46:53,9,12,21.350000000000001,1.75,21.351866450514009,6.4543849058934528,-8.7413927879971857e-05,-0.72886649533372461,8338.1048422229906,12.200000000000001,5658310,8338.1048422229906
2026-01-11 10:34:25,7,10,21.350000000000001,1.76,21.351866450514009,6.4543849058934528,-8.7413927879971857e-05,-0.72731716102134591,8320.380729487706,12.130681818181818,5635782,8320.380729487706
2026-01-14 09:15:21,3,9,21.350000000000001,1.76,21.351866450514009,6.4543849058934528,-8.7413927879971857e-05,-0.72731716102134591,8320.380729487706,12.130681818181818,5635782,8320.380729487706
2026-03-07 19:12:51,3,19,21.350000000000001,1.76,21.351866450514009,6.4543849058934528,-8.7413927879971857e-05,-0.72731716102134591,8320.380729487706,12.130681818181818,5635782,8320.380729487706
2026-03-11 07:36:39,1,7,21.350000000000001,1.77,21.351866450514009,6.4543849058934528,-8.7413927879971857e-05,-0.72576782670896711,8302.6566167524197,12.062146892655369,5613271,8302.6566167524197
2026-01-15 06:47:40,3,6,21.350000000000001,1.79,21.351866450514009,6.4543849058934528,-8.7413927879971857e-05,-0.72266915808420973,8267.2083912818489,11.927374301675979,5568561,8267.2083912818489
2026-01-22 15:02:23,3,15,21.350000000000001,1.8,21.351866450514009,6.4543849058934528,-8.7413927879971857e-05,-0.72111982377183104,8249.4842785465644,11.861111111111112,5497527,8249.4842785465644
2026-02-04 13:24:47,3,13,21.350000000000001,1.8,21.351866450514009,6.4543849058934528,-8.7413927879971857e-05,-0.72111982377183104,8249.4842785465644,11.861111111111112,5497527,8249.4842785465644
2026-03-27 00:28:21,3,0,21.350000000000001,1.8,21.351866450514009,6.4543849058934528,-8.7413927879971857e-05,-0.72111982377183104,8249.4842785465644,11.861111111111112,5497527,8249.4842785465644
2026-02-07 04:12:36,14,4,21.350000000000001,1.8100000000000001,21.351866450514009,6.4543849058934528,-8.7413927879971857e-05,-0.71957048945945234,8231.7601658112799,11.795580110497237,5475509,8231.7601658112799
2026-01-06 12:46:59,3,12,21.350000000000001,1.8300000000000001,21.351866450514009,6.4543849058934528,-8.7413927879971857e-05,-0.71647182083469485,8196.3119403407072,11.666666666666668,5433055,8196.3119403407072
2026-03-18 23:07:25,1,23,21.350000000000001,1.8300000000000001,21.351866450514009,6.4543849058934528,-8.7413927879971857e-05,-0.71647182083469485,8196.3119403407072,11.666666666666668,5433055,8196.3119403407072
2026-01-02 18:23:00,3,18,5.8799999999999999,38266.629999999997,21.351866450514009,6.4543849058934528,-0.72461423858997354,5927.7802878100765,-8180.6014457360661,0.00015365868381929634,255,8180.6014457360661
2026-02-27 08:28:18,1,8,21.350000000000001,1.8600000000000001,21.351866450514009,6.4543849058934528,-8.7413927879971857e-05,-0.71182381789755866,8143.1396021348519,11.478494623655914,5369585,8143.1396021348519
2026-03-04 12:43:14,3,12,21.350000000000001,1.8700000000000001,21.351866450514009,6.4543849058934528,-8.7413927879971857e-05,-0.71027448358517997,8125.4154893995665,11.417112299465241,5348536,8125.4154893995665
2026-01-30 23:55:09,1,23,21.350000000000001,1.8799999999999999,21.351866450514009,6.4543849058934528,-8.7413927879971857e-05,-0.70872514927280128,8107.691376664282,11.356382978723406,5327870,8107.691376664282
2026-02-12 07:08:30,3,7,21.350000000000001,1.8799999999999999,21.351866450514009,6.4543849058934528,-8.7413927879971857e-05,-0.70872514927280128,8107.691376664282,11.356382978723406,5327870,8107.691376664282
2026-01-07 16:19:20,3,16,21.350000000000001,1.8999999999999999,21.351866450514009,6.4543849058934528,-8.7413927879971857e-05,-0.7056264806480439,8072.243151193712,11.236842105263159,5240982,8072.243151193712
2026-01-26 07:45:31,3,7,21.350000000000001,1.8999999999999999,21.351866450514009,6.4543849058934528,-8.7413927879971857e-05,-0.7056264806480439,8072.243151193712,11.236842105263159,5240982,8072.243151193712
2026-01-29 18:35:00,1,18,21.350000000000001,1.8999999999999999,21.351866450514009,6.4543849058934528,-8.7413927879971857e-05,-0.7056264806480439,8072.243151193712,11.236842105263159,5240982,8072.243151193712
2026-02-07 13:06:48,3,13,21.350000000000001,1.8999999999999999,21.351866450514009,6.4543849058934528,-8.7413927879971857e-05,-0.7056264806480439,8072.243151193712,11.236842105263159,5240982,8072.243151193712
2026-02-28 17:46:00,5,17,21.350000000000001,1.8999999999999999,21.351866450514009,6.4543849058934528,-8.7413927879971857e-05,-0.7056264806480439,8072.243151193712,11.236842105263159,5240982,8072.243151193712
2026-03-12 07:37:19,5,7,21.350000000000001,1.8999999999999999,21.351866450514009,6.4543849058934528,-8.7413927879971857e-05,-0.7056264806480439,8072.243151193712,11.236842105263159,5240982,8072.243151193712
2026-03-28 13:33:59,1,13,21.350000000000001,1.8999999999999999,21.351866450514009,6.4543849058934528,-8.7413927879971857e-05,-0.7056264806480439,8072.243151193712,11.236842105263159,5240982,8072.243151193712
2026-01-17 16:18:00,14,16,13.91,18096.549999999999,21.351866450514009,6.4543849058934528,-0.34853470387526048,2802.7605850677064,-8041.5538364030626,0.00076865479884287338,294,8041.5538364030626
2026-02-27 22:33:17,1,22,21.350000000000001,1.9299999999999999,21.351866450514009,6.4543849058934528,-8.7413927879971857e-05,-0.70097847771090771,8019.0708129878558,11.062176165803109,5180711,8019.0708129878558
2026-03-03 11:59:13,3,11,21.350000000000001,1.9299999999999999,21.351866450514009,6.4543849058934528,-8.7413927879971857e-05,-0.70097847771090771,8019.0708129878558,11.062176165803109,5180711,8019.0708129878558
2026-03-05 11:28:25,7,11,21.350000000000001,1.95,21.351866450514009,6.4543849058934528,-8.7413927879971857e-05,-0.69787980908615022,7983.622587517285,10.948717948717949,5141261,7983.622587517285
2026-03-07 17:43:54,5,17,21.350000000000001,1.95,21.351866450514009,6.4543849058934528,-8.7413927879971857e-05,-0.69787980908615022,7983.622587517285,10.948717948717949,5141261,7983.622587517285
2026-01-25 00:31:24,3,0,21.350000000000001,1.96,21.351866450514009,6.4543849058934528,-8.7413927879971857e-05,-0.69633047477377152,7965.8984747819995,10.892857142857144,5121834,7965.8984747819995
2026-01-26 00:05:22,16,0,21.350000000000001,1.96,21.351866450514009,6.4543849058934528,-8.7413927879971857e-05,-0.69633047477377152,7965.8984747819995,10.892857142857144,5121834,7965.8984747819995
2026-03-09 21:43:29,1,21,21.350000000000001,1.96,21.351866450514009,6.4543849058934528,-8.7413927879971857e-05,-0.69633047477377152,7965.8984747819995,10.892857142857144,5121834,7965.8984747819995
2026-01-04 20:25:00,2,20,8.9800000000000004,29748.419999999998,21.351866450514009,6.4543849058934528,-0.57942786777856503,4608.0247845053254,-7952.7151536079291,0.00030186477130550129,276,7952.7151536079291
2026-01-30 21:28:43,1,21,21.350000000000001,1.98,21.351866450514009,6.4543849058934528,-8.7413927879971857e-05,-0.69323180614901414,7930.4502493114296,10.782828282828284,5083310,7930.4502493114296
2026-02-09 16:59:54,1,16,21.350000000000001,1.98,21.351866450514009,6.4543849058934528,-8.7413927879971857e-05,-0.69323180614901414,7930.4502493114296,10.782828282828284,5083310,7930.4502493114296
2026-03-24 21:49:00,1,21,21.350000000000001,1.98,21.351866450514009,6.4543849058934528,-8.7413927879971857e-05,-0.69323180614901414,7930.4502493114296,10.782828282828284,5083310,7930.4502493114296
2026-02-12 08:42:45,3,8,21.350000000000001,1.99,21.351866450514009,6.4543849058934528,-8.7413927879971857e-05,-0.69168247183663534,7912.7261365761433,10.728643216080403,5064044,7912.7261365761433
2026-03-12 09:37:00,3,9,34.920000000000002,32455.66,21.351866450514009,6.4543849058934528,0.63545421572076954,5027.4667668897418,7911.6113207106409,0.0010759294372691853,270,7911.6113207106409
2026-01-10 17:23:28,3,17,21.350000000000001,2,21.351866450514009,6.4543849058934528,-8.7413927879971857e-05,-0.69013313752425665,7895.0020238408588,10.675000000000001,5002301,7895.0020238408588
2026-01-25 12:02:14,15,12,21.350000000000001,2,21.351866450514009,6.4543849058934528,-8.7413927879971857e-05,-0.69013313752425665,7895.0020238408588,10.675000000000001,5002301,7895.0020238408588
2026-01-27 22:41:29,3,22,21.350000000000001,2,21.351866450514009,6.4543849058934528,-8.7413927879971857e-05,-0.69013313752425665,7895.0020238408588,10.675000000000001,5002301,7895.0020238408588
2026-02-10 12:35:38,3,12,21.350000000000001,2,21.351866450514009,6.4543849058934528,-8.7413927879971857e-05,-0.69013313752425665,7895.0020238408588,10.675000000000001,5002301,7895.0020238408588
2026-03-03 21:36:11,9,21,21.350000000000001,2,21.351866450514009,6.4543849058934528,-8.7413927879971857e-05,-0.69013313752425665,7895.0020238408588,10.675000000000001,5002301,7895.0020238408588
2026-03-08 03:56:48,5,3,21.350000000000001,2,21.351866450514009,6.4543849058934528,-8.7413927879971857e-05,-0.69013313752425665,7895.0020238408588,10.675000000000001,5002301,7895.0020238408588
2026-03-14 21:23:10,1,21,21.350000000000001,2,21.351866450514009,6.4543849058934528,-8.7413927879971857e-05,-0.69013313752425665,7895.0020238408588,10.675000000000001,5002301,7895.0020238408588
2026-02-20 17:23:54,8,17,21.350000000000001,2.0099999999999998,21.351866450514009,6.4543849058934528,-8.7413927879971857e-05,-0.68858380321187795,7877.2779111055734,10.621890547263684,4983297,7877.2779111055734
2026-02-09 15:01:19,1,15,21.350000000000001,2.02,21.351866450514009,6.4543849058934528,-8.7413927879971857e-05,-0.68703446889949915,7859.553798370287,10.56930693069307,4964692,7859.553798370287
2026-01-13 08:09:05,3,8,21.350000000000001,2.04,21.351866450514009,6.4543849058934528,-8.7413927879971857e-05,-0.68393580027474177,7824.1055728997171,10.465686274509805,4927557,7824.1055728997171
2026-01-18 00:16:28,1,0,21.350000000000001,2.04,21.351866450514009,6.4543849058934528,-8.7413927879971857e-05,-0.68393580027474177,7824.1055728997171,10.465686274509805,4927557,7824.1055728997171
2026-03-09 08:49:41,1,8,21.350000000000001,2.04,21.351866450514009,6.4543849058934528,-8.7413927879971857e-05,-0.68393580027474177,7824.1055728997171,10.465686274509805,4927557,7824.1055728997171
2026-01-11 17:25:11,3,17,21.350000000000001,2.0600000000000001,21.351866450514009,6.4543849058934528,-8.7413927879971857e-05,-0.68083713164998449,7788.6573474291481,10.364077669902914,4891118,7788.6573474291481
2026-01-27 22:05:12,3,22,21.350000000000001,2.0600000000000001,21.351866450514009,6.4543849058934528,-8.7413927879971857e-05,-0.68083713164998449,7788.6573474291481,10.364077669902914,4891118,7788.6573474291481
2026-03-08 14:24:05,5,14,21.350000000000001,2.0800000000000001,21.351866450514009,6.4543849058934528,-8.7413927879971857e-05,-0.67773846302522689,7753.2091219585764,10.264423076923077,4855161,7753.2091219585764
2026-03-14 13:12:19,1,13,21.350000000000001,2.0800000000000001,21.351866450514009,6.4543849058934528,-8.7413927879971857e-05,-0.67773846302522689,7753.2091219585764,10.264423076923077,4855161,7753.2091219585764
2026-02-21 13:22:10,1,13,21.350000000000001,2.0899999999999999,21.351866450514009,6.4543849058934528,-8.7413927879971857e-05,-0.67618912871284831,7735.4850092232928,10.21531100478469,4837417,7735.4850092232928
2026-02-21 20:32:10,3,20,21.350000000000001,2.0899999999999999,21.351866450514009,6.4543849058934528,-8.7413927879971857e-05,-0.67618912871284831,7735.4850092232928,10.21531100478469,4837417,7735.4850092232928
2026-03-31 09:03:15,9,9,21.350000000000001,2.0899999999999999,21.351866450514009,6.4543849058934528,-8.7413927879971857e-05,-0.67618912871284831,7735.4850092232928,10.21531100478469,4837417,7735.4850092232928
2026-03-18 08:55:00,1,8,55.950000000000003,80868.070000000007,21.351866450514009,6.4543849058934528,1.6203798215800991,12528.167562684392,7731.6240277959396,0.00069186763082141071,211,7731.6240277959396
2026-02-06 18:18:59,3,18,21.350000000000001,2.1000000000000001,21.351866450514009,6.4543849058934528,-8.7413927879971857e-05,-0.67463979440046939,7717.7608964880046,10.166666666666666,4779821,7717.7608964880046
2026-02-11 13:28:51,1,13,21.350000000000001,2.1000000000000001,21.351866450514009,6.4543849058934528,-8.7413927879971857e-05,-0.67463979440046939,7717.7608964880046,10.166666666666666,4779821,7717.7608964880046
2026-02-13 18:18:36,1,18,21.350000000000001,2.1000000000000001,21.351866450514009,6.4543849058934528,-8.7413927879971857e-05,-0.67463979440046939,7717.7608964880046,10.166666666666666,4779821,7717.7608964880046
2026-03-03 22:01:32,12,22,21.350000000000001,2.1000000000000001,21.351866450514009,6.4543849058934528,-8.7413927879971857e-05,-0.67463979440046939,7717.7608964880046,10.166666666666666,4779821,7717.7608964880046
2026-03-16 10:00:05,5,10,21.350000000000001,2.1099999999999999,21.351866450514009,6.4543849058934528,-8.7413927879971857e-05,-0.6730904600880907,7700.0367837527201,10.118483412322275,4762375,7700.0367837527201
2026-03-11 21:39:15,3,21,21.350000000000001,2.1200000000000001,21.351866450514009,6.4543849058934528,-8.7413927879971857e-05,-0.67154112577571212,7682.3126710174365,10.070754716981133,4745115,7682.3126710174365
2026-03-18 08:21:57,1,8,21.350000000000001,2.1200000000000001,21.351866450514009,6.4543849058934528,-8.7413927879971857e-05,-0.67154112577571212,7682.3126710174365,10.070754716981133,4745115,7682.3126710174365
2026-01-29 08:52:29,1,8,21.350000000000001,2.1299999999999999,21.351866450514009,6.4543849058934528,-8.7413927879971857e-05,-0.66999179146333343,7664.5885582821511,10.023474178403758,4727899,7664.5885582821511
2026-02-13 07:33:35,3,7,21.350000000000001,2.1299999999999999,21.351866450514009,6.4543849058934528,-8.7413927879971857e-05,-0.66999179146333343,7664.5885582821511,10.023474178403758,4727899,7664.5885582821511
2026-02-20 07:45:40,3,7,21.350000000000001,2.1299999999999999,21.351866450514009,6.4543849058934528,-8.7413927879971857e-05,-0.66999179146333343,7664.5885582821511,10.023474178403758,4727899,7664.5885582821511
2026-02-12 18:50:00,3,18,64.870000000000005,100434.89,21.351866450514009,6.4543849058934528,2.0381418950116359,15559.722123698202,7634.2683312583449,0.00064589108426364587,159,7634.2683312583449
2026-02-21 01:29:43,3,1,21.350000000000001,2.1499999999999999,21.351866450514009,6.4543849058934528,-8.7413927879971857e-05,-0.66689312283857605,7629.1403328115812,9.9302325581395365,4693693,7629.1403328115812
2026-03-23 08:35:58,9,8,21.350000000000001,2.1499999999999999,21.351866450514009,6.4543849058934528,-8.7413927879971857e-05,-0.66689312283857605,7629.1403328115812,9.9302325581395365,4693693,7629.1403328115812
2026-03-09 08:16:38,1,8,21.350000000000001,2.1600000000000001,21.351866450514009,6.4543849058934528,-8.7413927879971857e-05,-0.66534378852619724,7611.4162200762948,9.8842592592592595,4676632,7611.4162200762948
2026-02-19 20:13:11,3,20,21.350000000000001,2.1699999999999999,21.351866450514009,6.4543849058934528,-8.7413927879971857e-05,-0.66379445421381855,7593.6921073410103,9.8387096774193559,4660094,7593.6921073410103
2026-01-17 21:16:01,3,21,21.350000000000001,2.1800000000000002,21.351866450514009,6.4543849058934528,-8.7413927879971857e-05,-0.66224511990143964,7575.9679946057222,9.7935779816513762,4643032,7575.9679946057222
2026-02-07 21:46:43,3,21,21.350000000000001,2.1800000000000002,21.351866450514009,6.4543849058934528,-8.7413927879971857e-05,-0.66224511990143964,7575.9679946057222,9.7935779816513762,4643032,7575.9679946057222
2026-03-02 21:38:26,3,21,21.350000000000001,2.1800000000000002,21.351866450514009,6.4543849058934528,-8.7413927879971857e-05,-0.66224511990143964,7575.9679946057222,9.7935779816513762,4643032,7575.9679946057222
2026-01-17 12:07:31,3,12,21.350000000000001,2.2000000000000002,21.351866450514009,6.4543849058934528,-8.7413927879971857e-05,-0.65914645127668237,7540.5197691351541,9.704545454545455,4573270,7540.5197691351541
2026-02-09 08:37:50,1,8,21.350000000000001,2.2000000000000002,21.351866450514009,6.4543849058934528,-8.7413927879971857e-05,-0.65914645127668237,7540.5197691351541,9.704545454545455,4573270,7540.5197691351541
2026-02-22 20:30:30,13,20,21.350000000000001,2.2000000000000002,21.351866450514009,6.4543849058934528,-8.7413927879971857e-05,-0.65914645127668237,7540.5197691351541,9.704545454545455,4573270,7540.5197691351541
2026-03-12 21:10:38,13,21,21.350000000000001,2.2000000000000002,21.351866450514009,6.4543849058934528,-8.7413927879971857e-05,-0.65914645127668237,7540.5197691351541,9.704545454545455,4573270,7540.5197691351541
2026-03-13 23:33:58,3,23,21.350000000000001,2.21,21.351866450514009,6.4543849058934528,-8.7413927879971857e-05,-0.65759711696430367,7522.7956563998687,9.6606334841628971,4556838,7522.7956563998687
2026-03-18 06:10:18,1,6,21.350000000000001,2.21,21.351866450514009,6.4543849058934528,-8.7413927879971857e-05,-0.65759711696430367,7522.7956563998687,9.6606334841628971,4556838,7522.7956563998687
2026-02-15 21:55:34,3,21,21.350000000000001,2.2200000000000002,21.351866450514009,6.4543849058934528,-8.7413927879971857e-05,-0.65604778265192498,7505.0715436645842,9.6171171171171164,4540697,7505.0715436645842
2026-03-05 14:11:30,8,14,21.350000000000001,2.2200000000000002,21.351866450514009,6.4543849058934528,-8.7413927879971857e-05,-0.65604778265192498,7505.0715436645842,9.6171171171171164,4540697,7505.0715436645842
2026-01-06 08:34:43,3,8,21.350000000000001,2.23,21.351866450514009,6.4543849058934528,-8.7413927879971857e-05,-0.65449844833954629,7487.3474309292988,9.5739910313901344,4524660,7487.3474309292988
2026-02-25 20:01:42,1,20,21.350000000000001,2.23,21.351866450514009,6.4543849058934528,-8.7413927879971857e-05,-0.65449844833954629,7487.3474309292988,9.5739910313901344,4524660,7487.3474309292988
2026-03-11 21:23:04,3,21,21.350000000000001,2.2599999999999998,21.351866450514009,6.4543849058934528,-8.7413927879971857e-05,-0.6498504454024101,7434.1750927234425,9.4469026548672588,4476894,7434.1750927234425
2026-03-31 21:29:55,3,21,21.350000000000001,2.2599999999999998,21.351866450514009,6.4543849058934528,-8.7413927879971857e-05,-0.6498504454024101,7434.1750927234425,9.4469026548672588,4476894,7434.1750927234425
2026-03-08 00:38:11,5,0,21.350000000000001,2.27,21.351866450514009,6.4543849058934528,-8.7413927879971857e-05,-0.6483011110900313,7416.4509799881562,9.4052863436123353,4461255,7416.4509799881562
2026-01-20 15:31:39,1,15,21.350000000000001,2.2799999999999998,21.351866450514009,6.4543849058934528,-8.7413927879971857e-05,-0.64675177677765261,7398.7268672528717,9.3640350877192997,4445824,7398.7268672528717
2026-02-25 14:47:25,14,14,21.350000000000001,2.2799999999999998,21.351866450514009,6.4543849058934528,-8.7413927879971857e-05,-0.64675177677765261,7398.7268672528717,9.3640350877192997,4445824,7398.7268672528717
2026-03-12 08:01:00,3,8,61.340000000000003,89359.729999999996,21.351866450514009,6.4543849058934528,1.8728167695392901,13843.809583389775,7391.9722465937393,0.00068643895857787402,187,7391.9722465937393
2026-03-11 07:59:18,1,7,21.350000000000001,2.29,21.351866450514009,6.4543849058934528,-8.7413927879971857e-05,-0.64520244246527392,7381.0027545175863,9.3231441048034931,4430455,7381.0027545175863
2026-03-23 07:24:29,8,7,21.350000000000001,2.29,21.351866450514009,6.4543849058934528,-8.7413927879971857e-05,-0.64520244246527392,7381.0027545175863,9.3231441048034931,4430455,7381.0027545175863
2026-01-13 10:29:14,2,10,21.350000000000001,2.2999999999999998,21.351866450514009,6.4543849058934528,-8.7413927879971857e-05,-0.64365310815289523,7363.2786417823017,9.2826086956521756,4381348,7363.2786417823017
2026-01-22 15:40:33,3,15,21.350000000000001,2.2999999999999998,21.351866450514009,6.4543849058934528,-8.7413927879971857e-05,-0.64365310815289523,7363.2786417823017,9.2826086956521756,4381348,7363.2786417823017
2026-01-30 16:52:48,1,16,21.350000000000001,2.2999999999999998,21.351866450514009,6.4543849058934528,-8.7413927879971857e-05,-0.64365310815289523,7363.2786417823017,9.2826086956521756,4381348,7363.2786417823017
2026-02-13 15:35:08,1,15,21.350000000000001,2.2999999999999998,21.351866450514009,6.4543849058934528,-8.7413927879971857e-05,-0.64365310815289523,7363.2786417823017,9.2826086956521756,4381348,7363.2786417823017
2026-01-03 18:56:27,3,18,21.350000000000001,2.3100000000000001,21.351866450514009,6.4543849058934528,-8.7413927879971857e-05,-0.64210377384051653,7345.5545290470163,9.2424242424242422,4366439,7345.5545290470163
2026-01-15 13:42:59,3,13,21.350000000000001,2.3199999999999998,21.351866450514009,6.4543849058934528,-8.7413927879971857e-05,-0.64055443952813784,7327.8304163117318,9.2025862068965534,4351492,7327.8304163117318
2026-02-07 11:53:15,3,11,21.350000000000001,2.3199999999999998,21.351866450514009,6.4543849058934528,-8.7413927879971857e-05,-0.64055443952813784,7327.8304163117318,9.2025862068965534,4351492,7327.8304163117318
2026-02-13 10:38:23,2,10,21.350000000000001,2.3199999999999998,21.351866450514009,6.4543849058934528,-8.7413927879971857e-05,-0.64055443952813784,7327.8304163117318,9.2025862068965534,4351492,7327.8304163117318
2026-01-29 06:59:00,1,6,17.84,7770.0699999999997,21.351866450514009,6.4543849058934528,-0.16447585313692648,1202.8436060584493,-7313.1926852331299,0.0022959896114192022,301,7313.1926852331299
2026-01-16 09:49:03,1,9,21.350000000000001,2.3300000000000001,21.351866450514009,6.4543849058934528,-8.7413927879971857e-05,-0.63900510521575904,7310.1063035764455,9.1630901287553659,4336597,7310.1063035764455
2026-01-17 15:49:24,3,15,21.350000000000001,2.3300000000000001,21.351866450514009,6.4543849058934528,-8.7413927879971857e-05,-0.63900510521575904,7310.1063035764455,9.1630901287553659,4336597,7310.1063035764455
2026-03-10 07:13:04,1,7,21.350000000000001,2.3300000000000001,21.351866450514009,6.4543849058934528,-8.7413927879971857e-05,-0.63900510521575904,7310.1063035764455,9.1630901287553659,4336597,7310.1063035764455
2026-02-09 03:54:39,1,3,36.189999999999998,32775.529999999999,21.351866450514009,6.4543849058934528,0.69493379344028194,5077.0253235398004,7305.7683645026063,0.0011041774152851227,269,7305.7683645026063
2026-01-02 15:37:06,3,15,21.350000000000001,2.3399999999999999,21.351866450514009,6.4543849058934528,-8.7413927879971857e-05,-0.63745577090338035,7292.3821908411601,9.1239316239316253,4321750,7292.3821908411601
2026-02-26 21:34:25,3,21,21.350000000000001,2.3399999999999999,21.351866450514009,6.4543849058934528,-8.7413927879971857e-05,-0.63745577090338035,7292.3821908411601,9.1239316239316253,4321750,7292.3821908411601
2026-03-21 00:54:24,8,0,21.350000000000001,2.3399999999999999,21.351866450514009,6.4543849058934528,-8.7413927879971857e-05,-0.63745577090338035,7292.3821908411601,9.1239316239316253,4321750,7292.3821908411601
2026-03-23 07:52:00,8,7,41.200000000000003,43728.730000000003,21.351866450514009,6.4543849058934528,0.92957370239678427,6774.0421825744561,7287.2566910062906,0.00094217234298823679,246,7287.2566910062906
2026-01-31 12:43:21,3,12,21.350000000000001,2.3599999999999999,21.351866450514009,6.4543849058934528,-8.7413927879971857e-05,-0.63435710227862285,7256.9339653705892,9.046610169491526,4292574,7256.9339653705892
2026-01-31 19:30:24,3,19,21.350000000000001,2.3599999999999999,21.351866450514009,6.4543849058934528,-8.7413927879971857e-05,-0.63435710227862285,7256.9339653705892,9.046610169491526,4292574,7256.9339653705892
2026-02-03 09:06:43,1,9,21.350000000000001,2.3599999999999999,21.351866450514009,6.4543849058934528,-8.7413927879971857e-05,-0.63435710227862285,7256.9339653705892,9.046610169491526,4292574,7256.9339653705892
2026-01-10 14:48:00,3,14,21.350000000000001,2.3700000000000001,21.351866450514009,6.4543849058934528,-8.7413927879971857e-05,-0.63280776796624416,7239.2098526353038,9.0084388185654003,4278189,7239.2098526353038
2026-02-15 22:57:50,3,22,21.350000000000001,2.3700000000000001,21.351866450514009,6.4543849058934528,-8.7413927879971857e-05,-0.63280776796624416,7239.2098526353038,9.0084388185654003,4278189,7239.2098526353038
2026-03-23 22:09:20,3,22,21.350000000000001,2.3700000000000001,21.351866450514009,6.4543849058934528,-8.7413927879971857e-05,-0.63280776796624416,7239.2098526353038,9.0084388185654003,4278189,7239.2098526353038
2026-01-16 23:27:58,1,23,21.350000000000001,2.3799999999999999,21.351866450514009,6.4543849058934528,-8.7413927879971857e-05,-0.63125843365386547,7221.4857399000193,8.9705882352941195,4263991,7221.4857399000193
2026-02-06 01:03:53,1,1,21.350000000000001,2.3799999999999999,21.351866450514009,6.4543849058934528,-8.7413927879971857e-05,-0.63125843365386547,7221.4857399000193,8.9705882352941195,4263991,7221.4857399000193
2026-02-08 18:19:31,1,18,21.350000000000001,2.3799999999999999,21.351866450514009,6.4543849058934528,-8.7413927879971857e-05,-0.63125843365386547,7221.4857399000193,8.9705882352941195,4263991,7221.4857399000193
2026-03-30 07:31:14,3,7,21.350000000000001,2.3799999999999999,21.351866450514009,6.4543849058934528,-8.7413927879971857e-05,-0.63125843365386547,7221.4857399000193,8.9705882352941195,4263991,7221.4857399000193
2026-01-27 09:27:00,1,9,21.350000000000001,2.3900000000000001,21.351866450514009,6.4543849058934528,-8.7413927879971857e-05,-0.62970909934148678,7203.7616271647339,8.93305439330544,4249697,7203.7616271647339
2026-02-24 07:36:13,3,7,21.350000000000001,2.3900000000000001,21.351866450514009,6.4543849058934528,-8.7413927879971857e-05,-0.62970909934148678,7203.7616271647339,8.93305439330544,4249697,7203.7616271647339
2026-03-30 20:29:03,3,20,21.350000000000001,2.3900000000000001,21.351866450514009,6.4543849058934528,-8.7413927879971857e-05,-0.62970909934148678,7203.7616271647339,8.93305439330544,4249697,7203.7616271647339
2026-01-23 23:17:00,3,23,21.350000000000001,2.3999999999999999,21.351866450514009,6.4543849058934528,-8.7413927879971857e-05,-0.62815976502910809,7186.0375144294494,8.8958333333333339,4204559,7186.0375144294494
2026-02-04 20:49:51,1,20,21.350000000000001,2.3999999999999999,21.351866450514009,6.4543849058934528,-8.7413927879971857e-05,-0.62815976502910809,7186.0375144294494,8.8958333333333339,4204559,7186.0375144294494
2026-02-27 13:02:47,1,13,21.350000000000001,2.3999999999999999,21.351866450514009,6.4543849058934528,-8.7413927879971857e-05,-0.62815976502910809,7186.0375144294494,8.8958333333333339,4204559,7186.0375144294494
2026-02-15 20:28:43,3,20,21.350000000000001,2.4100000000000001,21.351866450514009,6.4543849058934528,-8.7413927879971857e-05,-0.62661043071672928,7168.3134016941631,8.8589211618257266,4190525,7168.3134016941631
2026-03-11 00:08:02,2,0,21.350000000000001,2.4300000000000002,21.351866450514009,6.4543849058934528,-8.7413927879971857e-05,-0.62351176209197179,7132.8651762235913,8.7860082304526745,4162983,7132.8651762235913
2026-03-27 21:29:26,3,21,21.350000000000001,2.4900000000000002,21.351866450514009,6.4543849058934528,-8.7413927879971857e-05,-0.61421575621769953,7026.5204998118807,8.5742971887550201,4082768,7026.5204998118807
2026-01-05 10:05:24,1,10,21.350000000000001,2.5,21.351866450514009,6.4543849058934528,-8.7413927879971857e-05,-0.61266642190532083,7008.7963870765952,8.5400000000000009,4040601,7008.7963870765952
2026-01-26 14:29:31,3,14,21.350000000000001,2.5,21.351866450514009,6.4543849058934528,-8.7413927879971857e-05,-0.61266642190532083,7008.7963870765952,8.5400000000000009,4040601,7008.7963870765952
2026-02-09 11:39:02,1,11,21.350000000000001,2.5,21.351866450514009,6.4543849058934528,-8.7413927879971857e-05,-0.61266642190532083,7008.7963870765952,8.5400000000000009,4040601,7008.7963870765952
2026-02-20 17:56:47,8,17,21.350000000000001,2.5,21.351866450514009,6.4543849058934528,-8.7413927879971857e-05,-0.61266642190532083,7008.7963870765952,8.5400000000000009,4040601,7008.7963870765952
2026-03-01 03:32:31,5,3,21.350000000000001,2.5,21.351866450514009,6.4543849058934528,-8.7413927879971857e-05,-0.61266642190532083,7008.7963870765952,8.5400000000000009,4040601,7008.7963870765952
2026-03-07 19:39:40,3,19,21.350000000000001,2.5,21.351866450514009,6.4543849058934528,-8.7413927879971857e-05,-0.61266642190532083,7008.7963870765952,8.5400000000000009,4040601,7008.7963870765952
2026-03-17 07:59:23,8,7,21.350000000000001,2.5,21.351866450514009,6.4543849058934528,-8.7413927879971857e-05,-0.61266642190532083,7008.7963870765952,8.5400000000000009,4040601,7008.7963870765952
2026-02-28 20:22:26,2,20,21.350000000000001,2.52,21.351866450514009,6.4543849058934528,-8.7413927879971857e-05,-0.60956775328056345,6973.3481616060253,8.4722222222222232,4014576,6973.3481616060253
2026-03-01 10:49:47,3,10,21.350000000000001,2.5299999999999998,21.351866450514009,6.4543849058934528,-8.7413927879971857e-05,-0.60801841896818476,6955.6240488707408,8.4387351778656132,4001749,6955.6240488707408
2026-01-06 12:43:55,3,12,21.350000000000001,2.5499999999999998,21.351866450514009,6.4543849058934528,-8.7413927879971857e-05,-0.60491975034342726,6920.1758234001691,8.3725490196078436,3976476,6920.1758234001691
2026-01-07 10:29:00,5,10,21.350000000000001,2.5499999999999998,21.351866450514009,6.4543849058934528,-8.7413927879971857e-05,-0.60491975034342726,6920.1758234001691,8.3725490196078436,3976476,6920.1758234001691
2026-01-24 02:14:09,2,2,21.350000000000001,2.5600000000000001,21.351866450514009,6.4543849058934528,-8.7413927879971857e-05,-0.60337041603104857,6902.4517106648846,8.33984375,3963987,6902.4517106648846
2026-02-04 20:49:13,1,20,21.350000000000001,2.5600000000000001,21.351866450514009,6.4543849058934528,-8.7413927879971857e-05,-0.60337041603104857,6902.4517106648846,8.33984375,3963987,6902.4517106648846
2026-03-14 14:33:35,1,14,21.350000000000001,2.5699999999999998,21.351866450514009,6.4543849058934528,-8.7413927879971857e-05,-0.60182108171866988,6884.7275979295991,8.3073929961089501,3951758,6884.7275979295991
2026-03-18 21:02:22,3,21,21.350000000000001,2.5899999999999999,21.351866450514009,6.4543849058934528,-8.7413927879971857e-05,-0.59872241309391239,6849.2793724590283,8.2432432432432439,3927303,6849.2793724590283
2026-02-04 18:14:33,1,18,21.350000000000001,2.6000000000000001,21.351866450514009,6.4543849058934528,-8.7413927879971857e-05,-0.59717307878153369,6831.5552597237429,8.2115384615384617,3888048,6831.5552597237429
2026-02-18 19:35:50,5,19,21.350000000000001,2.6000000000000001,21.351866450514009,6.4543849058934528,-8.7413927879971857e-05,-0.59717307878153369,6831.5552597237429,8.2115384615384617,3888048,6831.5552597237429
2026-02-21 22:37:58,3,22,21.350000000000001,2.6000000000000001,21.351866450514009,6.4543849058934528,-8.7413927879971857e-05,-0.59717307878153369,6831.5552597237429,8.2115384615384617,3888048,6831.5552597237429
2026-03-20 20:36:12,3,20,21.350000000000001,2.6000000000000001,21.351866450514009,6.4543849058934528,-8.7413927879971857e-05,-0.59717307878153369,6831.5552597237429,8.2115384615384617,3888048,6831.5552597237429
2026-03-26 05:44:21,3,5,21.350000000000001,2.6099999999999999,21.351866450514009,6.4543849058934528,-8.7413927879971857e-05,-0.595623744469155,6813.8311469884584,8.1800766283524915,3876205,6813.8311469884584
2026-02-22 11:07:04,3,11,21.350000000000001,2.6200000000000001,21.351866450514009,6.4543849058934528,-8.7413927879971857e-05,-0.5940744101567762,6796.1070342531721,8.1488549618320612,3864273,6796.1070342531721
2026-03-05 20:40:25,5,20,21.350000000000001,2.6299999999999999,21.351866450514009,6.4543849058934528,-8.7413927879971857e-05,-0.59252507584439751,6778.3829215178866,8.1178707224334605,3852504,6778.3829215178866
2026-03-20 21:01:20,3,21,21.350000000000001,2.6299999999999999,21.351866450514009,6.4543849058934528,-8.7413927879971857e-05,-0.59252507584439751,6778.3829215178866,8.1178707224334605,3852504,6778.3829215178866
2026-01-14 08:03:40,3,8,21.350000000000001,2.6400000000000001,21.351866450514009,6.4543849058934528,-8.7413927879971857e-05,-0.59097574153201882,6760.6588087826021,8.0871212121212128,3840762,6760.6588087826021
2026-02-14 17:16:37,2,17,21.350000000000001,2.6400000000000001,21.351866450514009,6.4543849058934528,-8.7413927879971857e-05,-0.59097574153201882,6760.6588087826021,8.0871212121212128,3840762,6760.6588087826021
2026-03-12 09:21:45,3,9,21.350000000000001,2.6400000000000001,21.351866450514009,6.4543849058934528,-8.7413927879971857e-05,-0.59097574153201882,6760.6588087826021,8.0871212121212128,3840762,6760.6588087826021
2026-03-16 07:27:13,8,7,21.350000000000001,2.6400000000000001,21.351866450514009,6.4543849058934528,-8.7413927879971857e-05,-0.59097574153201882,6760.6588087826021,8.0871212121212128,3840762,6760.6588087826021
2026-03-27 11:21:00,7,11,43.18,44604.029999999999,21.351866450514009,6.4543849058934528,1.0223056424634258,6909.6554149369649,6758.8939431919116,0.00096807396102997875,244,6758.8939431919116
2026-01-04 11:39:10,3,11,21.34,30.600000000000001,21.351866450514009,6.4543849058934528,-0.00055575705952974998,3.7409629958788733,-6731.2919048554477,0.69738562091503264,9642,6731.2919048554477
2026-01-06 09:53:29,3,9,21.350000000000001,2.6600000000000001,21.351866450514009,6.4543849058934528,-8.7413927879971857e-05,-0.58787707290726132,6725.2105833120304,8.026315789473685,3817512,6725.2105833120304
2026-02-26 20:24:53,3,20,21.350000000000001,2.6600000000000001,21.351866450514009,6.4543849058934528,-8.7413927879971857e-05,-0.58787707290726132,6725.2105833120304,8.026315789473685,3817512,6725.2105833120304
2026-03-05 20:14:36,5,20,21.350000000000001,2.6699999999999999,21.351866450514009,6.4543849058934528,-8.7413927879971857e-05,-0.58632773859488274,6707.4864705767468,7.9962546816479412,3805942,6707.4864705767468
2026-03-06 06:34:50,9,6,21.350000000000001,2.6699999999999999,21.351866450514009,6.4543849058934528,-8.7413927879971857e-05,-0.58632773859488274,6707.4864705767468,7.9962546816479412,3805942,6707.4864705767468
2026-01-05 13:50:44,3,13,21.350000000000001,2.6800000000000002,21.351866450514009,6.4543849058934528,-8.7413927879971857e-05,-0.58477840428250394,6689.7623578414605,7.9664179104477615,3794322,6689.7623578414605
2026-01-22 07:46:00,3,7,21.350000000000001,2.6800000000000002,21.351866450514009,6.4543849058934528,-8.7413927879971857e-05,-0.58477840428250394,6689.7623578414605,7.9664179104477615,3794322,6689.7623578414605
2026-01-16 07:56:10,1,7,21.350000000000001,2.7000000000000002,21.351866450514009,6.4543849058934528,-8.7413927879971857e-05,-0.58167973565774644,6654.3141323708896,7.9074074074074074,3746321,6654.3141323708896
2026-01-18 22:24:43,12,22,21.350000000000001,2.7000000000000002,21.351866450514009,6.4543849058934528,-8.7413927879971857e-05,-0.58167973565774644,6654.3141323708896,7.9074074074074074,3746321,6654.3141323708896
2026-02-08 16:54:38,1,16,21.350000000000001,2.7000000000000002,21.351866450514009,6.4543849058934528,-8.7413927879971857e-05,-0.58167973565774644,6654.3141323708896,7.9074074074074074,3746321,6654.3141323708896
2026-02-19 22:36:11,3,22,21.350000000000001,2.7000000000000002,21.351866450514009,6.4543849058934528,-8.7413927879971857e-05,-0.58167973565774644,6654.3141323708896,7.9074074074074074,3746321,6654.3141323708896
2026-03-04 23:46:47,3,23,21.350000000000001,2.7000000000000002,21.351866450514009,6.4543849058934528,-8.7413927879971857e-05,-0.58167973565774644,6654.3141323708896,7.9074074074074074,3746321,6654.3141323708896
2026-03-10 10:49:56,2,10,21.350000000000001,2.7000000000000002,21.351866450514009,6.4543849058934528,-8.7413927879971857e-05,-0.58167973565774644,6654.3141323708896,7.9074074074074074,3746321,6654.3141323708896
2026-02-02 05:34:39,3,5,21.350000000000001,2.71,21.351866450514009,6.4543849058934528,-8.7413927879971857e-05,-0.58013040134536786,6636.590019635606,7.8782287822878239,3735084,6636.590019635606
2026-02-25 07:28:00,3,7,21.350000000000001,2.71,21.351866450514009,6.4543849058934528,-8.7413927879971857e-05,-0.58013040134536786,6636.590019635606,7.8782287822878239,3735084,6636.590019635606
2026-03-20 06:47:29,2,6,21.350000000000001,2.71,21.351866450514009,6.4543849058934528,-8.7413927879971857e-05,-0.58013040134536786,6636.590019635606,7.8782287822878239,3735084,6636.590019635606
2026-01-02 19:36:42,3,19,21.350000000000001,2.7400000000000002,21.351866450514009,6.4543849058934528,-8.7413927879971857e-05,-0.57548239840823168,6583.4176814297498,7.7919708029197077,3702043,6583.4176814297498
2026-01-19 18:24:43,1,18,21.350000000000001,2.7400000000000002,21.351866450514009,6.4543849058934528,-8.7413927879971857e-05,-0.57548239840823168,6583.4176814297498,7.7919708029197077,3702043,6583.4176814297498
2026-01-18 20:19:08,12,20,21.350000000000001,2.75,21.351866450514009,6.4543849058934528,-8.7413927879971857e-05,-0.57393306409585298,6565.6935686944644,7.7636363636363646,3691317,6565.6935686944644
2026-01-26 07:34:22,3,7,21.350000000000001,2.75,21.351866450514009,6.4543849058934528,-8.7413927879971857e-05,-0.57393306409585298,6565.6935686944644,7.7636363636363646,3691317,6565.6935686944644
2026-02-28 10:57:14,5,10,21.350000000000001,2.77,21.351866450514009,6.4543849058934528,-8.7413927879971857e-05,-0.57083439547109549,6530.2453432238935,7.7075812274368234,3669956,6530.2453432238935
2026-01-19 14:54:00,1,14,31.140000000000001,19310.25,21.351866450514009,6.4543849058934528,0.45842051195718109,2990.8032905611112,6524.1480530445115,0.001612615061948965,291,6524.1480530445115
2026-01-01 13:55:49,3,13,21.350000000000001,2.7799999999999998,21.351866450514009,6.4543849058934528,-8.7413927879971857e-05,-0.5692850611587168,6512.5212304886081,7.6798561151079143,3659520,6512.5212304886081
2026-02-06 22:36:31,3,22,21.350000000000001,2.7999999999999998,21.351866450514009,6.4543849058934528,-8.7413927879971857e-05,-0.56618639253395942,6477.0730050180382,7.6250000000000009,3614948,6477.0730050180382
2026-03-06 19:33:37,3,19,21.350000000000001,2.7999999999999998,21.351866450514009,6.4543849058934528,-8.7413927879971857e-05,-0.56618639253395942,6477.0730050180382,7.6250000000000009,3614948,6477.0730050180382
2026-01-19 11:53:04,3,11,21.350000000000001,2.8100000000000001,21.351866450514009,6.4543849058934528,-8.7413927879971857e-05,-0.56463705822158061,6459.3488922827519,7.5978647686832748,3604580,6459.3488922827519
2026-01-01 03:38:48,3,3,21.350000000000001,2.8199999999999998,21.351866450514009,6.4543849058934528,-8.7413927879971857e-05,-0.56308772390920192,6441.6247795474674,7.5709219858156036,3594330,6441.6247795474674
2026-01-27 21:10:11,3,21,21.350000000000001,2.8199999999999998,21.351866450514009,6.4543849058934528,-8.7413927879971857e-05,-0.56308772390920192,6441.6247795474674,7.5709219858156036,3594330,6441.6247795474674
2026-01-15 15:53:32,3,15,21.350000000000001,2.8399999999999999,21.351866450514009,6.4543849058934528,-8.7413927879971857e-05,-0.55998905528444454,6406.1765540768974,7.5176056338028179,3573717,6406.1765540768974
2026-02-21 15:34:00,1,15,21.350000000000001,2.8500000000000001,21.351866450514009,6.4543849058934528,-8.7413927879971857e-05,-0.55843972097206573,6388.4524413416111,7.4912280701754392,3563506,6388.4524413416111
2026-01-06 11:04:28,3,11,21.350000000000001,2.8900000000000001,21.351866450514009,6.4543849058934528,-8.7413927879971857e-05,-0.55224238372255086,6317.5559904004704,7.3875432525951563,3523431,6317.5559904004704
2026-03-13 06:51:00,1,6,21.350000000000001,2.8900000000000001,21.351866450514009,6.4543849058934528,-8.7413927879971857e-05,-0.55224238372255086,6317.5559904004704,7.3875432525951563,3523431,6317.5559904004704
2026-02-20 19:18:28,9,19,21.350000000000001,2.8999999999999999,21.351866450514009,6.4543849058934528,-8.7413927879971857e-05,-0.55069304941017216,6299.8318776651849,7.362068965517242,3491447,6299.8318776651849
2026-03-06 17:50:30,3,17,21.350000000000001,2.8999999999999999,21.351866450514009,6.4543849058934528,-8.7413927879971857e-05,-0.55069304941017216,6299.8318776651849,7.362068965517242,3491447,6299.8318776651849
2026-02-01 18:32:00,3,18,70.879999999999995,94298.460000000006,21.351866450514009,6.4543849058934528,2.319616117133108,14608.983968247192,6298.017960964562,0.0007516559655375071,178,6298.017960964562
2026-03-08 01:24:00,5,1,35.710000000000001,27238.119999999999,21.351866450514009,6.4543849058934528,0.67245332312109629,4219.0953920688962,6274.1832734003992,0.0013110302766857625,282,6274.1832734003992
2026-01-05 06:32:47,1,6,21.350000000000001,2.9199999999999999,21.351866450514009,6.4543849058934528,-8.7413927879971857e-05,-0.54759438078541478,6264.383652194615,7.3116438356164393,3472251,6264.383652194615
2026-01-17 02:24:15,2,2,21.350000000000001,2.9199999999999999,21.351866450514009,6.4543849058934528,-8.7413927879971857e-05,-0.54759438078541478,6264.383652194615,7.3116438356164393,3472251,6264.383652194615
2026-01-28 03:27:39,1,3,21.350000000000001,2.9199999999999999,21.351866450514009,6.4543849058934528,-8.7413927879971857e-05,-0.54759438078541478,6264.383652194615,7.3116438356164393,3472251,6264.383652194615
2026-03-18 02:19:48,3,2,21.350000000000001,2.9199999999999999,21.351866450514009,6.4543849058934528,-8.7413927879971857e-05,-0.54759438078541478,6264.383652194615,7.3116438356164393,3472251,6264.383652194615
2026-02-13 23:22:37,1,23,21.350000000000001,2.9300000000000002,21.351866450514009,6.4543849058934528,-8.7413927879971857e-05,-0.54604504647303598,6246.6595394593287,7.2866894197952217,3462737,6246.6595394593287
2026-01-28 11:29:00,1,11,65.739999999999995,83474.080000000002,21.351866450514009,6.4543849058934528,2.0788877474651599,12931.925633824598,6220.5983221522274,0.00078754985978881102,204,6220.5983221522274
2026-02-07 20:39:11,3,20,21.350000000000001,2.9500000000000002,21.351866450514009,6.4543849058934528,-8.7413927879971857e-05,-0.54294637784827859,6211.2113139887588,7.2372881355932206,3443842,6211.2113139887588
2026-01-12 07:39:38,3,7,21.350000000000001,2.9700000000000002,21.351866450514009,6.4543849058934528,-8.7413927879971857e-05,-0.5398477092235211,6175.7630885181879,7.1885521885521886,3425024,6175.7630885181879
2026-01-02 12:18:20,3,12,21.350000000000001,2.98,21.351866450514009,6.4543849058934528,-8.7413927879971857e-05,-0.53829837491114252,6158.0389757829034,7.1644295302013425,3415903,6158.0389757829034
2026-02-16 06:30:37,15,6,21.350000000000001,2.98,21.351866450514009,6.4543849058934528,-8.7413927879971857e-05,-0.53829837491114252,6158.0389757829034,7.1644295302013425,3415903,6158.0389757829034
2026-03-08 12:25:53,5,12,21.350000000000001,2.98,21.351866450514009,6.4543849058934528,-8.7413927879971857e-05,-0.53829837491114252,6158.0389757829034,7.1644295302013425,3415903,6158.0389757829034
2026-01-04 12:19:56,3,12,21.350000000000001,3,21.351866450514009,6.4543849058934528,-8.7413927879971857e-05,-0.53519970628638502,6122.5907503123326,7.1166666666666671,3376602,6122.5907503123326
2026-01-23 05:48:57,3,5,21.350000000000001,3,21.351866450514009,6.4543849058934528,-8.7413927879971857e-05,-0.53519970628638502,6122.5907503123326,7.1166666666666671,3376602,6122.5907503123326
2026-02-07 15:42:10,1,15,21.350000000000001,3,21.351866450514009,6.4543849058934528,-8.7413927879971857e-05,-0.53519970628638502,6122.5907503123326,7.1166666666666671,3376602,6122.5907503123326
2026-02-07 17:50:58,2,17,21.350000000000001,3,21.351866450514009,6.4543849058934528,-8.7413927879971857e-05,-0.53519970628638502,6122.5907503123326,7.1166666666666671,3376602,6122.5907503123326
2026-02-10 07:27:46,3,7,21.350000000000001,3,21.351866450514009,6.4543849058934528,-8.7413927879971857e-05,-0.53519970628638502,6122.5907503123326,7.1166666666666671,3376602,6122.5907503123326
2026-03-09 09:00:11,1,9,21.350000000000001,3,21.351866450514009,6.4543849058934528,-8.7413927879971857e-05,-0.53519970628638502,6122.5907503123326,7.1166666666666671,3376602,6122.5907503123326
2026-02-15 23:33:16,3,23,21.350000000000001,3.02,21.351866450514009,6.4543849058934528,-8.7413927879971857e-05,-0.53210103766162764,6087.1425248417627,7.0695364238410603,3358509,6087.1425248417627
2026-02-11 22:58:37,3,22,21.350000000000001,3.0499999999999998,21.351866450514009,6.4543849058934528,-8.7413927879971857e-05,-0.52745303472449145,6033.9701866359064,7.0000000000000009,3331702,6033.9701866359064
2026-01-18 17:59:25,15,17,21.350000000000001,3.0600000000000001,21.351866450514009,6.4543849058934528,-8.7413927879971857e-05,-0.52590370041211276,6016.2460739006219,6.977124183006536,3322877,6016.2460739006219
2026-03-07 02:54:16,3,2,21.350000000000001,3.0699999999999998,21.351866450514009,6.4543849058934528,-8.7413927879971857e-05,-0.52435436609973407,5998.5219611653365,6.9543973941368087,3314051,5998.5219611653365
2026-01-10 15:20:00,3,15,11.119999999999999,18543.130000000001,21.351866450514009,6.4543849058934528,-0.47920243760552816,2871.950756789915,-5993.1889560922045,0.00059968300928699733,293,5993.1889560922045
2026-01-11 12:36:54,3,12,21.350000000000001,3.0899999999999999,21.351866450514009,6.4543849058934528,-8.7413927879971857e-05,-0.52125569747497658,5963.0737356947657,6.909385113268609,3296687,5963.0737356947657
2026-03-25 06:31:19,3,6,21.350000000000001,3.0899999999999999,21.351866450514009,6.4543849058934528,-8.7413927879971857e-05,-0.52125569747497658,5963.0737356947657,6.909385113268609,3296687,5963.0737356947657
2026-01-31 18:13:28,2,18,21.350000000000001,3.1000000000000001,21.351866450514009,6.4543849058934528,-8.7413927879971857e-05,-0.51970636316259788,5945.3496229594803,6.8870967741935489,3268257,5945.3496229594803
2026-03-14 00:21:30,2,0,21.350000000000001,3.1000000000000001,21.351866450514009,6.4543849058934528,-8.7413927879971857e-05,-0.51970636316259788,5945.3496229594803,6.8870967741935489,3268257,5945.3496229594803
2026-03-13 18:50:02,3,18,21.350000000000001,3.1099999999999999,21.351866450514009,6.4543849058934528,-8.7413927879971857e-05,-0.51815702885021919,5927.6255102241958,6.8649517684887469,3259705,5927.6255102241958
2026-03-14 05:16:29,3,5,21.350000000000001,3.1099999999999999,21.351866450514009,6.4543849058934528,-8.7413927879971857e-05,-0.51815702885021919,5927.6255102241958,6.8649517684887469,3259705,5927.6255102241958
2026-01-19 16:43:00,1,16,21.350000000000001,3.1200000000000001,21.351866450514009,6.4543849058934528,-8.7413927879971857e-05,-0.51660769453784039,5909.9013974889094,6.8429487179487181,3251323,5909.9013974889094
2026-02-03 07:35:00,1,7,28.350000000000001,12476.940000000001,21.351866450514009,6.4543849058934528,0.32775277822691345,1932.0951255490504,5894.9771104957672,0.0022721917393206986,299,5894.9771104957672
2026-02-21 08:37:19,3,8,21.350000000000001,3.1299999999999999,21.351866450514009,6.4543849058934528,-8.7413927879971857e-05,-0.5150583602254617,5892.177284753624,6.821086261980831,3242953,5892.177284753624
2026-01-10 01:12:28,3,1,21.350000000000001,3.1400000000000001,21.351866450514009,6.4543849058934528,-8.7413927879971857e-05,-0.51350902591308301,5874.4531720183395,6.7993630573248414,3234678,5874.4531720183395
2026-02-20 09:07:00,3,9,65.590000000000003,78484.979999999996,21.351866450514009,6.4543849058934528,2.0718626004904146,12158.94725203573,5868.6069477569026,0.00083570130233835834,216,5868.6069477569026
2026-01-23 23:35:16,3,23,21.350000000000001,3.1499999999999999,21.351866450514009,6.4543849058934528,-8.7413927879971857e-05,-0.51195969160070431,5856.7290592830541,6.7777777777777786,3226415,5856.7290592830541
2026-01-01 02:55:11,3,2,21.350000000000001,3.2000000000000002,21.351866450514009,6.4543849058934528,-8.7413927879971857e-05,-0.50421302003881063,5768.108495606627,6.671875,3166739,5768.108495606627
2026-01-21 22:02:14,3,22,21.350000000000001,3.2000000000000002,21.351866450514009,6.4543849058934528,-8.7413927879971857e-05,-0.50421302003881063,5768.108495606627,6.671875,3166739,5768.108495606627
2026-01-24 00:17:33,3,0,21.350000000000001,3.2000000000000002,21.351866450514009,6.4543849058934528,-8.7413927879971857e-05,-0.50421302003881063,5768.108495606627,6.671875,3166739,5768.108495606627
2026-02-07 00:45:20,3,0,21.350000000000001,3.2000000000000002,21.351866450514009,6.4543849058934528,-8.7413927879971857e-05,-0.50421302003881063,5768.108495606627,6.671875,3166739,5768.108495606627
2026-02-20 12:30:33,12,12,21.350000000000001,3.2000000000000002,21.351866450514009,6.4543849058934528,-8.7413927879971857e-05,-0.50421302003881063,5768.108495606627,6.671875,3166739,5768.108495606627
2026-03-18 07:34:50,1,7,21.350000000000001,3.2000000000000002,21.351866450514009,6.4543849058934528,-8.7413927879971857e-05,-0.50421302003881063,5768.108495606627,6.671875,3166739,5768.108495606627
2026-02-19 00:28:58,5,0,21.350000000000001,3.2200000000000002,21.351866450514009,6.4543849058934528,-8.7413927879971857e-05,-0.50111435141405325,5732.6602701360571,6.6304347826086953,3150616,5732.6602701360571
2026-03-16 18:25:46,3,18,21.350000000000001,3.2200000000000002,21.351866450514009,6.4543849058934528,-8.7413927879971857e-05,-0.50111435141405325,5732.6602701360571,6.6304347826086953,3150616,5732.6602701360571
2026-01-24 14:24:00,3,14,44.670000000000002,40357.769999999997,21.351866450514009,6.4543849058934528,1.0920887690792318,6251.7677832088393,5724.596717975468,0.0011068500563831947,250,5724.596717975468
2026-03-08 10:28:51,5,10,21.350000000000001,3.2400000000000002,21.351866450514009,6.4543849058934528,-8.7413927879971857e-05,-0.49801568278929581,5697.2120446654862,6.5895061728395063,3134617,5697.2120446654862
2026-01-10 22:36:26,9,22,21.350000000000001,3.25,21.351866450514009,6.4543849058934528,-8.7413927879971857e-05,-0.49646634847691712,5679.4879319302008,6.5692307692307699,3126633,5679.4879319302008
2026-03-05 21:16:51,3,21,21.350000000000001,3.25,21.351866450514009,6.4543849058934528,-8.7413927879971857e-05,-0.49646634847691712,5679.4879319302008,6.5692307692307699,3126633,5679.4879319302008
2026-01-05 09:21:24,1,9,21.350000000000001,3.2799999999999998,21.351866450514009,6.4543849058934528,-8.7413927879971857e-05,-0.49181834553978099,5626.3155937243455,6.5091463414634152,3103065,5626.3155937243455
2026-03-18 07:03:19,1,7,21.350000000000001,3.2799999999999998,21.351866450514009,6.4543849058934528,-8.7413927879971857e-05,-0.49181834553978099,5626.3155937243455,6.5091463414634152,3103065,5626.3155937243455
2026-03-04 10:19:00,3,10,34.25,21816.279999999999,21.351866450514009,6.4543849058934528,0.60407522590023932,3379.0711172461542,5593.791919227283,0.0015699285121019717,287,5593.791919227283
2026-01-02 14:36:42,3,14,21.350000000000001,3.2999999999999998,21.351866450514009,6.4543849058934528,-8.7413927879971857e-05,-0.48871967691502355,5590.8673682537747,6.4696969696969706,3070482,5590.8673682537747
2026-01-12 10:14:40,1,10,21.350000000000001,3.2999999999999998,21.351866450514009,6.4543849058934528,-8.7413927879971857e-05,-0.48871967691502355,5590.8673682537747,6.4696969696969706,3070482,5590.8673682537747
2026-01-16 17:21:04,2,17,21.350000000000001,3.2999999999999998,21.351866450514009,6.4543849058934528,-8.7413927879971857e-05,-0.48871967691502355,5590.8673682537747,6.4696969696969706,3070482,5590.8673682537747
2026-03-20 22:45:00,3,22,21.350000000000001,3.2999999999999998,21.351866450514009,6.4543849058934528,-8.7413927879971857e-05,-0.48871967691502355,5590.8673682537747,6.4696969696969706,3070482,5590.8673682537747
2026-03-02 14:56:00,3,14,53.520000000000003,54263.870000000003,21.351866450514009,6.4543849058934528,1.5065724405892207,8406.287571345807,5579.7433597405425,0.00098629161539713259,238,5579.7433597405425
2026-02-11 06:50:00,3,6,76.049999999999997,92252.860000000001,21.351866450514009,6.4543849058934528,2.5617495161960058,14292.052141307,5579.0201387564075,0.00082436468636311105,183,5579.0201387564075
2026-03-22 04:16:35,3,4,21.350000000000001,3.3100000000000001,21.351866450514009,6.4543849058934528,-8.7413927879971857e-05,-0.4871703426026448,5573.1432555184892,6.450151057401813,3062936,5573.1432555184892
2026-01-18 15:04:24,5,15,21.350000000000001,3.3300000000000001,21.351866450514009,6.4543849058934528,-8.7413927879971857e-05,-0.48407167397788736,5537.6950300479184,6.4114114114114118,3047725,5537.6950300479184
2026-03-06 01:27:13,3,1,21.350000000000001,3.3300000000000001,21.351866450514009,6.4543849058934528,-8.7413927879971857e-05,-0.48407167397788736,5537.6950300479184,6.4114114114114118,3047725,5537.6950300479184
2026-01-24 21:00:05,2,21,21.350000000000001,3.3599999999999999,21.351866450514009,6.4543849058934528,-8.7413927879971857e-05,-0.47942367104075123,5484.5226918420631,6.354166666666667,3025369,5484.5226918420631
2026-02-21 07:52:10,3,7,21.350000000000001,3.3900000000000001,21.351866450514009,6.4543849058934528,-8.7413927879971857e-05,-0.47477566810361505,5431.3503536362068,6.2979351032448383,3003620,5431.3503536362068
2026-01-12 21:07:45,2,21,21.350000000000001,3.3999999999999999,21.351866450514009,6.4543849058934528,-8.7413927879971857e-05,-0.47322633379123635,5413.6262409009223,6.2794117647058831,2980099,5413.6262409009223
2026-01-16 09:37:17,1,9,21.350000000000001,3.3999999999999999,21.351866450514009,6.4543849058934528,-8.7413927879971857e-05,-0.47322633379123635,5413.6262409009223,6.2794117647058831,2980099,5413.6262409009223
2026-02-03 15:12:36,1,15,21.350000000000001,3.3999999999999999,21.351866450514009,6.4543849058934528,-8.7413927879971857e-05,-0.47322633379123635,5413.6262409009223,6.2794117647058831,2980099,5413.6262409009223
2026-02-06 16:04:53,3,16,21.350000000000001,3.3999999999999999,21.351866450514009,6.4543849058934528,-8.7413927879971857e-05,-0.47322633379123635,5413.6262409009223,6.2794117647058831,2980099,5413.6262409009223
2026-02-26 21:40:38,3,21,21.350000000000001,3.3999999999999999,21.351866450514009,6.4543849058934528,-8.7413927879971857e-05,-0.47322633379123635,5413.6262409009223,6.2794117647058831,2980099,5413.6262409009223
2026-03-05 20:11:26,5,20,21.350000000000001,3.3999999999999999,21.351866450514009,6.4543849058934528,-8.7413927879971857e-05,-0.47322633379123635,5413.6262409009223,6.2794117647058831,2980099,5413.6262409009223
2026-03-06 17:51:10,3,17,21.350000000000001,3.3999999999999999,21.351866450514009,6.4543849058934528,-8.7413927879971857e-05,-0.47322633379123635,5413.6262409009223,6.2794117647058831,2980099,5413.6262409009223
2026-01-27 09:54:24,1,9,21.350000000000001,3.4100000000000001,21.351866450514009,6.4543849058934528,-8.7413927879971857e-05,-0.47167699947885761,5395.9021281656369,6.2609970674486801,2973037,5395.9021281656369
2026-02-04 15:42:40,1,15,21.350000000000001,3.4300000000000002,21.351866450514009,6.4543849058934528,-8.7413927879971857e-05,-0.46857833085410017,5360.4539026950661,6.2244897959183678,2958858,5360.4539026950661
2026-02-09 07:15:48,1,7,21.350000000000001,3.4399999999999999,21.351866450514009,6.4543849058934528,-8.7413927879971857e-05,-0.46702899654172153,5342.7297899597816,6.2063953488372094,2951949,5342.7297899597816
2026-01-03 06:28:40,1,6,21.350000000000001,3.4500000000000002,21.351866450514009,6.4543849058934528,-8.7413927879971857e-05,-0.46547966222934273,5325.0056772244952,6.1884057971014492,2944845,5325.0056772244952
2026-01-25 01:25:39,3,1,21.350000000000001,3.46,21.351866450514009,6.4543849058934528,-8.7413927879971857e-05,-0.46393032791696409,5307.2815644892107,6.1705202312138736,2937886,5307.2815644892107
2026-03-16 08:51:00,9,8,70.189999999999998,78354.199999999997,21.351866450514009,6.4543849058934528,2.2873004410492785,12138.685057898443,5306.9919631239745,0.00089580392627325658,217,5306.9919631239745
2026-03-13 03:41:00,1,3,43.640000000000001,35707.459999999999,21.351866450514009,6.4543849058934528,1.0438494265193121,5531.2792985890528,5298.924498174948,0.0012221535779918258,265,5298.924498174948
2026-01-04 02:29:42,3,2,21.350000000000001,3.48,21.351866450514009,6.4543849058934528,-8.7413927879971857e-05,-0.46083165929220665,5271.8333390186408,6.1350574712643686,2924103,5271.8333390186408
2026-03-27 07:53:00,5,7,21.350000000000001,3.48,21.351866450514009,6.4543849058934528,-8.7413927879971857e-05,-0.46083165929220665,5271.8333390186408,6.1350574712643686,2924103,5271.8333390186408
2026-01-10 00:46:54,8,0,21.350000000000001,3.4900000000000002,21.351866450514009,6.4543849058934528,-8.7413927879971857e-05,-0.45928232497982791,5254.1092262833545,6.1174785100286533,2917190,5254.1092262833545
2026-02-12 23:52:53,3,23,21.350000000000001,3.4900000000000002,21.351866450514009,6.4543849058934528,-8.7413927879971857e-05,-0.45928232497982791,5254.1092262833545,6.1174785100286533,2917190,5254.1092262833545
2026-01-06 16:02:53,3,16,21.350000000000001,3.5,21.351866450514009,6.4543849058934528,-8.7413927879971857e-05,-0.45773299066744921,5236.38511354807,6.1000000000000005,2894983,5236.38511354807
2026-03-29 11:32:14,3,11,21.350000000000001,3.5,21.351866450514009,6.4543849058934528,-8.7413927879971857e-05,-0.45773299066744921,5236.38511354807,6.1000000000000005,2894983,5236.38511354807
2026-03-02 21:12:37,3,21,21.350000000000001,3.5099999999999998,21.351866450514009,6.4543849058934528,-8.7413927879971857e-05,-0.45618365635507052,5218.6610008127846,6.0826210826210838,2888245,5218.6610008127846
2026-03-29 18:55:05,2,18,21.350000000000001,3.5099999999999998,21.351866450514009,6.4543849058934528,-8.7413927879971857e-05,-0.45618365635507052,5218.6610008127846,6.0826210826210838,2888245,5218.6610008127846
2026-02-12 08:42:00,3,8,57.200000000000003,56542.589999999997,21.351866450514009,6.4543849058934528,1.6789227130363122,8759.3374797761699,5217.236869668056,0.0010116268108694704,235,5217.236869668056
2026-03-21 20:03:42,3,20,21.350000000000001,3.52,21.351866450514009,6.4543849058934528,-8.7413927879971857e-05,-0.45463432204269177,5200.9368880774991,6.0653409090909092,2881605,5200.9368880774991
2026-03-22 02:06:26,3,2,21.350000000000001,3.54,21.351866450514009,6.4543849058934528,-8.7413927879971857e-05,-0.45153565341793434,5165.4886626069283,6.0310734463276843,2868342,5165.4886626069283
2026-02-12 07:56:37,3,7,21.350000000000001,3.5499999999999998,21.351866450514009,6.4543849058934528,-8.7413927879971857e-05,-0.44998631910555564,5147.7645498716438,6.0140845070422539,2861859,5147.7645498716438
2026-01-13 18:30:00,3,18,9.2599999999999998,18779.110000000001,21.351866450514009,6.4543849058934528,-0.56631426009237329,2908.511947893428,-5135.8621049362446,0.00049310111075551502,292,5135.8621049362446
2026-02-20 00:33:10,3,0,21.350000000000001,3.5699999999999998,21.351866450514009,6.4543849058934528,-8.7413927879971857e-05,-0.4468876504807982,5112.316324401073,5.9803921568627461,2848556,5112.316324401073
2026-01-08 23:59:38,1,23,21.350000000000001,3.5800000000000001,21.351866450514009,6.4543849058934528,-8.7413927879971857e-05,-0.44533831616841946,5094.5922116657875,5.9636871508379894,2842129,5094.5922116657875
2026-02-17 06:06:26,3,6,21.350000000000001,3.5800000000000001,21.351866450514009,6.4543849058934528,-8.7413927879971857e-05,-0.44533831616841946,5094.5922116657875,5.9636871508379894,2842129,5094.5922116657875
2026-03-08 18:39:11,3,18,21.350000000000001,3.5899999999999999,21.351866450514009,6.4543849058934528,-8.7413927879971857e-05,-0.44378898185604077,5076.8680989305021,5.9470752089136498,2835597,5076.8680989305021
2026-01-03 23:41:56,3,23,21.350000000000001,3.6000000000000001,21.351866450514009,6.4543849058934528,-8.7413927879971857e-05,-0.44223964754366202,5059.1439861952167,5.9305555555555562,2814603,5059.1439861952167
2026-01-09 06:42:07,1,6,21.350000000000001,3.6000000000000001,21.351866450514009,6.4543849058934528,-8.7413927879971857e-05,-0.44223964754366202,5059.1439861952167,5.9305555555555562,2814603,5059.1439861952167
2026-03-11 00:08:47,2,0,21.350000000000001,3.6000000000000001,21.351866450514009,6.4543849058934528,-8.7413927879971857e-05,-0.44223964754366202,5059.1439861952167,5.9305555555555562,2814603,5059.1439861952167
2026-03-19 21:00:10,3,21,21.350000000000001,3.6000000000000001,21.351866450514009,6.4543849058934528,-8.7413927879971857e-05,-0.44223964754366202,5059.1439861952167,5.9305555555555562,2814603,5059.1439861952167
2026-02-26 07:39:00,1,7,48.82,41630.32,21.351866450514009,6.4543849058934528,1.2864511687138593,6448.9283211305938,5012.9600547356695,0.0011727029722567591,248,5012.9600547356695
2026-01-21 13:15:32,1,13,21.350000000000001,3.6299999999999999,21.351866450514009,6.4543849058934528,-8.7413927879971857e-05,-0.43759164460652589,5005.9716479893614,5.8815426997245188,2795675,5005.9716479893614
2026-02-22 13:42:42,3,13,21.350000000000001,3.6299999999999999,21.351866450514009,6.4543849058934528,-8.7413927879971857e-05,-0.43759164460652589,5005.9716479893614,5.8815426997245188,2795675,5005.9716479893614
2026-03-01 00:00:01,5,0,21.350000000000001,3.6499999999999999,21.351866450514009,6.4543849058934528,-8.7413927879971857e-05,-0.43449297598176845,4970.5234225187905,5.8493150684931514,2783224,4970.5234225187905
2026-03-14 21:22:05,1,21,21.350000000000001,3.6699999999999999,21.351866450514009,6.4543849058934528,-8.7413927879971857e-05,-0.43139430735701101,4935.0751970482197,5.8174386920980927,2770951,4935.0751970482197
2026-03-27 23:35:01,3,23,21.350000000000001,3.6699999999999999,21.351866450514009,6.4543849058934528,-8.7413927879971857e-05,-0.43139430735701101,4935.0751970482197,5.8174386920980927,2770951,4935.0751970482197
2026-01-25 00:08:27,3,0,21.350000000000001,3.6800000000000002,21.351866450514009,6.4543849058934528,-8.7413927879971857e-05,-0.42984497304463226,4917.3510843129343,5.8016304347826084,2764873,4917.3510843129343
2026-01-31 21:52:17,3,21,21.350000000000001,3.6800000000000002,21.351866450514009,6.4543849058934528,-8.7413927879971857e-05,-0.42984497304463226,4917.3510843129343,5.8016304347826084,2764873,4917.3510843129343
2026-03-08 23:16:45,3,23,21.350000000000001,3.6800000000000002,21.351866450514009,6.4543849058934528,-8.7413927879971857e-05,-0.42984497304463226,4917.3510843129343,5.8016304347826084,2764873,4917.3510843129343
2026-01-17 23:56:58,1,23,21.350000000000001,3.7000000000000002,21.351866450514009,6.4543849058934528,-8.7413927879971857e-05,-0.42674630441987482,4881.9028588423635,5.7702702702702702,2738838,4881.9028588423635
2026-01-21 00:00:54,1,0,21.350000000000001,3.7000000000000002,21.351866450514009,6.4543849058934528,-8.7413927879971857e-05,-0.42674630441987482,4881.9028588423635,5.7702702702702702,2738838,4881.9028588423635
2026-03-11 05:30:58,1,5,21.350000000000001,3.7000000000000002,21.351866450514009,6.4543849058934528,-8.7413927879971857e-05,-0.42674630441987482,4881.9028588423635,5.7702702702702702,2738838,4881.9028588423635
2026-03-13 09:58:30,1,9,21.350000000000001,3.7000000000000002,21.351866450514009,6.4543849058934528,-8.7413927879971857e-05,-0.42674630441987482,4881.9028588423635,5.7702702702702702,2738838,4881.9028588423635
2026-03-22 14:34:53,3,14,21.350000000000001,3.7000000000000002,21.351866450514009,6.4543849058934528,-8.7413927879971857e-05,-0.42674630441987482,4881.9028588423635,5.7702702702702702,2738838,4881.9028588423635
2026-03-24 08:33:32,1,8,21.350000000000001,3.7000000000000002,21.351866450514009,6.4543849058934528,-8.7413927879971857e-05,-0.42674630441987482,4881.9028588423635,5.7702702702702702,2738838,4881.9028588423635
2026-01-15 14:53:00,3,14,30.690000000000001,13735.120000000001,21.351866450514009,6.4543849058934528,0.4373450710329444,2127.0292700639156,4863.5034688745591,0.0022344180465842306,298,4863.5034688745591
2026-01-01 00:14:11,1,0,21.350000000000001,3.73,21.351866450514009,6.4543849058934528,-8.7413927879971857e-05,-0.42209830148273875,4828.730520636509,5.7238605898123325,2720923,4828.730520636509
2026-01-28 13:20:39,1,13,21.350000000000001,3.73,21.351866450514009,6.4543849058934528,-8.7413927879971857e-05,-0.42209830148273875,4828.730520636509,5.7238605898123325,2720923,4828.730520636509
2026-03-16 22:07:00,3,22,21.350000000000001,3.7400000000000002,21.351866450514009,6.4543849058934528,-8.7413927879971857e-05,-0.42054896717035994,4811.0064079012227,5.7085561497326207,2715099,4811.0064079012227
2026-01-30 06:04:41,1,6,21.350000000000001,3.7599999999999998,21.351866450514009,6.4543849058934528,-8.7413927879971857e-05,-0.41745029854560262,4775.5581824306537,5.6781914893617031,2703462,4775.5581824306537
2026-03-21 02:38:51,8,2,21.350000000000001,3.7599999999999998,21.351866450514009,6.4543849058934528,-8.7413927879971857e-05,-0.41745029854560262,4775.5581824306537,5.6781914893617031,2703462,4775.5581824306537
2026-01-17 02:15:00,2,2,21.350000000000001,3.7999999999999998,21.351866450514009,6.4543849058934528,-8.7413927879971857e-05,-0.41125296129608774,4704.661731489512,5.6184210526315796,2667237,4704.661731489512
2026-01-21 12:17:53,1,12,21.350000000000001,3.7999999999999998,21.351866450514009,6.4543849058934528,-8.7413927879971857e-05,-0.41125296129608774,4704.661731489512,5.6184210526315796,2667237,4704.661731489512
2026-03-02 13:23:16,3,13,21.350000000000001,3.7999999999999998,21.351866450514009,6.4543849058934528,-8.7413927879971857e-05,-0.41125296129608774,4704.661731489512,5.6184210526315796,2667237,4704.661731489512
2026-03-23 07:54:27,8,7,21.350000000000001,3.7999999999999998,21.351866450514009,6.4543849058934528,-8.7413927879971857e-05,-0.41125296129608774,4704.661731489512,5.6184210526315796,2667237,4704.661731489512
2026-03-31 22:30:18,3,22,21.350000000000001,3.7999999999999998,21.351866450514009,6.4543849058934528,-8.7413927879971857e-05,-0.41125296129608774,4704.661731489512,5.6184210526315796,2667237,4704.661731489512
2026-02-18 21:48:08,5,21,21.350000000000001,3.8199999999999998,21.351866450514009,6.4543849058934528,-8.7413927879971857e-05,-0.4081542926713303,4669.2135060189412,5.5890052356020945,2656025,4669.2135060189412
2026-03-20 05:56:50,1,5,21.350000000000001,3.8500000000000001,21.351866450514009,6.4543849058934528,-8.7413927879971857e-05,-0.40350628973419411,4616.0411678130849,5.5454545454545459,2639083,4616.0411678130849
2026-03-28 16:47:30,1,16,21.350000000000001,3.8500000000000001,21.351866450514009,6.4543849058934528,-8.7413927879971857e-05,-0.40350628973419411,4616.0411678130849,5.5454545454545459,2639083,4616.0411678130849
2026-01-02 23:09:36,3,23,21.350000000000001,3.8599999999999999,21.351866450514009,6.4543849058934528,-8.7413927879971857e-05,-0.40195695542181542,4598.3170550778004,5.5310880829015545,2633515,4598.3170550778004
2026-03-12 09:28:07,3,9,21.350000000000001,3.8700000000000001,21.351866450514009,6.4543849058934528,-8.7413927879971857e-05,-0.40040762110943667,4580.592942342515,5.5167958656330756,2627977,4580.592942342515
2026-02-20 23:35:51,3,23,21.350000000000001,3.8799999999999999,21.351866450514009,6.4543849058934528,-8.7413927879971857e-05,-0.39885828679705798,4562.8688296072296,5.5025773195876297,2622396,4562.8688296072296
2026-01-13 22:28:22,3,22,21.350000000000001,3.8999999999999999,21.351866450514009,6.4543849058934528,-8.7413927879971857e-05,-0.39575961817230054,4527.4206041366588,5.4743589743589745,2598621,4527.4206041366588
2026-03-22 21:37:20,3,21,21.350000000000001,3.8999999999999999,21.351866450514009,6.4543849058934528,-8.7413927879971857e-05,-0.39575961817230054,4527.4206041366588,5.4743589743589745,2598621,4527.4206041366588
2026-03-19 07:37:00,1,7,52.640000000000001,42817.220000000001,21.351866450514009,6.4543849058934528,1.4653582450040465,6632.818810666824,4526.4145019012112,0.0012294119048364186,247,4526.4145019012112
2026-01-18 22:59:02,12,22,21.350000000000001,3.9399999999999999,21.351866450514009,6.4543849058934528,-8.7413927879971857e-05,-0.38956228092278566,4456.524153195518,5.4187817258883255,2577158,4456.524153195518
2026-01-28 07:18:00,1,7,42.530000000000001,28468.830000000002,21.351866450514009,6.4543849058934528,0.99186333890619505,4409.7735152276582,4445.9486929829054,0.0014939145725342419,280,4445.9486929829054
2026-01-02 00:53:54,1,0,21.350000000000001,3.96,21.351866450514009,6.4543849058934528,-8.7413927879971857e-05,-0.38646361229802823,4421.0759277249472,5.3914141414141419,2566625,4421.0759277249472
2026-01-26 13:36:50,3,13,21.350000000000001,3.9700000000000002,21.351866450514009,6.4543849058934528,-8.7413927879971857e-05,-0.38491427798564948,4403.3518149896618,5.3778337531486144,2561371,4403.3518149896618
2026-02-15 01:46:48,1,1,21.350000000000001,3.9700000000000002,21.351866450514009,6.4543849058934528,-8.7413927879971857e-05,-0.38491427798564948,4403.3518149896618,5.3778337531486144,2561371,4403.3518149896618
2026-03-16 06:37:47,3,6,21.350000000000001,3.9700000000000002,21.351866450514009,6.4543849058934528,-8.7413927879971857e-05,-0.38491427798564948,4403.3518149896618,5.3778337531486144,2561371,4403.3518149896618
2026-03-08 04:46:37,5,4,21.350000000000001,3.98,21.351866450514009,6.4543849058934528,-8.7413927879971857e-05,-0.38336494367327079,4385.6277022543773,5.3643216080402016,2556090,4385.6277022543773
2026-03-28 07:52:49,1,7,21.350000000000001,3.98,21.351866450514009,6.4543849058934528,-8.7413927879971857e-05,-0.38336494367327079,4385.6277022543773,5.3643216080402016,2556090,4385.6277022543773
2026-01-09 18:26:57,3,18,21.350000000000001,4,21.351866450514009,6.4543849058934528,-8.7413927879971857e-05,-0.38026627504851335,4350.1794767838064,5.3375000000000004,2533634,4350.1794767838064
2026-02-13 06:55:28,3,6,21.350000000000001,4,21.351866450514009,6.4543849058934528,-8.7413927879971857e-05,-0.38026627504851335,4350.1794767838064,5.3375000000000004,2533634,4350.1794767838064
2026-02-17 22:06:07,1,22,21.350000000000001,4,21.351866450514009,6.4543849058934528,-8.7413927879971857e-05,-0.38026627504851335,4350.1794767838064,5.3375000000000004,2533634,4350.1794767838064
2026-02-20 22:49:14,5,22,21.350000000000001,4,21.351866450514009,6.4543849058934528,-8.7413927879971857e-05,-0.38026627504851335,4350.1794767838064,5.3375000000000004,2533634,4350.1794767838064
2026-03-05 05:37:44,3,5,21.350000000000001,4,21.351866450514009,6.4543849058934528,-8.7413927879971857e-05,-0.38026627504851335,4350.1794767838064,5.3375000000000004,2533634,4350.1794767838064
2026-02-14 06:49:44,3,6,21.350000000000001,8.9000000000000004,21.351866450514009,6.4543849058934528,-8.7413927879971857e-05,0.37890753801705779,-4334.6357635059721,2.398876404494382,1013201,4334.6357635059721
2026-02-24 06:46:00,3,6,38.270000000000003,22046.810000000001,21.351866450514009,6.4543849058934528,0.79234916482342077,3414.7879211494214,4309.70091564421,0.0017358520348295288,286,4309.70091564421
2026-02-12 23:40:16,3,23,21.350000000000001,4.0499999999999998,21.351866450514009,6.4543849058934528,-8.7413927879971857e-05,-0.37251960348661983,4261.5589131073812,5.2716049382716053,2508299,4261.5589131073812
2026-02-05 11:12:12,1,11,21.350000000000001,4.0599999999999996,21.351866450514009,6.4543849058934528,-8.7413927879971857e-05,-0.37097026917424114,4243.8348003720957,5.2586206896551735,2503332,4243.8348003720957
2026-01-17 22:58:49,3,22,21.350000000000001,4.0899999999999999,21.351866450514009,6.4543849058934528,-8.7413927879971857e-05,-0.36632226623710495,4190.6624621662395,5.2200488997555015,2488484,4190.6624621662395
2026-02-08 02:34:37,3,2,21.350000000000001,4.0999999999999996,21.351866450514009,6.4543849058934528,-8.7413927879971857e-05,-0.36477293192472626,4172.938349430955,5.2073170731707323,2472275,4172.938349430955
2026-02-12 22:37:38,3,22,21.350000000000001,4.0999999999999996,21.351866450514009,6.4543849058934528,-8.7413927879971857e-05,-0.36477293192472626,4172.938349430955,5.2073170731707323,2472275,4172.938349430955
2026-02-08 18:56:17,1,18,21.350000000000001,4.1299999999999999,21.351866450514009,6.4543849058934528,-8.7413927879971857e-05,-0.36012492898759008,4119.7660112250987,5.1694915254237293,2457545,4119.7660112250987
2026-01-09 17:26:22,3,17,21.350000000000001,4.2000000000000002,21.351866450514009,6.4543849058934528,-8.7413927879971857e-05,-0.34927958880093901,3995.6972220781008,5.083333333333333,2413370,3995.6972220781008
2026-01-16 00:00:29,1,0,21.350000000000001,4.2000000000000002,21.351866450514009,6.4543849058934528,-8.7413927879971857e-05,-0.34927958880093901,3995.6972220781008,5.083333333333333,2413370,3995.6972220781008
2026-01-21 10:41:37,1,10,21.350000000000001,4.2000000000000002,21.351866450514009,6.4543849058934528,-8.7413927879971857e-05,-0.34927958880093901,3995.6972220781008,5.083333333333333,2413370,3995.6972220781008
2026-03-14 22:03:41,2,22,21.350000000000001,4.2000000000000002,21.351866450514009,6.4543849058934528,-8.7413927879971857e-05,-0.34927958880093901,3995.6972220781008,5.083333333333333,2413370,3995.6972220781008
2026-02-24 13:35:52,3,13,21.350000000000001,4.21,21.351866450514009,6.4543849058934528,-8.7413927879971857e-05,-0.34773025448856032,3977.9731093428159,5.0712589073634211,2408688,3977.9731093428159
2026-03-22 01:37:29,3,1,21.350000000000001,4.21,21.351866450514009,6.4543849058934528,-8.7413927879971857e-05,-0.34773025448856032,3977.9731093428159,5.0712589073634211,2408688,3977.9731093428159
2026-03-30 22:03:49,3,22,21.350000000000001,4.2199999999999998,21.351866450514009,6.4543849058934528,-8.7413927879971857e-05,-0.34618092017618163,3960.2489966075309,5.0592417061611377,2404059,3960.2489966075309
2026-02-21 19:13:26,3,19,21.350000000000001,4.2300000000000004,21.351866450514009,6.4543849058934528,-8.7413927879971857e-05,-0.34463158586380283,3942.5248838722446,5.0472813238770682,2399399,3942.5248838722446
2026-01-30 09:12:00,1,9,35.200000000000003,16338.51,21.351866450514009,6.4543849058934528,0.6485678234069614,2530.3814156142785,3901.4908299367207,0.0021544192218262252,295,3901.4908299367207
2026-03-02 12:39:10,3,12,21.5,179.80000000000001,21.351866450514009,6.4543849058934528,0.0069377330468655355,26.857030936569327,3871.153697489603,0.11957730812013348,349,3871.153697489603
2026-01-08 23:21:16,1,23,21.350000000000001,4.2999999999999998,21.351866450514009,6.4543849058934528,-8.7413927879971857e-05,-0.33378624567715193,3818.4560947252494,4.9651162790697683,2357408,3818.4560947252494
2026-02-06 23:24:56,3,23,21.350000000000001,4.3099999999999996,21.351866450514009,6.4543849058934528,-8.7413927879971857e-05,-0.33223691136477324,3800.7319819899644,4.9535962877030171,2352895,3800.7319819899644
2026-01-10 08:53:57,3,8,21.350000000000001,4.3300000000000001,21.351866450514009,6.4543849058934528,-8.7413927879971857e-05,-0.32913824274001569,3765.2837565193927,4.9307159353348728,2344229,3765.2837565193927
2026-01-18 15:06:59,5,15,21.350000000000001,4.3399999999999999,21.351866450514009,6.4543849058934528,-8.7413927879971857e-05,-0.32758890842763705,3747.5596437841082,4.9193548387096779,2339857,3747.5596437841082
2026-01-18 01:55:26,1,1,21.350000000000001,4.3799999999999999,21.351866450514009,6.4543849058934528,-8.7413927879971857e-05,-0.32139157117812217,3676.663192842967,4.8744292237442925,2322387,3676.663192842967
2026-01-04 23:33:54,3,23,21.350000000000001,4.4000000000000004,21.351866450514009,6.4543849058934528,-8.7413927879971857e-05,-0.31829290255336468,3641.2149673723957,4.8522727272727275,2303650,3641.2149673723957
2026-01-16 04:01:48,1,4,21.350000000000001,4.4000000000000004,21.351866450514009,6.4543849058934528,-8.7413927879971857e-05,-0.31829290255336468,3641.2149673723957,4.8522727272727275,2303650,3641.2149673723957
2026-01-21 11:50:47,1,11,21.350000000000001,4.4000000000000004,21.351866450514009,6.4543849058934528,-8.7413927879971857e-05,-0.31829290255336468,3641.2149673723957,4.8522727272727275,2303650,3641.2149673723957
2026-03-22 23:18:58,3,23,21.350000000000001,4.4000000000000004,21.351866450514009,6.4543849058934528,-8.7413927879971857e-05,-0.31829290255336468,3641.2149673723957,4.8522727272727275,2303650,3641.2149673723957
2026-03-27 03:04:50,3,3,21.350000000000001,4.4000000000000004,21.351866450514009,6.4543849058934528,-8.7413927879971857e-05,-0.31829290255336468,3641.2149673723957,4.8522727272727275,2303650,3641.2149673723957
2026-03-20 03:04:41,3,3,21.350000000000001,4.4800000000000004,21.351866450514009,6.4543849058934528,-8.7413927879971857e-05,-0.30589822805433492,3499.4220654901133,4.765625,2270269,3499.4220654901133
2026-02-19 14:59:36,3,14,14.199999999999999,7547.6400000000003,21.351866450514009,6.4543849058934528,-0.33495275305741906,1168.3817629482096,-3488.1987154406834,0.0018813827898521921,303,3488.1987154406834
2026-03-29 00:24:56,1,0,21.350000000000001,4.5,21.351866450514009,6.4543849058934528,-8.7413927879971857e-05,-0.30279955942957754,3463.9738400195433,4.7444444444444445,2252144,3463.9738400195433
2026-02-24 20:18:00,1,20,64.650000000000006,43976.989999999998,21.351866450514009,6.4543849058934528,2.0278383461153426,6812.5059562135693,3359.4916326856346,0.0014700869704816089,245,3359.4916326856346
2026-01-17 04:10:59,3,4,21.350000000000001,4.5700000000000003,21.351866450514009,6.4543849058934528,-8.7413927879971857e-05,-0.29195421924292647,3339.9050508725459,4.6717724288840259,2224008,3339.9050508725459
2026-03-11 22:08:14,3,22,21.350000000000001,4.6100000000000003,21.351866450514009,6.4543849058934528,-8.7413927879971857e-05,-0.28575688199341159,3269.0085999314047,4.6312364425162693,2199021,3269.0085999314047
2026-01-10 03:40:48,3,3,21.350000000000001,8.2899999999999991,21.351866450514009,6.4543849058934528,-8.7413927879971857e-05,0.28439814496195592,-3253.4648866535695,2.5753920386007243,1140589,3253.4648866535695
2026-02-03 07:14:00,1,7,47.289999999999999,24864.43,21.351866450514009,6.4543849058934528,1.2147946695714544,3851.3314556738733,3170.355906346309,0.0019019136975993417,284,3170.355906346309
2026-01-09 22:50:31,3,22,21.350000000000001,4.6900000000000004,21.351866450514009,6.4543849058934528,-8.7413927879971857e-05,-0.27336220749438189,3127.2156980491231,4.5522388059701493,2167934,3127.2156980491231
2026-03-09 22:53:09,3,22,21.350000000000001,4.7000000000000002,21.351866450514009,6.4543849058934528,-8.7413927879971857e-05,-0.2718128731820032,3109.4915853138382,4.542553191489362,2155176,3109.4915853138382
2026-01-02 10:47:00,3,10,17.420000000000002,3687.4499999999998,21.351866450514009,6.4543849058934528,-0.18414626466621398,570.30928101808979,-3097.0450693194357,0.0047241318526352908,305,3097.0450693194357
2026-03-04 15:08:00,3,15,38.170000000000002,15432.17,21.351866450514009,6.4543849058934528,0.7876657335069237,2389.9590495461457,3034.2300647069314,0.0024734045827644459,297,3034.2300647069314
2026-01-10 23:06:24,9,23,21.350000000000001,4.7999999999999998,21.351866450514009,6.4543849058934528,-8.7413927879971857e-05,-0.25631953005821606,2932.2504579609858,4.447916666666667,2109394,2932.2504579609858
2026-03-23 07:28:00,8,7,55.950000000000003,29137.720000000001,21.351866450514009,6.4543849058934528,1.6203798215800991,4513.4069380483579,2785.4006066597085,0.0019201914219781095,278,2785.4006066597085
2026-01-24 12:50:47,3,12,21.350000000000001,4.9000000000000004,21.351866450514009,6.4543849058934528,-8.7413927879971857e-05,-0.24082618693442884,2755.0093306081326,4.3571428571428568,2064814,2755.0093306081326
2026-02-16 04:10:41,12,4,21.350000000000001,4.9000000000000004,21.351866450514009,6.4543849058934528,-8.7413927879971857e-05,-0.24082618693442884,2755.0093306081326,4.3571428571428568,2064814,2755.0093306081326
2026-02-17 08:20:32,3,8,21.350000000000001,4.9000000000000004,21.351866450514009,6.4543849058934528,-8.7413927879971857e-05,-0.24082618693442884,2755.0093306081326,4.3571428571428568,2064814,2755.0093306081326
2026-02-27 10:30:34,1,10,21.350000000000001,4.9000000000000004,21.351866450514009,6.4543849058934528,-8.7413927879971857e-05,-0.24082618693442884,2755.0093306081326,4.3571428571428568,2064814,2755.0093306081326
2026-03-11 08:23:49,1,8,21.399999999999999,46.100000000000001,21.351866450514009,6.4543849058934528,0.0022543017303684196,6.1424311800658833,2724.7599987700087,0.46420824295010843,2366,2724.7599987700087
2026-01-03 13:04:26,3,13,21.350000000000001,4.96,21.351866450514009,6.4543849058934528,-8.7413927879971857e-05,-0.23153018106015658,2648.6646541964215,4.304435483870968,2043828,2648.6646541964215
2026-01-13 19:03:39,3,19,21.359999999999999,0.01,21.351866450514009,6.4543849058934528,0.00038092920376963984,-0.99845066568762131,-2621.0924649699909,2136,10565895,2621.0924649699909
2026-01-28 17:41:53,1,17,21.359999999999999,0.01,21.351866450514009,6.4543849058934528,0.00038092920376963984,-0.99845066568762131,-2621.0924649699909,2136,10565895,2621.0924649699909
2026-02-05 17:28:27,1,17,21.359999999999999,0.01,21.351866450514009,6.4543849058934528,0.00038092920376963984,-0.99845066568762131,-2621.0924649699909,2136,10565895,2621.0924649699909
2026-02-09 18:49:49,2,18,21.359999999999999,0.01,21.351866450514009,6.4543849058934528,0.00038092920376963984,-0.99845066568762131,-2621.0924649699909,2136,10565895,2621.0924649699909
2026-02-10 19:42:03,3,19,21.359999999999999,0.01,21.351866450514009,6.4543849058934528,0.00038092920376963984,-0.99845066568762131,-2621.0924649699909,2136,10565895,2621.0924649699909
2026-02-19 17:25:27,3,17,21.359999999999999,0.01,21.351866450514009,6.4543849058934528,0.00038092920376963984,-0.99845066568762131,-2621.0924649699909,2136,10565895,2621.0924649699909
2026-03-02 18:56:15,3,18,21.359999999999999,0.01,21.351866450514009,6.4543849058934528,0.00038092920376963984,-0.99845066568762131,-2621.0924649699909,2136,10565895,2621.0924649699909
2026-03-14 01:52:24,1,1,21.359999999999999,0.01,21.351866450514009,6.4543849058934528,0.00038092920376963984,-0.99845066568762131,-2621.0924649699909,2136,10565895,2621.0924649699909
2026-03-31 17:16:49,3,17,21.359999999999999,0.01,21.351866450514009,6.4543849058934528,0.00038092920376963984,-0.99845066568762131,-2621.0924649699909,2136,10565895,2621.0924649699909
2026-01-30 12:06:07,1,12,21.359999999999999,0.02,21.351866450514009,6.4543849058934528,0.00038092920376963984,-0.99690133137524262,-2617.0252149480798,1068,10551558,2617.0252149480798
2026-03-19 19:16:21,3,19,21.359999999999999,0.02,21.351866450514009,6.4543849058934528,0.00038092920376963984,-0.99690133137524262,-2617.0252149480798,1068,10551558,2617.0252149480798
2026-01-23 19:52:20,3,19,21.359999999999999,0.029999999999999999,21.351866450514009,6.4543849058934528,0.00038092920376963984,-0.99535199706286381,-2612.9579649261682,712,10546902,2612.9579649261682
2026-03-05 21:23:46,3,21,21.350000000000001,4.9900000000000002,21.351866450514009,6.4543849058934528,-8.7413927879971857e-05,-0.22688217812302039,2595.4923159905652,4.2785571142284571,2033608,2595.4923159905652
2026-01-04 10:53:44,3,10,21.350000000000001,5,21.351866450514009,6.4543849058934528,-8.7413927879971857e-05,-0.22533284381064173,2577.7682032552807,4.2700000000000005,2022236,2577.7682032552807
2026-01-13 19:22:53,3,19,21.350000000000001,5,21.351866450514009,6.4543849058934528,-8.7413927879971857e-05,-0.22533284381064173,2577.7682032552807,4.2700000000000005,2022236,2577.7682032552807
2026-03-14 08:11:41,1,8,21.350000000000001,5,21.351866450514009,6.4543849058934528,-8.7413927879971857e-05,-0.22533284381064173,2577.7682032552807,4.2700000000000005,2022236,2577.7682032552807
2026-03-26 02:26:53,3,2,21.350000000000001,5.0300000000000002,21.351866450514009,6.4543849058934528,-8.7413927879971857e-05,-0.22068484087350554,2524.5958650494244,4.2445328031809142,2012128,2524.5958650494244
2026-03-11 19:51:18,3,19,21.359999999999999,0.28999999999999998,21.351866450514009,6.4543849058934528,0.00038092920376963984,-0.95506930494101716,-2507.2094643564747,73.65517241379311,10451770,2507.2094643564747
2026-01-15 18:30:38,1,18,10,8301.2199999999993,21.351866450514009,6.4543849058934528,-0.53165686835029513,1285.1364980604449,-2417.2291840189323,0.0012046422092174404,300,2417.2291840189323
2026-01-13 19:48:32,3,19,21.359999999999999,0.53000000000000003,21.351866450514009,6.4543849058934528,0.00038092920376963984,-0.917885281443928,-2409.5954638306039,40.301886792452827,10004407,2409.5954638306039
2026-01-22 19:30:42,2,19,21.350000000000001,5.0999999999999996,21.351866450514009,6.4543849058934528,-8.7413927879971857e-05,-0.20983950068685461,2400.5270759024284,4.1862745098039218,1981162,2400.5270759024284
2026-03-27 04:02:55,9,4,21.359999999999999,0.57999999999999996,21.351866450514009,6.4543849058934528,0.00038092920376963984,-0.91013860988203443,-2389.2592137210477,36.827586206896555,9886284,2389.2592137210477
2026-03-22 11:24:40,3,11,21.350000000000001,7.7999999999999998,21.351866450514009,6.4543849058934528,-8.7413927879971857e-05,0.20848076365539889,-2384.9833626245922,2.7371794871794872,1234366,2384.9833626245922
2026-03-14 00:01:59,2,0,21.359999999999999,0.63,21.351866450514009,6.4543849058934528,0.00038092920376963984,-0.90239193832014086,-2368.9229636114915,33.904761904761905,9692381,2368.9229636114915
2026-01-21 06:55:58,1,6,21.359999999999999,0.66000000000000003,21.351866450514009,6.4543849058934528,0.00038092920376963984,-0.89774393538300468,-2356.7212135457571,32.36363636363636,9608718,2356.7212135457571
2026-02-04 22:13:03,1,22,21.359999999999999,0.69999999999999996,21.351866450514009,6.4543849058934528,0.00038092920376963984,-0.8915465981334898,-2340.4522134581121,30.514285714285716,9419685,2340.4522134581121
2026-02-14 00:25:42,1,0,21.359999999999999,0.69999999999999996,21.351866450514009,6.4543849058934528,0.00038092920376963984,-0.8915465981334898,-2340.4522134581121,30.514285714285716,9419685,2340.4522134581121
2026-02-12 05:53:07,3,5,21.359999999999999,0.71999999999999997,21.351866450514009,6.4543849058934528,0.00038092920376963984,-0.88844792950873241,-2332.3177134142898,29.666666666666668,9359389,2332.3177134142898
2026-02-07 19:25:31,2,19,21.359999999999999,0.72999999999999998,21.351866450514009,6.4543849058934528,0.00038092920376963984,-0.88689859519635372,-2328.2504633923786,29.260273972602739,9328904,2328.2504633923786
2026-01-31 19:48:00,3,19,21.359999999999999,0.73999999999999999,21.351866450514009,6.4543849058934528,0.00038092920376963984,-0.88534926088397492,-2324.183213370467,28.864864864864863,9297800,2324.183213370467
2026-02-05 22:28:17,1,22,21.359999999999999,0.73999999999999999,21.351866450514009,6.4543849058934528,0.00038092920376963984,-0.88534926088397492,-2324.183213370467,28.864864864864863,9297800,2324.183213370467
2026-02-07 00:28:03,3,0,21.359999999999999,0.73999999999999999,21.351866450514009,6.4543849058934528,0.00038092920376963984,-0.88534926088397492,-2324.183213370467,28.864864864864863,9297800,2324.183213370467
2026-03-06 23:46:35,3,23,21.359999999999999,0.76000000000000001,21.351866450514009,6.4543849058934528,0.00038092920376963984,-0.88225059225921754,-2316.0487133266447,28.105263157894736,9234319,2316.0487133266447
2026-02-13 15:50:33,1,15,21.359999999999999,0.77000000000000002,21.351866450514009,6.4543849058934528,0.00038092920376963984,-0.88070125794683873,-2311.9814633047331,27.740259740259738,9202862,2311.9814633047331
2026-01-11 01:45:36,9,1,21.379999999999999,26.079999999999998,21.351866450514009,6.4543849058934528,0.0013176154670690298,3.0406638866836926,2307.7020289140187,0.81978527607361962,24902,2307.7020289140187
2026-01-25 20:00:21,16,20,21.359999999999999,0.80000000000000004,21.351866450514009,6.4543849058934528,0.00038092920376963984,-0.87605325500970266,-2299.7797132389992,26.699999999999999,9030828,2299.7797132389992
2026-01-31 19:11:23,3,19,21.359999999999999,0.83999999999999997,21.351866450514009,6.4543849058934528,0.00038092920376963984,-0.86985591776018778,-2283.5107131513541,25.428571428571431,8900075,2283.5107131513541
2026-03-22 02:29:53,3,2,21.359999999999999,0.84999999999999998,21.351866450514009,6.4543849058934528,0.00038092920376963984,-0.8683065834478092,-2279.443463129443,25.129411764705882,8867102,2279.443463129443
2026-03-13 04:35:28,1,4,21.359999999999999,0.94999999999999996,21.351866450514009,6.4543849058934528,0.00038092920376963984,-0.85281324032402195,-2238.7709629103301,22.484210526315788,8460465,2238.7709629103301
2026-03-17 08:27:31,3,8,21.359999999999999,0.94999999999999996,21.351866450514009,6.4543849058934528,0.00038092920376963984,-0.85281324032402195,-2238.7709629103301,22.484210526315788,8460465,2238.7709629103301
2026-03-14 22:49:11,2,22,21.359999999999999,0.95999999999999996,21.351866450514009,6.4543849058934528,0.00038092920376963984,-0.85126390601164326,-2234.703712888419,22.25,8427040,2234.703712888419
2026-01-31 00:24:58,1,0,21.359999999999999,0.97999999999999998,21.351866450514009,6.4543849058934528,0.00038092920376963984,-0.84816523738688587,-2226.5692128445967,21.795918367346939,8360853,2226.5692128445967
2026-03-20 21:32:34,3,21,21.359999999999999,0.97999999999999998,21.351866450514009,6.4543849058934528,0.00038092920376963984,-0.84816523738688587,-2226.5692128445967,21.795918367346939,8360853,2226.5692128445967
2026-02-18 19:28:40,5,19,21.350000000000001,5.2000000000000002,21.351866450514009,6.4543849058934528,-8.7413927879971857e-05,-0.19434615756306736,2223.2859485495751,4.1057692307692308,1941189,2223.2859485495751
2026-02-28 23:18:50,2,23,21.350000000000001,5.2000000000000002,21.351866450514009,6.4543849058934528,-8.7413927879971857e-05,-0.19434615756306736,2223.2859485495751,4.1057692307692308,1941189,2223.2859485495751
2026-02-07 22:06:04,3,22,21.359999999999999,1.02,21.351866450514009,6.4543849058934528,0.00038092920376963984,-0.84196790013737088,-2210.3002127569512,20.941176470588236,8154668,2210.3002127569512
2026-03-26 15:53:22,3,15,21.359999999999999,1.03,21.351866450514009,6.4543849058934528,0.00038092920376963984,-0.84041856582499219,-2206.2329627350396,20.737864077669901,8122115,2206.2329627350396
2026-02-27 20:18:23,1,20,21.359999999999999,1.0600000000000001,21.351866450514009,6.4543849058934528,0.00038092920376963984,-0.83577056288785612,-2194.0312126693061,20.150943396226413,8024260,2194.0312126693061
2026-03-05 12:28:03,9,12,21.359999999999999,1.0700000000000001,21.351866450514009,6.4543849058934528,0.00038092920376963984,-0.83422122857547731,-2189.9639626473945,19.962616822429904,7992045,2189.9639626473945
2026-01-07 13:52:14,5,13,21.359999999999999,1.0800000000000001,21.351866450514009,6.4543849058934528,0.00038092920376963984,-0.83267189426309862,-2185.8967126254834,19.777777777777775,7959930,2185.8967126254834
2026-01-26 08:11:51,3,8,21.359999999999999,1.0800000000000001,21.351866450514009,6.4543849058934528,0.00038092920376963984,-0.83267189426309862,-2185.8967126254834,19.777777777777775,7959930,2185.8967126254834
2026-02-01 19:30:24,3,19,21.359999999999999,1.0900000000000001,21.351866450514009,6.4543849058934528,0.00038092920376963984,-0.83112255995071993,-2181.8294626035722,19.596330275229356,7927785,2181.8294626035722
2026-02-14 01:49:32,2,1,21.359999999999999,1.0900000000000001,21.351866450514009,6.4543849058934528,0.00038092920376963984,-0.83112255995071993,-2181.8294626035722,19.596330275229356,7927785,2181.8294626035722
2026-02-08 04:07:02,3,4,21.359999999999999,1.1000000000000001,21.351866450514009,6.4543849058934528,0.00038092920376963984,-0.82957322563834113,-2177.7622125816606,19.418181818181814,7822964,2177.7622125816606
2026-02-05 08:05:49,1,8,21.359999999999999,1.1200000000000001,21.351866450514009,6.4543849058934528,0.00038092920376963984,-0.82647455701358374,-2169.6277125378383,19.071428571428569,7759316,2169.6277125378383
2026-01-27 07:10:28,1,7,21.359999999999999,1.1399999999999999,21.351866450514009,6.4543849058934528,0.00038092920376963984,-0.82337588838882636,-2161.4932124940156,18.736842105263158,7695672,2161.4932124940156
2026-02-28 09:31:54,5,9,21.359999999999999,1.1699999999999999,21.351866450514009,6.4543849058934528,0.00038092920376963984,-0.81872788545169017,-2149.2914624282816,18.256410256410255,7601051,2149.2914624282816
2026-02-14 13:41:17,2,13,21.359999999999999,1.1899999999999999,21.351866450514009,6.4543849058934528,0.00038092920376963984,-0.81562921682693268,-2141.1569623844589,17.949579831932773,7538767,2141.1569623844589
2026-01-29 17:56:33,1,17,21.359999999999999,1.21,21.351866450514009,6.4543849058934528,0.00038092920376963984,-0.8125305482021753,-2133.0224623406366,17.652892561983471,7407273,2133.0224623406366
2026-02-12 14:52:53,3,14,21.359999999999999,1.21,21.351866450514009,6.4543849058934528,0.00038092920376963984,-0.8125305482021753,-2133.0224623406366,17.652892561983471,7407273,2133.0224623406366
2026-02-13 21:58:11,1,21,21.359999999999999,1.22,21.351866450514009,6.4543849058934528,0.00038092920376963984,-0.8109812138897966,-2128.9552123187254,17.508196721311474,7376734,2128.9552123187254
2026-02-14 00:51:01,1,0,21.359999999999999,1.22,21.351866450514009,6.4543849058934528,0.00038092920376963984,-0.8109812138897966,-2128.9552123187254,17.508196721311474,7376734,2128.9552123187254
2026-02-06 12:38:50,3,12,21.359999999999999,1.24,21.351866450514009,6.4543849058934528,0.00038092920376963984,-0.80788254526503911,-2120.8207122749027,17.225806451612904,7315682,2120.8207122749027
2026-02-08 22:22:19,1,22,21.359999999999999,1.24,21.351866450514009,6.4543849058934528,0.00038092920376963984,-0.80788254526503911,-2120.8207122749027,17.225806451612904,7315682,2120.8207122749027
2026-01-04 10:46:30,3,10,21.350000000000001,5.2599999999999998,21.351866450514009,6.4543849058934528,-8.7413927879971857e-05,-0.18505015168879513,2116.941272137864,4.0589353612167303,1922620,2116.941272137864
2026-01-26 08:00:55,3,8,21.359999999999999,1.25,21.351866450514009,6.4543849058934528,0.00038092920376963984,-0.80633321095266042,-2116.7534622529915,17.088000000000001,7285274,2116.7534622529915
2026-03-05 08:04:59,3,8,21.359999999999999,1.25,21.351866450514009,6.4543849058934528,0.00038092920376963984,-0.80633321095266042,-2116.7534622529915,17.088000000000001,7285274,2116.7534622529915
2026-01-22 18:09:15,3,18,21.359999999999999,1.26,21.351866450514009,6.4543849058934528,0.00038092920376963984,-0.80478387664028173,-2112.6862122310804,16.952380952380953,7254796,2112.6862122310804
2026-01-30 06:59:57,1,6,21.359999999999999,1.26,21.351866450514009,6.4543849058934528,0.00038092920376963984,-0.80478387664028173,-2112.6862122310804,16.952380952380953,7254796,2112.6862122310804
2026-01-25 13:31:21,15,13,21.359999999999999,1.27,21.351866450514009,6.4543849058934528,0.00038092920376963984,-0.80323454232790292,-2108.6189622091688,16.818897637795274,7224563,2108.6189622091688
2026-01-30 16:58:00,1,16,21.359999999999999,1.27,21.351866450514009,6.4543849058934528,0.00038092920376963984,-0.80323454232790292,-2108.6189622091688,16.818897637795274,7224563,2108.6189622091688
2026-02-20 18:08:00,8,18,21.359999999999999,1.27,21.351866450514009,6.4543849058934528,0.00038092920376963984,-0.80323454232790292,-2108.6189622091688,16.818897637795274,7224563,2108.6189622091688
2026-02-24 07:39:01,3,7,21.359999999999999,1.27,21.351866450514009,6.4543849058934528,0.00038092920376963984,-0.80323454232790292,-2108.6189622091688,16.818897637795274,7224563,2108.6189622091688
2026-03-20 10:10:52,1,10,21.359999999999999,1.27,21.351866450514009,6.4543849058934528,0.00038092920376963984,-0.80323454232790292,-2108.6189622091688,16.818897637795274,7224563,2108.6189622091688
2026-02-24 07:14:40,3,7,21.359999999999999,1.28,21.351866450514009,6.4543849058934528,0.00038092920376963984,-0.80168520801552423,-2104.5517121872576,16.6875,7194639,2104.5517121872576
2026-03-09 07:49:41,1,7,21.359999999999999,1.28,21.351866450514009,6.4543849058934528,0.00038092920376963984,-0.80168520801552423,-2104.5517121872576,16.6875,7194639,2104.5517121872576
2026-03-16 17:39:18,5,17,21.359999999999999,1.28,21.351866450514009,6.4543849058934528,0.00038092920376963984,-0.80168520801552423,-2104.5517121872576,16.6875,7194639,2104.5517121872576
2026-02-25 08:46:40,3,8,21.359999999999999,1.29,21.351866450514009,6.4543849058934528,0.00038092920376963984,-0.80013587370314554,-2100.484462165346,16.558139534883718,7164775,2100.484462165346
2026-01-25 08:42:21,3,8,21.359999999999999,1.3,21.351866450514009,6.4543849058934528,0.00038092920376963984,-0.79858653939076685,-2096.4172121434349,16.430769230769229,7068453,2096.4172121434349
2026-01-25 17:50:49,15,17,21.359999999999999,1.3,21.351866450514009,6.4543849058934528,0.00038092920376963984,-0.79858653939076685,-2096.4172121434349,16.430769230769229,7068453,2096.4172121434349
2026-01-30 08:24:36,1,8,21.359999999999999,1.3,21.351866450514009,6.4543849058934528,0.00038092920376963984,-0.79858653939076685,-2096.4172121434349,16.430769230769229,7068453,2096.4172121434349
2026-02-17 09:10:45,14,9,21.359999999999999,1.3,21.351866450514009,6.4543849058934528,0.00038092920376963984,-0.79858653939076685,-2096.4172121434349,16.430769230769229,7068453,2096.4172121434349
2026-02-25 08:51:46,3,8,21.359999999999999,1.3,21.351866450514009,6.4543849058934528,0.00038092920376963984,-0.79858653939076685,-2096.4172121434349,16.430769230769229,7068453,2096.4172121434349
2026-01-28 22:31:11,3,22,21.359999999999999,1.3100000000000001,21.351866450514009,6.4543849058934528,0.00038092920376963984,-0.79703720507838816,-2092.3499621215237,16.305343511450381,7038797,2092.3499621215237
2026-03-04 17:57:51,3,17,21.359999999999999,1.3200000000000001,21.351866450514009,6.4543849058934528,0.00038092920376963984,-0.79548787076600935,-2088.2827120996121,16.18181818181818,7009593,2088.2827120996121
2026-01-27 06:57:51,1,6,21.359999999999999,1.3300000000000001,21.351866450514009,6.4543849058934528,0.00038092920376963984,-0.79393853645363066,-2084.215462077701,16.060150375939848,6980273,2084.215462077701
2026-02-21 17:33:57,3,17,21.359999999999999,1.3300000000000001,21.351866450514009,6.4543849058934528,0.00038092920376963984,-0.79393853645363066,-2084.215462077701,16.060150375939848,6980273,2084.215462077701
2026-02-24 04:06:54,3,4,21.359999999999999,1.3300000000000001,21.351866450514009,6.4543849058934528,0.00038092920376963984,-0.79393853645363066,-2084.215462077701,16.060150375939848,6980273,2084.215462077701
2026-01-25 13:02:52,15,13,21.359999999999999,1.3400000000000001,21.351866450514009,6.4543849058934528,0.00038092920376963984,-0.79238920214125197,-2080.1482120557898,15.940298507462686,6951104,2080.1482120557898
2026-02-13 23:09:01,1,23,21.359999999999999,1.3400000000000001,21.351866450514009,6.4543849058934528,0.00038092920376963984,-0.79238920214125197,-2080.1482120557898,15.940298507462686,6951104,2080.1482120557898
2026-02-24 08:04:28,2,8,21.359999999999999,1.3400000000000001,21.351866450514009,6.4543849058934528,0.00038092920376963984,-0.79238920214125197,-2080.1482120557898,15.940298507462686,6951104,2080.1482120557898
2026-01-28 08:50:23,1,8,21.359999999999999,1.3600000000000001,21.351866450514009,6.4543849058934528,0.00038092920376963984,-0.78929053351649447,-2072.0137120119671,15.705882352941176,6893039,2072.0137120119671
2026-02-03 08:57:49,1,8,21.359999999999999,1.3600000000000001,21.351866450514009,6.4543849058934528,0.00038092920376963984,-0.78929053351649447,-2072.0137120119671,15.705882352941176,6893039,2072.0137120119671
2026-02-08 16:08:43,1,16,21.359999999999999,1.3600000000000001,21.351866450514009,6.4543849058934528,0.00038092920376963984,-0.78929053351649447,-2072.0137120119671,15.705882352941176,6893039,2072.0137120119671
2026-02-13 11:26:19,2,11,21.359999999999999,1.3700000000000001,21.351866450514009,6.4543849058934528,0.00038092920376963984,-0.78774119920411578,-2067.9464619900559,15.591240875912407,6864469,2067.9464619900559
2026-02-24 19:11:00,1,19,21.359999999999999,1.3799999999999999,21.351866450514009,6.4543849058934528,0.00038092920376963984,-0.78619186489173709,-2063.8792119681448,15.478260869565219,6835878,2063.8792119681448
2026-03-19 07:54:41,1,7,21.359999999999999,1.3799999999999999,21.351866450514009,6.4543849058934528,0.00038092920376963984,-0.78619186489173709,-2063.8792119681448,15.478260869565219,6835878,2063.8792119681448
2026-02-25 07:58:16,3,7,21.359999999999999,1.3899999999999999,21.351866450514009,6.4543849058934528,0.00038092920376963984,-0.7846425305793584,-2059.8119619462336,15.366906474820144,6807117,2059.8119619462336
2026-02-09 19:53:25,1,19,21.359999999999999,1.3999999999999999,21.351866450514009,6.4543849058934528,0.00038092920376963984,-0.78309319626697971,-2055.744711924322,15.257142857142858,6716320,2055.744711924322
2026-03-03 21:46:58,9,21,21.359999999999999,1.3999999999999999,21.351866450514009,6.4543849058934528,0.00038092920376963984,-0.78309319626697971,-2055.744711924322,15.257142857142858,6716320,2055.744711924322
2026-03-27 09:49:53,8,9,21.359999999999999,1.3999999999999999,21.351866450514009,6.4543849058934528,0.00038092920376963984,-0.78309319626697971,-2055.744711924322,15.257142857142858,6716320,2055.744711924322
2026-01-22 21:40:00,3,21,21.359999999999999,1.4199999999999999,21.351866450514009,6.4543849058934528,0.00038092920376963984,-0.77999452764222221,-2047.6102118804995,15.04225352112676,6660095,2047.6102118804995
2026-03-10 07:11:49,1,7,21.359999999999999,1.4199999999999999,21.351866450514009,6.4543849058934528,0.00038092920376963984,-0.77999452764222221,-2047.6102118804995,15.04225352112676,6660095,2047.6102118804995
2026-03-21 23:01:40,3,23,21.359999999999999,1.4199999999999999,21.351866450514009,6.4543849058934528,0.00038092920376963984,-0.77999452764222221,-2047.6102118804995,15.04225352112676,6660095,2047.6102118804995
2026-01-22 09:45:07,3,9,21.350000000000001,5.2999999999999998,21.351866450514009,6.4543849058934528,-8.7413927879971857e-05,-0.17885281443928025,2046.044821196723,4.0283018867924536,1902954,2046.044821196723
2026-03-04 18:02:13,3,18,21.359999999999999,1.4299999999999999,21.351866450514009,6.4543849058934528,0.00038092920376963984,-0.77844519332984352,-2043.5429618585883,14.937062937062937,6632548,2043.5429618585883
2026-01-25 10:58:57,3,10,21.359999999999999,1.46,21.351866450514009,6.4543849058934528,0.00038092920376963984,-0.77379719039270733,-2031.3412117928544,14.63013698630137,6550384,2031.3412117928544
2026-02-05 14:15:35,1,14,21.359999999999999,1.46,21.351866450514009,6.4543849058934528,0.00038092920376963984,-0.77379719039270733,-2031.3412117928544,14.63013698630137,6550384,2031.3412117928544
2026-02-22 19:12:40,12,19,21.359999999999999,1.46,21.351866450514009,6.4543849058934528,0.00038092920376963984,-0.77379719039270733,-2031.3412117928544,14.63013698630137,6550384,2031.3412117928544
2026-03-14 22:58:41,2,22,21.359999999999999,1.46,21.351866450514009,6.4543849058934528,0.00038092920376963984,-0.77379719039270733,-2031.3412117928544,14.63013698630137,6550384,2031.3412117928544
2026-03-03 22:50:36,12,22,21.359999999999999,1.48,21.351866450514009,6.4543849058934528,0.00038092920376963984,-0.77069852176795006,-2023.2067117490321,14.432432432432432,6495839,2023.2067117490321
2026-01-26 07:49:34,3,7,21.359999999999999,1.49,21.351866450514009,6.4543849058934528,0.00038092920376963984,-0.76914918745557115,-2019.1394617271203,14.335570469798657,6469239,2019.1394617271203
2026-03-05 16:42:09,9,16,21.359999999999999,1.49,21.351866450514009,6.4543849058934528,0.00038092920376963984,-0.76914918745557115,-2019.1394617271203,14.335570469798657,6469239,2019.1394617271203
2026-03-12 18:42:09,8,18,21.359999999999999,1.49,21.351866450514009,6.4543849058934528,0.00038092920376963984,-0.76914918745557115,-2019.1394617271203,14.335570469798657,6469239,2019.1394617271203
2026-03-07 18:51:17,3,18,21.359999999999999,1.5,21.351866450514009,6.4543849058934528,0.00038092920376963984,-0.76759985314319257,-2015.0722117052094,14.24,6382700,2015.0722117052094
2026-03-11 15:29:42,3,15,21.359999999999999,1.51,21.351866450514009,6.4543849058934528,0.00038092920376963984,-0.76605051883081388,-2011.0049616832982,14.14569536423841,6356415,2011.0049616832982
2026-01-05 20:34:22,3,20,21.350000000000001,5.3200000000000003,21.351866450514009,6.4543849058934528,-8.7413927879971857e-05,-0.17575414581452273,2010.5965957261515,4.0131578947368425,1896854,2010.5965957261515
2026-02-25 09:49:56,3,9,21.359999999999999,1.52,21.351866450514009,6.4543849058934528,0.00038092920376963984,-0.76450118451843496,-2006.9377116613864,14.052631578947368,6330117,2006.9377116613864
2026-03-21 02:19:47,8,2,21.359999999999999,1.52,21.351866450514009,6.4543849058934528,0.00038092920376963984,-0.76450118451843496,-2006.9377116613864,14.052631578947368,6330117,2006.9377116613864
2026-03-21 14:29:18,1,14,21.359999999999999,1.53,21.351866450514009,6.4543849058934528,0.00038092920376963984,-0.76295185020605638,-2002.8704616394755,13.96078431372549,6303883,2002.8704616394755
2026-02-25 05:36:47,3,5,21.359999999999999,1.54,21.351866450514009,6.4543849058934528,0.00038092920376963984,-0.76140251589367769,-1998.8032116175643,13.870129870129869,6278156,1998.8032116175643
2026-03-11 08:50:35,1,8,21.5,95.799999999999997,21.351866450514009,6.4543849058934528,0.0069377330468655355,13.842622712588105,1995.2659779612297,0.22442588726513571,498,1995.2659779612297
2026-02-28 03:56:40,1,3,21.359999999999999,1.55,21.351866450514009,6.4543849058934528,0.00038092920376963984,-0.759853181581299,-1994.735961595653,13.780645161290321,6252271,1994.735961595653
2026-01-01 02:01:50,3,2,21.359999999999999,1.5600000000000001,21.351866450514009,6.4543849058934528,0.00038092920376963984,-0.75830384726892031,-1990.6687115737418,13.692307692307692,6226516,1990.6687115737418
2026-01-25 17:43:44,15,17,21.359999999999999,1.5600000000000001,21.351866450514009,6.4543849058934528,0.00038092920376963984,-0.75830384726892031,-1990.6687115737418,13.692307692307692,6226516,1990.6687115737418
2026-02-09 09:02:44,1,9,21.359999999999999,1.5700000000000001,21.351866450514009,6.4543849058934528,0.00038092920376963984,-0.7567545129565415,-1986.6014615518302,13.605095541401273,6201245,1986.6014615518302
2026-02-20 20:50:29,9,20,21.359999999999999,1.5700000000000001,21.351866450514009,6.4543849058934528,0.00038092920376963984,-0.7567545129565415,-1986.6014615518302,13.605095541401273,6201245,1986.6014615518302
2026-02-23 22:34:43,3,22,21.359999999999999,1.5700000000000001,21.351866450514009,6.4543849058934528,0.00038092920376963984,-0.7567545129565415,-1986.6014615518302,13.605095541401273,6201245,1986.6014615518302
2026-02-05 23:56:52,1,23,21.34,13.58,21.351866450514009,6.4543849058934528,-0.00055575705952974998,1.1039959962102972,-1986.4722854702661,1.5714285714285714,482801,1986.4722854702661
2026-01-30 13:52:45,1,13,21.359999999999999,1.5800000000000001,21.351866450514009,6.4543849058934528,0.00038092920376963984,-0.75520517864416281,-1982.534211529919,13.518987341772151,6176262,1982.534211529919
2026-02-15 22:43:52,3,22,21.359999999999999,1.5800000000000001,21.351866450514009,6.4543849058934528,0.00038092920376963984,-0.75520517864416281,-1982.534211529919,13.518987341772151,6176262,1982.534211529919
2026-03-23 08:02:04,9,8,21.359999999999999,1.5800000000000001,21.351866450514009,6.4543849058934528,0.00038092920376963984,-0.75520517864416281,-1982.534211529919,13.518987341772151,6176262,1982.534211529919
2026-02-07 17:35:00,2,17,69.010000000000005,28546.959999999999,21.351866450514009,6.4543849058934528,2.2320359515146135,4421.8784642102728,1981.0964340469864,0.0024174202787267019,279,1981.0964340469864
2026-01-02 12:08:27,3,12,21.359999999999999,1.6000000000000001,21.351866450514009,6.4543849058934528,0.00038092920376963984,-0.75210651001940532,-1974.3997114860963,13.35,6069658,1974.3997114860963
2026-01-30 18:42:13,1,18,21.359999999999999,1.6000000000000001,21.351866450514009,6.4543849058934528,0.00038092920376963984,-0.75210651001940532,-1974.3997114860963,13.35,6069658,1974.3997114860963
2026-02-07 19:26:52,2,19,21.359999999999999,1.6000000000000001,21.351866450514009,6.4543849058934528,0.00038092920376963984,-0.75210651001940532,-1974.3997114860963,13.35,6069658,1974.3997114860963
2026-02-08 00:31:24,3,0,21.359999999999999,1.6000000000000001,21.351866450514009,6.4543849058934528,0.00038092920376963984,-0.75210651001940532,-1974.3997114860963,13.35,6069658,1974.3997114860963
2026-02-24 08:26:26,2,8,21.359999999999999,1.6100000000000001,21.351866450514009,6.4543849058934528,0.00038092920376963984,-0.75055717570702662,-1970.3324614641851,13.267080745341614,6044424,1970.3324614641851
2026-01-02 21:03:42,3,21,21.359999999999999,1.6200000000000001,21.351866450514009,6.4543849058934528,0.00038092920376963984,-0.74900784139464793,-1966.265211442274,13.185185185185183,6019531,1966.265211442274
2026-02-01 18:52:05,3,18,21.359999999999999,1.6200000000000001,21.351866450514009,6.4543849058934528,0.00038092920376963984,-0.74900784139464793,-1966.265211442274,13.185185185185183,6019531,1966.265211442274
2026-02-24 12:35:21,2,12,21.359999999999999,1.6200000000000001,21.351866450514009,6.4543849058934528,0.00038092920376963984,-0.74900784139464793,-1966.265211442274,13.185185185185183,6019531,1966.265211442274
2026-01-21 21:37:08,3,21,21.359999999999999,1.6299999999999999,21.351866450514009,6.4543849058934528,0.00038092920376963984,-0.74745850708226924,-1962.1979614203626,13.104294478527608,5994694,1962.1979614203626
2026-02-12 21:21:10,3,21,21.359999999999999,1.6299999999999999,21.351866450514009,6.4543849058934528,0.00038092920376963984,-0.74745850708226924,-1962.1979614203626,13.104294478527608,5994694,1962.1979614203626
2026-01-31 03:58:12,1,3,21.350000000000001,5.3499999999999996,21.351866450514009,6.4543849058934528,-8.7413927879971857e-05,-0.17110614287738668,1957.4242575202968,3.990654205607477,1887973,1957.4242575202968
2026-03-09 01:15:51,3,1,21.350000000000001,5.3499999999999996,21.351866450514009,6.4543849058934528,-8.7413927879971857e-05,-0.17110614287738668,1957.4242575202968,3.990654205607477,1887973,1957.4242575202968
2026-01-31 18:34:22,2,18,21.359999999999999,1.6599999999999999,21.351866450514009,6.4543849058934528,0.00038092920376963984,-0.74281050414513305,-1949.9962113546287,12.867469879518072,5921715,1949.9962113546287
2026-02-07 23:16:37,3,23,21.359999999999999,1.6599999999999999,21.351866450514009,6.4543849058934528,0.00038092920376963984,-0.74281050414513305,-1949.9962113546287,12.867469879518072,5921715,1949.9962113546287
2026-01-07 22:42:39,3,22,21.359999999999999,1.6699999999999999,21.351866450514009,6.4543849058934528,0.00038092920376963984,-0.74126116983275436,-1945.9289613327176,12.790419161676647,5897732,1945.9289613327176
2026-02-22 02:12:22,3,2,21.359999999999999,1.6699999999999999,21.351866450514009,6.4543849058934528,0.00038092920376963984,-0.74126116983275436,-1945.9289613327176,12.790419161676647,5897732,1945.9289613327176
2026-02-11 14:28:00,2,14,21.359999999999999,1.6799999999999999,21.351866450514009,6.4543849058934528,0.00038092920376963984,-0.73971183552037567,-1941.8617113108062,12.714285714285715,5873863,1941.8617113108062
2026-02-25 15:51:23,3,15,21.359999999999999,1.6799999999999999,21.351866450514009,6.4543849058934528,0.00038092920376963984,-0.73971183552037567,-1941.8617113108062,12.714285714285715,5873863,1941.8617113108062
2026-02-09 07:30:06,1,7,21.359999999999999,1.6899999999999999,21.351866450514009,6.4543849058934528,0.00038092920376963984,-0.73816250120799687,-1937.7944612888948,12.63905325443787,5850193,1937.7944612888948
2026-01-27 13:42:40,2,13,21.359999999999999,1.7,21.351866450514009,6.4543849058934528,0.00038092920376963984,-0.73661316689561818,-1933.7272112669837,12.564705882352941,5773407,1933.7272112669837
2026-01-27 17:54:33,3,17,21.359999999999999,1.7,21.351866450514009,6.4543849058934528,0.00038092920376963984,-0.73661316689561818,-1933.7272112669837,12.564705882352941,5773407,1933.7272112669837
2026-02-07 20:10:09,3,20,21.359999999999999,1.7,21.351866450514009,6.4543849058934528,0.00038092920376963984,-0.73661316689561818,-1933.7272112669837,12.564705882352941,5773407,1933.7272112669837
2026-02-13 23:27:47,1,23,21.359999999999999,1.7,21.351866450514009,6.4543849058934528,0.00038092920376963984,-0.73661316689561818,-1933.7272112669837,12.564705882352941,5773407,1933.7272112669837
2026-02-28 19:47:31,3,19,21.359999999999999,1.7,21.351866450514009,6.4543849058934528,0.00038092920376963984,-0.73661316689561818,-1933.7272112669837,12.564705882352941,5773407,1933.7272112669837
2026-03-08 03:59:41,5,3,21.359999999999999,1.7,21.351866450514009,6.4543849058934528,0.00038092920376963984,-0.73661316689561818,-1933.7272112669837,12.564705882352941,5773407,1933.7272112669837
2026-03-26 13:19:16,3,13,21.359999999999999,1.7,21.351866450514009,6.4543849058934528,0.00038092920376963984,-0.73661316689561818,-1933.7272112669837,12.564705882352941,5773407,1933.7272112669837
2026-02-23 23:42:19,3,23,21.359999999999999,1.71,21.351866450514009,6.4543849058934528,0.00038092920376963984,-0.73506383258323948,-1929.6599612450723,12.491228070175438,5750128,1929.6599612450723
2026-01-03 11:28:21,3,11,21.359999999999999,1.74,21.351866450514009,6.4543849058934528,0.00038092920376963984,-0.7304158296461033,-1917.4582111793384,12.275862068965518,5681065,1917.4582111793384
2026-02-05 10:31:58,1,10,21.359999999999999,1.74,21.351866450514009,6.4543849058934528,0.00038092920376963984,-0.7304158296461033,-1917.4582111793384,12.275862068965518,5681065,1917.4582111793384
2026-02-05 22:19:36,1,22,21.359999999999999,1.74,21.351866450514009,6.4543849058934528,0.00038092920376963984,-0.7304158296461033,-1917.4582111793384,12.275862068965518,5681065,1917.4582111793384
2026-03-12 15:19:38,8,15,21.359999999999999,1.74,21.351866450514009,6.4543849058934528,0.00038092920376963984,-0.7304158296461033,-1917.4582111793384,12.275862068965518,5681065,1917.4582111793384
2026-01-03 18:23:21,3,18,21.359999999999999,1.76,21.351866450514009,6.4543849058934528,0.00038092920376963984,-0.72731716102134591,-1909.3237111355159,12.136363636363637,5635782,1909.3237111355159
2026-01-27 04:35:54,1,4,21.359999999999999,1.76,21.351866450514009,6.4543849058934528,0.00038092920376963984,-0.72731716102134591,-1909.3237111355159,12.136363636363637,5635782,1909.3237111355159
2026-02-06 12:34:45,3,12,21.359999999999999,1.77,21.351866450514009,6.4543849058934528,0.00038092920376963984,-0.72576782670896711,-1905.2564611136045,12.067796610169491,5613271,1905.2564611136045
2026-02-28 18:50:37,3,18,21.359999999999999,1.77,21.351866450514009,6.4543849058934528,0.00038092920376963984,-0.72576782670896711,-1905.2564611136045,12.067796610169491,5613271,1905.2564611136045
2026-01-28 23:29:31,1,23,21.359999999999999,1.78,21.351866450514009,6.4543849058934528,0.00038092920376963984,-0.72421849239658842,-1901.1892110916931,12,5590867,1901.1892110916931
2026-03-11 15:11:44,3,15,21.359999999999999,1.78,21.351866450514009,6.4543849058934528,0.00038092920376963984,-0.72421849239658842,-1901.1892110916931,12,5590867,1901.1892110916931
2026-01-25 17:54:52,15,17,21.359999999999999,1.79,21.351866450514009,6.4543849058934528,0.00038092920376963984,-0.72266915808420973,-1897.1219610697819,11.932960893854748,5568561,1897.1219610697819
2026-01-29 01:49:47,1,1,21.359999999999999,1.79,21.351866450514009,6.4543849058934528,0.00038092920376963984,-0.72266915808420973,-1897.1219610697819,11.932960893854748,5568561,1897.1219610697819
2026-01-22 09:28:54,3,9,21.359999999999999,1.8,21.351866450514009,6.4543849058934528,0.00038092920376963984,-0.72111982377183104,-1893.0547110478708,11.866666666666665,5497527,1893.0547110478708
2026-01-29 23:00:10,1,23,21.359999999999999,1.8,21.351866450514009,6.4543849058934528,0.00038092920376963984,-0.72111982377183104,-1893.0547110478708,11.866666666666665,5497527,1893.0547110478708
2026-01-31 18:43:52,2,18,21.359999999999999,1.8,21.351866450514009,6.4543849058934528,0.00038092920376963984,-0.72111982377183104,-1893.0547110478708,11.866666666666665,5497527,1893.0547110478708
2026-02-11 15:39:26,2,15,21.359999999999999,1.8,21.351866450514009,6.4543849058934528,0.00038092920376963984,-0.72111982377183104,-1893.0547110478708,11.866666666666665,5497527,1893.0547110478708
2026-03-04 07:59:42,8,7,21.359999999999999,1.8,21.351866450514009,6.4543849058934528,0.00038092920376963984,-0.72111982377183104,-1893.0547110478708,11.866666666666665,5497527,1893.0547110478708
2026-02-21 22:24:20,3,22,21.359999999999999,1.8100000000000001,21.351866450514009,6.4543849058934528,0.00038092920376963984,-0.71957048945945234,-1888.9874610259596,11.80110497237569,5475509,1888.9874610259596
2026-01-30 18:08:00,1,18,21.359999999999999,1.8200000000000001,21.351866450514009,6.4543849058934528,0.00038092920376963984,-0.71802115514707354,-1884.920211004048,11.736263736263735,5454350,1884.920211004048
2026-02-03 08:55:39,1,8,21.359999999999999,1.8500000000000001,21.351866450514009,6.4543849058934528,0.00038092920376963984,-0.71337315220993736,-1872.7184609383141,11.545945945945945,5390509,1872.7184609383141
2026-03-11 19:50:53,3,19,21.359999999999999,1.8500000000000001,21.351866450514009,6.4543849058934528,0.00038092920376963984,-0.71337315220993736,-1872.7184609383141,11.545945945945945,5390509,1872.7184609383141
2026-01-18 23:59:34,12,23,21.350000000000001,5.4000000000000004,21.351866450514009,6.4543849058934528,-8.7413927879971857e-05,-0.163359471315493,1868.8036938438693,3.9537037037037037,1866118,1868.8036938438693
2026-01-19 10:16:01,3,10,21.350000000000001,5.4000000000000004,21.351866450514009,6.4543849058934528,-8.7413927879971857e-05,-0.163359471315493,1868.8036938438693,3.9537037037037037,1866118,1868.8036938438693
2026-02-21 00:00:00,3,0,21.359999999999999,1.8700000000000001,21.351866450514009,6.4543849058934528,0.00038092920376963984,-0.71027448358517997,-1864.5839608944916,11.422459893048128,5348536,1864.5839608944916
2026-03-15 14:15:24,3,14,21.359999999999999,1.8700000000000001,21.351866450514009,6.4543849058934528,0.00038092920376963984,-0.71027448358517997,-1864.5839608944916,11.422459893048128,5348536,1864.5839608944916
2026-02-25 12:22:24,15,12,21.359999999999999,1.8799999999999999,21.351866450514009,6.4543849058934528,0.00038092920376963984,-0.70872514927280128,-1860.5167108725805,11.361702127659575,5327870,1860.5167108725805
2026-03-19 16:23:00,1,16,21.359999999999999,1.8799999999999999,21.351866450514009,6.4543849058934528,0.00038092920376963984,-0.70872514927280128,-1860.5167108725805,11.361702127659575,5327870,1860.5167108725805
2026-01-09 20:13:37,3,20,21.359999999999999,1.8999999999999999,21.351866450514009,6.4543849058934528,0.00038092920376963984,-0.7056264806480439,-1852.3822108287579,11.242105263157894,5240982,1852.3822108287579
2026-03-20 20:22:36,3,20,21.359999999999999,1.8999999999999999,21.351866450514009,6.4543849058934528,0.00038092920376963984,-0.7056264806480439,-1852.3822108287579,11.242105263157894,5240982,1852.3822108287579
2026-03-21 19:48:41,3,19,21.359999999999999,1.8999999999999999,21.351866450514009,6.4543849058934528,0.00038092920376963984,-0.7056264806480439,-1852.3822108287579,11.242105263157894,5240982,1852.3822108287579
2026-03-24 11:20:51,1,11,21.359999999999999,1.8999999999999999,21.351866450514009,6.4543849058934528,0.00038092920376963984,-0.7056264806480439,-1852.3822108287579,11.242105263157894,5240982,1852.3822108287579
2026-01-14 15:41:14,3,15,21.359999999999999,1.9099999999999999,21.351866450514009,6.4543849058934528,0.00038092920376963984,-0.70407714633566509,-1848.3149608068466,11.183246073298429,5220704,1848.3149608068466
2026-01-16 21:23:02,3,21,21.359999999999999,1.9099999999999999,21.351866450514009,6.4543849058934528,0.00038092920376963984,-0.70407714633566509,-1848.3149608068466,11.183246073298429,5220704,1848.3149608068466
2026-02-27 20:29:50,1,20,21.359999999999999,1.9099999999999999,21.351866450514009,6.4543849058934528,0.00038092920376963984,-0.70407714633566509,-1848.3149608068466,11.183246073298429,5220704,1848.3149608068466
2026-03-05 23:50:24,8,23,21.359999999999999,1.9099999999999999,21.351866450514009,6.4543849058934528,0.00038092920376963984,-0.70407714633566509,-1848.3149608068466,11.183246073298429,5220704,1848.3149608068466
2026-01-15 15:38:28,3,15,21.359999999999999,1.9199999999999999,21.351866450514009,6.4543849058934528,0.00038092920376963984,-0.7025278120232864,-1844.2477107849352,11.125,5200689,1844.2477107849352
2026-02-17 17:21:05,5,17,21.359999999999999,1.9199999999999999,21.351866450514009,6.4543849058934528,0.00038092920376963984,-0.7025278120232864,-1844.2477107849352,11.125,5200689,1844.2477107849352
2026-03-27 07:07:30,5,7,21.359999999999999,1.9399999999999999,21.351866450514009,6.4543849058934528,0.00038092920376963984,-0.69942914339852891,-1836.1132107411124,11.010309278350515,5160822,1836.1132107411124
2026-01-15 21:33:09,1,21,21.359999999999999,1.95,21.351866450514009,6.4543849058934528,0.00038092920376963984,-0.69787980908615022,-1832.0459607192013,10.953846153846154,5141261,1832.0459607192013
2026-01-01 11:46:04,21,11,21.359999999999999,1.96,21.351866450514009,6.4543849058934528,0.00038092920376963984,-0.69633047477377152,-1827.9787106972901,10.897959183673469,5121834,1827.9787106972901
2026-03-04 09:55:44,3,9,21.359999999999999,1.98,21.351866450514009,6.4543849058934528,0.00038092920376963984,-0.69323180614901414,-1819.8442106534676,10.787878787878787,5083310,1819.8442106534676
2026-03-12 19:35:48,8,19,21.359999999999999,1.98,21.351866450514009,6.4543849058934528,0.00038092920376963984,-0.69323180614901414,-1819.8442106534676,10.787878787878787,5083310,1819.8442106534676
2026-01-17 14:41:32,3,14,21.359999999999999,2.0099999999999998,21.351866450514009,6.4543849058934528,0.00038092920376963984,-0.68858380321187795,-1807.6424605877337,10.626865671641792,4983297,1807.6424605877337
2026-02-27 08:59:43,1,8,21.359999999999999,2.0099999999999998,21.351866450514009,6.4543849058934528,0.00038092920376963984,-0.68858380321187795,-1807.6424605877337,10.626865671641792,4983297,1807.6424605877337
2026-02-12 07:14:56,3,7,21.359999999999999,2.02,21.351866450514009,6.4543849058934528,0.00038092920376963984,-0.68703446889949915,-1803.5752105658221,10.574257425742575,4964692,1803.5752105658221
2026-03-23 14:44:32,3,14,21.359999999999999,2.02,21.351866450514009,6.4543849058934528,0.00038092920376963984,-0.68703446889949915,-1803.5752105658221,10.574257425742575,4964692,1803.5752105658221
2026-02-19 22:26:57,3,22,21.359999999999999,2.0299999999999998,21.351866450514009,6.4543849058934528,0.00038092920376963984,-0.68548513458712046,-1799.5079605439109,10.52216748768473,4946083,1799.5079605439109
2026-01-19 18:22:16,1,18,21.34,0.01,21.351866450514009,6.4543849058934528,-0.00055575705952974998,-0.99845066568762131,1796.5595732287295,2134,10565895,1796.5595732287295
2026-02-13 17:37:32,1,17,21.34,0.01,21.351866450514009,6.4543849058934528,-0.00055575705952974998,-0.99845066568762131,1796.5595732287295,2134,10565895,1796.5595732287295
2026-02-19 18:44:02,3,18,21.34,0.01,21.351866450514009,6.4543849058934528,-0.00055575705952974998,-0.99845066568762131,1796.5595732287295,2134,10565895,1796.5595732287295
2026-03-06 16:22:33,3,16,21.34,0.01,21.351866450514009,6.4543849058934528,-0.00055575705952974998,-0.99845066568762131,1796.5595732287295,2134,10565895,1796.5595732287295
2026-03-10 19:37:58,1,19,21.34,0.01,21.351866450514009,6.4543849058934528,-0.00055575705952974998,-0.99845066568762131,1796.5595732287295,2134,10565895,1796.5595732287295
2026-03-16 18:39:01,3,18,21.34,0.01,21.351866450514009,6.4543849058934528,-0.00055575705952974998,-0.99845066568762131,1796.5595732287295,2134,10565895,1796.5595732287295
2026-02-28 01:55:13,1,1,21.359999999999999,2.04,21.351866450514009,6.4543849058934528,0.00038092920376963984,-0.68393580027474177,-1795.4407105219998,10.470588235294118,4927557,1795.4407105219998
2026-03-01 01:20:07,5,1,21.359999999999999,2.04,21.351866450514009,6.4543849058934528,0.00038092920376963984,-0.68393580027474177,-1795.4407105219998,10.470588235294118,4927557,1795.4407105219998
2026-01-27 17:08:11,3,17,21.34,0.02,21.351866450514009,6.4543849058934528,-0.00055575705952974998,-0.99690133137524262,1793.7717826180451,1067,10551558,1793.7717826180451
2026-02-02 19:45:55,1,19,21.34,0.029999999999999999,21.351866450514009,6.4543849058934528,-0.00055575705952974998,-0.99535199706286381,1790.9839920073603,711.33333333333337,10546902,1790.9839920073603
2026-02-15 01:16:24,1,1,21.34,0.040000000000000001,21.351866450514009,6.4543849058934528,-0.00055575705952974998,-0.99380266275048512,1788.1962013966759,533.5,10543014,1788.1962013966759
2026-02-09 08:14:07,1,8,21.359999999999999,2.0600000000000001,21.351866450514009,6.4543849058934528,0.00038092920376963984,-0.68083713164998449,-1787.3062104781775,10.36893203883495,4891118,1787.3062104781775
2026-01-24 19:57:37,3,19,21.359999999999999,2.0699999999999998,21.351866450514009,6.4543849058934528,0.00038092920376963984,-0.6792877973376058,-1783.2389604562663,10.318840579710145,4873231,1783.2389604562663
2026-02-28 16:20:11,5,16,21.359999999999999,2.0699999999999998,21.351866450514009,6.4543849058934528,0.00038092920376963984,-0.6792877973376058,-1783.2389604562663,10.318840579710145,4873231,1783.2389604562663
2026-01-01 00:34:26,1,0,21.359999999999999,2.1000000000000001,21.351866450514009,6.4543849058934528,0.00038092920376963984,-0.67463979440046939,-1771.0372103905318,10.171428571428571,4779821,1771.0372103905318
2026-02-08 17:16:42,1,17,21.359999999999999,2.1000000000000001,21.351866450514009,6.4543849058934528,0.00038092920376963984,-0.67463979440046939,-1771.0372103905318,10.171428571428571,4779821,1771.0372103905318
2026-02-26 11:23:25,1,11,21.359999999999999,2.1000000000000001,21.351866450514009,6.4543849058934528,0.00038092920376963984,-0.67463979440046939,-1771.0372103905318,10.171428571428571,4779821,1771.0372103905318
2026-01-30 11:33:54,1,11,21.359999999999999,2.1200000000000001,21.351866450514009,6.4543849058934528,0.00038092920376963984,-0.67154112577571212,-1762.9027103467097,10.075471698113207,4745115,1762.9027103467097
2026-02-25 19:07:23,2,19,21.359999999999999,2.1200000000000001,21.351866450514009,6.4543849058934528,0.00038092920376963984,-0.67154112577571212,-1762.9027103467097,10.075471698113207,4745115,1762.9027103467097
2026-03-19 09:16:41,1,9,21.359999999999999,2.1299999999999999,21.351866450514009,6.4543849058934528,0.00038092920376963984,-0.66999179146333343,-1758.8354603247983,10.028169014084508,4727899,1758.8354603247983
2026-01-04 18:11:09,3,18,21.359999999999999,2.1400000000000001,21.351866450514009,6.4543849058934528,0.00038092920376963984,-0.66844245715095474,-1754.7682103028872,9.9813084112149522,4710765,1754.7682103028872
2026-03-04 10:07:57,3,10,21.359999999999999,2.1400000000000001,21.351866450514009,6.4543849058934528,0.00038092920376963984,-0.66844245715095474,-1754.7682103028872,9.9813084112149522,4710765,1754.7682103028872
2026-03-14 23:48:53,2,23,21.359999999999999,2.1499999999999999,21.351866450514009,6.4543849058934528,0.00038092920376963984,-0.66689312283857605,-1750.700960280976,9.9348837209302321,4693693,1750.700960280976
2026-03-21 21:31:53,3,21,21.359999999999999,2.1499999999999999,21.351866450514009,6.4543849058934528,0.00038092920376963984,-0.66689312283857605,-1750.700960280976,9.9348837209302321,4693693,1750.700960280976
2026-01-04 17:24:45,1,17,21.359999999999999,2.1600000000000001,21.351866450514009,6.4543849058934528,0.00038092920376963984,-0.66534378852619724,-1746.6337102590644,9.8888888888888875,4676632,1746.6337102590644
2026-03-02 14:01:42,3,14,21.359999999999999,2.1600000000000001,21.351866450514009,6.4543849058934528,0.00038092920376963984,-0.66534378852619724,-1746.6337102590644,9.8888888888888875,4676632,1746.6337102590644
2026-01-12 23:28:23,2,23,21.359999999999999,2.1699999999999999,21.351866450514009,6.4543849058934528,0.00038092920376963984,-0.66379445421381855,-1742.5664602371533,9.8433179723502313,4660094,1742.5664602371533
2026-02-09 21:55:06,3,21,21.359999999999999,2.1699999999999999,21.351866450514009,6.4543849058934528,0.00038092920376963984,-0.66379445421381855,-1742.5664602371533,9.8433179723502313,4660094,1742.5664602371533
2026-02-10 20:12:45,3,20,21.359999999999999,2.1699999999999999,21.351866450514009,6.4543849058934528,0.00038092920376963984,-0.66379445421381855,-1742.5664602371533,9.8433179723502313,4660094,1742.5664602371533
2026-02-14 16:56:03,2,16,21.359999999999999,2.1800000000000002,21.351866450514009,6.4543849058934528,0.00038092920376963984,-0.66224511990143964,-1738.4992102152414,9.7981651376146779,4643032,1738.4992102152414
2026-01-28 22:40:53,3,22,21.34,0.22,21.351866450514009,6.4543849058934528,-0.00055575705952974998,-0.96591464512766823,1738.0159704043531,97,10486788,1738.0159704043531
2026-02-19 19:51:52,3,19,21.34,0.22,21.351866450514009,6.4543849058934528,-0.00055575705952974998,-0.96591464512766823,1738.0159704043531,97,10486788,1738.0159704043531
2026-02-10 10:42:27,3,10,21.359999999999999,2.1899999999999999,21.351866450514009,6.4543849058934528,0.00038092920376963984,-0.66069578558906106,-1734.4319601933305,9.7534246575342465,4626243,1734.4319601933305
2026-02-27 23:42:00,1,23,21.359999999999999,2.1899999999999999,21.351866450514009,6.4543849058934528,0.00038092920376963984,-0.66069578558906106,-1734.4319601933305,9.7534246575342465,4626243,1734.4319601933305
2026-03-21 19:42:01,3,19,21.359999999999999,2.1899999999999999,21.351866450514009,6.4543849058934528,0.00038092920376963984,-0.66069578558906106,-1734.4319601933305,9.7534246575342465,4626243,1734.4319601933305
2026-01-08 14:39:10,1,14,21.359999999999999,2.2000000000000002,21.351866450514009,6.4543849058934528,0.00038092920376963984,-0.65914645127668237,-1730.3647101714193,9.7090909090909072,4573270,1730.3647101714193
2026-01-18 14:36:13,15,14,21.359999999999999,2.2000000000000002,21.351866450514009,6.4543849058934528,0.00038092920376963984,-0.65914645127668237,-1730.3647101714193,9.7090909090909072,4573270,1730.3647101714193
2026-01-20 07:54:11,1,7,21.359999999999999,2.2000000000000002,21.351866450514009,6.4543849058934528,0.00038092920376963984,-0.65914645127668237,-1730.3647101714193,9.7090909090909072,4573270,1730.3647101714193
2026-02-09 13:53:58,1,13,21.359999999999999,2.2000000000000002,21.351866450514009,6.4543849058934528,0.00038092920376963984,-0.65914645127668237,-1730.3647101714193,9.7090909090909072,4573270,1730.3647101714193
2026-02-20 07:21:40,3,7,21.359999999999999,2.2000000000000002,21.351866450514009,6.4543849058934528,0.00038092920376963984,-0.65914645127668237,-1730.3647101714193,9.7090909090909072,4573270,1730.3647101714193
2026-02-07 18:38:17,2,18,21.359999999999999,2.21,21.351866450514009,6.4543849058934528,0.00038092920376963984,-0.65759711696430367,-1726.297460149508,9.6651583710407234,4556838,1726.297460149508
2026-02-11 09:20:26,1,9,21.359999999999999,2.21,21.351866450514009,6.4543849058934528,0.00038092920376963984,-0.65759711696430367,-1726.297460149508,9.6651583710407234,4556838,1726.297460149508
2026-03-14 19:04:40,2,19,21.359999999999999,2.21,21.351866450514009,6.4543849058934528,0.00038092920376963984,-0.65759711696430367,-1726.297460149508,9.6651583710407234,4556838,1726.297460149508
2026-03-23 08:55:59,9,8,21.359999999999999,2.21,21.351866450514009,6.4543849058934528,0.00038092920376963984,-0.65759711696430367,-1726.297460149508,9.6651583710407234,4556838,1726.297460149508
2026-02-12 12:31:42,3,12,21.5,83.700000000000003,21.351866450514009,6.4543849058934528,0.0069377330468655355,11.967928194609859,1725.0488183625,0.25686977299880526,575,1725.0488183625
2026-03-07 10:11:01,3,10,21.359999999999999,2.2200000000000002,21.351866450514009,6.4543849058934528,0.00038092920376963984,-0.65604778265192498,-1722.2302101275968,9.621621621621621,4540697,1722.2302101275968
2026-01-14 20:23:00,3,20,21.359999999999999,2.2400000000000002,21.351866450514009,6.4543849058934528,0.00038092920376963984,-0.65294911402716749,-1714.0957100837741,9.5357142857142847,4508487,1714.0957100837741
2026-02-28 00:13:09,1,0,21.359999999999999,2.2400000000000002,21.351866450514009,6.4543849058934528,0.00038092920376963984,-0.65294911402716749,-1714.0957100837741,9.5357142857142847,4508487,1714.0957100837741
2026-03-01 00:36:53,5,0,21.34,0.32000000000000001,21.351866450514009,6.4543849058934528,-0.00055575705952974998,-0.95042130200388097,1710.1380642975068,66.6875,10409586,1710.1380642975068
2026-01-02 22:18:19,3,22,21.359999999999999,2.25,21.351866450514009,6.4543849058934528,0.00038092920376963984,-0.6513997797147888,-1710.0284600618629,9.4933333333333323,4492586,1710.0284600618629
2026-02-12 14:50:01,3,14,21.359999999999999,2.25,21.351866450514009,6.4543849058934528,0.00038092920376963984,-0.6513997797147888,-1710.0284600618629,9.4933333333333323,4492586,1710.0284600618629
2026-03-15 07:17:41,3,7,21.350000000000001,5.4900000000000002,21.351866450514009,6.4543849058934528,-8.7413927879971857e-05,-0.14941546250408458,1709.2866792263023,3.8888888888888888,1840617,1709.2866792263023
2026-03-18 08:06:29,1,8,21.359999999999999,2.2599999999999998,21.351866450514009,6.4543849058934528,0.00038092920376963984,-0.6498504454024101,-1705.9612100399518,9.45132743362832,4476894,1705.9612100399518
2026-01-20 08:40:18,1,8,21.359999999999999,2.27,21.351866450514009,6.4543849058934528,0.00038092920376963984,-0.6483011110900313,-1701.8939600180402,9.4096916299559474,4461255,1701.8939600180402
2026-03-11 20:51:00,3,20,21.34,0.34999999999999998,21.351866450514009,6.4543849058934528,-0.00055575705952974998,-0.94577329906674501,1701.7746924654534,60.971428571428575,10382119,1701.7746924654534
2026-03-02 08:30:52,1,8,21.359999999999999,2.29,21.351866450514009,6.4543849058934528,0.00038092920376963984,-0.64520244246527392,-1693.7594599742176,9.3275109170305672,4430455,1693.7594599742176
2026-03-28 00:20:21,3,0,21.359999999999999,2.29,21.351866450514009,6.4543849058934528,0.00038092920376963984,-0.64520244246527392,-1693.7594599742176,9.3275109170305672,4430455,1693.7594599742176
2026-02-19 20:46:44,3,20,23.300000000000001,1002.6900000000001,21.351866450514009,6.4543849058934528,0.091239496743812445,154.35020216790153,1691.7037870265219,0.0232374911488097,311,1691.7037870265219
2026-01-08 04:18:45,2,4,21.350000000000001,5.5,21.351866450514009,6.4543849058934528,-8.7413927879971857e-05,-0.14786612819170589,1691.5625664910174,3.8818181818181823,1830747,1691.5625664910174
2026-01-26 05:56:13,14,5,21.359999999999999,2.2999999999999998,21.351866450514009,6.4543849058934528,0.00038092920376963984,-0.64365310815289523,-1689.6922099523065,9.2869565217391301,4381348,1689.6922099523065
2026-03-04 14:00:37,3,14,21.359999999999999,2.2999999999999998,21.351866450514009,6.4543849058934528,0.00038092920376963984,-0.64365310815289523,-1689.6922099523065,9.2869565217391301,4381348,1689.6922099523065
2026-03-07 22:55:49,3,22,21.359999999999999,2.2999999999999998,21.351866450514009,6.4543849058934528,0.00038092920376963984,-0.64365310815289523,-1689.6922099523065,9.2869565217391301,4381348,1689.6922099523065
2026-03-26 12:33:09,3,12,21.359999999999999,2.2999999999999998,21.351866450514009,6.4543849058934528,0.00038092920376963984,-0.64365310815289523,-1689.6922099523065,9.2869565217391301,4381348,1689.6922099523065
2026-03-27 14:18:59,3,14,21.359999999999999,2.2999999999999998,21.351866450514009,6.4543849058934528,0.00038092920376963984,-0.64365310815289523,-1689.6922099523065,9.2869565217391301,4381348,1689.6922099523065
2026-02-25 08:09:20,3,8,21.359999999999999,2.3300000000000001,21.351866450514009,6.4543849058934528,0.00038092920376963984,-0.63900510521575904,-1677.4904598865726,9.1673819742489258,4336597,1677.4904598865726
2026-03-13 19:48:14,3,19,21.34,0.44,21.351866450514009,6.4543849058934528,-0.00055575705952974998,-0.93182929025533645,1676.684576969292,48.5,10227292,1676.684576969292
2026-03-11 23:38:07,3,23,21.359999999999999,2.3399999999999999,21.351866450514009,6.4543849058934528,0.00038092920376963984,-0.63745577090338035,-1673.4232098646612,9.1282051282051277,4321750,1673.4232098646612
2026-03-18 08:48:00,1,8,21.359999999999999,2.3399999999999999,21.351866450514009,6.4543849058934528,0.00038092920376963984,-0.63745577090338035,-1673.4232098646612,9.1282051282051277,4321750,1673.4232098646612
2026-01-27 22:14:17,3,22,21.34,0.48999999999999999,21.351866450514009,6.4543849058934528,-0.00055575705952974998,-0.92408261869344288,1662.7456239158689,43.551020408163268,10137745,1662.7456239158689
2026-02-22 00:25:26,2,0,21.359999999999999,2.3799999999999999,21.351866450514009,6.4543849058934528,0.00038092920376963984,-0.63125843365386547,-1657.1542097770161,8.9747899159663866,4263991,1657.1542097770161
2026-03-10 08:14:33,1,8,21.359999999999999,2.3799999999999999,21.351866450514009,6.4543849058934528,0.00038092920376963984,-0.63125843365386547,-1657.1542097770161,8.9747899159663866,4263991,1657.1542097770161
2026-03-11 21:49:02,3,21,21.34,0.52000000000000002,21.351866450514009,6.4543849058934528,-0.00055575705952974998,-0.91943461575630669,1654.382252083815,41.03846153846154,10026104,1654.382252083815
2026-03-26 08:04:24,3,8,21.359999999999999,2.3900000000000001,21.351866450514009,6.4543849058934528,0.00038092920376963984,-0.62970909934148678,-1653.086959755105,8.9372384937238483,4249697,1653.086959755105
2026-01-31 01:58:09,1,1,21.34,0.53000000000000003,21.351866450514009,6.4543849058934528,-0.00055575705952974998,-0.917885281443928,1651.5944614731307,40.264150943396224,10004407,1651.5944614731307
2026-03-12 21:34:55,13,21,21.34,0.53000000000000003,21.351866450514009,6.4543849058934528,-0.00055575705952974998,-0.917885281443928,1651.5944614731307,40.264150943396224,10004407,1651.5944614731307
2026-01-26 11:24:57,3,11,21.359999999999999,2.3999999999999999,21.351866450514009,6.4543849058934528,0.00038092920376963984,-0.62815976502910809,-1649.0197097331936,8.9000000000000004,4204559,1649.0197097331936
2026-01-27 16:32:56,2,16,21.359999999999999,2.3999999999999999,21.351866450514009,6.4543849058934528,0.00038092920376963984,-0.62815976502910809,-1649.0197097331936,8.9000000000000004,4204559,1649.0197097331936
2026-03-12 07:36:46,5,7,21.359999999999999,2.3999999999999999,21.351866450514009,6.4543849058934528,0.00038092920376963984,-0.62815976502910809,-1649.0197097331936,8.9000000000000004,4204559,1649.0197097331936
2026-03-14 22:49:57,2,22,21.359999999999999,2.3999999999999999,21.351866450514009,6.4543849058934528,0.00038092920376963984,-0.62815976502910809,-1649.0197097331936,8.9000000000000004,4204559,1649.0197097331936
2026-03-16 18:37:12,3,18,21.359999999999999,2.3999999999999999,21.351866450514009,6.4543849058934528,0.00038092920376963984,-0.62815976502910809,-1649.0197097331936,8.9000000000000004,4204559,1649.0197097331936
2026-03-17 05:49:00,9,5,21.359999999999999,2.3999999999999999,21.351866450514009,6.4543849058934528,0.00038092920376963984,-0.62815976502910809,-1649.0197097331936,8.9000000000000004,4204559,1649.0197097331936
2026-03-04 20:58:16,3,20,21.34,0.54000000000000004,21.351866450514009,6.4543849058934528,-0.00055575705952974998,-0.91633594713154931,1648.806670862446,39.518518518518519,9981968,1648.806670862446
2026-03-12 23:58:19,12,23,21.34,0.54000000000000004,21.351866450514009,6.4543849058934528,-0.00055575705952974998,-0.91633594713154931,1648.806670862446,39.518518518518519,9981968,1648.806670862446
2026-01-18 03:02:46,1,3,21.359999999999999,2.4100000000000001,21.351866450514009,6.4543849058934528,0.00038092920376963984,-0.62661043071672928,-1644.9524597112822,8.8630705394190858,4190525,1644.9524597112822
2026-01-10 04:35:50,3,4,21.350000000000001,7.3799999999999999,21.351866450514009,6.4543849058934528,-8.7413927879971857e-05,0.14340872253549281,-1640.5706277426116,2.8929539295392956,1324451,1640.5706277426116
2026-01-21 20:16:39,3,20,21.359999999999999,2.4300000000000002,21.351866450514009,6.4543849058934528,0.00038092920376963984,-0.62351176209197179,-1636.8179596674595,8.7901234567901234,4162983,1636.8179596674595
2026-01-27 07:26:50,1,7,21.34,0.59999999999999998,21.351866450514009,6.4543849058934528,-0.00055575705952974998,-0.90703994125727705,1632.0799271983385,35.56666666666667,9772123,1632.0799271983385
2026-01-30 20:30:59,1,20,21.34,0.59999999999999998,21.351866450514009,6.4543849058934528,-0.00055575705952974998,-0.90703994125727705,1632.0799271983385,35.56666666666667,9772123,1632.0799271983385
2026-01-15 07:51:08,3,7,21.34,0.60999999999999999,21.351866450514009,6.4543849058934528,-0.00055575705952974998,-0.90549060694489825,1629.2921365876539,34.983606557377051,9746226,1629.2921365876539
2026-03-10 19:56:37,1,19,21.34,0.62,21.351866450514009,6.4543849058934528,-0.00055575705952974998,-0.90394127263251955,1626.5043459769693,34.41935483870968,9719495,1626.5043459769693
2026-03-20 07:37:21,3,7,21.359999999999999,2.46,21.351866450514009,6.4543849058934528,0.00038092920376963984,-0.61886375915483571,-1624.6162096017258,8.6829268292682933,4122383,1624.6162096017258
2026-03-22 03:03:20,3,3,21.34,0.64000000000000001,21.351866450514009,6.4543849058934528,-0.00055575705952974998,-0.90084260400776217,1620.9287647556002,33.34375,9664887,1620.9287647556002
2026-02-14 11:38:28,14,11,21.359999999999999,2.4700000000000002,21.351866450514009,6.4543849058934528,0.00038092920376963984,-0.61731442484245702,-1620.5489595798144,8.6477732793522257,4108990,1620.5489595798144
2026-02-15 18:22:45,3,18,21.34,0.65000000000000002,21.351866450514009,6.4543849058934528,-0.00055575705952974998,-0.89929326969538337,1618.1409741449154,32.830769230769228,9637081,1618.1409741449154
2026-01-10 21:28:50,9,21,21.359999999999999,2.48,21.351866450514009,6.4543849058934528,0.00038092920376963984,-0.61576509053007833,-1616.4817095579033,8.612903225806452,4095822,1616.4817095579033
2026-03-01 01:49:45,5,1,21.34,0.66000000000000003,21.351866450514009,6.4543849058934528,-0.00055575705952974998,-0.89774393538300468,1615.3531835342308,32.333333333333329,9608718,1615.3531835342308
2026-03-17 22:21:01,3,22,21.34,0.66000000000000003,21.351866450514009,6.4543849058934528,-0.00055575705952974998,-0.89774393538300468,1615.3531835342308,32.333333333333329,9608718,1615.3531835342308
2026-02-07 17:27:17,2,17,21.34,0.67000000000000004,21.351866450514009,6.4543849058934528,-0.00055575705952974998,-0.89619460107062598,1612.5653929235464,31.850746268656714,9579824,1612.5653929235464
2026-03-27 04:13:48,9,4,21.34,0.68000000000000005,21.351866450514009,6.4543849058934528,-0.00055575705952974998,-0.89464526675824729,1609.7776023128617,31.382352941176467,9550483,1609.7776023128617
2026-01-06 08:51:13,3,8,21.359999999999999,2.5,21.351866450514009,6.4543849058934528,0.00038092920376963984,-0.61266642190532083,-1608.3472095140805,8.5440000000000005,4040601,1608.3472095140805
2026-01-09 16:15:14,1,16,21.359999999999999,2.5,21.351866450514009,6.4543849058934528,0.00038092920376963984,-0.61266642190532083,-1608.3472095140805,8.5440000000000005,4040601,1608.3472095140805
2026-03-02 21:04:55,3,21,21.359999999999999,2.5,21.351866450514009,6.4543849058934528,0.00038092920376963984,-0.61266642190532083,-1608.3472095140805,8.5440000000000005,4040601,1608.3472095140805
2026-03-18 07:54:04,1,7,21.359999999999999,2.5,21.351866450514009,6.4543849058934528,0.00038092920376963984,-0.61266642190532083,-1608.3472095140805,8.5440000000000005,4040601,1608.3472095140805
2026-01-30 21:21:19,1,21,21.34,0.69999999999999996,21.351866450514009,6.4543849058934528,-0.00055575705952974998,-0.8915465981334898,1604.2020210914925,30.485714285714288,9419685,1604.2020210914925
2026-03-05 22:07:30,5,22,21.359999999999999,2.52,21.351866450514009,6.4543849058934528,0.00038092920376963984,-0.60956775328056345,-1600.2127094702582,8.4761904761904763,4014576,1600.2127094702582
2026-03-27 15:50:34,3,15,21.34,0.71999999999999997,21.351866450514009,6.4543849058934528,-0.00055575705952974998,-0.88844792950873241,1598.6264398701232,29.638888888888889,9359389,1598.6264398701232
2026-02-13 22:08:26,1,22,21.34,0.77000000000000002,21.351866450514009,6.4543849058934528,-0.00055575705952974998,-0.88070125794683873,1584.6874868167001,27.714285714285712,9202862,1584.6874868167001
2026-02-19 23:07:03,3,23,21.34,0.77000000000000002,21.351866450514009,6.4543849058934528,-0.00055575705952974998,-0.88070125794683873,1584.6874868167001,27.714285714285712,9202862,1584.6874868167001
2026-01-17 10:07:56,3,10,21.359999999999999,2.5699999999999998,21.351866450514009,6.4543849058934528,0.00038092920376963984,-0.60182108171866988,-1579.8764593607018,8.3112840466926077,3951758,1579.8764593607018
2026-01-26 06:11:55,3,6,21.34,0.80000000000000004,21.351866450514009,6.4543849058934528,-0.00055575705952974998,-0.87605325500970266,1576.3241149846465,26.674999999999997,9030828,1576.3241149846465
2026-02-19 21:17:26,3,21,21.34,0.80000000000000004,21.351866450514009,6.4543849058934528,-0.00055575705952974998,-0.87605325500970266,1576.3241149846465,26.674999999999997,9030828,1576.3241149846465
2026-03-12 20:50:55,8,20,21.34,0.80000000000000004,21.351866450514009,6.4543849058934528,-0.00055575705952974998,-0.87605325500970266,1576.3241149846465,26.674999999999997,9030828,1576.3241149846465
2026-03-12 21:29:47,13,21,21.34,0.80000000000000004,21.351866450514009,6.4543849058934528,-0.00055575705952974998,-0.87605325500970266,1576.3241149846465,26.674999999999997,9030828,1576.3241149846465
2026-01-10 19:23:36,8,19,21.34,0.81000000000000005,21.351866450514009,6.4543849058934528,-0.00055575705952974998,-0.87450392069732397,1573.5363243739621,26.345679012345677,8997813,1573.5363243739621
2026-01-28 07:06:47,1,7,21.34,0.81000000000000005,21.351866450514009,6.4543849058934528,-0.00055575705952974998,-0.87450392069732397,1573.5363243739621,26.345679012345677,8997813,1573.5363243739621
2026-01-10 18:16:05,3,18,21.359999999999999,2.5899999999999999,21.351866450514009,6.4543849058934528,0.00038092920376963984,-0.59872241309391239,-1571.741959316879,8.2471042471042466,3927303,1571.741959316879
2026-02-11 13:11:22,1,13,21.359999999999999,2.5899999999999999,21.351866450514009,6.4543849058934528,0.00038092920376963984,-0.59872241309391239,-1571.741959316879,8.2471042471042466,3927303,1571.741959316879
2026-01-14 15:48:01,3,15,21.359999999999999,2.6000000000000001,21.351866450514009,6.4543849058934528,0.00038092920376963984,-0.59717307878153369,-1567.6747092949679,8.2153846153846146,3888048,1567.6747092949679
2026-02-07 18:15:18,2,18,21.359999999999999,2.6000000000000001,21.351866450514009,6.4543849058934528,0.00038092920376963984,-0.59717307878153369,-1567.6747092949679,8.2153846153846146,3888048,1567.6747092949679
2026-02-25 16:54:46,3,16,21.359999999999999,2.6000000000000001,21.351866450514009,6.4543849058934528,0.00038092920376963984,-0.59717307878153369,-1567.6747092949679,8.2153846153846146,3888048,1567.6747092949679
2026-03-21 20:15:39,3,20,21.359999999999999,2.6000000000000001,21.351866450514009,6.4543849058934528,0.00038092920376963984,-0.59717307878153369,-1567.6747092949679,8.2153846153846146,3888048,1567.6747092949679
2026-03-25 21:26:48,3,21,21.359999999999999,2.6000000000000001,21.351866450514009,6.4543849058934528,0.00038092920376963984,-0.59717307878153369,-1567.6747092949679,8.2153846153846146,3888048,1567.6747092949679
2026-02-20 18:51:12,8,18,21.34,0.83999999999999997,21.351866450514009,6.4543849058934528,-0.00055575705952974998,-0.86985591776018778,1565.1729525419082,25.404761904761905,8900075,1565.1729525419082
2026-02-28 01:01:44,1,1,21.34,0.83999999999999997,21.351866450514009,6.4543849058934528,-0.00055575705952974998,-0.86985591776018778,1565.1729525419082,25.404761904761905,8900075,1565.1729525419082
2026-01-06 13:05:37,3,13,21.359999999999999,2.6099999999999999,21.351866450514009,6.4543849058934528,0.00038092920376963984,-0.595623744469155,-1563.6074592730565,8.1839080459770113,3876205,1563.6074592730565
2026-03-06 21:19:00,3,21,21.359999999999999,2.6099999999999999,21.351866450514009,6.4543849058934528,0.00038092920376963984,-0.595623744469155,-1563.6074592730565,8.1839080459770113,3876205,1563.6074592730565
2026-02-07 00:14:30,3,0,21.34,0.85999999999999999,21.351866450514009,6.4543849058934528,-0.00055575705952974998,-0.86675724913543029,1559.5973713205387,24.813953488372093,8834252,1559.5973713205387
2026-03-13 22:52:53,3,22,21.34,0.87,21.351866450514009,6.4543849058934528,-0.00055575705952974998,-0.86520791482305159,1556.8095807098543,24.528735632183906,8801235,1556.8095807098543
2026-02-06 00:06:12,1,0,21.359999999999999,2.6299999999999999,21.351866450514009,6.4543849058934528,0.00038092920376963984,-0.59252507584439751,-1555.4729592292338,8.1216730038022806,3852504,1555.4729592292338
2026-03-03 22:48:34,12,22,21.359999999999999,2.6299999999999999,21.351866450514009,6.4543849058934528,0.00038092920376963984,-0.59252507584439751,-1555.4729592292338,8.1216730038022806,3852504,1555.4729592292338
2026-03-06 21:38:18,3,21,21.359999999999999,2.6299999999999999,21.351866450514009,6.4543849058934528,0.00038092920376963984,-0.59252507584439751,-1555.4729592292338,8.1216730038022806,3852504,1555.4729592292338
2026-03-26 06:37:48,3,6,21.359999999999999,2.6299999999999999,21.351866450514009,6.4543849058934528,0.00038092920376963984,-0.59252507584439751,-1555.4729592292338,8.1216730038022806,3852504,1555.4729592292338
2026-01-21 01:09:58,1,1,21.350000000000001,5.5800000000000001,21.351866450514009,6.4543849058934528,-8.7413927879971857e-05,-0.13547145369267613,1549.769664608735,3.8261648745519716,1808804,1549.769664608735
2026-02-19 22:21:18,3,22,21.359999999999999,2.6499999999999999,21.351866450514009,6.4543849058934528,0.00038092920376963984,-0.58942640721964012,-1547.3384591854115,8.060377358490566,3828973,1547.3384591854115
2026-03-02 21:22:34,3,21,21.34,0.95999999999999996,21.351866450514009,6.4543849058934528,-0.00055575705952974998,-0.85126390601164326,1531.7194652136932,22.229166666666668,8427040,1531.7194652136932
2026-01-17 22:47:12,3,22,21.359999999999999,2.7000000000000002,21.351866450514009,6.4543849058934528,0.00038092920376963984,-0.58167973565774644,-1527.0022090758548,7.9111111111111105,3746321,1527.0022090758548
2026-01-24 13:29:44,3,13,21.359999999999999,2.7000000000000002,21.351866450514009,6.4543849058934528,0.00038092920376963984,-0.58167973565774644,-1527.0022090758548,7.9111111111111105,3746321,1527.0022090758548
2026-01-24 17:14:22,3,17,21.359999999999999,2.7000000000000002,21.351866450514009,6.4543849058934528,0.00038092920376963984,-0.58167973565774644,-1527.0022090758548,7.9111111111111105,3746321,1527.0022090758548
2026-02-17 16:20:58,5,16,21.359999999999999,2.7000000000000002,21.351866450514009,6.4543849058934528,0.00038092920376963984,-0.58167973565774644,-1527.0022090758548,7.9111111111111105,3746321,1527.0022090758548
2026-02-26 08:07:37,1,8,21.359999999999999,2.7000000000000002,21.351866450514009,6.4543849058934528,0.00038092920376963984,-0.58167973565774644,-1527.0022090758548,7.9111111111111105,3746321,1527.0022090758548
2026-03-03 18:06:42,12,18,21.359999999999999,2.7000000000000002,21.351866450514009,6.4543849058934528,0.00038092920376963984,-0.58167973565774644,-1527.0022090758548,7.9111111111111105,3746321,1527.0022090758548
2026-01-27 09:09:44,1,9,21.34,0.97999999999999998,21.351866450514009,6.4543849058934528,-0.00055575705952974998,-0.84816523738688587,1526.1438839923239,21.775510204081634,8360853,1526.1438839923239
2026-01-08 22:55:04,1,22,21.359999999999999,2.71,21.351866450514009,6.4543849058934528,0.00038092920376963984,-0.58013040134536786,-1522.9349590539439,7.8819188191881917,3735084,1522.9349590539439
2026-01-05 14:24:56,3,14,21.359999999999999,2.7200000000000002,21.351866450514009,6.4543849058934528,0.00038092920376963984,-0.57858106703298906,-1518.8677090320323,7.8529411764705879,3723956,1518.8677090320323
2026-01-12 10:42:29,1,10,21.359999999999999,2.7200000000000002,21.351866450514009,6.4543849058934528,0.00038092920376963984,-0.57858106703298906,-1518.8677090320323,7.8529411764705879,3723956,1518.8677090320323
2026-01-25 13:53:41,15,13,21.359999999999999,2.73,21.351866450514009,6.4543849058934528,0.00038092920376963984,-0.57703173272061037,-1514.8004590101211,7.8241758241758239,3713003,1514.8004590101211
2026-01-10 15:38:31,3,15,21.350000000000001,5.5999999999999996,21.351866450514009,6.4543849058934528,-8.7413927879971857e-05,-0.13237278506791877,1514.3214391381653,3.8125000000000004,1796609,1514.3214391381653
2026-03-14 00:02:11,2,0,21.350000000000001,5.5999999999999996,21.351866450514009,6.4543849058934528,-8.7413927879971857e-05,-0.13237278506791877,1514.3214391381653,3.8125000000000004,1796609,1514.3214391381653
2026-02-21 00:23:08,3,0,21.34,1.03,21.351866450514009,6.4543849058934528,-0.00055575705952974998,-0.84041856582499219,1512.2049309389008,20.718446601941746,8122115,1512.2049309389008
2026-02-27 13:19:28,1,13,21.34,1.03,21.351866450514009,6.4543849058934528,-0.00055575705952974998,-0.84041856582499219,1512.2049309389008,20.718446601941746,8122115,1512.2049309389008
2026-03-25 09:32:26,3,9,21.359999999999999,2.7400000000000002,21.351866450514009,6.4543849058934528,0.00038092920376963984,-0.57548239840823168,-1510.7332089882098,7.7956204379562033,3702043,1510.7332089882098
2026-03-30 07:39:11,3,7,21.359999999999999,2.7400000000000002,21.351866450514009,6.4543849058934528,0.00038092920376963984,-0.57548239840823168,-1510.7332089882098,7.7956204379562033,3702043,1510.7332089882098
2026-02-14 23:16:19,1,23,21.34,1.05,21.351866450514009,6.4543849058934528,-0.00055575705952974998,-0.83731989720023481,1506.6293497175318,20.323809523809523,8056834,1506.6293497175318
2026-02-07 18:08:08,2,18,21.34,1.0900000000000001,21.351866450514009,6.4543849058934528,-0.00055575705952974998,-0.83112255995071993,1495.4781872747933,19.577981651376145,7927785,1495.4781872747933
2026-03-09 09:40:04,1,9,21.359999999999999,2.7799999999999998,21.351866450514009,6.4543849058934528,0.00038092920376963984,-0.5692850611587168,-1494.4642089005647,7.6834532374100721,3659520,1494.4642089005647
2026-01-10 00:11:27,8,0,21.359999999999999,2.79,21.351866450514009,6.4543849058934528,0.00038092920376963984,-0.56773572684633811,-1490.3969588786533,7.6559139784946231,3648986,1490.3969588786533
2026-02-13 00:50:56,3,0,21.359999999999999,2.79,21.351866450514009,6.4543849058934528,0.00038092920376963984,-0.56773572684633811,-1490.3969588786533,7.6559139784946231,3648986,1490.3969588786533
2026-02-03 10:20:43,1,10,21.34,1.1100000000000001,21.351866450514009,6.4543849058934528,-0.00055575705952974998,-0.82802389132596244,1489.9026060534241,19.225225225225223,7791120,1489.9026060534241
2026-01-30 23:21:08,1,23,21.34,1.1200000000000001,21.351866450514009,6.4543849058934528,-0.00055575705952974998,-0.82647455701358374,1487.1148154427394,19.053571428571427,7759316,1487.1148154427394
2026-01-14 15:51:41,3,15,21.359999999999999,2.7999999999999998,21.351866450514009,6.4543849058934528,0.00038092920376963984,-0.56618639253395942,-1486.3297088567422,7.628571428571429,3614948,1486.3297088567422
2026-01-29 20:19:16,1,20,21.359999999999999,2.7999999999999998,21.351866450514009,6.4543849058934528,0.00038092920376963984,-0.56618639253395942,-1486.3297088567422,7.628571428571429,3614948,1486.3297088567422
2026-02-15 16:00:04,3,16,21.359999999999999,2.8100000000000001,21.351866450514009,6.4543849058934528,0.00038092920376963984,-0.56463705822158061,-1482.2624588348308,7.6014234875444835,3604580,1482.2624588348308
2026-02-02 08:22:22,3,8,21.34,1.1499999999999999,21.351866450514009,6.4543849058934528,-0.00055575705952974998,-0.82182655407644767,1478.7514436106858,18.556521739130435,7664205,1478.7514436106858
2026-01-12 11:05:05,1,11,21.359999999999999,2.8199999999999998,21.351866450514009,6.4543849058934528,0.00038092920376963984,-0.56308772390920192,-1478.1952088129194,7.5744680851063828,3594330,1478.1952088129194
2026-02-14 11:54:18,14,11,21.359999999999999,2.8300000000000001,21.351866450514009,6.4543849058934528,0.00038092920376963984,-0.56153838959682323,-1474.1279587910083,7.5477031802120136,3584024,1474.1279587910083
2026-03-13 08:30:54,1,8,21.34,1.1699999999999999,21.351866450514009,6.4543849058934528,-0.00055575705952974998,-0.81872788545169017,1473.1758623893165,18.239316239316242,7601051,1473.1758623893165
2026-01-10 18:49:47,3,18,21.359999999999999,2.8399999999999999,21.351866450514009,6.4543849058934528,0.00038092920376963984,-0.55998905528444454,-1470.0607087690971,7.52112676056338,3573717,1470.0607087690971
2026-02-14 00:07:20,1,0,21.34,1.1899999999999999,21.351866450514009,6.4543849058934528,-0.00055575705952974998,-0.81562921682693268,1467.6002811679473,17.932773109243698,7538767,1467.6002811679473
2026-03-14 00:33:36,2,0,21.359999999999999,2.8500000000000001,21.351866450514009,6.4543849058934528,0.00038092920376963984,-0.55843972097206573,-1465.9934587471855,7.4947368421052625,3563506,1465.9934587471855
2026-02-21 18:41:23,3,18,21.34,1.2,21.351866450514009,6.4543849058934528,-0.00055575705952974998,-0.81407988251455399,1464.8124905572627,17.783333333333335,7438327,1464.8124905572627
2026-02-02 05:13:00,3,5,21.359999999999999,2.8599999999999999,21.351866450514009,6.4543849058934528,0.00038092920376963984,-0.55689038665968704,-1461.9262087252744,7.4685314685314683,3553586,1461.9262087252744
2026-02-03 20:07:13,1,20,21.34,1.22,21.351866450514009,6.4543849058934528,-0.00055575705952974998,-0.8109812138897966,1459.2369093358936,17.491803278688526,7376734,1459.2369093358936
2026-03-29 00:25:00,1,0,21.34,1.22,21.351866450514009,6.4543849058934528,-0.00055575705952974998,-0.8109812138897966,1459.2369093358936,17.491803278688526,7376734,1459.2369093358936
2026-03-04 09:43:37,3,9,21.359999999999999,2.8700000000000001,21.351866450514009,6.4543849058934528,0.00038092920376963984,-0.55534105234730835,-1457.858958703363,7.442508710801393,3543405,1457.858958703363
2026-01-16 11:01:00,1,11,21.34,11.68,21.351866450514009,6.4543849058934528,-0.00055575705952974998,0.80962247685834088,-1456.7920694401928,1.827054794520548,603597,1456.7920694401928
2026-01-07 09:16:10,5,9,21.34,1.23,21.351866450514009,6.4543849058934528,-0.00055575705952974998,-0.80943187957741791,1456.449118725209,17.349593495934961,7346281,1456.449118725209
2026-03-07 01:32:37,3,1,21.359999999999999,2.8799999999999999,21.351866450514009,6.4543849058934528,0.00038092920376963984,-0.55379171803492966,-1453.7917086814518,7.416666666666667,3533401,1453.7917086814518
2026-01-25 10:56:17,3,10,21.34,1.25,21.351866450514009,6.4543849058934528,-0.00055575705952974998,-0.80633321095266042,1450.8735375038398,17.071999999999999,7285274,1450.8735375038398
2026-02-22 01:39:26,3,1,21.359999999999999,2.8999999999999999,21.351866450514009,6.4543849058934528,0.00038092920376963984,-0.55069304941017216,-1445.6572086376291,7.36551724137931,3491447,1445.6572086376291
2026-02-28 10:30:47,5,10,21.359999999999999,2.8999999999999999,21.351866450514009,6.4543849058934528,0.00038092920376963984,-0.55069304941017216,-1445.6572086376291,7.36551724137931,3491447,1445.6572086376291
2026-03-18 07:13:31,1,7,21.359999999999999,2.8999999999999999,21.351866450514009,6.4543849058934528,0.00038092920376963984,-0.55069304941017216,-1445.6572086376291,7.36551724137931,3491447,1445.6572086376291
2026-03-22 15:38:57,3,15,21.359999999999999,2.8999999999999999,21.351866450514009,6.4543849058934528,0.00038092920376963984,-0.55069304941017216,-1445.6572086376291,7.36551724137931,3491447,1445.6572086376291
2026-01-06 09:36:37,3,9,21.34,1.27,21.351866450514009,6.4543849058934528,-0.00055575705952974998,-0.80323454232790292,1445.2979562824705,16.803149606299211,7224563,1445.2979562824705
2026-01-02 10:20:45,3,10,105.27,36610.269999999997,21.351866450514009,6.4543849058934528,3.9302481468764432,5671.1547496449157,1442.950810663712,0.0028754226614553786,261,1442.950810663712
2026-01-30 21:32:20,1,21,21.34,1.28,21.351866450514009,6.4543849058934528,-0.00055575705952974998,-0.80168520801552423,1442.5101656717859,16.671875,7194639,1442.5101656717859
2026-01-31 23:51:00,3,23,21.34,1.29,21.351866450514009,6.4543849058934528,-0.00055575705952974998,-0.80013587370314554,1439.7223750611013,16.54263565891473,7164775,1439.7223750611013
2026-02-11 13:24:36,1,13,21.34,1.29,21.351866450514009,6.4543849058934528,-0.00055575705952974998,-0.80013587370314554,1439.7223750611013,16.54263565891473,7164775,1439.7223750611013
2026-01-30 11:57:45,1,11,21.34,1.3,21.351866450514009,6.4543849058934528,-0.00055575705952974998,-0.79858653939076685,1436.9345844504169,16.415384615384614,7068453,1436.9345844504169
2026-01-30 15:47:52,1,15,21.34,1.3,21.351866450514009,6.4543849058934528,-0.00055575705952974998,-0.79858653939076685,1436.9345844504169,16.415384615384614,7068453,1436.9345844504169
2026-02-05 10:49:53,1,10,21.34,1.3,21.351866450514009,6.4543849058934528,-0.00055575705952974998,-0.79858653939076685,1436.9345844504169,16.415384615384614,7068453,1436.9345844504169
2026-03-19 11:36:31,1,11,21.34,1.3,21.351866450514009,6.4543849058934528,-0.00055575705952974998,-0.79858653939076685,1436.9345844504169,16.415384615384614,7068453,1436.9345844504169
2026-02-09 08:32:54,1,8,21.34,1.3100000000000001,21.351866450514009,6.4543849058934528,-0.00055575705952974998,-0.79703720507838816,1434.1467938397323,16.290076335877863,7038797,1434.1467938397323
2026-02-15 02:33:00,1,2,21.34,1.3100000000000001,21.351866450514009,6.4543849058934528,-0.00055575705952974998,-0.79703720507838816,1434.1467938397323,16.290076335877863,7038797,1434.1467938397323
2026-01-18 01:57:41,1,1,21.359999999999999,2.9300000000000002,21.351866450514009,6.4543849058934528,0.00038092920376963984,-0.54604504647303598,-1433.4554585718952,7.2901023890784975,3462737,1433.4554585718952
2026-02-22 17:29:08,8,17,21.359999999999999,2.9399999999999999,21.351866450514009,6.4543849058934528,0.00038092920376963984,-0.54449571216065729,-1429.388208549984,7.2653061224489797,3453317,1429.388208549984
2026-01-22 18:51:11,3,18,21.34,1.3300000000000001,21.351866450514009,6.4543849058934528,-0.00055575705952974998,-0.79393853645363066,1428.571212618363,16.045112781954888,6980273,1428.571212618363
2026-02-27 09:09:07,1,9,21.34,1.3400000000000001,21.351866450514009,6.4543849058934528,-0.00055575705952974998,-0.79238920214125197,1425.7834220076784,15.925373134328357,6951104,1425.7834220076784
2026-03-18 05:12:50,1,5,21.34,1.3400000000000001,21.351866450514009,6.4543849058934528,-0.00055575705952974998,-0.79238920214125197,1425.7834220076784,15.925373134328357,6951104,1425.7834220076784
2026-03-18 08:50:55,1,8,21.34,1.3500000000000001,21.351866450514009,6.4543849058934528,-0.00055575705952974998,-0.79083986782887317,1422.9956313969938,15.807407407407407,6922260,1422.9956313969938
2026-03-20 22:58:54,3,22,21.34,1.3700000000000001,21.351866450514009,6.4543849058934528,-0.00055575705952974998,-0.78774119920411578,1417.4200501756245,15.576642335766422,6864469,1417.4200501756245
2026-02-06 18:47:15,3,18,21.34,1.3799999999999999,21.351866450514009,6.4543849058934528,-0.00055575705952974998,-0.78619186489173709,1414.6322595649401,15.463768115942029,6835878,1414.6322595649401
2026-02-25 09:33:30,3,9,21.34,1.3799999999999999,21.351866450514009,6.4543849058934528,-0.00055575705952974998,-0.78619186489173709,1414.6322595649401,15.463768115942029,6835878,1414.6322595649401
2026-01-25 23:09:45,16,23,21.34,1.3899999999999999,21.351866450514009,6.4543849058934528,-0.00055575705952974998,-0.7846425305793584,1411.8444689542555,15.352517985611511,6807117,1411.8444689542555
2026-01-18 16:24:12,12,16,21.350000000000001,7.25,21.351866450514009,6.4543849058934528,-8.7413927879971857e-05,0.12326737647456952,-1410.1571621839034,2.9448275862068969,1351116,1410.1571621839034
2026-03-22 02:31:38,3,2,21.34,1.3999999999999999,21.351866450514009,6.4543849058934528,-0.00055575705952974998,-0.78309319626697971,1409.0566783435709,15.242857142857144,6716320,1409.0566783435709
2026-01-26 10:18:49,3,10,21.34,1.4099999999999999,21.351866450514009,6.4543849058934528,-0.00055575705952974998,-0.7815438619546009,1406.2688877328862,15.134751773049647,6687955,1406.2688877328862
2026-03-14 16:47:02,2,16,21.34,1.4099999999999999,21.351866450514009,6.4543849058934528,-0.00055575705952974998,-0.7815438619546009,1406.2688877328862,15.134751773049647,6687955,1406.2688877328862
2026-03-21 04:53:09,3,4,21.34,1.4099999999999999,21.351866450514009,6.4543849058934528,-0.00055575705952974998,-0.7815438619546009,1406.2688877328862,15.134751773049647,6687955,1406.2688877328862
2026-01-02 22:37:22,3,22,21.359999999999999,3,21.351866450514009,6.4543849058934528,0.00038092920376963984,-0.53519970628638502,-1404.9847084185162,7.1200000000000001,3376602,1404.9847084185162
2026-01-15 16:28:09,1,16,21.359999999999999,3,21.351866450514009,6.4543849058934528,0.00038092920376963984,-0.53519970628638502,-1404.9847084185162,7.1200000000000001,3376602,1404.9847084185162
2026-01-17 21:06:42,3,21,21.359999999999999,3,21.351866450514009,6.4543849058934528,0.00038092920376963984,-0.53519970628638502,-1404.9847084185162,7.1200000000000001,3376602,1404.9847084185162
2026-01-19 15:40:52,1,15,21.359999999999999,3,21.351866450514009,6.4543849058934528,0.00038092920376963984,-0.53519970628638502,-1404.9847084185162,7.1200000000000001,3376602,1404.9847084185162
2026-01-24 18:34:28,3,18,21.359999999999999,3,21.351866450514009,6.4543849058934528,0.00038092920376963984,-0.53519970628638502,-1404.9847084185162,7.1200000000000001,3376602,1404.9847084185162
2026-01-31 18:03:04,2,18,21.359999999999999,3,21.351866450514009,6.4543849058934528,0.00038092920376963984,-0.53519970628638502,-1404.9847084185162,7.1200000000000001,3376602,1404.9847084185162
2026-02-03 17:27:53,2,17,21.359999999999999,3,21.351866450514009,6.4543849058934528,0.00038092920376963984,-0.53519970628638502,-1404.9847084185162,7.1200000000000001,3376602,1404.9847084185162
2026-02-06 13:35:04,3,13,21.359999999999999,3.0099999999999998,21.351866450514009,6.4543849058934528,0.00038092920376963984,-0.53365037197400633,-1400.9174583966051,7.0963455149501664,3367526,1400.9174583966051
2026-01-10 16:43:40,3,16,21.34,1.4299999999999999,21.351866450514009,6.4543849058934528,-0.00055575705952974998,-0.77844519332984352,1400.693306511517,14.923076923076923,6632548,1400.693306511517
2026-02-01 04:16:36,3,4,21.34,1.4299999999999999,21.351866450514009,6.4543849058934528,-0.00055575705952974998,-0.77844519332984352,1400.693306511517,14.923076923076923,6632548,1400.693306511517
2026-02-13 23:21:49,1,23,21.34,1.4299999999999999,21.351866450514009,6.4543849058934528,-0.00055575705952974998,-0.77844519332984352,1400.693306511517,14.923076923076923,6632548,1400.693306511517
2026-03-04 08:58:59,8,8,21.34,1.4299999999999999,21.351866450514009,6.4543849058934528,-0.00055575705952974998,-0.77844519332984352,1400.693306511517,14.923076923076923,6632548,1400.693306511517
2026-03-10 20:49:52,1,20,21.34,1.4299999999999999,21.351866450514009,6.4543849058934528,-0.00055575705952974998,-0.77844519332984352,1400.693306511517,14.923076923076923,6632548,1400.693306511517
2026-01-29 11:49:56,2,11,21.34,1.45,21.351866450514009,6.4543849058934528,-0.00055575705952974998,-0.77534652470508603,1395.1177252901477,14.717241379310344,6577495,1395.1177252901477
2026-02-02 15:29:36,1,15,21.34,1.45,21.351866450514009,6.4543849058934528,-0.00055575705952974998,-0.77534652470508603,1395.1177252901477,14.717241379310344,6577495,1395.1177252901477
2026-02-12 14:45:58,3,14,21.34,1.45,21.351866450514009,6.4543849058934528,-0.00055575705952974998,-0.77534652470508603,1395.1177252901477,14.717241379310344,6577495,1395.1177252901477
2026-02-21 18:24:46,3,18,21.34,1.45,21.351866450514009,6.4543849058934528,-0.00055575705952974998,-0.77534652470508603,1395.1177252901477,14.717241379310344,6577495,1395.1177252901477
2026-01-09 23:23:09,3,23,21.359999999999999,3.0299999999999998,21.351866450514009,6.4543849058934528,0.00038092920376963984,-0.53055170334924895,-1392.7829583527825,7.0495049504950495,3349509,1392.7829583527825
2026-02-18 07:35:50,5,7,21.359999999999999,3.0299999999999998,21.351866450514009,6.4543849058934528,0.00038092920376963984,-0.53055170334924895,-1392.7829583527825,7.0495049504950495,3349509,1392.7829583527825
2026-01-01 03:29:06,3,3,21.34,1.46,21.351866450514009,6.4543849058934528,-0.00055575705952974998,-0.77379719039270733,1392.3299346794631,14.616438356164384,6550384,1392.3299346794631
2026-01-20 17:11:00,1,17,21.34,1.46,21.351866450514009,6.4543849058934528,-0.00055575705952974998,-0.77379719039270733,1392.3299346794631,14.616438356164384,6550384,1392.3299346794631
2026-02-09 15:36:06,1,15,21.34,1.46,21.351866450514009,6.4543849058934528,-0.00055575705952974998,-0.77379719039270733,1392.3299346794631,14.616438356164384,6550384,1392.3299346794631
2026-03-21 23:14:22,3,23,21.34,1.46,21.351866450514009,6.4543849058934528,-0.00055575705952974998,-0.77379719039270733,1392.3299346794631,14.616438356164384,6550384,1392.3299346794631
2026-01-15 19:57:52,1,19,21.34,1.47,21.351866450514009,6.4543849058934528,-0.00055575705952974998,-0.77224785608032875,1389.542144068779,14.517006802721088,6523042,1389.542144068779
2026-03-20 23:17:08,3,23,21.34,1.47,21.351866450514009,6.4543849058934528,-0.00055575705952974998,-0.77224785608032875,1389.542144068779,14.517006802721088,6523042,1389.542144068779
2026-02-15 22:50:13,3,22,21.34,1.48,21.351866450514009,6.4543849058934528,-0.00055575705952974998,-0.77069852176795006,1386.7543534580943,14.418918918918919,6495839,1386.7543534580943
2026-02-24 06:46:38,3,6,21.34,1.48,21.351866450514009,6.4543849058934528,-0.00055575705952974998,-0.77069852176795006,1386.7543534580943,14.418918918918919,6495839,1386.7543534580943
2026-02-25 17:12:24,3,17,21.34,1.49,21.351866450514009,6.4543849058934528,-0.00055575705952974998,-0.76914918745557115,1383.9665628474093,14.322147651006711,6469239,1383.9665628474093
2026-01-26 07:03:37,3,7,21.34,1.5,21.351866450514009,6.4543849058934528,-0.00055575705952974998,-0.76759985314319257,1381.1787722367251,14.226666666666667,6382700,1381.1787722367251
2026-02-02 14:17:17,1,14,21.34,1.5,21.351866450514009,6.4543849058934528,-0.00055575705952974998,-0.76759985314319257,1381.1787722367251,14.226666666666667,6382700,1381.1787722367251
2026-02-08 06:34:04,2,6,21.34,1.5,21.351866450514009,6.4543849058934528,-0.00055575705952974998,-0.76759985314319257,1381.1787722367251,14.226666666666667,6382700,1381.1787722367251
2026-03-14 12:43:53,1,12,21.34,1.5,21.351866450514009,6.4543849058934528,-0.00055575705952974998,-0.76759985314319257,1381.1787722367251,14.226666666666667,6382700,1381.1787722367251
2026-03-19 06:46:00,3,6,21.359999999999999,3.0600000000000001,21.351866450514009,6.4543849058934528,0.00038092920376963984,-0.52590370041211276,-1380.5812082870486,6.9803921568627452,3322877,1380.5812082870486
2026-01-31 04:12:44,1,4,21.34,1.51,21.351866450514009,6.4543849058934528,-0.00055575705952974998,-0.76605051883081388,1378.3909816260405,14.132450331125828,6356415,1378.3909816260405
2026-02-07 19:22:24,2,19,21.34,1.51,21.351866450514009,6.4543849058934528,-0.00055575705952974998,-0.76605051883081388,1378.3909816260405,14.132450331125828,6356415,1378.3909816260405
2026-03-21 02:53:51,8,2,21.34,1.51,21.351866450514009,6.4543849058934528,-0.00055575705952974998,-0.76605051883081388,1378.3909816260405,14.132450331125828,6356415,1378.3909816260405
2026-01-26 09:01:56,3,9,21.359999999999999,3.0699999999999998,21.351866450514009,6.4543849058934528,0.00038092920376963984,-0.52435436609973407,-1376.5139582651375,6.9576547231270363,3314051,1376.5139582651375
2026-02-14 23:31:44,1,23,21.34,1.52,21.351866450514009,6.4543849058934528,-0.00055575705952974998,-0.76450118451843496,1375.6031910153556,14.039473684210526,6330117,1375.6031910153556
2026-01-25 22:15:04,16,22,21.34,1.54,21.351866450514009,6.4543849058934528,-0.00055575705952974998,-0.76140251589367769,1370.0276097939866,13.857142857142856,6278156,1370.0276097939866
2026-01-30 22:59:57,1,22,21.34,1.54,21.351866450514009,6.4543849058934528,-0.00055575705952974998,-0.76140251589367769,1370.0276097939866,13.857142857142856,6278156,1370.0276097939866
2026-01-21 08:29:52,1,8,21.34,1.5600000000000001,21.351866450514009,6.4543849058934528,-0.00055575705952974998,-0.75830384726892031,1364.4520285726176,13.679487179487179,6226516,1364.4520285726176
2026-03-21 14:48:09,1,14,21.34,1.5600000000000001,21.351866450514009,6.4543849058934528,-0.00055575705952974998,-0.75830384726892031,1364.4520285726176,13.679487179487179,6226516,1364.4520285726176
2026-02-05 07:25:16,2,7,21.359999999999999,3.1000000000000001,21.351866450514009,6.4543849058934528,0.00038092920376963984,-0.51970636316259788,-1364.3122081994036,6.8903225806451607,3268257,1364.3122081994036
2026-02-21 23:02:20,3,23,21.359999999999999,3.1000000000000001,21.351866450514009,6.4543849058934528,0.00038092920376963984,-0.51970636316259788,-1364.3122081994036,6.8903225806451607,3268257,1364.3122081994036
2026-02-25 21:11:20,1,21,21.359999999999999,3.1000000000000001,21.351866450514009,6.4543849058934528,0.00038092920376963984,-0.51970636316259788,-1364.3122081994036,6.8903225806451607,3268257,1364.3122081994036
2026-02-28 21:03:39,2,21,21.359999999999999,3.1000000000000001,21.351866450514009,6.4543849058934528,0.00038092920376963984,-0.51970636316259788,-1364.3122081994036,6.8903225806451607,3268257,1364.3122081994036
2026-03-31 08:29:55,7,8,21.359999999999999,3.1000000000000001,21.351866450514009,6.4543849058934528,0.00038092920376963984,-0.51970636316259788,-1364.3122081994036,6.8903225806451607,3268257,1364.3122081994036
2026-02-11 07:52:36,3,7,21.34,1.5700000000000001,21.351866450514009,6.4543849058934528,-0.00055575705952974998,-0.7567545129565415,1361.6642379619327,13.592356687898089,6201245,1361.6642379619327
2026-03-13 22:04:00,3,22,21.34,1.5700000000000001,21.351866450514009,6.4543849058934528,-0.00055575705952974998,-0.7567545129565415,1361.6642379619327,13.592356687898089,6201245,1361.6642379619327
2026-03-21 03:40:01,8,3,21.34,1.5700000000000001,21.351866450514009,6.4543849058934528,-0.00055575705952974998,-0.7567545129565415,1361.6642379619327,13.592356687898089,6201245,1361.6642379619327
2026-03-21 21:38:34,3,21,21.34,1.5700000000000001,21.351866450514009,6.4543849058934528,-0.00055575705952974998,-0.7567545129565415,1361.6642379619327,13.592356687898089,6201245,1361.6642379619327
2026-03-13 15:10:59,3,15,21.34,1.5800000000000001,21.351866450514009,6.4543849058934528,-0.00055575705952974998,-0.75520517864416281,1358.8764473512481,13.50632911392405,6176262,1358.8764473512481
2026-03-29 14:08:57,2,14,28.899999999999999,3101.1900000000001,21.351866450514009,6.4543849058934528,0.3535116504676471,479.47800762057517,1356.3287291558622,0.0093190033503268085,307,1356.3287291558622
2026-03-12 22:16:29,12,22,21.359999999999999,3.1200000000000001,21.351866450514009,6.4543849058934528,0.00038092920376963984,-0.51660769453784039,-1356.1777081555808,6.8461538461538458,3251323,1356.1777081555808
2026-01-10 19:52:28,8,19,21.34,1.5900000000000001,21.351866450514009,6.4543849058934528,-0.00055575705952974998,-0.75365584433178412,1356.0886567405637,13.421383647798741,6151013,1356.0886567405637
2026-01-26 03:18:23,14,3,21.34,1.5900000000000001,21.351866450514009,6.4543849058934528,-0.00055575705952974998,-0.75365584433178412,1356.0886567405637,13.421383647798741,6151013,1356.0886567405637
2026-01-10 14:54:31,3,14,21.34,1.6000000000000001,21.351866450514009,6.4543849058934528,-0.00055575705952974998,-0.75210651001940532,1353.3008661298788,13.337499999999999,6069658,1353.3008661298788
2026-01-25 22:46:57,16,22,21.34,1.6000000000000001,21.351866450514009,6.4543849058934528,-0.00055575705952974998,-0.75210651001940532,1353.3008661298788,13.337499999999999,6069658,1353.3008661298788
2026-02-03 09:03:28,1,9,21.34,1.6000000000000001,21.351866450514009,6.4543849058934528,-0.00055575705952974998,-0.75210651001940532,1353.3008661298788,13.337499999999999,6069658,1353.3008661298788
2026-02-06 08:32:01,3,8,21.34,1.6000000000000001,21.351866450514009,6.4543849058934528,-0.00055575705952974998,-0.75210651001940532,1353.3008661298788,13.337499999999999,6069658,1353.3008661298788
2026-02-22 04:02:11,3,4,21.34,1.6000000000000001,21.351866450514009,6.4543849058934528,-0.00055575705952974998,-0.75210651001940532,1353.3008661298788,13.337499999999999,6069658,1353.3008661298788
2026-02-23 22:18:29,3,22,21.34,1.6000000000000001,21.351866450514009,6.4543849058934528,-0.00055575705952974998,-0.75210651001940532,1353.3008661298788,13.337499999999999,6069658,1353.3008661298788
2026-03-07 18:08:01,3,18,21.34,1.6000000000000001,21.351866450514009,6.4543849058934528,-0.00055575705952974998,-0.75210651001940532,1353.3008661298788,13.337499999999999,6069658,1353.3008661298788
2026-01-21 20:12:50,3,20,21.359999999999999,3.1299999999999999,21.351866450514009,6.4543849058934528,0.00038092920376963984,-0.5150583602254617,-1352.1104581336695,6.8242811501597442,3242953,1352.1104581336695
2026-01-25 13:09:25,15,13,21.34,1.6100000000000001,21.351866450514009,6.4543849058934528,-0.00055575705952974998,-0.75055717570702662,1350.5130755191944,13.254658385093167,6044424,1350.5130755191944
2026-01-25 15:52:26,16,15,21.34,1.6100000000000001,21.351866450514009,6.4543849058934528,-0.00055575705952974998,-0.75055717570702662,1350.5130755191944,13.254658385093167,6044424,1350.5130755191944
2026-01-28 09:00:32,1,9,21.34,1.6100000000000001,21.351866450514009,6.4543849058934528,-0.00055575705952974998,-0.75055717570702662,1350.5130755191944,13.254658385093167,6044424,1350.5130755191944
2026-02-08 04:27:10,3,4,21.34,1.6100000000000001,21.351866450514009,6.4543849058934528,-0.00055575705952974998,-0.75055717570702662,1350.5130755191944,13.254658385093167,6044424,1350.5130755191944
2026-03-17 19:32:10,3,19,21.34,1.6100000000000001,21.351866450514009,6.4543849058934528,-0.00055575705952974998,-0.75055717570702662,1350.5130755191944,13.254658385093167,6044424,1350.5130755191944
2026-03-19 21:15:00,3,21,21.34,1.6100000000000001,21.351866450514009,6.4543849058934528,-0.00055575705952974998,-0.75055717570702662,1350.5130755191944,13.254658385093167,6044424,1350.5130755191944
2026-01-18 19:05:29,12,19,21.34,1.6200000000000001,21.351866450514009,6.4543849058934528,-0.00055575705952974998,-0.74900784139464793,1347.7252849085098,13.172839506172838,6019531,1347.7252849085098
2026-01-25 15:55:21,16,15,21.34,1.6200000000000001,21.351866450514009,6.4543849058934528,-0.00055575705952974998,-0.74900784139464793,1347.7252849085098,13.172839506172838,6019531,1347.7252849085098
2026-02-08 21:52:57,1,21,21.34,1.6399999999999999,21.351866450514009,6.4543849058934528,-0.00055575705952974998,-0.74590917276989055,1342.1497036871408,13.012195121951221,5970040,1342.1497036871408
2026-02-13 12:43:02,3,12,21.34,1.6399999999999999,21.351866450514009,6.4543849058934528,-0.00055575705952974998,-0.74590917276989055,1342.1497036871408,13.012195121951221,5970040,1342.1497036871408
2026-02-05 14:52:22,1,14,21.359999999999999,3.1600000000000001,21.351866450514009,6.4543849058934528,0.00038092920376963984,-0.51041035728832551,-1339.9087080679355,6.7594936708860756,3218056,1339.9087080679355
2026-03-14 23:49:45,2,23,21.359999999999999,3.1600000000000001,21.351866450514009,6.4543849058934528,0.00038092920376963984,-0.51041035728832551,-1339.9087080679355,6.7594936708860756,3218056,1339.9087080679355
2026-02-22 00:10:14,2,0,21.34,1.6499999999999999,21.351866450514009,6.4543849058934528,-0.00055575705952974998,-0.74435983845751186,1339.3619130764562,12.933333333333334,5945782,1339.3619130764562
2026-02-23 22:46:01,3,22,21.34,1.6499999999999999,21.351866450514009,6.4543849058934528,-0.00055575705952974998,-0.74435983845751186,1339.3619130764562,12.933333333333334,5945782,1339.3619130764562
2026-01-09 11:53:35,3,11,21.34,1.6599999999999999,21.351866450514009,6.4543849058934528,-0.00055575705952974998,-0.74281050414513305,1336.5741224657713,12.855421686746988,5921715,1336.5741224657713
2026-01-25 22:47:01,16,22,21.34,1.6599999999999999,21.351866450514009,6.4543849058934528,-0.00055575705952974998,-0.74281050414513305,1336.5741224657713,12.855421686746988,5921715,1336.5741224657713
2026-02-18 13:52:26,5,13,21.34,1.6599999999999999,21.351866450514009,6.4543849058934528,-0.00055575705952974998,-0.74281050414513305,1336.5741224657713,12.855421686746988,5921715,1336.5741224657713
2026-03-15 01:06:01,1,1,21.34,1.6599999999999999,21.351866450514009,6.4543849058934528,-0.00055575705952974998,-0.74281050414513305,1336.5741224657713,12.855421686746988,5921715,1336.5741224657713
2026-03-27 23:48:25,3,23,21.34,1.6599999999999999,21.351866450514009,6.4543849058934528,-0.00055575705952974998,-0.74281050414513305,1336.5741224657713,12.855421686746988,5921715,1336.5741224657713
2026-01-16 05:58:33,1,5,21.379999999999999,17.800000000000001,21.351866450514009,6.4543849058934528,0.0013176154670690298,1.7578150760341158,1334.0880704324823,1.2011235955056179,222122,1334.0880704324823
2026-02-01 13:20:33,3,13,21.34,1.6699999999999999,21.351866450514009,6.4543849058934528,-0.00055575705952974998,-0.74126116983275436,1333.7863318550869,12.778443113772456,5897732,1333.7863318550869
2026-03-05 22:27:36,5,22,21.359999999999999,3.1800000000000002,21.351866450514009,6.4543849058934528,0.00038092920376963984,-0.50731168866356813,-1331.7742080241132,6.7169811320754711,3201546,1331.7742080241132
2026-02-02 08:22:15,3,8,21.34,1.6799999999999999,21.351866450514009,6.4543849058934528,-0.00055575705952974998,-0.73971183552037567,1330.9985412444023,12.702380952380953,5873863,1330.9985412444023
2026-02-08 21:37:02,1,21,21.34,1.6799999999999999,21.351866450514009,6.4543849058934528,-0.00055575705952974998,-0.73971183552037567,1330.9985412444023,12.702380952380953,5873863,1330.9985412444023
2026-02-25 08:51:12,3,8,21.34,1.6799999999999999,21.351866450514009,6.4543849058934528,-0.00055575705952974998,-0.73971183552037567,1330.9985412444023,12.702380952380953,5873863,1330.9985412444023
2026-03-15 19:57:05,3,19,21.34,1.6799999999999999,21.351866450514009,6.4543849058934528,-0.00055575705952974998,-0.73971183552037567,1330.9985412444023,12.702380952380953,5873863,1330.9985412444023
2026-01-06 15:19:44,3,15,21.34,1.6899999999999999,21.351866450514009,6.4543849058934528,-0.00055575705952974998,-0.73816250120799687,1328.2107506337175,12.627218934911243,5850193,1328.2107506337175
2026-01-25 19:48:37,16,19,21.34,1.6899999999999999,21.351866450514009,6.4543849058934528,-0.00055575705952974998,-0.73816250120799687,1328.2107506337175,12.627218934911243,5850193,1328.2107506337175
2026-02-08 23:23:08,1,23,21.34,1.6899999999999999,21.351866450514009,6.4543849058934528,-0.00055575705952974998,-0.73816250120799687,1328.2107506337175,12.627218934911243,5850193,1328.2107506337175
2026-03-07 02:58:13,3,2,21.34,1.6899999999999999,21.351866450514009,6.4543849058934528,-0.00055575705952974998,-0.73816250120799687,1328.2107506337175,12.627218934911243,5850193,1328.2107506337175
2026-02-27 22:34:01,1,22,21.359999999999999,3.1899999999999999,21.351866450514009,6.4543849058934528,0.00038092920376963984,-0.50576235435118944,-1327.7069580022019,6.6959247648902824,3193208,1327.7069580022019
2026-01-28 09:29:06,1,9,21.34,1.7,21.351866450514009,6.4543849058934528,-0.00055575705952974998,-0.73661316689561818,1325.4229600230331,12.552941176470588,5773407,1325.4229600230331
2026-02-11 22:37:54,3,22,21.34,1.7,21.351866450514009,6.4543849058934528,-0.00055575705952974998,-0.73661316689561818,1325.4229600230331,12.552941176470588,5773407,1325.4229600230331
2026-03-16 08:27:00,9,8,21.34,1.7,21.351866450514009,6.4543849058934528,-0.00055575705952974998,-0.73661316689561818,1325.4229600230331,12.552941176470588,5773407,1325.4229600230331
2026-01-10 20:26:28,9,20,21.359999999999999,3.2000000000000002,21.351866450514009,6.4543849058934528,0.00038092920376963984,-0.50421302003881063,-1323.6397079802905,6.6749999999999998,3166739,1323.6397079802905
2026-01-18 01:36:28,1,1,21.359999999999999,3.2000000000000002,21.351866450514009,6.4543849058934528,0.00038092920376963984,-0.50421302003881063,-1323.6397079802905,6.6749999999999998,3166739,1323.6397079802905
2026-03-11 09:04:10,3,9,21.359999999999999,3.2000000000000002,21.351866450514009,6.4543849058934528,0.00038092920376963984,-0.50421302003881063,-1323.6397079802905,6.6749999999999998,3166739,1323.6397079802905
2026-03-13 07:05:30,1,7,21.359999999999999,3.2000000000000002,21.351866450514009,6.4543849058934528,0.00038092920376963984,-0.50421302003881063,-1323.6397079802905,6.6749999999999998,3166739,1323.6397079802905
2026-03-28 21:30:16,3,21,21.359999999999999,3.2000000000000002,21.351866450514009,6.4543849058934528,0.00038092920376963984,-0.50421302003881063,-1323.6397079802905,6.6749999999999998,3166739,1323.6397079802905
2026-01-11 00:15:11,9,0,21.34,1.72,21.351866450514009,6.4543849058934528,-0.00055575705952974998,-0.73351449827086079,1319.8473788016638,12.406976744186046,5726742,1319.8473788016638
2026-03-16 21:41:37,8,21,21.34,1.72,21.351866450514009,6.4543849058934528,-0.00055575705952974998,-0.73351449827086079,1319.8473788016638,12.406976744186046,5726742,1319.8473788016638
2026-01-10 00:36:15,8,0,21.359999999999999,3.21,21.351866450514009,6.4543849058934528,0.00038092920376963984,-0.50266368572643194,-1319.5724579583791,6.6542056074766354,3158687,1319.5724579583791
2026-02-06 23:31:23,3,23,21.34,1.73,21.351866450514009,6.4543849058934528,-0.00055575705952974998,-0.7319651639584821,1317.0595881909794,12.335260115606937,5703647,1317.0595881909794
2026-03-19 22:14:00,3,22,21.34,1.73,21.351866450514009,6.4543849058934528,-0.00055575705952974998,-0.7319651639584821,1317.0595881909794,12.335260115606937,5703647,1317.0595881909794
2026-01-04 13:20:53,2,13,21.359999999999999,3.2200000000000002,21.351866450514009,6.4543849058934528,0.00038092920376963984,-0.50111435141405325,-1315.505207936468,6.6335403726708071,3150616,1315.505207936468
2026-03-09 04:45:52,2,4,21.359999999999999,3.2200000000000002,21.351866450514009,6.4543849058934528,0.00038092920376963984,-0.50111435141405325,-1315.505207936468,6.6335403726708071,3150616,1315.505207936468
2026-02-21 18:44:10,3,18,21.34,1.74,21.351866450514009,6.4543849058934528,-0.00055575705952974998,-0.7304158296461033,1314.2717975802946,12.264367816091953,5681065,1314.2717975802946
2026-02-20 22:55:23,5,22,21.34,1.75,21.351866450514009,6.4543849058934528,-0.00055575705952974998,-0.72886649533372461,1311.4840069696099,12.194285714285714,5658310,1311.4840069696099
2026-01-09 21:36:20,3,21,21.359999999999999,3.23,21.351866450514009,6.4543849058934528,0.00038092920376963984,-0.49956501710167456,-1311.4379579145568,6.6130030959752322,3142619,1311.4379579145568
2026-01-30 08:08:20,1,8,21.34,1.76,21.351866450514009,6.4543849058934528,-0.00055575705952974998,-0.72731716102134591,1308.6962163589255,12.125,5635782,1308.6962163589255
2026-02-26 09:06:44,1,9,21.34,1.76,21.351866450514009,6.4543849058934528,-0.00055575705952974998,-0.72731716102134591,1308.6962163589255,12.125,5635782,1308.6962163589255
2026-01-30 14:50:04,1,14,21.34,1.77,21.351866450514009,6.4543849058934528,-0.00055575705952974998,-0.72576782670896711,1305.9084257482407,12.056497175141242,5613271,1305.9084257482407
2026-02-08 02:03:05,3,2,21.34,1.77,21.351866450514009,6.4543849058934528,-0.00055575705952974998,-0.72576782670896711,1305.9084257482407,12.056497175141242,5613271,1305.9084257482407
2026-02-12 18:14:23,3,18,21.34,1.77,21.351866450514009,6.4543849058934528,-0.00055575705952974998,-0.72576782670896711,1305.9084257482407,12.056497175141242,5613271,1305.9084257482407
2026-02-25 20:39:17,1,20,21.34,1.77,21.351866450514009,6.4543849058934528,-0.00055575705952974998,-0.72576782670896711,1305.9084257482407,12.056497175141242,5613271,1305.9084257482407
2026-03-18 07:51:03,1,7,21.34,1.79,21.351866450514009,6.4543849058934528,-0.00055575705952974998,-0.72266915808420973,1300.3328445268717,11.921787709497206,5568561,1300.3328445268717
2026-01-30 15:13:35,1,15,21.34,1.8,21.351866450514009,6.4543849058934528,-0.00055575705952974998,-0.72111982377183104,1297.545053916187,11.855555555555556,5497527,1297.545053916187
2026-02-01 02:08:02,3,2,21.34,1.8,21.351866450514009,6.4543849058934528,-0.00055575705952974998,-0.72111982377183104,1297.545053916187,11.855555555555556,5497527,1297.545053916187
2026-02-10 15:34:24,3,15,21.34,1.8,21.351866450514009,6.4543849058934528,-0.00055575705952974998,-0.72111982377183104,1297.545053916187,11.855555555555556,5497527,1297.545053916187
2026-02-21 22:27:35,3,22,21.34,1.8,21.351866450514009,6.4543849058934528,-0.00055575705952974998,-0.72111982377183104,1297.545053916187,11.855555555555556,5497527,1297.545053916187
2026-02-23 21:29:49,14,21,21.34,1.8,21.351866450514009,6.4543849058934528,-0.00055575705952974998,-0.72111982377183104,1297.545053916187,11.855555555555556,5497527,1297.545053916187
2026-03-01 17:19:04,3,17,21.34,1.8,21.351866450514009,6.4543849058934528,-0.00055575705952974998,-0.72111982377183104,1297.545053916187,11.855555555555556,5497527,1297.545053916187
2026-03-09 16:32:57,1,16,21.34,1.8,21.351866450514009,6.4543849058934528,-0.00055575705952974998,-0.72111982377183104,1297.545053916187,11.855555555555556,5497527,1297.545053916187
2026-01-10 23:26:22,9,23,21.359999999999999,3.27,21.351866450514009,6.4543849058934528,0.00038092920376963984,-0.49336767985215968,-1295.1689578269115,6.5321100917431192,3110907,1295.1689578269115
2026-01-12 08:52:44,3,8,21.34,1.8100000000000001,21.351866450514009,6.4543849058934528,-0.00055575705952974998,-0.71957048945945234,1294.7572633055024,11.790055248618785,5475509,1294.7572633055024
2026-02-08 22:51:24,1,22,21.34,1.8100000000000001,21.351866450514009,6.4543849058934528,-0.00055575705952974998,-0.71957048945945234,1294.7572633055024,11.790055248618785,5475509,1294.7572633055024
2026-02-12 09:34:22,3,9,21.34,1.8200000000000001,21.351866450514009,6.4543849058934528,-0.00055575705952974998,-0.71802115514707354,1291.9694726948178,11.725274725274724,5454350,1291.9694726948178
2026-03-14 22:58:50,2,22,21.34,1.8200000000000001,21.351866450514009,6.4543849058934528,-0.00055575705952974998,-0.71802115514707354,1291.9694726948178,11.725274725274724,5454350,1291.9694726948178
2026-03-11 18:52:36,3,18,21.300000000000001,26.699999999999999,21.351866450514009,6.4543849058934528,-0.0024291295861285297,3.1367226140511733,-1291.2948868447909,0.79775280898876411,21262,1291.2948868447909
2026-02-14 16:19:41,2,16,21.359999999999999,3.2799999999999998,21.351866450514009,6.4543849058934528,0.00038092920376963984,-0.49181834553978099,-1291.1017078050004,6.51219512195122,3103065,1291.1017078050004
2026-02-03 11:20:57,1,11,21.34,1.8300000000000001,21.351866450514009,6.4543849058934528,-0.00055575705952974998,-0.71647182083469485,1289.1816820841332,11.66120218579235,5433055,1289.1816820841332
2026-03-13 05:20:27,1,5,21.34,1.8300000000000001,21.351866450514009,6.4543849058934528,-0.00055575705952974998,-0.71647182083469485,1289.1816820841332,11.66120218579235,5433055,1289.1816820841332
2026-02-02 09:16:02,1,9,21.34,1.8400000000000001,21.351866450514009,6.4543849058934528,-0.00055575705952974998,-0.71492248652231616,1286.3938914734488,11.597826086956522,5411517,1286.3938914734488
2026-01-30 08:59:52,1,8,21.34,1.8500000000000001,21.351866450514009,6.4543849058934528,-0.00055575705952974998,-0.71337315220993736,1283.6061008627639,11.535135135135134,5390509,1283.6061008627639
2026-01-30 22:16:57,1,22,21.34,1.8500000000000001,21.351866450514009,6.4543849058934528,-0.00055575705952974998,-0.71337315220993736,1283.6061008627639,11.535135135135134,5390509,1283.6061008627639
2026-03-19 15:32:08,1,15,21.34,1.8500000000000001,21.351866450514009,6.4543849058934528,-0.00055575705952974998,-0.71337315220993736,1283.6061008627639,11.535135135135134,5390509,1283.6061008627639
2026-01-17 01:02:21,2,1,21.359999999999999,3.2999999999999998,21.351866450514009,6.4543849058934528,0.00038092920376963984,-0.48871967691502355,-1282.9672077611779,6.4727272727272727,3070482,1282.9672077611779
2026-03-28 02:32:27,1,2,21.359999999999999,3.2999999999999998,21.351866450514009,6.4543849058934528,0.00038092920376963984,-0.48871967691502355,-1282.9672077611779,6.4727272727272727,3070482,1282.9672077611779
2026-02-24 13:36:52,3,13,21.34,1.8600000000000001,21.351866450514009,6.4543849058934528,-0.00055575705952974998,-0.71182381789755866,1280.8183102520793,11.473118279569892,5369585,1280.8183102520793
2026-03-08 15:35:23,5,15,21.359999999999999,3.3100000000000001,21.351866450514009,6.4543849058934528,0.00038092920376963984,-0.4871703426026448,-1278.8999577392665,6.453172205438066,3062936,1278.8999577392665
2026-02-03 07:48:50,1,7,21.34,1.8700000000000001,21.351866450514009,6.4543849058934528,-0.00055575705952974998,-0.71027448358517997,1278.0305196413949,11.411764705882351,5348536,1278.0305196413949
2026-03-02 04:29:51,1,4,21.34,1.8700000000000001,21.351866450514009,6.4543849058934528,-0.00055575705952974998,-0.71027448358517997,1278.0305196413949,11.411764705882351,5348536,1278.0305196413949
2026-03-29 00:23:02,1,0,21.34,1.8700000000000001,21.351866450514009,6.4543849058934528,-0.00055575705952974998,-0.71027448358517997,1278.0305196413949,11.411764705882351,5348536,1278.0305196413949
2026-03-01 03:12:19,5,3,21.359999999999999,3.3199999999999998,21.351866450514009,6.4543849058934528,0.00038092920376963984,-0.48562100829026611,-1274.8327077173551,6.4337349397590362,3055348,1274.8327077173551
2026-03-31 10:45:35,9,10,21.359999999999999,3.3199999999999998,21.351866450514009,6.4543849058934528,0.00038092920376963984,-0.48562100829026611,-1274.8327077173551,6.4337349397590362,3055348,1274.8327077173551
2026-03-21 13:32:56,1,13,21.34,1.8899999999999999,21.351866450514009,6.4543849058934528,-0.00055575705952974998,-0.70717581496042259,1272.4549384200257,11.291005291005291,5307425,1272.4549384200257
2026-01-28 16:40:11,1,16,21.34,1.8999999999999999,21.351866450514009,6.4543849058934528,-0.00055575705952974998,-0.7056264806480439,1269.6671478093413,11.231578947368421,5240982,1269.6671478093413
2026-02-25 18:45:24,3,18,21.34,1.8999999999999999,21.351866450514009,6.4543849058934528,-0.00055575705952974998,-0.7056264806480439,1269.6671478093413,11.231578947368421,5240982,1269.6671478093413
2026-03-03 22:51:24,12,22,21.34,1.8999999999999999,21.351866450514009,6.4543849058934528,-0.00055575705952974998,-0.7056264806480439,1269.6671478093413,11.231578947368421,5240982,1269.6671478093413
2026-02-21 17:21:00,3,17,21.34,1.9099999999999999,21.351866450514009,6.4543849058934528,-0.00055575705952974998,-0.70407714633566509,1266.8793571986564,11.172774869109949,5220704,1266.8793571986564
2026-03-08 19:43:11,3,19,21.34,1.9099999999999999,21.351866450514009,6.4543849058934528,-0.00055575705952974998,-0.70407714633566509,1266.8793571986564,11.172774869109949,5220704,1266.8793571986564
2026-01-04 03:30:59,3,3,21.359999999999999,3.3500000000000001,21.351866450514009,6.4543849058934528,0.00038092920376963984,-0.48097300535312992,-1262.6309576516212,6.3761194029850738,3032778,1262.6309576516212
2026-03-21 10:05:34,5,10,21.359999999999999,3.3500000000000001,21.351866450514009,6.4543849058934528,0.00038092920376963984,-0.48097300535312992,-1262.6309576516212,6.3761194029850738,3032778,1262.6309576516212
2026-01-10 17:23:30,3,17,21.34,1.9299999999999999,21.351866450514009,6.4543849058934528,-0.00055575705952974998,-0.70097847771090771,1261.3037759772874,11.05699481865285,5180711,1261.3037759772874
2026-01-25 19:49:00,16,19,21.34,1.9299999999999999,21.351866450514009,6.4543849058934528,-0.00055575705952974998,-0.70097847771090771,1261.3037759772874,11.05699481865285,5180711,1261.3037759772874
2026-02-21 19:22:13,3,19,21.34,1.9299999999999999,21.351866450514009,6.4543849058934528,-0.00055575705952974998,-0.70097847771090771,1261.3037759772874,11.05699481865285,5180711,1261.3037759772874
2026-03-16 19:54:48,3,19,21.34,1.9299999999999999,21.351866450514009,6.4543849058934528,-0.00055575705952974998,-0.70097847771090771,1261.3037759772874,11.05699481865285,5180711,1261.3037759772874
2026-03-29 00:45:45,1,0,21.34,1.9399999999999999,21.351866450514009,6.4543849058934528,-0.00055575705952974998,-0.69942914339852891,1258.5159853666025,11,5160822,1258.5159853666025
2026-02-01 03:37:40,3,3,21.34,1.95,21.351866450514009,6.4543849058934528,-0.00055575705952974998,-0.69787980908615022,1255.7281947559181,10.943589743589744,5141261,1255.7281947559181
2026-02-03 08:43:30,1,8,21.34,1.95,21.351866450514009,6.4543849058934528,-0.00055575705952974998,-0.69787980908615022,1255.7281947559181,10.943589743589744,5141261,1255.7281947559181
2026-02-28 18:12:33,3,18,21.34,1.95,21.351866450514009,6.4543849058934528,-0.00055575705952974998,-0.69787980908615022,1255.7281947559181,10.943589743589744,5141261,1255.7281947559181
2026-01-01 19:58:06,1,19,21.359999999999999,3.3700000000000001,21.351866450514009,6.4543849058934528,0.00038092920376963984,-0.47787433672837248,-1254.4964576077987,6.3382789317507413,3017962,1254.4964576077987
2026-01-17 20:05:22,12,20,21.359999999999999,3.3700000000000001,21.351866450514009,6.4543849058934528,0.00038092920376963984,-0.47787433672837248,-1254.4964576077987,6.3382789317507413,3017962,1254.4964576077987
2026-01-22 07:23:02,3,7,21.34,1.96,21.351866450514009,6.4543849058934528,-0.00055575705952974998,-0.69633047477377152,1252.9404041452335,10.887755102040817,5121834,1252.9404041452335
2026-01-14 08:41:09,3,8,21.34,1.98,21.351866450514009,6.4543849058934528,-0.00055575705952974998,-0.69323180614901414,1247.3648229238643,10.777777777777779,5083310,1247.3648229238643
2026-03-09 17:27:44,1,17,21.34,1.99,21.351866450514009,6.4543849058934528,-0.00055575705952974998,-0.69168247183663534,1244.5770323131796,10.723618090452261,5064044,1244.5770323131796
2026-01-15 07:29:07,3,7,21.359999999999999,3.3999999999999999,21.351866450514009,6.4543849058934528,0.00038092920376963984,-0.47322633379123635,-1242.2947075420648,6.2823529411764705,2980099,1242.2947075420648
2026-01-21 19:21:08,3,19,21.359999999999999,3.3999999999999999,21.351866450514009,6.4543849058934528,0.00038092920376963984,-0.47322633379123635,-1242.2947075420648,6.2823529411764705,2980099,1242.2947075420648
2026-02-11 06:37:30,3,6,21.359999999999999,3.3999999999999999,21.351866450514009,6.4543849058934528,0.00038092920376963984,-0.47322633379123635,-1242.2947075420648,6.2823529411764705,2980099,1242.2947075420648
2026-02-20 19:22:45,9,19,21.359999999999999,3.3999999999999999,21.351866450514009,6.4543849058934528,0.00038092920376963984,-0.47322633379123635,-1242.2947075420648,6.2823529411764705,2980099,1242.2947075420648
2026-03-05 20:54:46,5,20,21.359999999999999,3.3999999999999999,21.351866450514009,6.4543849058934528,0.00038092920376963984,-0.47322633379123635,-1242.2947075420648,6.2823529411764705,2980099,1242.2947075420648
2026-03-16 20:44:42,9,20,21.359999999999999,3.3999999999999999,21.351866450514009,6.4543849058934528,0.00038092920376963984,-0.47322633379123635,-1242.2947075420648,6.2823529411764705,2980099,1242.2947075420648
2026-01-22 22:12:00,3,22,21.34,2,21.351866450514009,6.4543849058934528,-0.00055575705952974998,-0.69013313752425665,1241.789241702495,10.67,5002301,1241.789241702495
2026-02-13 19:16:09,1,19,21.34,2,21.351866450514009,6.4543849058934528,-0.00055575705952974998,-0.69013313752425665,1241.789241702495,10.67,5002301,1241.789241702495
2026-02-15 21:25:47,3,21,21.34,2,21.351866450514009,6.4543849058934528,-0.00055575705952974998,-0.69013313752425665,1241.789241702495,10.67,5002301,1241.789241702495
2026-02-25 18:39:17,3,18,21.34,2,21.351866450514009,6.4543849058934528,-0.00055575705952974998,-0.69013313752425665,1241.789241702495,10.67,5002301,1241.789241702495
2026-01-12 08:53:29,3,8,21.34,2.0099999999999998,21.351866450514009,6.4543849058934528,-0.00055575705952974998,-0.68858380321187795,1239.0014510918106,10.616915422885572,4983297,1239.0014510918106
2026-02-08 23:17:25,1,23,21.359999999999999,3.4100000000000001,21.351866450514009,6.4543849058934528,0.00038092920376963984,-0.47167699947885761,-1238.2274575201534,6.2639296187683282,2973037,1238.2274575201534
2026-01-05 13:52:28,3,13,21.34,2.02,21.351866450514009,6.4543849058934528,-0.00055575705952974998,-0.68703446889949915,1236.2136604811258,10.564356435643564,4964692,1236.2136604811258
2026-03-17 20:06:06,2,20,21.34,2.02,21.351866450514009,6.4543849058934528,-0.00055575705952974998,-0.68703446889949915,1236.2136604811258,10.564356435643564,4964692,1236.2136604811258
2026-03-28 20:43:06,3,20,21.359999999999999,3.4199999999999999,21.351866450514009,6.4543849058934528,0.00038092920376963984,-0.47012766516647897,-1234.1602074982425,6.2456140350877192,2965949,1234.1602074982425
2026-01-20 20:39:48,1,20,21.34,2.04,21.351866450514009,6.4543849058934528,-0.00055575705952974998,-0.68393580027474177,1230.6380792597568,10.46078431372549,4927557,1230.6380792597568
2026-03-14 19:56:04,2,19,21.34,2.04,21.351866450514009,6.4543849058934528,-0.00055575705952974998,-0.68393580027474177,1230.6380792597568,10.46078431372549,4927557,1230.6380792597568
2026-01-25 14:00:01,15,14,21.34,2.0499999999999998,21.351866450514009,6.4543849058934528,-0.00055575705952974998,-0.68238646596236308,1227.8502886490721,10.409756097560976,4909220,1227.8502886490721
2026-03-12 19:26:57,8,19,21.34,2.0499999999999998,21.351866450514009,6.4543849058934528,-0.00055575705952974998,-0.68238646596236308,1227.8502886490721,10.409756097560976,4909220,1227.8502886490721
2026-01-19 08:07:19,3,8,21.359999999999999,3.4399999999999999,21.351866450514009,6.4543849058934528,0.00038092920376963984,-0.46702899654172153,-1226.0257074544197,6.2093023255813957,2951949,1226.0257074544197
2026-01-28 19:04:57,3,19,21.34,2.0600000000000001,21.351866450514009,6.4543849058934528,-0.00055575705952974998,-0.68083713164998449,1225.0624980383877,10.359223300970873,4891118,1225.0624980383877
2026-03-12 04:19:09,17,4,21.34,2.0600000000000001,21.351866450514009,6.4543849058934528,-0.00055575705952974998,-0.68083713164998449,1225.0624980383877,10.359223300970873,4891118,1225.0624980383877
2026-03-12 17:31:48,9,17,21.34,2.0699999999999998,21.351866450514009,6.4543849058934528,-0.00055575705952974998,-0.6792877973376058,1222.2747074277033,10.309178743961354,4873231,1222.2747074277033
2026-01-24 21:20:30,2,21,21.34,2.0800000000000001,21.351866450514009,6.4543849058934528,-0.00055575705952974998,-0.67773846302522689,1219.4869168170183,10.259615384615385,4855161,1219.4869168170183
2026-03-25 22:33:06,2,22,21.34,2.0800000000000001,21.351866450514009,6.4543849058934528,-0.00055575705952974998,-0.67773846302522689,1219.4869168170183,10.259615384615385,4855161,1219.4869168170183
2026-01-23 09:09:51,3,9,21.359999999999999,3.46,21.351866450514009,6.4543849058934528,0.00038092920376963984,-0.46393032791696409,-1217.8912074105972,6.1734104046242777,2937886,1217.8912074105972
2026-01-27 08:41:56,1,8,21.34,2.0899999999999999,21.351866450514009,6.4543849058934528,-0.00055575705952974998,-0.67618912871284831,1216.6991262063339,10.210526315789474,4837417,1216.6991262063339
2026-01-14 07:50:59,3,7,21.34,2.1000000000000001,21.351866450514009,6.4543849058934528,-0.00055575705952974998,-0.67463979440046939,1213.911335595649,10.161904761904761,4779821,1213.911335595649
2026-01-16 18:12:20,2,18,21.34,2.1000000000000001,21.351866450514009,6.4543849058934528,-0.00055575705952974998,-0.67463979440046939,1213.911335595649,10.161904761904761,4779821,1213.911335595649
2026-02-08 00:40:59,3,0,21.34,2.1000000000000001,21.351866450514009,6.4543849058934528,-0.00055575705952974998,-0.67463979440046939,1213.911335595649,10.161904761904761,4779821,1213.911335595649
2026-02-27 16:35:29,1,16,21.34,2.1000000000000001,21.351866450514009,6.4543849058934528,-0.00055575705952974998,-0.67463979440046939,1213.911335595649,10.161904761904761,4779821,1213.911335595649
2026-03-24 08:48:49,1,8,21.34,2.1000000000000001,21.351866450514009,6.4543849058934528,-0.00055575705952974998,-0.67463979440046939,1213.911335595649,10.161904761904761,4779821,1213.911335595649
2026-01-23 01:32:18,3,1,21.359999999999999,3.4700000000000002,21.351866450514009,6.4543849058934528,0.00038092920376963984,-0.46238099360458534,-1213.8239573886858,6.1556195965417864,2930913,1213.8239573886858
2026-02-24 19:31:27,1,19,21.34,2.1099999999999999,21.351866450514009,6.4543849058934528,-0.00055575705952974998,-0.6730904600880907,1211.1235449849644,10.113744075829384,4762375,1211.1235449849644
2026-03-10 22:09:15,3,22,21.34,2.1099999999999999,21.351866450514009,6.4543849058934528,-0.00055575705952974998,-0.6730904600880907,1211.1235449849644,10.113744075829384,4762375,1211.1235449849644
2026-03-21 00:48:46,8,0,21.34,2.1099999999999999,21.351866450514009,6.4543849058934528,-0.00055575705952974998,-0.6730904600880907,1211.1235449849644,10.113744075829384,4762375,1211.1235449849644
2026-01-22 06:41:42,3,6,21.359999999999999,3.48,21.351866450514009,6.4543849058934528,0.00038092920376963984,-0.46083165929220665,-1209.7567073667747,6.1379310344827589,2924103,1209.7567073667747
2026-02-25 22:39:59,1,22,21.359999999999999,3.48,21.351866450514009,6.4543849058934528,0.00038092920376963984,-0.46083165929220665,-1209.7567073667747,6.1379310344827589,2924103,1209.7567073667747
2026-01-03 19:39:54,3,19,21.34,2.1200000000000001,21.351866450514009,6.4543849058934528,-0.00055575705952974998,-0.67154112577571212,1208.33575437428,10.066037735849056,4745115,1208.33575437428
2026-01-24 18:49:50,3,18,21.34,2.1200000000000001,21.351866450514009,6.4543849058934528,-0.00055575705952974998,-0.67154112577571212,1208.33575437428,10.066037735849056,4745115,1208.33575437428
2026-01-31 13:40:38,3,13,21.34,2.1299999999999999,21.351866450514009,6.4543849058934528,-0.00055575705952974998,-0.66999179146333343,1205.5479637635956,10.018779342723006,4727899,1205.5479637635956
2026-01-25 01:19:05,3,1,21.34,2.1400000000000001,21.351866450514009,6.4543849058934528,-0.00055575705952974998,-0.66844245715095474,1202.760173152911,9.9719626168224291,4710765,1202.760173152911
2026-01-30 07:20:30,1,7,21.34,2.1400000000000001,21.351866450514009,6.4543849058934528,-0.00055575705952974998,-0.66844245715095474,1202.760173152911,9.9719626168224291,4710765,1202.760173152911
2026-02-21 22:40:16,3,22,21.34,2.1400000000000001,21.351866450514009,6.4543849058934528,-0.00055575705952974998,-0.66844245715095474,1202.760173152911,9.9719626168224291,4710765,1202.760173152911
2026-02-24 16:33:12,1,16,21.329999999999998,14.4,21.351866450514009,6.4543849058934528,-0.0010241001911795282,1.2310414098253519,-1202.0712625856218,1.48125,445036,1202.0712625856218
2026-01-09 07:33:51,3,7,21.359999999999999,3.5,21.351866450514009,6.4543849058934528,0.00038092920376963984,-0.45773299066744921,-1201.6222073229521,6.1028571428571423,2894983,1201.6222073229521
2026-01-10 23:40:43,9,23,21.359999999999999,3.5,21.351866450514009,6.4543849058934528,0.00038092920376963984,-0.45773299066744921,-1201.6222073229521,6.1028571428571423,2894983,1201.6222073229521
2026-02-10 08:50:32,3,8,21.359999999999999,3.5,21.351866450514009,6.4543849058934528,0.00038092920376963984,-0.45773299066744921,-1201.6222073229521,6.1028571428571423,2894983,1201.6222073229521
2026-03-11 08:20:38,1,8,21.359999999999999,3.5,21.351866450514009,6.4543849058934528,0.00038092920376963984,-0.45773299066744921,-1201.6222073229521,6.1028571428571423,2894983,1201.6222073229521
2026-03-21 23:48:18,3,23,21.359999999999999,3.5,21.351866450514009,6.4543849058934528,0.00038092920376963984,-0.45773299066744921,-1201.6222073229521,6.1028571428571423,2894983,1201.6222073229521
2026-01-07 08:22:29,5,8,21.34,2.1499999999999999,21.351866450514009,6.4543849058934528,-0.00055575705952974998,-0.66689312283857605,1199.9723825422263,9.9255813953488374,4693693,1199.9723825422263
2026-02-21 18:14:31,3,18,21.34,2.1499999999999999,21.351866450514009,6.4543849058934528,-0.00055575705952974998,-0.66689312283857605,1199.9723825422263,9.9255813953488374,4693693,1199.9723825422263
2026-02-12 15:37:09,3,15,21.34,2.1600000000000001,21.351866450514009,6.4543849058934528,-0.00055575705952974998,-0.66534378852619724,1197.1845919315417,9.8796296296296298,4676632,1197.1845919315417
2026-03-12 11:02:22,5,11,21.34,2.1600000000000001,21.351866450514009,6.4543849058934528,-0.00055575705952974998,-0.66534378852619724,1197.1845919315417,9.8796296296296298,4676632,1197.1845919315417
2026-03-30 23:01:53,3,23,21.34,2.1600000000000001,21.351866450514009,6.4543849058934528,-0.00055575705952974998,-0.66534378852619724,1197.1845919315417,9.8796296296296298,4676632,1197.1845919315417
2026-01-14 07:55:56,3,7,21.379999999999999,16.600000000000001,21.351866450514009,6.4543849058934528,0.0013176154670690298,1.5718949585486699,1192.9845981887813,1.2879518072289156,335958,1192.9845981887813
2026-01-21 07:53:26,1,7,21.34,2.1800000000000002,21.351866450514009,6.4543849058934528,-0.00055575705952974998,-0.66224511990143964,1191.6090107101722,9.7889908256880727,4643032,1191.6090107101722
2026-03-07 23:13:24,5,23,21.34,2.1800000000000002,21.351866450514009,6.4543849058934528,-0.00055575705952974998,-0.66224511990143964,1191.6090107101722,9.7889908256880727,4643032,1191.6090107101722
2026-03-14 22:15:28,2,22,21.34,2.1800000000000002,21.351866450514009,6.4543849058934528,-0.00055575705952974998,-0.66224511990143964,1191.6090107101722,9.7889908256880727,4643032,1191.6090107101722
2026-03-08 19:59:53,3,19,21.359999999999999,3.5299999999999998,21.351866450514009,6.4543849058934528,0.00038092920376963984,-0.45308498773031308,-1189.4204572572182,6.0509915014164308,2874849,1189.4204572572182
2026-01-14 08:58:19,3,8,21.34,2.1899999999999999,21.351866450514009,6.4543849058934528,-0.00055575705952974998,-0.66069578558906106,1188.8212200994878,9.7442922374429219,4626243,1188.8212200994878
2026-02-08 17:38:53,1,17,21.32,17.899999999999999,21.351866450514009,6.4543849058934528,-0.0014924433228291397,1.7733084191579025,-1188.1914656540141,1.1910614525139667,212666,1188.1914656540141
2026-01-30 08:19:05,1,8,21.34,2.2000000000000002,21.351866450514009,6.4543849058934528,-0.00055575705952974998,-0.65914645127668237,1186.0334294888032,9.6999999999999993,4573270,1186.0334294888032
2026-02-10 16:24:05,3,16,21.34,2.2000000000000002,21.351866450514009,6.4543849058934528,-0.00055575705952974998,-0.65914645127668237,1186.0334294888032,9.6999999999999993,4573270,1186.0334294888032
2026-02-13 20:33:35,1,20,21.34,2.2000000000000002,21.351866450514009,6.4543849058934528,-0.00055575705952974998,-0.65914645127668237,1186.0334294888032,9.6999999999999993,4573270,1186.0334294888032
2026-03-20 08:50:53,3,8,21.34,2.2000000000000002,21.351866450514009,6.4543849058934528,-0.00055575705952974998,-0.65914645127668237,1186.0334294888032,9.6999999999999993,4573270,1186.0334294888032
2026-01-18 03:31:00,1,3,21.359999999999999,3.54,21.351866450514009,6.4543849058934528,0.00038092920376963984,-0.45153565341793434,-1185.3532072353069,6.0338983050847457,2868342,1185.3532072353069
2026-02-04 23:16:18,2,23,21.359999999999999,3.54,21.351866450514009,6.4543849058934528,0.00038092920376963984,-0.45153565341793434,-1185.3532072353069,6.0338983050847457,2868342,1185.3532072353069
2026-02-02 08:13:05,3,8,21.34,2.21,21.351866450514009,6.4543849058934528,-0.00055575705952974998,-0.65759711696430367,1183.2456388781188,9.6561085972850673,4556838,1183.2456388781188
2026-03-02 14:30:39,3,14,21.5,59.200000000000003,21.351866450514009,6.4543849058934528,0.0069377330468655355,8.1720591292820028,1177.9149001667245,0.36317567567567566,1081,1177.9149001667245
2026-01-12 18:13:42,1,18,21.34,2.23,21.351866450514009,6.4543849058934528,-0.00055575705952974998,-0.65449844833954629,1177.6700576567496,9.5695067264573996,4524660,1177.6700576567496
2026-03-04 20:27:31,3,20,21.34,2.23,21.351866450514009,6.4543849058934528,-0.00055575705952974998,-0.65449844833954629,1177.6700576567496,9.5695067264573996,4524660,1177.6700576567496
2026-01-06 18:22:21,3,18,21.370000000000001,0.01,21.351866450514009,6.4543849058934528,0.00084927233541941803,-0.99845066568762131,-1175.6542913817282,2137,10565895,1175.6542913817282
2026-01-09 17:40:02,3,17,21.370000000000001,0.01,21.351866450514009,6.4543849058934528,0.00084927233541941803,-0.99845066568762131,-1175.6542913817282,2137,10565895,1175.6542913817282
2026-01-09 18:56:06,3,18,21.370000000000001,0.01,21.351866450514009,6.4543849058934528,0.00084927233541941803,-0.99845066568762131,-1175.6542913817282,2137,10565895,1175.6542913817282
2026-01-23 17:22:02,3,17,21.370000000000001,0.01,21.351866450514009,6.4543849058934528,0.00084927233541941803,-0.99845066568762131,-1175.6542913817282,2137,10565895,1175.6542913817282
2026-01-23 19:33:14,3,19,21.370000000000001,0.01,21.351866450514009,6.4543849058934528,0.00084927233541941803,-0.99845066568762131,-1175.6542913817282,2137,10565895,1175.6542913817282
2026-02-25 17:54:52,3,17,21.370000000000001,0.01,21.351866450514009,6.4543849058934528,0.00084927233541941803,-0.99845066568762131,-1175.6542913817282,2137,10565895,1175.6542913817282
2026-03-03 18:43:33,12,18,21.370000000000001,0.01,21.351866450514009,6.4543849058934528,0.00084927233541941803,-0.99845066568762131,-1175.6542913817282,2137,10565895,1175.6542913817282
2026-03-19 16:57:52,1,16,21.370000000000001,0.01,21.351866450514009,6.4543849058934528,0.00084927233541941803,-0.99845066568762131,-1175.6542913817282,2137,10565895,1175.6542913817282
2026-02-22 07:39:00,3,7,21.359999999999999,3.5699999999999998,21.351866450514009,6.4543849058934528,0.00038092920376963984,-0.4468876504807982,-1173.151457169573,5.9831932773109244,2848556,1173.151457169573
2026-01-17 13:44:46,3,13,21.34,2.25,21.351866450514009,6.4543849058934528,-0.00055575705952974998,-0.6513997797147888,1172.0944764353803,9.4844444444444438,4492586,1172.0944764353803
2026-03-06 19:48:59,3,19,21.370000000000001,0.029999999999999999,21.351866450514009,6.4543849058934528,0.00084927233541941803,-0.99535199706286381,-1172.0056753895128,712.33333333333337,10546902,1172.0056753895128
2026-01-10 20:46:58,9,20,21.34,2.27,21.351866450514009,6.4543849058934528,-0.00055575705952974998,-0.6483011110900313,1166.5188952140111,9.4008810572687231,4461255,1166.5188952140111
2026-01-11 00:47:25,9,0,21.34,2.27,21.351866450514009,6.4543849058934528,-0.00055575705952974998,-0.6483011110900313,1166.5188952140111,9.4008810572687231,4461255,1166.5188952140111
2026-02-15 18:13:59,3,18,21.34,2.27,21.351866450514009,6.4543849058934528,-0.00055575705952974998,-0.6483011110900313,1166.5188952140111,9.4008810572687231,4461255,1166.5188952140111
2026-03-27 07:43:01,5,7,21.34,2.27,21.351866450514009,6.4543849058934528,-0.00055575705952974998,-0.6483011110900313,1166.5188952140111,9.4008810572687231,4461255,1166.5188952140111
2026-02-02 09:42:04,1,9,21.34,2.2799999999999998,21.351866450514009,6.4543849058934528,-0.00055575705952974998,-0.64675177677765261,1163.7311046033265,9.3596491228070189,4445824,1163.7311046033265
2026-01-18 04:51:28,1,4,21.359999999999999,3.6000000000000001,21.351866450514009,6.4543849058934528,0.00038092920376963984,-0.44223964754366202,-1160.949707103839,5.9333333333333327,2814603,1160.949707103839
2026-01-25 13:09:35,15,13,21.359999999999999,3.6000000000000001,21.351866450514009,6.4543849058934528,0.00038092920376963984,-0.44223964754366202,-1160.949707103839,5.9333333333333327,2814603,1160.949707103839
2026-02-18 19:08:14,5,19,21.359999999999999,3.6000000000000001,21.351866450514009,6.4543849058934528,0.00038092920376963984,-0.44223964754366202,-1160.949707103839,5.9333333333333327,2814603,1160.949707103839
2026-02-22 01:23:05,3,1,21.359999999999999,3.6000000000000001,21.351866450514009,6.4543849058934528,0.00038092920376963984,-0.44223964754366202,-1160.949707103839,5.9333333333333327,2814603,1160.949707103839
2026-01-08 00:26:42,2,0,21.350000000000001,5.7999999999999998,21.351866450514009,6.4543849058934528,-8.7413927879971857e-05,-0.10138609882034441,1159.8391844324597,3.681034482758621,1731617,1159.8391844324597
2026-01-01 02:35:03,3,2,21.34,2.2999999999999998,21.351866450514009,6.4543849058934528,-0.00055575705952974998,-0.64365310815289523,1158.1555233819574,9.2782608695652176,4381348,1158.1555233819574
2026-02-28 18:32:09,3,18,21.34,2.2999999999999998,21.351866450514009,6.4543849058934528,-0.00055575705952974998,-0.64365310815289523,1158.1555233819574,9.2782608695652176,4381348,1158.1555233819574
2026-03-12 13:33:12,3,13,21.34,2.2999999999999998,21.351866450514009,6.4543849058934528,-0.00055575705952974998,-0.64365310815289523,1158.1555233819574,9.2782608695652176,4381348,1158.1555233819574
2026-03-15 16:17:30,3,16,21.34,2.2999999999999998,21.351866450514009,6.4543849058934528,-0.00055575705952974998,-0.64365310815289523,1158.1555233819574,9.2782608695652176,4381348,1158.1555233819574
2026-03-22 14:52:51,3,14,21.359999999999999,3.6200000000000001,21.351866450514009,6.4543849058934528,0.00038092920376963984,-0.43914097891890458,-1152.8152070600165,5.9005524861878449,2801893,1152.8152070600165
2026-02-28 18:47:49,3,18,21.34,2.3199999999999998,21.351866450514009,6.4543849058934528,-0.00055575705952974998,-0.64055443952813784,1152.5799421605882,9.1982758620689662,4351492,1152.5799421605882
2026-03-06 22:20:16,3,22,21.34,2.3199999999999998,21.351866450514009,6.4543849058934528,-0.00055575705952974998,-0.64055443952813784,1152.5799421605882,9.1982758620689662,4351492,1152.5799421605882
2026-03-28 00:47:42,3,0,21.34,2.3300000000000001,21.351866450514009,6.4543849058934528,-0.00055575705952974998,-0.63900510521575904,1149.7921515499036,9.1587982832618025,4336597,1149.7921515499036
2026-02-24 07:02:39,3,7,21.359999999999999,3.6299999999999999,21.351866450514009,6.4543849058934528,0.00038092920376963984,-0.43759164460652589,-1148.7479570381054,5.884297520661157,2795675,1148.7479570381054
2026-03-17 19:53:36,3,19,21.370000000000001,0.17000000000000001,21.351866450514009,6.4543849058934528,0.00084927233541941803,-0.9736613166895618,-1146.4653634440047,125.70588235294117,10510072,1146.4653634440047
2026-03-03 06:39:07,3,6,21.359999999999999,3.6400000000000001,21.351866450514009,6.4543849058934528,0.00038092920376963984,-0.43604231029414714,-1144.680707016194,5.8681318681318677,2789362,1144.680707016194
2026-01-25 13:22:00,15,13,21.34,2.3599999999999999,21.351866450514009,6.4543849058934528,-0.00055575705952974998,-0.63435710227862285,1141.4287797178497,9.0423728813559325,4292574,1141.4287797178497
2026-02-07 17:01:57,2,17,21.34,2.3599999999999999,21.351866450514009,6.4543849058934528,-0.00055575705952974998,-0.63435710227862285,1141.4287797178497,9.0423728813559325,4292574,1141.4287797178497
2026-03-14 22:06:45,2,22,21.34,2.3599999999999999,21.351866450514009,6.4543849058934528,-0.00055575705952974998,-0.63435710227862285,1141.4287797178497,9.0423728813559325,4292574,1141.4287797178497
2026-03-19 07:13:15,1,7,21.34,2.3599999999999999,21.351866450514009,6.4543849058934528,-0.00055575705952974998,-0.63435710227862285,1141.4287797178497,9.0423728813559325,4292574,1141.4287797178497
2026-03-25 07:45:31,3,7,21.34,2.3700000000000001,21.351866450514009,6.4543849058934528,-0.00055575705952974998,-0.63280776796624416,1138.6409891071651,9.0042194092826993,4278189,1138.6409891071651
2026-01-22 08:38:00,3,8,67.260000000000005,15803.459999999999,21.351866450514009,6.4543849058934528,2.1500759034759156,2447.4842832304553,1138.3245955520617,0.0042560300086183665,296,1138.3245955520617
2026-03-08 17:49:04,3,17,21.34,2.3799999999999999,21.351866450514009,6.4543849058934528,-0.00055575705952974998,-0.63125843365386547,1135.8531984964804,8.9663865546218489,4263991,1135.8531984964804
2026-01-19 03:25:33,14,3,21.359999999999999,3.6699999999999999,21.351866450514009,6.4543849058934528,0.00038092920376963984,-0.43139430735701101,-1132.4789569504601,5.8201634877384194,2770951,1132.4789569504601
2026-02-06 23:39:58,3,23,21.359999999999999,3.6699999999999999,21.351866450514009,6.4543849058934528,0.00038092920376963984,-0.43139430735701101,-1132.4789569504601,5.8201634877384194,2770951,1132.4789569504601
2026-01-25 23:05:49,16,23,21.34,2.3999999999999999,21.351866450514009,6.4543849058934528,-0.00055575705952974998,-0.62815976502910809,1130.2776172751114,8.8916666666666675,4204559,1130.2776172751114
2026-02-09 11:39:22,1,11,21.34,2.3999999999999999,21.351866450514009,6.4543849058934528,-0.00055575705952974998,-0.62815976502910809,1130.2776172751114,8.8916666666666675,4204559,1130.2776172751114
2026-02-15 00:10:30,1,0,21.34,2.3999999999999999,21.351866450514009,6.4543849058934528,-0.00055575705952974998,-0.62815976502910809,1130.2776172751114,8.8916666666666675,4204559,1130.2776172751114
2026-03-01 17:55:09,3,17,21.34,2.3999999999999999,21.351866450514009,6.4543849058934528,-0.00055575705952974998,-0.62815976502910809,1130.2776172751114,8.8916666666666675,4204559,1130.2776172751114
2026-03-09 08:05:04,1,8,21.34,2.3999999999999999,21.351866450514009,6.4543849058934528,-0.00055575705952974998,-0.62815976502910809,1130.2776172751114,8.8916666666666675,4204559,1130.2776172751114
2026-03-11 07:24:41,1,7,21.34,2.3999999999999999,21.351866450514009,6.4543849058934528,-0.00055575705952974998,-0.62815976502910809,1130.2776172751114,8.8916666666666675,4204559,1130.2776172751114
2026-03-20 22:30:24,3,22,21.34,2.3999999999999999,21.351866450514009,6.4543849058934528,-0.00055575705952974998,-0.62815976502910809,1130.2776172751114,8.8916666666666675,4204559,1130.2776172751114
2026-02-05 12:27:26,1,12,21.359999999999999,3.6800000000000002,21.351866450514009,6.4543849058934528,0.00038092920376963984,-0.42984497304463226,-1128.4117069285487,5.8043478260869561,2764873,1128.4117069285487
2026-01-10 10:26:15,3,10,21.34,2.4100000000000001,21.351866450514009,6.4543849058934528,-0.00055575705952974998,-0.62661043071672928,1127.4898266644268,8.8547717842323639,4190525,1127.4898266644268
2026-02-14 21:41:32,1,21,21.34,2.4199999999999999,21.351866450514009,6.4543849058934528,-0.00055575705952974998,-0.62506109640435059,1124.7020360537422,8.8181818181818183,4176731,1124.7020360537422
2026-01-19 02:55:14,15,2,21.359999999999999,3.7000000000000002,21.351866450514009,6.4543849058934528,0.00038092920376963984,-0.42674630441987482,-1120.2772068847262,5.7729729729729726,2738838,1120.2772068847262
2026-01-27 08:56:39,1,8,21.359999999999999,3.7000000000000002,21.351866450514009,6.4543849058934528,0.00038092920376963984,-0.42674630441987482,-1120.2772068847262,5.7729729729729726,2738838,1120.2772068847262
2026-02-01 18:52:07,3,18,21.359999999999999,3.7000000000000002,21.351866450514009,6.4543849058934528,0.00038092920376963984,-0.42674630441987482,-1120.2772068847262,5.7729729729729726,2738838,1120.2772068847262
2026-02-26 05:26:06,3,5,21.359999999999999,3.7000000000000002,21.351866450514009,6.4543849058934528,0.00038092920376963984,-0.42674630441987482,-1120.2772068847262,5.7729729729729726,2738838,1120.2772068847262
2026-03-18 09:07:07,1,9,21.359999999999999,3.7000000000000002,21.351866450514009,6.4543849058934528,0.00038092920376963984,-0.42674630441987482,-1120.2772068847262,5.7729729729729726,2738838,1120.2772068847262
2026-01-12 07:43:38,3,7,21.34,2.4399999999999999,21.351866450514009,6.4543849058934528,-0.00055575705952974998,-0.6219624277795931,1119.1264548323729,8.7459016393442628,4149209,1119.1264548323729
2026-03-04 19:40:22,3,19,21.370000000000001,0.32000000000000001,21.351866450514009,6.4543849058934528,0.00084927233541941803,-0.95042130200388097,-1119.1007435023889,66.78125,10409586,1119.1007435023889
2026-03-11 12:45:29,3,12,21.34,2.4500000000000002,21.351866450514009,6.4543849058934528,-0.00055575705952974998,-0.6204130934672144,1116.3386642216883,8.7102040816326518,4135737,1116.3386642216883
2026-03-08 23:48:46,3,23,21.359999999999999,3.71,21.351866450514009,6.4543849058934528,0.00038092920376963984,-0.42519697010749613,-1116.209956862815,5.7574123989218329,2732941,1116.209956862815
2026-02-17 12:07:17,5,12,21.289999999999999,27.300000000000001,21.351866450514009,6.4543849058934528,-0.0028974727177783076,3.2296826727938965,-1114.6550761210679,0.77985347985347975,18282,1114.6550761210679
2026-02-13 03:14:31,3,3,21.359999999999999,3.7200000000000002,21.351866450514009,6.4543849058934528,0.00038092920376963984,-0.42364763579511738,-1112.1427068409037,5.7419354838709671,2726996,1112.1427068409037
2026-01-10 14:31:32,3,14,21.359999999999999,3.73,21.351866450514009,6.4543849058934528,0.00038092920376963984,-0.42209830148273875,-1108.0754568189925,5.7265415549597858,2720923,1108.0754568189925
2026-02-11 08:34:52,2,8,21.34,2.48,21.351866450514009,6.4543849058934528,-0.00055575705952974998,-0.61576509053007833,1107.9752923896347,8.6048387096774199,4095822,1107.9752923896347
2026-02-11 22:14:46,3,22,21.34,2.48,21.351866450514009,6.4543849058934528,-0.00055575705952974998,-0.61576509053007833,1107.9752923896347,8.6048387096774199,4095822,1107.9752923896347
2026-03-08 16:49:21,3,16,21.34,2.4900000000000002,21.351866450514009,6.4543849058934528,-0.00055575705952974998,-0.61421575621769953,1105.1875017789498,8.570281124497992,4082768,1105.1875017789498
2026-02-25 18:55:05,3,18,21.370000000000001,0.40000000000000002,21.351866450514009,6.4543849058934528,0.00084927233541941803,-0.93802662750485133,-1104.5062795335273,53.424999999999997,10287253,1104.5062795335273
2026-02-28 08:58:51,5,8,21.359999999999999,3.7400000000000002,21.351866450514009,6.4543849058934528,0.00038092920376963984,-0.42054896717035994,-1104.0082067970809,5.7112299465240639,2715099,1104.0082067970809
2026-03-14 22:03:36,2,22,21.359999999999999,3.7400000000000002,21.351866450514009,6.4543849058934528,0.00038092920376963984,-0.42054896717035994,-1104.0082067970809,5.7112299465240639,2715099,1104.0082067970809
2026-02-19 17:43:50,3,17,21.34,2.5,21.351866450514009,6.4543849058934528,-0.00055575705952974998,-0.61266642190532083,1102.3997111682654,8.5359999999999996,4040601,1102.3997111682654
2026-03-26 12:56:02,3,12,21.34,2.5,21.351866450514009,6.4543849058934528,-0.00055575705952974998,-0.61266642190532083,1102.3997111682654,8.5359999999999996,4040601,1102.3997111682654
2026-01-28 19:44:18,3,19,21.370000000000001,0.41999999999999998,21.351866450514009,6.4543849058934528,0.00084927233541941803,-0.93492795888009395,-1100.8576635413119,50.880952380952387,10258767,1100.8576635413119
2026-02-07 23:19:25,3,23,21.370000000000001,0.42999999999999999,21.351866450514009,6.4543849058934528,0.00084927233541941803,-0.93337862456771525,-1099.0333555452044,49.697674418604656,10243372,1099.0333555452044
2026-01-24 18:16:59,3,18,21.34,2.52,21.351866450514009,6.4543849058934528,-0.00055575705952974998,-0.60956775328056345,1096.8241299468962,8.4682539682539684,4014576,1096.8241299468962
2026-03-21 00:04:00,8,0,21.370000000000001,0.45000000000000001,21.351866450514009,6.4543849058934528,0.00084927233541941803,-0.93027995594295776,-1095.3847395529888,47.488888888888887,10210632,1095.3847395529888
2026-03-18 19:51:37,3,19,21.370000000000001,0.46000000000000002,21.351866450514009,6.4543849058934528,0.00084927233541941803,-0.92873062163057907,-1093.5604315568812,46.456521739130437,10193388,1093.5604315568812
2026-03-07 17:51:18,5,17,21.34,2.54,21.351866450514009,6.4543849058934528,-0.00055575705952974998,-0.60646908465580596,1091.2485487255269,8.4015748031496056,3989085,1091.2485487255269
2026-02-15 08:24:25,3,8,21.359999999999999,3.7799999999999998,21.351866450514009,6.4543849058934528,0.00038092920376963984,-0.41435162992084518,-1087.7392067094361,5.6507936507936511,2692132,1087.7392067094361
2026-02-21 09:44:01,3,9,21.34,2.5600000000000001,21.351866450514009,6.4543849058934528,-0.00055575705952974998,-0.60337041603104857,1085.6729675041579,8.3359375,3963987,1085.6729675041579
2026-01-01 14:22:09,5,14,21.359999999999999,3.79,21.351866450514009,6.4543849058934528,0.00038092920376963984,-0.41280229560846643,-1083.6719566875247,5.6358839050131921,2686435,1083.6719566875247
2026-02-21 22:35:00,3,22,21.34,2.5699999999999998,21.351866450514009,6.4543849058934528,-0.00055575705952974998,-0.60182108171866988,1082.8851768934733,8.3035019455252925,3951758,1082.8851768934733
2026-02-12 07:57:29,3,7,21.359999999999999,3.7999999999999998,21.351866450514009,6.4543849058934528,0.00038092920376963984,-0.41125296129608774,-1079.6047066656135,5.6210526315789471,2667237,1079.6047066656135
2026-02-18 21:06:31,5,21,21.359999999999999,3.7999999999999998,21.351866450514009,6.4543849058934528,0.00038092920376963984,-0.41125296129608774,-1079.6047066656135,5.6210526315789471,2667237,1079.6047066656135
2026-02-13 19:37:32,1,19,21.370000000000001,0.54000000000000004,21.351866450514009,6.4543849058934528,0.00084927233541941803,-0.91633594713154931,-1078.9659675880193,39.574074074074076,9981968,1078.9659675880193
2026-01-07 23:30:35,2,23,21.34,2.5899999999999999,21.351866450514009,6.4543849058934528,-0.00055575705952974998,-0.59872241309391239,1077.309595672104,8.2393822393822393,3927303,1077.309595672104
2026-01-21 21:22:28,3,21,21.34,2.5899999999999999,21.351866450514009,6.4543849058934528,-0.00055575705952974998,-0.59872241309391239,1077.309595672104,8.2393822393822393,3927303,1077.309595672104
2026-01-03 20:15:56,3,20,21.359999999999999,3.8100000000000001,21.351866450514009,6.4543849058934528,0.00038092920376963984,-0.40970362698370899,-1075.5374566437022,5.606299212598425,2661530,1075.5374566437022
2026-02-08 09:00:35,1,9,21.359999999999999,3.8100000000000001,21.351866450514009,6.4543849058934528,0.00038092920376963984,-0.40970362698370899,-1075.5374566437022,5.606299212598425,2661530,1075.5374566437022
2026-01-13 22:27:46,3,22,21.34,2.6000000000000001,21.351866450514009,6.4543849058934528,-0.00055575705952974998,-0.59717307878153369,1074.5218050614194,8.207692307692307,3888048,1074.5218050614194
2026-01-16 15:47:26,1,15,21.34,2.6000000000000001,21.351866450514009,6.4543849058934528,-0.00055575705952974998,-0.59717307878153369,1074.5218050614194,8.207692307692307,3888048,1074.5218050614194
2026-01-26 08:32:21,3,8,21.34,2.6000000000000001,21.351866450514009,6.4543849058934528,-0.00055575705952974998,-0.59717307878153369,1074.5218050614194,8.207692307692307,3888048,1074.5218050614194
2026-01-19 07:35:16,3,7,21.34,2.6200000000000001,21.351866450514009,6.4543849058934528,-0.00055575705952974998,-0.5940744101567762,1068.9462238400502,8.1450381679389317,3864273,1068.9462238400502
2026-01-19 09:50:00,3,9,21.359999999999999,3.8399999999999999,21.351866450514009,6.4543849058934528,0.00038092920376963984,-0.40505562404657286,-1063.3357065779683,5.5625,2644605,1063.3357065779683
2026-01-30 07:59:53,1,7,21.34,2.6499999999999999,21.351866450514009,6.4543849058934528,-0.00055575705952974998,-0.58942640721964012,1060.5828520079965,8.0528301886792448,3828973,1060.5828520079965
2026-02-10 21:46:34,3,21,21.34,2.6499999999999999,21.351866450514009,6.4543849058934528,-0.00055575705952974998,-0.58942640721964012,1060.5828520079965,8.0528301886792448,3828973,1060.5828520079965
2026-01-27 06:49:57,1,6,21.370000000000001,0.65000000000000002,21.351866450514009,6.4543849058934528,0.00084927233541941803,-0.89929326969538337,-1058.8985796308345,32.876923076923077,9637081,1058.8985796308345
2026-01-12 14:37:45,3,14,21.34,2.6600000000000001,21.351866450514009,6.4543849058934528,-0.00055575705952974998,-0.58787707290726132,1057.7950613973117,8.022556390977444,3817512,1057.7950613973117
2026-01-30 08:25:15,1,8,21.34,2.6600000000000001,21.351866450514009,6.4543849058934528,-0.00055575705952974998,-0.58787707290726132,1057.7950613973117,8.022556390977444,3817512,1057.7950613973117
2026-02-04 16:04:06,1,16,21.34,2.6600000000000001,21.351866450514009,6.4543849058934528,-0.00055575705952974998,-0.58787707290726132,1057.7950613973117,8.022556390977444,3817512,1057.7950613973117
2026-01-16 07:51:53,1,7,21.359999999999999,3.8599999999999999,21.351866450514009,6.4543849058934528,0.00038092920376963984,-0.40195695542181542,-1055.2012065341457,5.5336787564766841,2633515,1055.2012065341457
2026-01-29 08:01:53,1,8,21.34,2.6699999999999999,21.351866450514009,6.4543849058934528,-0.00055575705952974998,-0.58632773859488274,1055.0072707866275,7.9925093632958806,3805942,1055.0072707866275
2026-02-17 22:10:34,1,22,21.34,2.6800000000000002,21.351866450514009,6.4543849058934528,-0.00055575705952974998,-0.58477840428250394,1052.2194801759426,7.9626865671641784,3794322,1052.2194801759426
2026-03-20 21:39:35,3,21,21.34,2.6800000000000002,21.351866450514009,6.4543849058934528,-0.00055575705952974998,-0.58477840428250394,1052.2194801759426,7.9626865671641784,3794322,1052.2194801759426
2026-02-02 08:06:49,3,8,21.370000000000001,0.69999999999999996,21.351866450514009,6.4543849058934528,0.00084927233541941803,-0.8915465981334898,-1049.7770396502958,30.528571428571432,9419685,1049.7770396502958
2026-02-22 03:32:14,3,3,21.34,2.7000000000000002,21.351866450514009,6.4543849058934528,-0.00055575705952974998,-0.58167973565774644,1046.6438989545734,7.9037037037037035,3746321,1046.6438989545734
2026-03-10 19:44:18,1,19,21.34,2.7000000000000002,21.351866450514009,6.4543849058934528,-0.00055575705952974998,-0.58167973565774644,1046.6438989545734,7.9037037037037035,3746321,1046.6438989545734
2026-03-11 22:05:09,3,22,21.34,2.7000000000000002,21.351866450514009,6.4543849058934528,-0.00055575705952974998,-0.58167973565774644,1046.6438989545734,7.9037037037037035,3746321,1046.6438989545734
2026-03-13 20:30:03,3,20,21.34,2.7000000000000002,21.351866450514009,6.4543849058934528,-0.00055575705952974998,-0.58167973565774644,1046.6438989545734,7.9037037037037035,3746321,1046.6438989545734
2026-03-21 02:48:21,8,2,21.370000000000001,0.71999999999999997,21.351866450514009,6.4543849058934528,0.00084927233541941803,-0.88844792950873241,-1046.1284236580805,29.680555555555557,9359389,1046.1284236580805
2026-03-05 08:18:53,3,8,21.370000000000001,0.72999999999999998,21.351866450514009,6.4543849058934528,0.00084927233541941803,-0.88689859519635372,-1044.3041156619729,29.273972602739729,9328904,1044.3041156619729
2026-03-13 20:49:41,3,20,21.359999999999999,3.8900000000000001,21.351866450514009,6.4543849058934528,0.00038092920376963984,-0.39730895248467923,-1042.9994564684118,5.4910025706940875,2616868,1042.9994564684118
2026-01-06 15:43:27,3,15,21.370000000000001,0.75,21.351866450514009,6.4543849058934528,0.00084927233541941803,-0.88379992657159623,-1040.6554996697573,28.493333333333336,9266090,1040.6554996697573
2026-01-11 11:03:34,3,11,21.359999999999999,3.8999999999999999,21.351866450514009,6.4543849058934528,0.00038092920376963984,-0.39575961817230054,-1038.9322064465005,5.476923076923077,2598621,1038.9322064465005
2026-01-15 21:30:39,1,21,21.359999999999999,3.8999999999999999,21.351866450514009,6.4543849058934528,0.00038092920376963984,-0.39575961817230054,-1038.9322064465005,5.476923076923077,2598621,1038.9322064465005
2026-01-21 12:17:04,1,12,21.359999999999999,3.8999999999999999,21.351866450514009,6.4543849058934528,0.00038092920376963984,-0.39575961817230054,-1038.9322064465005,5.476923076923077,2598621,1038.9322064465005
2026-01-28 09:23:04,1,9,21.370000000000001,0.77000000000000002,21.351866450514009,6.4543849058934528,0.00084927233541941803,-0.88070125794683873,-1037.0068836775417,27.753246753246753,9202862,1037.0068836775417
2026-01-02 12:50:49,3,12,21.34,2.7400000000000002,21.351866450514009,6.4543849058934528,-0.00055575705952974998,-0.57548239840823168,1035.4927365118351,7.7883211678832112,3702043,1035.4927365118351
2026-01-19 20:17:29,3,20,21.359999999999999,3.9100000000000001,21.351866450514009,6.4543849058934528,0.00038092920376963984,-0.3942102838599218,-1034.8649564245891,5.4629156010230178,2593221,1034.8649564245891
2026-01-30 21:43:28,1,21,21.34,2.75,21.351866450514009,6.4543849058934528,-0.00055575705952974998,-0.57393306409585298,1032.7049459011505,7.7599999999999998,3691317,1032.7049459011505
2026-01-28 14:09:24,1,14,21.370000000000001,0.80000000000000004,21.351866450514009,6.4543849058934528,0.00084927233541941803,-0.87605325500970266,-1031.5339596892188,26.712499999999999,9030828,1031.5339596892188
2026-02-09 07:17:15,1,7,21.370000000000001,0.80000000000000004,21.351866450514009,6.4543849058934528,0.00084927233541941803,-0.87605325500970266,-1031.5339596892188,26.712499999999999,9030828,1031.5339596892188
2026-03-24 21:46:21,1,21,21.370000000000001,0.80000000000000004,21.351866450514009,6.4543849058934528,0.00084927233541941803,-0.87605325500970266,-1031.5339596892188,26.712499999999999,9030828,1031.5339596892188
2026-02-20 19:51:44,9,19,21.370000000000001,0.81000000000000005,21.351866450514009,6.4543849058934528,0.00084927233541941803,-0.87450392069732397,-1029.709651693111,26.382716049382715,8997813,1029.709651693111
2026-03-10 08:52:06,1,8,21.370000000000001,0.81999999999999995,21.351866450514009,6.4543849058934528,0.00084927233541941803,-0.87295458638494516,-1027.8853436970032,26.060975609756099,8965312,1027.8853436970032
2026-03-30 23:27:04,3,23,21.34,2.77,21.351866450514009,6.4543849058934528,-0.00055575705952974998,-0.57083439547109549,1027.1293646797812,7.7039711191335742,3669956,1027.1293646797812
2026-01-19 08:35:47,3,8,21.359999999999999,3.9300000000000002,21.351866450514009,6.4543849058934528,0.00038092920376963984,-0.39111161523516436,-1026.7304563807666,5.4351145038167932,2582468,1026.7304563807666
2026-02-01 20:56:29,3,20,21.34,2.7799999999999998,21.351866450514009,6.4543849058934528,-0.00055575705952974998,-0.5692850611587168,1024.3415740690969,7.6762589928057556,3659520,1024.3415740690969
2026-01-31 19:57:32,3,19,21.370000000000001,0.83999999999999997,21.351866450514009,6.4543849058934528,0.00084927233541941803,-0.86985591776018778,-1024.2367277047879,25.440476190476193,8900075,1024.2367277047879
2026-02-26 09:20:56,1,9,21.370000000000001,0.83999999999999997,21.351866450514009,6.4543849058934528,0.00084927233541941803,-0.86985591776018778,-1024.2367277047879,25.440476190476193,8900075,1024.2367277047879
2026-03-22 00:47:43,3,0,21.370000000000001,0.83999999999999997,21.351866450514009,6.4543849058934528,0.00084927233541941803,-0.86985591776018778,-1024.2367277047879,25.440476190476193,8900075,1024.2367277047879
2026-01-13 14:18:39,1,14,21.370000000000001,0.84999999999999998,21.351866450514009,6.4543849058934528,0.00084927233541941803,-0.8683065834478092,-1022.4124197086803,25.141176470588238,8867102,1022.4124197086803
2026-02-05 06:56:10,2,6,21.370000000000001,0.84999999999999998,21.351866450514009,6.4543849058934528,0.00084927233541941803,-0.8683065834478092,-1022.4124197086803,25.141176470588238,8867102,1022.4124197086803
2026-01-10 19:56:45,8,19,21.34,2.7999999999999998,21.351866450514009,6.4543849058934528,-0.00055575705952974998,-0.56618639253395942,1018.7659928477276,7.6214285714285719,3614948,1018.7659928477276
2026-01-14 22:29:25,3,22,21.34,2.7999999999999998,21.351866450514009,6.4543849058934528,-0.00055575705952974998,-0.56618639253395942,1018.7659928477276,7.6214285714285719,3614948,1018.7659928477276
2026-01-16 00:08:49,1,0,21.34,2.7999999999999998,21.351866450514009,6.4543849058934528,-0.00055575705952974998,-0.56618639253395942,1018.7659928477276,7.6214285714285719,3614948,1018.7659928477276
2026-02-06 18:54:24,3,18,21.34,2.7999999999999998,21.351866450514009,6.4543849058934528,-0.00055575705952974998,-0.56618639253395942,1018.7659928477276,7.6214285714285719,3614948,1018.7659928477276
2026-02-13 16:38:29,1,16,21.34,2.7999999999999998,21.351866450514009,6.4543849058934528,-0.00055575705952974998,-0.56618639253395942,1018.7659928477276,7.6214285714285719,3614948,1018.7659928477276
2026-03-01 01:04:26,5,1,21.34,2.7999999999999998,21.351866450514009,6.4543849058934528,-0.00055575705952974998,-0.56618639253395942,1018.7659928477276,7.6214285714285719,3614948,1018.7659928477276
2026-01-04 00:38:27,3,0,21.359999999999999,3.9500000000000002,21.351866450514009,6.4543849058934528,0.00038092920376963984,-0.38801294661040692,-1018.595956336944,5.4075949367088603,2571888,1018.595956336944
2026-01-25 14:06:44,15,14,21.370000000000001,0.88,21.351866450514009,6.4543849058934528,0.00084927233541941803,-0.86365858051067301,-1016.9394957203572,24.28409090909091,8768109,1016.9394957203572
2026-02-01 18:35:40,3,18,21.370000000000001,0.88,21.351866450514009,6.4543849058934528,0.00084927233541941803,-0.86365858051067301,-1016.9394957203572,24.28409090909091,8768109,1016.9394957203572
2026-01-28 22:29:34,3,22,21.370000000000001,0.90000000000000002,21.351866450514009,6.4543849058934528,0.00084927233541941803,-0.86055991188591541,-1013.2908797281416,23.744444444444444,8626118,1013.2908797281416
2026-01-20 21:09:55,1,21,21.370000000000001,0.91000000000000003,21.351866450514009,6.4543849058934528,0.00084927233541941803,-0.85901057757353672,-1011.4665717320339,23.483516483516485,8592952,1011.4665717320339
2026-02-13 14:52:03,3,14,21.370000000000001,0.91000000000000003,21.351866450514009,6.4543849058934528,0.00084927233541941803,-0.85901057757353672,-1011.4665717320339,23.483516483516485,8592952,1011.4665717320339
2026-01-17 12:59:31,3,12,21.359999999999999,3.9700000000000002,21.351866450514009,6.4543849058934528,0.00038092920376963984,-0.38491427798564948,-1010.4614562931214,5.3803526448362717,2561371,1010.4614562931214
2026-02-15 18:04:12,3,18,21.359999999999999,3.9700000000000002,21.351866450514009,6.4543849058934528,0.00038092920376963984,-0.38491427798564948,-1010.4614562931214,5.3803526448362717,2561371,1010.4614562931214
2026-01-30 09:31:23,1,9,21.370000000000001,0.93000000000000005,21.351866450514009,6.4543849058934528,0.00084927233541941803,-0.85591190894877944,-1007.8179557398187,22.978494623655912,8526383,1007.8179557398187
2026-02-19 20:42:18,3,20,21.359999999999999,3.98,21.351866450514009,6.4543849058934528,0.00038092920376963984,-0.38336494367327079,-1006.3942062712102,5.3668341708542711,2556090,1006.3942062712102
2026-02-16 21:17:09,1,21,21.34,2.8500000000000001,21.351866450514009,6.4543849058934528,-0.00055575705952974998,-0.55843972097206573,1004.8270397943045,7.4877192982456133,3563506,1004.8270397943045
2026-02-10 08:48:40,3,8,21.370000000000001,0.94999999999999996,21.351866450514009,6.4543849058934528,0.00084927233541941803,-0.85281324032402195,-1004.1693397476031,22.494736842105265,8460465,1004.1693397476031
2026-02-11 18:15:19,3,18,21.5,51.399999999999999,21.351866450514009,6.4543849058934528,0.0069377330468655355,6.9635783656266028,1003.7253262105183,0.41828793774319067,1652,1003.7253262105183
2026-01-30 07:48:00,1,7,21.370000000000001,0.96999999999999997,21.351866450514009,6.4543849058934528,0.00084927233541941803,-0.84971457169926456,-1000.5207237553877,22.030927835051546,8393949,1000.5207237553877
2026-02-09 07:00:20,1,7,21.370000000000001,0.96999999999999997,21.351866450514009,6.4543849058934528,0.00084927233541941803,-0.84971457169926456,-1000.5207237553877,22.030927835051546,8393949,1000.5207237553877
