pickup_timestamp,fare,trip_distance,hour,WeatherCode
2026-01-01 00:49:13,11.4,1.76,0,1
2026-01-01 00:02:51,12.1,0.95999999999999996,0,1
2026-01-01 00:07:56,33.799999999999997,6.8200000000000003,0,1
2026-01-01 00:27:24,24,3.4199999999999999,0,1
2026-01-01 01:35:38,7.9000000000000004,0.87,1,3
2026-01-01 01:04:55,33.799999999999997,6.6200000000000001,1,3
2026-01-01 01:56:34,10.699999999999999,1.8200000000000001,1,3
2026-01-01 01:49:59,14.9,2.3399999999999999,1,3
2026-01-01 01:09:22,12.1,1.3300000000000001,1,3
2026-01-01 01:50:01,7.2000000000000002,0.91000000000000003,1,3
2026-01-01 02:46:06,7.2000000000000002,1.1000000000000001,2,3
2026-01-01 03:41:20,5.7999999999999998,0.78000000000000003,3,3
2026-01-01 03:18:40,5.7999999999999998,0.66000000000000003,3,3
2026-01-01 03:44:31,90,10,3,3
2026-01-01 04:20:56,9.3000000000000007,1.3200000000000001,4,3
2026-01-01 04:00:07,9.3000000000000007,1.5,4,3
2026-01-01 04:03:52,7.9000000000000004,0.91000000000000003,4,3
2026-01-01 05:02:06,11.4,2.0699999999999998,5,3
2026-01-01 07:06:50,5.7999999999999998,0.90000000000000002,7,14
2026-01-01 08:24:07,8.5999999999999996,1.54,8,3
2026-01-01 09:53:54,7.9000000000000004,1.24,9,3
2026-01-01 10:36:48,7.9000000000000004,1.2,10,3
2026-01-01 10:33:51,39.399999999999999,10.359999999999999,10,3
2026-01-01 11:34:06,14.199999999999999,1.9099999999999999,11,21
2026-01-01 12:39:18,16.300000000000001,2.6699999999999999,12,15
2026-01-01 12:02:18,12.1,1.95,12,15
2026-01-01 12:49:09,7.2000000000000002,0.73999999999999999,12,15
2026-01-01 13:36:05,70,18.5,13,3
2026-01-01 14:47:08,70,18.23,14,5
2026-01-01 14:20:35,18.399999999999999,2.9300000000000002,14,5
2026-01-01 14:43:46,8.5999999999999996,0.89000000000000001,14,5
2026-01-01 14:24:47,11.4,1.9099999999999999,14,5
2026-01-01 15:23:53,8.5999999999999996,1.2,15,1
2026-01-01 15:58:00,12.1,2.1099999999999999,15,1
2026-01-01 15:45:21,7.9000000000000004,0.59999999999999998,15,1
2026-01-01 15:39:07,29.5,7,15,1
2026-01-01 16:29:08,10,1.51,16,1
2026-01-01 16:02:26,70,18.149999999999999,16,1
2026-01-01 17:48:50,42.200000000000003,9,17,1
2026-01-01 17:40:49,10,1.79,17,1
2026-01-01 17:45:31,19.800000000000001,3.2599999999999998,17,1
2026-01-01 17:06:24,5.7999999999999998,0.70999999999999996,17,1
2026-01-01 19:17:20,8.5999999999999996,0.55000000000000004,19,1
2026-01-01 19:06:41,70,17.77,19,1
2026-01-01 19:25:55,24.699999999999999,4.3200000000000003,19,1
2026-01-01 20:21:28,14.9,2.75,20,1
2026-01-01 20:50:40,24.699999999999999,5.4000000000000004,20,1
2026-01-01 20:46:39,14.199999999999999,1.1799999999999999,20,1
2026-01-01 21:48:23,12.800000000000001,2.2999999999999998,21,1
2026-01-01 22:18:44,16.300000000000001,0.53000000000000003,22,1
2026-01-01 22:57:41,70,18.550000000000001,22,1
2026-01-01 23:20:01,70,17.800000000000001,23,1
2026-01-01 23:38:33,8.5999999999999996,0.70999999999999996,23,1
2026-01-02 01:03:54,10,1.9399999999999999,1,1
2026-01-02 02:24:00,50.600000000000001,13.609999999999999,2,1
2026-01-02 06:34:33,7.2000000000000002,1.1000000000000001,6,3
2026-01-02 08:23:12,82.5,16.739999999999998,8,3
2026-01-02 09:00:38,10.699999999999999,1.4399999999999999,9,3
2026-01-02 09:06:10,41.5,11.01,9,3
2026-01-02 10:44:48,14.9,2.4700000000000002,10,3
2026-01-02 10:58:52,7.2000000000000002,0.71999999999999997,10,3
2026-01-02 11:57:00,6.5,0.80000000000000004,11,3
2026-01-02 11:55:15,14.9,2.1899999999999999,11,3
2026-01-02 11:32:25,10,1.2,11,3
2026-01-02 11:51:03,9.3000000000000007,1.3600000000000001,11,3
2026-01-02 12:58:01,12.1,1.8999999999999999,12,3
2026-01-02 12:56:40,9.3000000000000007,1.0700000000000001,12,3
2026-01-02 13:03:31,21.199999999999999,3.4500000000000002,13,3
2026-01-02 13:53:28,17,2.52,13,3
2026-01-02 13:55:01,14.199999999999999,2.0499999999999998,13,3
2026-01-02 13:32:01,12.1,1.74,13,3
2026-01-02 14:02:53,18.399999999999999,2.5,14,3
2026-01-02 14:22:41,12.1,2.1800000000000002,14,3
2026-01-02 14:52:11,10,1.3200000000000001,14,3
2026-01-02 14:25:28,28.199999999999999,2.5899999999999999,14,3
2026-01-02 14:50:49,19.100000000000001,2.3599999999999999,14,3
2026-01-02 14:20:44,12.800000000000001,1.75,14,3
2026-01-02 15:08:34,37.299999999999997,8.9000000000000004,15,3
2026-01-02 15:36:36,99.299999999999997,19.440000000000001,15,3
2026-01-02 15:26:53,9.3000000000000007,0.69999999999999996,15,3
2026-01-02 15:09:54,35.899999999999999,9.4000000000000004,15,3
2026-01-02 15:44:30,18.399999999999999,1.6599999999999999,15,3
2026-01-02 15:34:51,6.5,0.65000000000000002,15,3
2026-01-02 15:26:10,30.300000000000001,7.4400000000000004,15,3
2026-01-02 15:18:37,49.899999999999999,10.74,15,3
2026-01-02 15:54:10,10,0.60999999999999999,15,3
2026-01-02 16:05:42,11.4,1.1000000000000001,16,3
2026-01-02 16:56:20,42.5,6.7000000000000002,16,3
2026-01-02 16:18:34,13.5,2.1499999999999999,16,3
2026-01-02 16:13:37,70,17.850000000000001,16,3
2026-01-02 17:43:24,12.800000000000001,1.96,17,3
2026-01-02 17:04:21,10,1.28,17,3
2026-01-02 17:52:33,6.5,0.67000000000000004,17,3
2026-01-02 17:00:22,42.5,11.4,17,3
2026-01-02 17:22:08,56.899999999999999,12.68,17,3
2026-01-02 18:46:52,55.75,15.550000000000001,18,3
2026-01-02 18:49:10,16.300000000000001,2.5,18,3
2026-01-02 18:35:27,24,4,18,3
2026-01-02 18:30:56,70,17.420000000000002,18,3
2026-01-02 19:39:53,98.200000000000003,26.75,19,3
2026-01-02 19:20:36,9.3000000000000007,1.24,19,3
2026-01-02 19:32:35,10.699999999999999,1.8200000000000001,19,3
2026-01-02 20:05:01,13.5,2.0600000000000001,20,3
2026-01-02 20:46:16,40.100000000000001,9.8800000000000008,20,3
2026-01-02 20:03:56,17.699999999999999,2.2999999999999998,20,3
2026-01-02 21:56:47,17,2.5,21,3
2026-01-02 21:53:53,7.9000000000000004,0.97999999999999998,21,3
2026-01-02 21:03:19,14.9,1.8500000000000001,21,3
2026-01-02 21:27:45,10,1.49,21,3
2026-01-02 21:31:09,12.800000000000001,1.98,21,3
2026-01-02 22:52:01,9.3000000000000007,1.1299999999999999,22,3
2026-01-02 22:18:32,24,3.6200000000000001,22,3
2026-01-02 22:33:49,12.1,0.59999999999999998,22,3
2026-01-02 22:37:48,17,3.6699999999999999,22,3
2026-01-02 22:44:55,19.100000000000001,2.5099999999999998,22,3
2026-01-02 22:25:32,70,21.91,22,3
2026-01-02 23:47:34,25.399999999999999,5.6500000000000004,23,3
2026-01-03 00:21:01,3.7000000000000002,0.13,0,3
2026-01-03 00:41:14,70,17.899999999999999,0,3
2026-01-03 00:54:39,14.199999999999999,3,0,3
2026-01-03 00:18:55,13.5,2.0600000000000001,0,3
2026-01-03 00:42:58,12.800000000000001,1.8999999999999999,0,3
2026-01-03 01:25:38,5.7999999999999998,0.72999999999999998,1,3
2026-01-03 01:57:52,12.800000000000001,2.2400000000000002,1,3
2026-01-03 01:12:33,5.7999999999999998,0.54000000000000004,1,3
2026-01-03 03:01:23,12.1,2,3,3
2026-01-03 03:12:59,35.899999999999999,8.1799999999999997,3,3
2026-01-03 03:33:09,5.7999999999999998,0.52000000000000002,3,3
2026-01-03 03:31:38,12.800000000000001,2.5299999999999998,3,3
2026-01-03 05:44:57,35.5,9.1999999999999993,5,3
2026-01-03 07:10:32,70,17.239999999999998,7,1
2026-01-03 08:11:27,17,3.5099999999999998,8,1
2026-01-03 08:57:57,13.5,2.6000000000000001,8,1
2026-01-03 09:30:26,19.5,2.2999999999999998,9,1
2026-01-03 09:59:36,12.1,0.87,9,1
2026-01-03 10:02:21,17,3.6499999999999999,10,1
2026-01-03 10:34:45,52.700000000000003,13.41,10,1
2026-01-03 10:45:18,39.5,9.5999999999999996,10,1
2026-01-03 10:32:18,215.80000000000001,40.450000000000003,10,1
2026-01-03 10:25:25,8.5999999999999996,1.1100000000000001,10,1
2026-01-03 10:41:06,14.9,2.0800000000000001,10,1
2026-01-03 11:57:23,7.2000000000000002,0.67000000000000004,11,3
2026-01-03 11:59:57,8.5999999999999996,1.02,11,3
2026-01-03 11:23:12,25.399999999999999,5.7000000000000002,11,3
2026-01-03 11:00:05,12.800000000000001,2.5,11,3
2026-01-03 11:47:29,27.5,7.2999999999999998,11,3
2026-01-03 12:55:44,11.4,1.96,12,3
2026-01-03 12:21:43,14.9,0.90000000000000002,12,3
2026-01-03 13:28:07,14.199999999999999,2.02,13,3
2026-01-03 13:05:16,8.5999999999999996,0.56999999999999995,13,3
2026-01-03 13:37:12,14.199999999999999,1.72,13,3
2026-01-03 13:52:06,9.3000000000000007,1.6000000000000001,13,3
2026-01-03 13:36:47,14.199999999999999,2.2000000000000002,13,3
2026-01-03 14:39:22,5.0999999999999996,0.46000000000000002,14,2
2026-01-03 14:05:55,28.199999999999999,6.1500000000000004,14,2
2026-01-03 15:38:33,23.300000000000001,1.97,15,3
2026-01-03 15:07:44,10,1.3200000000000001,15,3
2026-01-03 15:49:20,13.5,1.04,15,3
2026-01-03 16:00:59,10,0.80000000000000004,16,3
2026-01-03 16:28:06,5.7999999999999998,0.59999999999999998,16,3
2026-01-03 16:44:23,7.9000000000000004,1.1000000000000001,16,3
2026-01-03 16:17:25,32.5,6.0999999999999996,16,3
2026-01-03 16:08:59,10.699999999999999,1.6000000000000001,16,3
2026-01-03 16:45:44,23.300000000000001,2.2599999999999998,16,3
2026-01-03 16:20:12,8.5999999999999996,1.29,16,3
2026-01-03 17:46:02,12.800000000000001,2.0099999999999998,17,3
2026-01-03 17:40:28,70,19.600000000000001,17,3
2026-01-03 17:19:32,12.800000000000001,1.5,17,3
2026-01-03 17:24:25,10.699999999999999,1.3,17,3
2026-01-03 17:55:29,6.5,0.59999999999999998,17,3
2026-01-03 18:27:11,12.1,1.8799999999999999,18,3
2026-01-03 18:25:17,45,12,18,3
2026-01-03 18:44:56,10,0.81000000000000005,18,3
2026-01-03 18:31:16,37.299999999999997,4.9000000000000004,18,3
2026-01-03 18:02:11,67.400000000000006,7.2300000000000004,18,3
2026-01-03 18:06:30,12.1,1.95,18,3
2026-01-03 18:58:37,29.600000000000001,3.98,18,3
2026-01-03 18:58:13,28.199999999999999,0.92000000000000004,18,3
2026-01-03 18:28:23,14.199999999999999,0.69999999999999996,18,3
2026-01-03 18:07:38,17.699999999999999,2.0299999999999998,18,3
2026-01-03 18:22:32,20.5,2.1299999999999999,18,3
2026-01-03 19:15:10,16.300000000000001,2.4399999999999999,19,3
2026-01-03 20:32:12,5.0999999999999996,0.5,20,3
2026-01-03 20:56:26,33.799999999999997,8.8900000000000006,20,3
2026-01-03 20:21:22,17.699999999999999,1.5,20,3
2026-01-03 20:59:53,14.9,2.0800000000000001,20,3
2026-01-03 20:32:50,5.7999999999999998,0.40000000000000002,20,3
2026-01-03 20:37:06,13.5,1.8999999999999999,20,3
2026-01-03 21:51:34,12.800000000000001,1.78,21,3
2026-01-03 21:52:11,7.2000000000000002,1.1000000000000001,21,3
2026-01-03 21:00:03,14.9,1.9299999999999999,21,3
2026-01-03 21:06:34,17.699999999999999,2.2400000000000002,21,3
2026-01-03 22:20:49,25.399999999999999,4.8200000000000003,22,3
2026-01-03 22:02:00,6.5,0.62,22,3
2026-01-03 22:42:11,6.5,0.69999999999999996,22,3
2026-01-03 22:20:13,12.1,2.1899999999999999,22,3
2026-01-03 22:53:37,10.699999999999999,1.1299999999999999,22,3
2026-01-03 22:53:49,70,19.510000000000002,22,3
2026-01-03 22:00:38,8.5999999999999996,1.01,22,3
2026-01-03 23:56:44,28.899999999999999,5.6500000000000004,23,3
2026-01-03 23:35:19,19.800000000000001,3.77,23,3
2026-01-03 23:32:28,10.699999999999999,1.8100000000000001,23,3
2026-01-03 23:09:35,7.2000000000000002,0.90000000000000002,23,3
2026-01-03 23:02:47,10,2.8300000000000001,23,3
2026-01-04 00:40:54,14.199999999999999,2.4900000000000002,0,3
2026-01-04 00:46:22,70,19.23,0,3
2026-01-04 00:26:59,12.1,1.98,0,3
2026-01-04 03:08:23,38,9.7200000000000006,3,3
2026-01-04 03:53:24,7.9000000000000004,0.84999999999999998,3,3
2026-01-04 04:40:38,8.5999999999999996,1.3,4,3
2026-01-04 06:34:46,6.5,1.0800000000000001,6,3
2026-01-04 06:46:23,70,16.559999999999999,6,3
2026-01-04 07:55:42,9.3000000000000007,1.3,7,3
2026-01-04 09:35:43,19.100000000000001,3.2999999999999998,9,3
2026-01-04 09:55:25,7.9000000000000004,0.80000000000000004,9,3
2026-01-04 09:53:33,6.5,0.80000000000000004,9,3
2026-01-04 09:45:24,8.5999999999999996,1.2,9,3
2026-01-04 09:45:07,33.5,7.7000000000000002,9,3
2026-01-04 10:47:21,5.7999999999999998,0.78000000000000003,10,3
2026-01-04 10:22:09,10,1.49,10,3
2026-01-04 10:19:58,7.9000000000000004,0.92000000000000004,10,3
2026-01-04 11:38:31,17,3.7200000000000002,11,3
2026-01-04 11:11:09,19.100000000000001,3.6099999999999999,11,3
2026-01-04 11:35:31,7.9000000000000004,1.2,11,3
2026-01-04 11:32:51,41.5,10.140000000000001,11,3
2026-01-04 11:24:10,7.2000000000000002,0.68999999999999995,11,3
2026-01-04 12:14:26,12.1,1.5800000000000001,12,3
2026-01-04 12:36:24,34.5,6.2599999999999998,12,3
2026-01-04 12:15:15,12.1,1.9399999999999999,12,3
2026-01-04 12:09:01,40.5,11.4,12,3
2026-01-04 12:21:06,10,0.73999999999999999,12,3
2026-01-04 13:23:18,9.3000000000000007,1.29,13,2
2026-01-04 13:02:57,9.3000000000000007,1.1399999999999999,13,2
2026-01-04 13:20:52,19.100000000000001,2.4399999999999999,13,2
2026-01-04 13:57:21,70,17.600000000000001,13,2
2026-01-04 13:05:42,14.9,2.5,13,2
2026-01-04 13:58:14,18.399999999999999,2.7999999999999998,13,2
2026-01-04 13:01:09,22.600000000000001,1.9399999999999999,13,2
2026-01-04 14:13:56,12.800000000000001,1.7,14,2
2026-01-04 14:44:41,7.2000000000000002,0.85999999999999999,14,2
2026-01-04 15:00:26,16.300000000000001,3.1200000000000001,15,2
2026-01-04 15:42:23,12.800000000000001,1.55,15,2
2026-01-04 15:57:26,8.5999999999999996,1.3200000000000001,15,2
2026-01-04 16:23:02,18.399999999999999,1.79,16,1
2026-01-04 16:06:35,12.800000000000001,1.74,16,1
2026-01-04 16:27:29,7.2000000000000002,0.55000000000000004,16,1
2026-01-04 16:50:51,10.699999999999999,1.8,16,1
2026-01-04 17:22:22,25.399999999999999,4.3700000000000001,17,1
2026-01-04 17:12:14,8.5999999999999996,1.3400000000000001,17,1
2026-01-04 17:24:06,6.5,0.69999999999999996,17,1
2026-01-04 18:30:41,10.699999999999999,1.6299999999999999,18,3
2026-01-04 18:04:31,26.800000000000001,5.5300000000000002,18,3
2026-01-04 18:21:30,21.899999999999999,3.6000000000000001,18,3
2026-01-04 19:19:50,11.4,1.24,19,3
2026-01-04 19:20:47,10,1.5900000000000001,19,3
2026-01-04 19:50:11,16.300000000000001,2.8999999999999999,19,3
2026-01-04 19:26:10,15.6,1.49,19,3
2026-01-04 19:35:45,35.200000000000003,9.1999999999999993,19,3
2026-01-04 20:17:47,8.5999999999999996,0.88,20,2
2026-01-04 20:08:24,70,17.5,20,2
2026-01-04 21:28:45,15.6,3,21,3
2026-01-04 21:54:40,14.9,2.1000000000000001,21,3
2026-01-04 21:38:19,8.5999999999999996,0.91000000000000003,21,3
2026-01-04 21:57:13,66.700000000000003,17.059999999999999,21,3
2026-01-04 22:32:42,10,1.3400000000000001,22,3
2026-01-04 23:49:31,14.9,3.3999999999999999,23,3
2026-01-05 00:08:55,49.200000000000003,11.32,0,2
2026-01-05 01:05:31,39.399999999999999,10.550000000000001,1,2
2026-01-05 06:43:13,6.5,0.81000000000000005,6,1
2026-01-05 07:55:22,51.5,16,7,1
2026-01-05 08:43:33,22.600000000000001,5.0800000000000001,8,1
2026-01-05 08:28:22,12.1,1.1599999999999999,8,1
2026-01-05 08:30:30,5.0999999999999996,0.57999999999999996,8,1
2026-01-05 09:54:03,41.5,9.6999999999999993,9,1
2026-01-05 09:21:41,10,1.5600000000000001,9,1
2026-01-05 09:48:05,13.5,1.8999999999999999,9,1
2026-01-05 09:06:25,7.9000000000000004,1,9,1
2026-01-05 09:48:36,10.699999999999999,1.03,9,1
2026-01-05 09:58:11,21.199999999999999,2.2599999999999998,9,1
2026-01-05 09:37:05,48.5,17.100000000000001,9,1
2026-01-05 10:29:08,9.3000000000000007,0.70999999999999996,10,1
2026-01-05 10:07:22,13.5,1.96,10,1
2026-01-05 10:15:12,10,1.24,10,1
2026-01-05 10:16:52,24,2.8999999999999999,10,1
2026-01-05 10:24:20,10,1.0700000000000001,10,1
2026-01-05 11:49:42,26.100000000000001,4.2000000000000002,11,2
2026-01-05 11:59:56,13.5,1.6000000000000001,11,2
2026-01-05 11:42:19,45.700000000000003,8.0500000000000007,11,2
2026-01-05 11:38:52,35.899999999999999,8.4800000000000004,11,2
2026-01-05 12:34:26,21.899999999999999,3.4700000000000002,12,3
2026-01-05 12:48:54,13.5,1.51,12,3
2026-01-05 12:55:19,5.7999999999999998,0.53000000000000003,12,3
2026-01-05 12:04:42,19.5,1.7,12,3
2026-01-05 12:08:31,33.5,7.5999999999999996,12,3
2026-01-05 13:54:34,13.5,1.51,13,3
2026-01-05 13:14:02,29.600000000000001,5.2800000000000002,13,3
2026-01-05 13:27:41,12.800000000000001,1.3300000000000001,13,3
2026-01-05 13:14:30,15.6,1.8,13,3
2026-01-05 14:25:22,5.0999999999999996,0.5,14,3
2026-01-05 14:51:06,21.199999999999999,3.4399999999999999,14,3
2026-01-05 14:53:16,18.399999999999999,2.98,14,3
2026-01-05 14:27:22,10.699999999999999,1.52,14,3
2026-01-05 15:51:57,14.9,1.75,15,3
2026-01-05 15:36:44,15.6,2.48,15,3
2026-01-05 15:52:57,12.1,1.8,15,3
2026-01-05 15:48:38,7.9000000000000004,0.68000000000000005,15,3
2026-01-05 16:32:44,9.3000000000000007,1.3700000000000001,16,3
2026-01-05 16:52:13,16.300000000000001,2.3999999999999999,16,3
2026-01-05 16:20:34,42.5,12,16,3
2026-01-05 16:36:32,17.699999999999999,2.04,16,3
2026-01-05 16:19:36,10.699999999999999,1.6699999999999999,16,3
2026-01-05 17:03:08,21.899999999999999,4.2999999999999998,17,3
2026-01-05 17:40:36,18.399999999999999,1.8899999999999999,17,3
2026-01-05 17:55:19,10.699999999999999,1.24,17,3
2026-01-05 17:33:29,7.9000000000000004,0.90000000000000002,17,3
2026-01-05 17:53:02,8.5999999999999996,0.96999999999999997,17,3
2026-01-05 18:10:09,19.100000000000001,3.2000000000000002,18,3
2026-01-05 18:49:57,7.2000000000000002,0.45000000000000001,18,3
2026-01-05 18:22:37,8.5999999999999996,1.03,18,3
2026-01-05 19:22:34,70,18.829999999999998,19,3
2026-01-05 19:57:17,7.2000000000000002,0.72999999999999998,19,3
2026-01-05 20:36:32,17,3,20,3
2026-01-05 20:16:21,8.5999999999999996,1.4099999999999999,20,3
2026-01-05 21:17:56,7.2000000000000002,1.2,21,3
2026-01-05 21:12:28,7.9000000000000004,1.24,21,3
2026-01-05 21:17:45,16.300000000000001,3.0800000000000001,21,3
2026-01-05 22:07:55,29.5,6.7000000000000002,22,3
2026-01-06 04:50:14,42.5,14.199999999999999,4,3
2026-01-06 06:56:47,7.2000000000000002,1,6,3
2026-01-06 06:45:40,8.5999999999999996,0.88,6,3
2026-01-06 06:53:24,27.5,5.2999999999999998,6,3
2026-01-06 06:46:29,56.5,7.5999999999999996,6,3
2026-01-06 06:39:08,10.699999999999999,2.2200000000000002,6,3
2026-01-06 07:44:01,16.300000000000001,2.0800000000000001,7,3
2026-01-06 07:52:00,12.1,2.0699999999999998,7,3
2026-01-06 08:37:00,8.5999999999999996,1.03,8,3
2026-01-06 08:31:29,8.5999999999999996,1.2,8,3
2026-01-06 07:51:50,64.599999999999994,16.510000000000002,7,3
2026-01-06 08:36:41,29.600000000000001,6.3200000000000003,8,3
2026-01-06 09:34:38,10.699999999999999,1.49,9,3
2026-01-06 09:01:04,9.3000000000000007,1.55,9,3
2026-01-06 09:44:09,5.7999999999999998,0.44,9,3
2026-01-06 09:10:02,20.5,3.8399999999999999,9,3
2026-01-06 09:54:31,5.7999999999999998,0.52000000000000002,9,3
2026-01-06 09:05:13,10.699999999999999,1.1499999999999999,9,3
2026-01-06 09:24:49,4.4000000000000004,0.25,9,3
2026-01-06 10:59:56,12.800000000000001,1.48,10,3
2026-01-06 10:29:33,12.1,1.8,10,3
2026-01-06 10:09:17,50.600000000000001,11.369999999999999,10,3
2026-01-06 10:26:14,16.300000000000001,1.7,10,3
2026-01-06 10:56:07,5.0999999999999996,0.42999999999999999,10,3
2026-01-06 10:27:57,19.5,2.2999999999999998,10,3
2026-01-06 11:23:04,7.2000000000000002,0.80000000000000004,11,3
2026-01-06 11:56:36,5.0999999999999996,0.35999999999999999,11,3
2026-01-06 11:02:26,6.5,0.59999999999999998,11,3
2026-01-06 11:46:50,8.5999999999999996,0.59999999999999998,11,3
2026-01-06 11:36:26,13.5,1.2,11,3
2026-01-06 12:10:12,19.800000000000001,3.1000000000000001,12,3
2026-01-06 12:27:36,11.4,1.3999999999999999,12,3
2026-01-06 12:34:45,9.3000000000000007,1.01,12,3
2026-01-06 12:30:58,12.1,1.49,12,3
2026-01-06 12:50:26,7.9000000000000004,0.81999999999999995,12,3
2026-01-06 12:43:36,10.699999999999999,1.0700000000000001,12,3
2026-01-06 12:03:34,9.3000000000000007,1.0600000000000001,12,3
2026-01-06 13:31:21,5.7999999999999998,0.56999999999999995,13,3
2026-01-06 13:39:40,30.300000000000001,6.5599999999999996,13,3
2026-01-06 13:15:02,10.699999999999999,1.25,13,3
2026-01-06 13:42:46,14.9,1.6599999999999999,13,3
2026-01-06 14:12:32,8.5999999999999996,1.02,14,3
2026-01-06 14:33:22,9.3000000000000007,0.88,14,3
2026-01-06 14:48:25,19.800000000000001,3.3199999999999998,14,3
2026-01-06 14:22:47,15.6,1.78,14,3
2026-01-06 14:47:02,27.5,4.3499999999999996,14,3
2026-01-06 14:35:29,6.5,0.67000000000000004,14,3
2026-01-06 15:15:05,10.699999999999999,1.0900000000000001,15,3
2026-01-06 15:54:15,21.899999999999999,4.8200000000000003,15,3
2026-01-06 15:29:05,6.5,0.54000000000000004,15,3
2026-01-06 15:34:14,10,1.1000000000000001,15,3
2026-01-06 15:37:05,10.699999999999999,1.2,15,3
2026-01-06 15:27:20,14.199999999999999,1.79,15,3
2026-01-06 15:31:32,17.699999999999999,3.3500000000000001,15,3
2026-01-06 16:36:05,12.800000000000001,1.7,16,3
2026-01-06 16:39:02,10.699999999999999,1.1599999999999999,16,3
2026-01-06 16:40:16,25.399999999999999,5.4400000000000004,16,3
2026-01-06 16:58:29,15.6,2.0099999999999998,16,3
2026-01-06 16:29:42,7.2000000000000002,0.73999999999999999,16,3
2026-01-06 16:32:10,8.5999999999999996,0.89000000000000001,16,3
2026-01-06 17:07:31,10.699999999999999,1.77,17,3
2026-01-06 17:46:40,11.4,1.7,17,3
2026-01-06 17:23:11,20.5,3.2999999999999998,17,3
2026-01-06 17:43:38,43.600000000000001,9.4399999999999995,17,3
2026-01-06 17:28:29,13.5,1.46,17,3
2026-01-06 18:51:13,10,1.29,18,3
2026-01-06 18:21:50,28.899999999999999,5.7999999999999998,18,3
2026-01-06 18:58:35,31,6.3099999999999996,18,3
2026-01-06 18:28:48,12.1,1.27,18,3
2026-01-06 18:58:00,7.2000000000000002,0.63,18,3
2026-01-06 19:53:39,12.1,1.96,19,3
2026-01-06 19:39:42,23.300000000000001,4.4000000000000004,19,3
2026-01-06 19:11:59,5.7999999999999998,0.45000000000000001,19,3
2026-01-06 19:51:24,6.5,0.70999999999999996,19,3
2026-01-06 20:50:21,21.199999999999999,3.5,20,3
2026-01-06 20:29:57,6.5,0.48999999999999999,20,3
2026-01-06 20:49:02,7.9000000000000004,1.27,20,3
2026-01-06 20:21:30,17.699999999999999,2.6000000000000001,20,3
2026-01-06 21:44:34,5.7999999999999998,0.63,21,3
2026-01-06 21:38:53,17,3.0800000000000001,21,3
2026-01-06 21:06:52,10,1.1799999999999999,21,3
2026-01-06 21:52:26,6.5,0.69999999999999996,21,3
2026-01-06 21:08:55,7.9000000000000004,1.0700000000000001,21,3
2026-01-06 21:51:29,7.2000000000000002,0.87,21,3
2026-01-06 21:50:42,42.200000000000003,9.2899999999999991,21,3
2026-01-06 22:52:54,7.2000000000000002,0.90000000000000002,22,3
2026-01-06 22:25:17,11.4,2.3700000000000001,22,3
2026-01-06 22:45:20,12.1,1.8600000000000001,22,3
2026-01-06 22:39:46,43.600000000000001,9.5899999999999999,22,3
2026-01-06 23:49:12,7.9000000000000004,1.1399999999999999,23,3
2026-01-06 23:09:13,37.299999999999997,9.2599999999999998,23,3
2026-01-06 23:48:21,12.800000000000001,2.7000000000000002,23,3
2026-01-07 00:03:00,7.9000000000000004,1.5,0,5
2026-01-07 00:17:09,35.899999999999999,7.9699999999999998,0,5
2026-01-07 06:58:56,5.0999999999999996,0.5,6,5
2026-01-07 06:03:10,21.5,2.8999999999999999,6,5
2026-01-07 08:58:42,10.699999999999999,1.6200000000000001,8,5
2026-01-07 08:46:28,12.1,1.51,8,5
2026-01-07 08:55:35,24.699999999999999,3.4300000000000002,8,5
2026-01-07 09:35:48,12.1,1.6599999999999999,9,5
2026-01-07 09:41:13,11.4,1.3799999999999999,9,5
2026-01-07 09:39:41,10,1.2,9,5
2026-01-07 09:55:36,7.9000000000000004,0.59999999999999998,9,5
2026-01-07 10:47:23,40.100000000000001,7.7599999999999998,10,5
2026-01-07 10:26:48,14.9,1.3100000000000001,10,5
2026-01-07 10:47:38,7.9000000000000004,1.1000000000000001,10,5
2026-01-07 10:13:56,5.0999999999999996,0.26000000000000001,10,5
2026-01-07 10:11:57,14.199999999999999,1.1200000000000001,10,5
2026-01-07 10:45:49,15.6,2.02,10,5
2026-01-07 10:18:57,67,8.8900000000000006,10,5
2026-01-07 10:48:48,28.5,6.2000000000000002,10,5
2026-01-07 11:44:20,22.600000000000001,3.3999999999999999,11,5
2026-01-07 11:02:56,6.5,0.46000000000000002,11,5
2026-01-07 11:51:33,18.399999999999999,2.25,11,5
2026-01-07 12:10:23,26.800000000000001,5.21,12,5
2026-01-07 12:20:20,32.399999999999999,6.2800000000000002,12,5
2026-01-07 12:56:20,10.699999999999999,1.7,12,5
2026-01-07 12:10:44,11.4,1.2,12,5
2026-01-07 13:57:01,10,1,13,5
2026-01-07 13:33:20,14.9,1.1799999999999999,13,5
2026-01-07 13:06:43,12.1,1.8999999999999999,13,5
2026-01-07 13:55:34,19.100000000000001,1.3700000000000001,13,5
2026-01-07 14:51:39,10.699999999999999,1.1000000000000001,14,5
2026-01-07 14:25:34,27.5,5.7999999999999998,14,5
2026-01-07 14:47:20,24.699999999999999,2.3999999999999999,14,5
2026-01-07 14:03:58,75.5,13.970000000000001,14,5
2026-01-07 15:30:13,26.800000000000001,6.4800000000000004,15,5
2026-01-07 15:47:09,19.100000000000001,2.7000000000000002,15,5
2026-01-07 15:38:32,18.399999999999999,2.0499999999999998,15,5
2026-01-07 15:43:53,21.899999999999999,2.3999999999999999,15,5
2026-01-07 15:33:43,10.699999999999999,1.01,15,5
2026-01-07 15:57:21,6.5,0.34999999999999998,15,5
2026-01-07 15:20:30,10.699999999999999,0.77000000000000002,15,5
2026-01-07 15:30:56,19.800000000000001,2.8999999999999999,15,5
2026-01-07 15:12:55,12.1,1.4399999999999999,15,5
2026-01-07 15:35:32,15.6,1.48,15,5
2026-01-07 15:05:32,46.5,13.4,15,5
2026-01-07 15:27:22,7.9000000000000004,0.87,15,5
2026-01-07 15:20:37,20.5,3.5499999999999998,15,5
2026-01-07 16:09:43,10,0.92000000000000004,16,3
2026-01-07 16:16:31,14.9,2.1299999999999999,16,3
2026-01-07 16:15:33,10.699999999999999,0.83999999999999997,16,3
2026-01-07 16:44:56,15.6,1.8600000000000001,16,3
2026-01-07 16:53:43,41.5,11.9,16,3
2026-01-07 16:28:19,17.699999999999999,3.0600000000000001,16,3
2026-01-07 16:10:25,32.5,8.0999999999999996,16,3
2026-01-07 16:13:55,93.299999999999997,24.530000000000001,16,3
2026-01-07 17:32:36,40.100000000000001,8.2799999999999994,17,3
2026-01-07 17:32:10,12.1,1.6399999999999999,17,3
2026-01-07 17:31:12,12.1,1.8899999999999999,17,3
2026-01-07 17:57:33,42.200000000000003,6.9400000000000004,17,3
2026-01-07 17:30:30,4.4000000000000004,0.40999999999999998,17,3
2026-01-07 18:30:36,8.5999999999999996,1,18,3
2026-01-07 18:13:02,17.699999999999999,3.6000000000000001,18,3
2026-01-07 18:36:01,16.300000000000001,1.3899999999999999,18,3
2026-01-07 18:52:08,10.699999999999999,1.3300000000000001,18,3
2026-01-07 18:48:36,14.9,1.71,18,3
2026-01-07 18:12:19,12.1,0.53000000000000003,18,3
2026-01-07 19:51:28,17.699999999999999,2.98,19,3
2026-01-07 19:13:42,19.800000000000001,2.96,19,3
2026-01-07 19:22:43,31.699999999999999,6.6600000000000001,19,3
2026-01-07 19:08:17,17,3.0800000000000001,19,3
2026-01-07 19:50:33,7.9000000000000004,1.1299999999999999,19,3
2026-01-07 20:01:30,23.300000000000001,4.9000000000000004,20,3
2026-01-07 20:14:20,7.2000000000000002,0.85999999999999999,20,3
2026-01-07 20:12:29,9.3000000000000007,0.81999999999999995,20,3
2026-01-07 20:37:30,14.199999999999999,2.3999999999999999,20,3
2026-01-07 20:58:13,47.100000000000001,10.9,20,3
2026-01-07 21:46:54,11.4,1.8999999999999999,21,3
2026-01-07 21:28:19,12.800000000000001,1.6000000000000001,21,3
2026-01-07 21:13:22,12.800000000000001,1.4099999999999999,21,3
2026-01-07 21:07:54,6.5,0.64000000000000001,21,3
2026-01-07 21:51:56,11.4,2.1800000000000002,21,3
2026-01-07 21:00:54,11.4,1.6499999999999999,21,3
2026-01-07 21:21:33,14.9,2.1099999999999999,21,3
2026-01-07 21:57:39,45.700000000000003,11.09,21,3
2026-01-07 22:57:46,16.300000000000001,2.9199999999999999,22,3
2026-01-07 22:41:39,5.7999999999999998,0.63,22,3
2026-01-07 22:11:30,24.699999999999999,4.6900000000000004,22,3
2026-01-08 00:31:45,10.699999999999999,2,0,2
2026-01-08 06:44:09,5.7999999999999998,0.48999999999999999,6,1
2026-01-08 07:22:00,24.699999999999999,4.1699999999999999,7,1
2026-01-08 08:30:11,7.2000000000000002,1,8,1
2026-01-08 08:41:04,21.199999999999999,2.3500000000000001,8,1
2026-01-08 08:21:12,21.5,2.5,8,1
2026-01-08 08:58:14,21.199999999999999,3.0099999999999998,8,1
2026-01-08 08:57:03,17,3.1800000000000002,8,1
2026-01-08 09:50:41,23.300000000000001,2.96,9,1
2026-01-08 09:01:51,12.1,1.2,9,1
2026-01-08 09:49:53,7.9000000000000004,0.95999999999999996,9,1
2026-01-08 09:38:55,7.9000000000000004,0.72999999999999998,9,1
2026-01-08 09:20:48,14.9,1.49,9,1
2026-01-08 09:35:06,7.2000000000000002,0.63,9,1
2026-01-08 09:55:42,10,0.93999999999999995,9,1
2026-01-08 09:24:27,70,17.949999999999999,9,1
2026-01-08 10:31:51,10.699999999999999,1.1000000000000001,10,1
2026-01-08 10:37:53,13.5,1.5,10,1
2026-01-08 11:34:52,12.800000000000001,1.3,11,1
2026-01-08 11:05:33,29.600000000000001,4.1200000000000001,11,1
2026-01-08 11:55:30,13.5,1.74,11,1
2026-01-08 11:14:59,7.2000000000000002,0.68000000000000005,11,1
2026-01-08 11:43:52,20.5,1.95,11,1
2026-01-08 11:40:51,12.1,1.1200000000000001,11,1
2026-01-08 11:45:28,13.5,1.29,11,1
2026-01-08 11:12:52,13.5,1.3999999999999999,11,1
2026-01-08 11:32:25,40.100000000000001,5.5599999999999996,11,1
2026-01-08 11:15:17,44.5,13.199999999999999,11,1
2026-01-08 12:47:55,8.5999999999999996,1.3700000000000001,12,1
2026-01-08 12:14:04,35.200000000000003,9.0999999999999996,12,1
2026-01-08 12:44:51,8.5999999999999996,1.1000000000000001,12,1
2026-01-08 12:00:09,8.5999999999999996,0.29999999999999999,12,1
2026-01-08 12:39:56,12.800000000000001,1.51,12,1
2026-01-08 13:16:06,10,1.0600000000000001,13,1
2026-01-08 13:02:56,7.9000000000000004,0.85999999999999999,13,1
2026-01-08 13:00:10,9.3000000000000007,1.0700000000000001,13,1
2026-01-08 13:28:52,4.4000000000000004,0.37,13,1
2026-01-08 13:24:21,26.5,4.5,13,1
2026-01-08 13:35:04,14.199999999999999,1.8999999999999999,13,1
2026-01-08 14:38:43,9.3000000000000007,0.62,14,1
2026-01-08 14:07:03,28.199999999999999,5.25,14,1
2026-01-08 14:47:12,22.600000000000001,4.7000000000000002,14,1
2026-01-08 14:43:35,12.1,1.1799999999999999,14,1
2026-01-08 14:58:01,19.5,2.1000000000000001,14,1
2026-01-08 14:48:53,37.299999999999997,8.0199999999999996,14,1
2026-01-08 14:51:54,11.4,1.5,14,1
2026-01-08 14:41:32,14.199999999999999,1.0600000000000001,14,1
2026-01-08 15:52:09,8.5999999999999996,0.75,15,1
2026-01-08 15:45:45,42.899999999999999,9.2300000000000004,15,1
2026-01-08 15:50:42,70,16.73,15,1
2026-01-08 16:38:10,10,1.1100000000000001,16,1
2026-01-08 16:48:48,7.2000000000000002,1.1200000000000001,16,1
2026-01-08 16:51:56,22.600000000000001,3.2999999999999998,16,1
2026-01-08 16:47:27,8.5999999999999996,0.90000000000000002,16,1
2026-01-08 17:55:39,9.3000000000000007,0.34000000000000002,17,1
2026-01-08 17:22:50,23.300000000000001,2.3300000000000001,17,1
2026-01-08 17:11:49,22.600000000000001,3.5499999999999998,17,1
2026-01-08 17:53:47,9.3000000000000007,0.95999999999999996,17,1
2026-01-08 17:03:28,21.199999999999999,3.2000000000000002,17,1
2026-01-08 17:09:39,7.2000000000000002,0.69999999999999996,17,1
2026-01-08 17:09:02,7.2000000000000002,0.91000000000000003,17,1
2026-01-08 17:39:22,15.6,1.8400000000000001,17,1
2026-01-08 17:02:57,10.699999999999999,1.6200000000000001,17,1
2026-01-08 17:42:39,10.699999999999999,1.7,17,1
2026-01-08 17:59:06,9.3000000000000007,0.66000000000000003,17,1
2026-01-08 17:38:18,24,1.6699999999999999,17,1
2026-01-08 18:42:54,22.600000000000001,4.2800000000000002,18,1
2026-01-08 18:43:11,12.800000000000001,2.0800000000000001,18,1
2026-01-08 18:59:47,13.5,1.23,18,1
2026-01-08 18:34:10,7.2000000000000002,0.69999999999999996,18,1
2026-01-08 19:22:26,8.5999999999999996,1.02,19,3
2026-01-08 19:01:37,13.5,0.89000000000000001,19,3
2026-01-08 19:20:56,7.9000000000000004,1.01,19,3
2026-01-08 19:08:02,10,0.64000000000000001,19,3
2026-01-08 20:31:17,16.300000000000001,3.2000000000000002,20,3
2026-01-08 20:04:54,5.7999999999999998,0.69999999999999996,20,3
2026-01-08 20:36:52,10,1.1599999999999999,20,3
2026-01-08 20:37:34,10.699999999999999,1.3500000000000001,20,3
2026-01-08 20:52:09,15.6,2.8500000000000001,20,3
2026-01-08 20:17:54,11.4,1.7,20,3
2026-01-08 20:31:04,26.800000000000001,6.04,20,3
2026-01-08 21:52:04,6.5,0.85999999999999999,21,1
2026-01-08 21:00:21,9.3000000000000007,1.1299999999999999,21,1
2026-01-08 21:27:36,7.2000000000000002,0.95999999999999996,21,1
2026-01-08 21:01:22,7.9000000000000004,0.68000000000000005,21,1
2026-01-08 21:30:07,10.699999999999999,1.5600000000000001,21,1
2026-01-08 22:06:56,17.699999999999999,3.3100000000000001,22,1
2026-01-08 22:49:42,14.199999999999999,2.02,22,1
2026-01-08 22:13:39,10,1.0600000000000001,22,1
2026-01-08 23:25:06,17,2.25,23,1
2026-01-08 23:19:35,10,1,23,1
2026-01-08 23:12:40,21.199999999999999,3.7799999999999998,23,1
2026-01-08 23:35:02,12.1,1.6200000000000001,23,1
2026-01-08 23:23:12,11.4,1.98,23,1
2026-01-08 23:59:03,20.5,4.5999999999999996,23,1
2026-01-09 00:26:40,19.100000000000001,3.2999999999999998,0,1
2026-01-09 00:25:45,8.5999999999999996,1.4399999999999999,0,1
2026-01-09 00:04:59,28.199999999999999,5.9000000000000004,0,1
2026-01-09 05:52:07,10,2.0299999999999998,5,3
2026-01-09 07:18:08,13.5,2.1699999999999999,7,3
2026-01-09 07:42:05,15.6,2.27,7,3
2026-01-09 07:22:35,10,1.48,7,3
2026-01-09 07:24:41,12.1,1.8100000000000001,7,3
2026-01-09 08:45:02,12.1,1.8999999999999999,8,1
2026-01-09 08:24:53,11.4,1.3999999999999999,8,1
2026-01-09 08:45:38,10,1.6000000000000001,8,1
2026-01-09 08:15:18,7.9000000000000004,0.80000000000000004,8,1
2026-01-09 09:48:31,7.9000000000000004,0.76000000000000001,9,2
2026-01-09 09:32:08,17.699999999999999,1.5800000000000001,9,2
2026-01-09 09:37:15,11.4,1.4399999999999999,9,2
2026-01-09 09:16:08,12.800000000000001,1.8,9,2
2026-01-09 10:30:57,8.5999999999999996,1.2,10,3
2026-01-09 10:22:43,21.5,3.2999999999999998,10,3
2026-01-09 11:58:37,9.3000000000000007,1.2,11,3
2026-01-09 11:32:06,14.199999999999999,1.76,11,3
2026-01-09 11:50:35,28.5,6.2999999999999998,11,3
2026-01-09 11:17:17,60.5,19.600000000000001,11,3
2026-01-09 12:55:38,16.300000000000001,2.1099999999999999,12,3
2026-01-09 12:28:44,14.199999999999999,1.8799999999999999,12,3
2026-01-09 12:49:54,14.199999999999999,1.6399999999999999,12,3
2026-01-09 12:58:59,14.199999999999999,1.6399999999999999,12,3
2026-01-09 12:38:02,7.9000000000000004,0.90000000000000002,12,3
2026-01-09 13:57:01,14.9,2.25,13,3
2026-01-09 13:02:30,21.199999999999999,2.9900000000000002,13,3
2026-01-09 14:57:11,64.599999999999994,12.710000000000001,14,1
2026-01-09 14:31:07,16.300000000000001,2.2999999999999998,14,1
2026-01-09 14:11:27,9.3000000000000007,1.1200000000000001,14,1
2026-01-09 14:19:42,33.5,8.5,14,1
2026-01-09 14:47:32,8.5999999999999996,1,14,1
2026-01-09 14:43:29,15.6,1.77,14,1
2026-01-09 15:45:00,6.5,0.69999999999999996,15,1
2026-01-09 15:54:22,11.4,1.7,15,1
2026-01-09 15:34:40,5.7999999999999998,0.59999999999999998,15,1
2026-01-09 15:25:14,15.6,1.3200000000000001,15,1
2026-01-09 15:43:09,26.100000000000001,3.5600000000000001,15,1
2026-01-09 15:17:19,70,15.720000000000001,15,1
2026-01-09 15:35:31,16.300000000000001,1.8200000000000001,15,1
2026-01-09 16:30:19,16.300000000000001,3.2599999999999998,16,1
2026-01-09 16:50:38,17.699999999999999,1.8,16,1
2026-01-09 16:54:46,17,2.0899999999999999,16,1
2026-01-09 16:43:49,26.5,2.7000000000000002,16,1
2026-01-09 17:20:26,10,0.76000000000000001,17,3
2026-01-09 17:21:46,17,2.1000000000000001,17,3
2026-01-09 17:53:49,10,0.77000000000000002,17,3
2026-01-09 17:44:53,10,1.0600000000000001,17,3
2026-01-09 17:00:52,12.1,1.8,17,3
2026-01-09 17:46:44,13.5,1.74,17,3
2026-01-09 17:57:10,12.800000000000001,1.4399999999999999,17,3
2026-01-09 18:28:35,29.600000000000001,6.0999999999999996,18,3
2026-01-09 18:51:11,20.5,2.2599999999999998,18,3
2026-01-09 18:16:57,11.4,1.3999999999999999,18,3
2026-01-09 18:37:11,10,1.45,18,3
2026-01-09 18:36:07,52,12.18,18,3
2026-01-09 18:38:15,5.7999999999999998,0.75,18,3
2026-01-09 18:17:26,8.5999999999999996,0.44,18,3
2026-01-09 19:40:54,8.5999999999999996,1.0700000000000001,19,3
2026-01-09 19:29:31,18.399999999999999,3.21,19,3
2026-01-09 19:52:42,14.199999999999999,2.2999999999999998,19,3
2026-01-09 19:26:35,9.3000000000000007,1.52,19,3
2026-01-09 19:20:38,7.9000000000000004,1.1499999999999999,19,3
2026-01-09 20:15:35,21.199999999999999,3.3999999999999999,20,3
2026-01-09 20:39:25,7.9000000000000004,1.22,20,3
2026-01-09 20:43:01,70,17.559999999999999,20,3
2026-01-09 20:35:27,13.5,1.96,20,3
2026-01-09 20:18:38,6.5,0.59999999999999998,20,3
2026-01-09 20:34:34,7.2000000000000002,0.93000000000000005,20,3
2026-01-09 20:00:24,33.799999999999997,6.3099999999999996,20,3
2026-01-09 20:25:09,21.199999999999999,2.6899999999999999,20,3
2026-01-09 21:12:28,42.200000000000003,8.3000000000000007,21,3
2026-01-09 21:29:52,7.2000000000000002,0.69999999999999996,21,3
2026-01-09 21:17:49,40.100000000000001,10.460000000000001,21,3
2026-01-09 21:13:09,40.100000000000001,9.3699999999999992,21,3
2026-01-09 22:33:25,14.199999999999999,2.46,22,3
2026-01-09 22:49:17,7.2000000000000002,0.82999999999999996,22,3
2026-01-09 22:09:12,15.6,2.1899999999999999,22,3
2026-01-09 23:59:31,25.399999999999999,5.4199999999999999,23,3
2026-01-10 00:44:21,8.5999999999999996,1.26,0,8
2026-01-10 00:32:29,96.099999999999994,15.35,0,8
2026-01-10 01:52:44,7.2000000000000002,1.1399999999999999,1,3
2026-01-10 01:19:53,7.9000000000000004,0.80000000000000004,1,3
2026-01-10 01:44:45,15.6,3.5,1,3
2026-01-10 02:04:03,5.0999999999999996,0.5,2,3
2026-01-10 05:32:17,38,10.109999999999999,5,3
2026-01-10 07:55:19,9.3000000000000007,1.47,7,3
2026-01-10 07:43:42,10,1.54,7,3
2026-01-10 07:31:50,11.4,1.8200000000000001,7,3
2026-01-10 09:38:33,6.5,0.94999999999999996,9,3
2026-01-10 09:04:46,10.699999999999999,2.1499999999999999,9,3
2026-01-10 09:32:04,38.5,8.0999999999999996,9,3
2026-01-10 09:54:47,7.9000000000000004,1.04,9,3
2026-01-10 10:51:24,20.5,3.6000000000000001,10,3
2026-01-10 10:00:21,7.2000000000000002,1.24,10,3
2026-01-10 10:20:58,8.5999999999999996,1.22,10,3
2026-01-10 10:01:38,9.3000000000000007,0.92000000000000004,10,3
2026-01-10 10:13:57,70,17.210000000000001,10,3
2026-01-10 10:05:38,38,9.0500000000000007,10,3
2026-01-10 11:51:07,17,2.7999999999999998,11,3
2026-01-10 11:12:32,11.4,1.5600000000000001,11,3
2026-01-10 11:22:14,8.5999999999999996,1.2,11,3
2026-01-10 11:47:34,17,1.72,11,3
2026-01-10 11:00:52,29.600000000000001,6.0300000000000002,11,3
2026-01-10 12:33:43,11.4,1.7,12,3
2026-01-10 12:21:08,27.5,5.6200000000000001,12,3
2026-01-10 12:09:49,6.5,0.90000000000000002,12,3
2026-01-10 12:09:24,70,17.550000000000001,12,3
2026-01-10 12:33:48,11.4,1.71,12,3
2026-01-10 12:53:35,11.4,1.5900000000000001,12,3
2026-01-10 12:38:54,36.5,8.5999999999999996,12,3
2026-01-10 12:18:56,23.300000000000001,3.4399999999999999,12,3
2026-01-10 12:46:08,31.699999999999999,7.9900000000000002,12,3
2026-01-10 13:41:44,12.800000000000001,1.77,13,3
2026-01-10 13:42:51,5.7999999999999998,0.63,13,3
2026-01-10 13:48:11,14.199999999999999,2.4199999999999999,13,3
2026-01-10 13:03:51,17.699999999999999,1.6799999999999999,13,3
2026-01-10 13:36:58,16.300000000000001,2.5299999999999998,13,3
2026-01-10 13:59:48,7.9000000000000004,0.80000000000000004,13,3
2026-01-10 13:10:09,13.5,0.96999999999999997,13,3
2026-01-10 14:03:24,12.800000000000001,1.3,14,3
2026-01-10 14:57:12,9.3000000000000007,1.3,14,3
2026-01-10 14:32:32,50.600000000000001,11.050000000000001,14,3
2026-01-10 14:40:05,14.199999999999999,2.0800000000000001,14,3
2026-01-10 14:07:10,10,1.3400000000000001,14,3
2026-01-10 14:53:14,7.2000000000000002,0.59999999999999998,14,3
2026-01-10 15:49:38,5.0999999999999996,0.46999999999999997,15,3
2026-01-10 15:28:28,24,4.8499999999999996,15,3
2026-01-10 15:18:05,12.1,1,15,3
2026-01-10 15:24:10,70,23.989999999999998,15,3
2026-01-10 15:46:12,6.5,0.29999999999999999,15,3
2026-01-10 15:01:11,31,4.9000000000000004,15,3
2026-01-10 15:19:24,41.5,12.4,15,3
2026-01-10 15:09:44,7.9000000000000004,1,15,3
2026-01-10 15:10:27,9.3000000000000007,1.01,15,3
2026-01-10 16:22:38,7.9000000000000004,0.68999999999999995,16,3
2026-01-10 16:21:09,13.5,1.6599999999999999,16,3
2026-01-10 16:18:23,6.5,0.80000000000000004,16,3
2026-01-10 16:44:33,7.9000000000000004,0.82999999999999996,16,3
2026-01-10 16:35:04,11.4,1.5,16,3
2026-01-10 16:58:19,19.800000000000001,2.5899999999999999,16,3
2026-01-10 16:10:05,10.699999999999999,0.85999999999999999,16,3
2026-01-10 17:17:50,12.800000000000001,1.97,17,3
2026-01-10 17:46:36,5.7999999999999998,0.78000000000000003,17,3
2026-01-10 17:07:44,28.199999999999999,3.6400000000000001,17,3
2026-01-10 17:34:03,24,2.5699999999999998,17,3
2026-01-10 18:25:06,24.699999999999999,3.7000000000000002,18,3
2026-01-10 18:28:25,9.3000000000000007,0.5,18,3
2026-01-10 18:22:43,14.9,2.3100000000000001,18,3
2026-01-10 18:43:24,31.699999999999999,2.9700000000000002,18,3
2026-01-10 19:12:56,14.9,1.0600000000000001,19,8
2026-01-10 19:03:49,11.4,0.84999999999999998,19,8
2026-01-10 19:11:12,28.199999999999999,2.7599999999999998,19,8
2026-01-10 19:03:22,15.6,1.1899999999999999,19,8
2026-01-10 19:03:33,10,0.90000000000000002,19,8
2026-01-10 19:38:20,31,3.0099999999999998,19,8
2026-01-10 19:36:46,7.9000000000000004,0.62,19,8
2026-01-10 20:23:19,24,2.5,20,9
2026-01-10 20:47:03,21.899999999999999,1.5700000000000001,20,9
2026-01-10 21:11:59,23.300000000000001,2.7599999999999998,21,9
2026-01-10 21:46:36,14.199999999999999,1,21,9
2026-01-10 21:06:07,7.2000000000000002,0.67000000000000004,21,9
2026-01-10 21:12:55,41.5,11.06,21,9
2026-01-10 21:44:57,44.299999999999997,9.1999999999999993,21,9
2026-01-10 22:10:05,7.2000000000000002,1.1000000000000001,22,9
2026-01-10 22:04:47,15.6,1.3300000000000001,22,9
2026-01-10 22:12:31,70,17.640000000000001,22,9
2026-01-10 23:44:35,12.1,2.27,23,9
2026-01-10 23:48:21,21.199999999999999,4,23,9
2026-01-11 00:05:37,65.299999999999997,17.48,0,9
2026-01-11 01:53:42,12.800000000000001,1.8,1,9
2026-01-11 01:33:30,42.200000000000003,8.5,1,9
2026-01-11 01:30:56,7.9000000000000004,0.76000000000000001,1,9
2026-01-11 01:30:16,17,2.5600000000000001,1,9
2026-01-11 02:29:38,32.399999999999999,7,2,9
2026-01-11 04:08:00,7.9000000000000004,1.3,4,8
2026-01-11 08:12:31,12.1,2.0600000000000001,8,3
2026-01-11 08:06:24,16.300000000000001,3.3399999999999999,8,3
2026-01-11 08:40:45,19.800000000000001,3.2200000000000002,8,3
2026-01-11 08:50:21,26.5,7,8,3
2026-01-11 09:41:04,14.9,2.6299999999999999,9,3
2026-01-11 09:33:45,33.799999999999997,8.3499999999999996,9,3
2026-01-11 10:10:19,10,1.5600000000000001,10,7
2026-01-11 10:51:16,7.9000000000000004,1.27,10,7
2026-01-11 10:34:16,10.699999999999999,1.49,10,7
2026-01-11 10:44:20,16.300000000000001,3.3100000000000001,10,7
2026-01-11 10:31:00,10,1.3999999999999999,10,7
2026-01-11 10:19:57,5.7999999999999998,0.67000000000000004,10,7
2026-01-11 11:16:08,10,1.3600000000000001,11,3
2026-01-11 11:11:18,11.4,1.3999999999999999,11,3
2026-01-11 12:04:39,12.1,1.8600000000000001,12,3
2026-01-11 12:13:09,56.200000000000003,15.08,12,3
2026-01-11 12:02:35,20.5,4.4000000000000004,12,3
2026-01-11 12:44:26,7.9000000000000004,1,12,3
2026-01-11 13:31:27,10,1.3999999999999999,13,3
2026-01-11 13:57:07,11.4,1.8,13,3
2026-01-11 13:53:34,7.9000000000000004,0.94999999999999996,13,3
2026-01-11 14:52:21,36.600000000000001,8.2799999999999994,14,3
2026-01-11 15:16:21,12.1,1.6000000000000001,15,7
2026-01-11 15:56:01,10,1.0900000000000001,15,7
2026-01-11 15:31:13,78.299999999999997,13.56,15,7
2026-01-11 15:17:41,48.5,10.289999999999999,15,7
2026-01-11 15:50:51,11.4,1.8,15,7
2026-01-11 16:28:43,7.9000000000000004,0.90000000000000002,16,3
2026-01-11 17:34:45,70,17.289999999999999,17,3
2026-01-11 17:17:25,7.2000000000000002,0.78000000000000003,17,3
2026-01-11 17:40:58,18.399999999999999,2.7999999999999998,17,3
2026-01-11 17:12:23,42.899999999999999,7.7199999999999998,17,3
2026-01-11 17:22:16,22.600000000000001,4.2000000000000002,17,3
2026-01-11 17:22:15,10,1.5800000000000001,17,3
2026-01-11 17:50:28,12.1,1.6699999999999999,17,3
2026-01-11 17:26:09,10,0.84999999999999998,17,3
2026-01-11 18:19:32,7.2000000000000002,0.81999999999999995,18,3
2026-01-11 18:30:00,21.899999999999999,2.9700000000000002,18,3
2026-01-11 18:58:59,7.2000000000000002,0.78000000000000003,18,3
2026-01-11 18:24:37,14.9,1.1599999999999999,18,3
2026-01-11 18:09:13,6.5,0.59999999999999998,18,3
2026-01-11 18:52:27,38,8.9600000000000009,18,3
2026-01-11 19:26:00,12.800000000000001,1.77,19,2
2026-01-11 19:21:38,17.699999999999999,3.0600000000000001,19,2
2026-01-11 19:49:24,45,10.02,19,2
2026-01-11 19:06:41,49.200000000000003,9.2400000000000002,19,2
2026-01-11 19:00:04,70,18.02,19,2
2026-01-11 20:54:56,14.199999999999999,2,20,1
2026-01-11 20:57:39,9.3000000000000007,1.6000000000000001,20,1
2026-01-11 20:36:40,21.899999999999999,4.5300000000000002,20,1
2026-01-11 20:06:27,40.799999999999997,10.76,20,1
2026-01-11 21:21:35,17.699999999999999,3.79,21,3
2026-01-11 21:02:54,70,16.780000000000001,21,3
2026-01-11 21:40:30,18.399999999999999,3.7200000000000002,21,3
2026-01-11 21:30:00,14.9,2.54,21,3
2026-01-11 21:12:19,7.2000000000000002,0.92000000000000004,21,3
2026-01-12 02:14:42,10,1.74,2,2
2026-01-12 06:14:12,15.6,3.3900000000000001,6,3
2026-01-12 07:24:18,10.699999999999999,1.1499999999999999,7,3
2026-01-12 07:13:10,42.5,30.100000000000001,7,3
2026-01-12 08:30:36,6.5,0.65000000000000002,8,3
2026-01-12 08:37:31,26.800000000000001,1.8999999999999999,8,3
2026-01-12 08:22:25,30.5,5.5999999999999996,8,3
2026-01-12 09:59:48,11.4,1,9,2
2026-01-12 09:31:55,21.899999999999999,4.3300000000000001,9,2
2026-01-12 09:12:00,10.699999999999999,0.88,9,2
2026-01-12 10:05:26,17.699999999999999,2.3999999999999999,10,1
2026-01-12 10:48:13,21.199999999999999,2.8599999999999999,10,1
2026-01-12 10:40:26,6.5,0.80000000000000004,10,1
2026-01-12 10:20:03,47.100000000000001,10.640000000000001,10,1
2026-01-12 10:05:24,56.200000000000003,13.050000000000001,10,1
2026-01-12 11:20:36,31.699999999999999,7.8700000000000001,11,1
2026-01-12 12:12:55,7.9000000000000004,0.71999999999999997,12,1
2026-01-12 12:34:14,10,1.26,12,1
2026-01-12 12:34:48,15.6,2.6000000000000001,12,1
2026-01-12 12:01:10,57.5,19.699999999999999,12,1
2026-01-12 12:05:26,62.899999999999999,8.8499999999999996,12,1
2026-01-12 12:10:10,34.5,9.0999999999999996,12,1
2026-01-12 13:43:43,6.5,0.72999999999999998,13,2
2026-01-12 13:40:51,14.199999999999999,1.51,13,2
2026-01-12 13:42:07,26.100000000000001,4.1699999999999999,13,2
2026-01-12 13:45:21,12.800000000000001,1.6499999999999999,13,2
2026-01-12 14:31:01,9.3000000000000007,0.92000000000000004,14,3
2026-01-12 14:23:44,8.5999999999999996,0.90000000000000002,14,3
2026-01-12 14:37:11,44.299999999999997,9.1099999999999994,14,3
2026-01-12 14:06:59,13.5,1.55,14,3
2026-01-12 14:46:15,17,2.0299999999999998,14,3
2026-01-12 15:39:21,19.800000000000001,3.1400000000000001,15,2
2026-01-12 15:11:35,11.4,1.6499999999999999,15,2
2026-01-12 15:31:52,12.1,1.54,15,2
2026-01-12 15:20:55,10.699999999999999,1.3999999999999999,15,2
2026-01-12 16:54:38,10,1.6000000000000001,16,1
2026-01-12 16:56:28,7.2000000000000002,0.56999999999999995,16,1
2026-01-12 16:45:04,10.699999999999999,1.5,16,1
2026-01-12 16:03:00,10.699999999999999,0.90000000000000002,16,1
2026-01-12 16:45:11,17,2.4900000000000002,16,1
2026-01-12 16:58:42,5.0999999999999996,0.40999999999999998,16,1
2026-01-12 17:58:11,13.5,1.96,17,1
2026-01-12 17:05:45,24.699999999999999,2.9700000000000002,17,1
2026-01-12 17:02:23,7.2000000000000002,0.88,17,1
2026-01-12 17:08:15,70,18.07,17,1
2026-01-12 17:44:10,8.5999999999999996,0.66000000000000003,17,1
2026-01-12 18:44:14,7.2000000000000002,0.94999999999999996,18,1
2026-01-12 18:21:26,70,16.609999999999999,18,1
2026-01-12 19:57:18,11.4,1.5,19,1
2026-01-12 19:44:47,14.199999999999999,2.2999999999999998,19,1
2026-01-12 19:30:34,17.699999999999999,2.8500000000000001,19,1
2026-01-12 19:43:48,20.5,3.6000000000000001,19,1
2026-01-12 20:24:51,4.4000000000000004,0.29999999999999999,20,1
2026-01-12 20:01:06,7.2000000000000002,0.88,20,1
2026-01-12 20:15:08,5.7999999999999998,0.80000000000000004,20,1
2026-01-12 20:06:38,28.899999999999999,6.6299999999999999,20,1
2026-01-12 20:24:08,70,20.199999999999999,20,1
2026-01-12 20:12:27,9.3000000000000007,1.3400000000000001,20,1
2026-01-12 20:13:44,12.800000000000001,2,20,1
2026-01-12 20:17:41,37.299999999999997,9.0199999999999996,20,1
2026-01-12 21:07:51,7.9000000000000004,0.77000000000000002,21,2
2026-01-12 21:14:10,14.199999999999999,2.0299999999999998,21,2
2026-01-12 22:44:25,5.7999999999999998,0.90000000000000002,22,3
2026-01-12 22:37:57,70,17.98,22,3
2026-01-12 23:17:26,8.5999999999999996,1.1799999999999999,23,2
2026-01-12 23:34:03,12.1,1.9399999999999999,23,2
2026-01-13 05:36:03,7.2000000000000002,1.1699999999999999,5,1
2026-01-13 05:41:08,7.2000000000000002,0.88,5,1
2026-01-13 07:32:22,11.4,1.5800000000000001,7,3
2026-01-13 07:08:31,11.4,1.3999999999999999,7,3
2026-01-13 07:52:26,13.5,1.79,7,3
2026-01-13 07:42:22,26.5,4.5999999999999996,7,3
2026-01-13 07:37:33,37.5,10,7,3
2026-01-13 08:07:22,9.3000000000000007,0.69999999999999996,8,3
2026-01-13 08:26:43,26.100000000000001,4.1799999999999997,8,3
2026-01-13 08:20:40,34.5,7.7999999999999998,8,3
2026-01-13 08:06:21,28.5,7.2999999999999998,8,3
2026-01-13 09:28:01,4.4000000000000004,0.28000000000000003,9,3
2026-01-13 09:17:36,10,1.2,9,3
2026-01-13 09:08:05,21.899999999999999,3.2999999999999998,9,3
2026-01-13 09:36:06,10,0.5,9,3
2026-01-13 10:38:59,9.3000000000000007,1.25,10,2
2026-01-13 10:32:25,7.9000000000000004,0.90000000000000002,10,2
2026-01-13 10:44:19,17,1.8999999999999999,10,2
2026-01-13 10:12:37,10,0.93000000000000005,10,2
2026-01-13 11:00:26,12.800000000000001,1.53,11,1
2026-01-13 11:06:08,10.699999999999999,0.96999999999999997,11,1
2026-01-13 11:31:35,26.800000000000001,2.1299999999999999,11,1
2026-01-13 11:47:03,70,19.530000000000001,11,1
2026-01-13 11:27:52,78.599999999999994,18.789999999999999,11,1
2026-01-13 11:02:26,8.5999999999999996,0.10000000000000001,11,1
2026-01-13 12:29:01,70,17.289999999999999,12,1
2026-01-13 12:42:45,10,1.6000000000000001,12,1
2026-01-13 12:10:57,17,3.0600000000000001,12,1
2026-01-13 12:44:02,5.7999999999999998,0.51000000000000001,12,1
2026-01-13 12:13:18,21.899999999999999,2.54,12,1
2026-01-13 12:42:07,8.5999999999999996,0.53000000000000003,12,1
2026-01-13 13:03:05,11.4,1.8200000000000001,13,1
2026-01-13 13:13:29,14.199999999999999,2.1000000000000001,13,1
2026-01-13 13:50:37,6.5,0.68000000000000005,13,1
2026-01-13 13:16:01,6.5,0.69999999999999996,13,1
2026-01-13 14:49:47,33.799999999999997,8.4800000000000004,14,1
2026-01-13 14:14:51,17.699999999999999,1.8899999999999999,14,1
2026-01-13 15:48:46,9.3000000000000007,1.3,15,2
2026-01-13 15:33:35,5.0999999999999996,0.40000000000000002,15,2
2026-01-13 15:41:12,37.299999999999997,6.79,15,2
2026-01-13 15:16:33,15.6,2.1299999999999999,15,2
2026-01-13 15:13:37,9.3000000000000007,1.1499999999999999,15,2
2026-01-13 15:35:00,19.100000000000001,2.8700000000000001,15,2
2026-01-13 15:41:36,16.300000000000001,2.2599999999999998,15,2
2026-01-13 15:21:29,7.9000000000000004,0.90000000000000002,15,2
2026-01-13 16:02:00,7.9000000000000004,0.20000000000000001,16,1
2026-01-13 16:27:13,38.5,11.1,16,1
2026-01-13 17:08:56,15.6,1.6000000000000001,17,1
2026-01-13 17:26:32,25.399999999999999,4.7999999999999998,17,1
2026-01-13 17:20:20,70,20,17,1
2026-01-13 17:16:11,6.5,0.64000000000000001,17,1
2026-01-13 17:56:00,5.7999999999999998,0.52000000000000002,17,1
2026-01-13 17:33:03,17,1.6499999999999999,17,1
2026-01-13 17:09:46,7.9000000000000004,1.01,17,1
2026-01-13 17:51:11,10,1.1499999999999999,17,1
2026-01-13 17:00:29,11.4,0.69999999999999996,17,1
2026-01-13 18:18:44,11.4,1.24,18,3
2026-01-13 18:32:28,7.2000000000000002,0.23999999999999999,18,3
2026-01-13 19:20:40,15.6,2.8999999999999999,19,3
2026-01-13 19:40:08,10,1.5,19,3
2026-01-13 19:18:31,9.3000000000000007,1.2,19,3
2026-01-13 19:19:38,14.199999999999999,1.8600000000000001,19,3
2026-01-13 19:31:12,8.5999999999999996,1.03,19,3
2026-01-13 20:39:14,12.1,2.1000000000000001,20,1
2026-01-13 20:27:04,9.3000000000000007,0.93000000000000005,20,1
2026-01-13 20:23:47,14.9,2.8799999999999999,20,1
2026-01-13 20:23:31,15.6,2.21,20,1
2026-01-13 20:41:59,26.800000000000001,5.5300000000000002,20,1
2026-01-13 21:32:38,5.0999999999999996,0.62,21,3
2026-01-13 21:08:15,14.9,2.6400000000000001,21,3
2026-01-13 22:14:54,25.399999999999999,4.8200000000000003,22,3
2026-01-13 22:55:50,5.7999999999999998,0.65000000000000002,22,3
2026-01-13 22:05:39,13.5,2.23,22,3
2026-01-13 23:20:40,6.5,0.81000000000000005,23,3
2026-01-14 00:18:46,17.699999999999999,3.77,0,3
2026-01-14 00:28:18,12.800000000000001,1.9199999999999999,0,3
2026-01-14 00:06:53,18.399999999999999,3.5600000000000001,0,3
2026-01-14 05:55:12,47.5,13.1,5,3
2026-01-14 07:56:36,14.9,1.95,7,3
2026-01-14 07:17:07,9.3000000000000007,1.29,7,3
2026-01-14 07:04:12,60.399999999999999,11.19,7,3
2026-01-14 07:13:26,21.199999999999999,3.0299999999999998,7,3
2026-01-14 08:47:46,10,1,8,3
2026-01-14 09:03:56,12.800000000000001,1.8300000000000001,9,3
2026-01-14 09:00:42,20.5,1.52,9,3
2026-01-14 09:05:23,10.699999999999999,1.3,9,3
2026-01-14 09:02:01,4.4000000000000004,0.5,9,3
2026-01-14 09:44:24,42.899999999999999,9.8599999999999994,9,3
2026-01-14 09:10:17,7.9000000000000004,1.01,9,3
2026-01-14 09:24:18,40.5,15.6,9,3
2026-01-14 10:17:10,12.800000000000001,1.3799999999999999,10,3
2026-01-14 10:25:18,15.6,1.5,10,3
2026-01-14 10:46:59,14.9,2.5,10,3
2026-01-14 10:27:31,17,1.6299999999999999,10,3
2026-01-14 10:10:29,19.100000000000001,1.9399999999999999,10,3
2026-01-14 10:43:09,16.300000000000001,1.6699999999999999,10,3
2026-01-14 10:35:12,45.700000000000003,11.09,10,3
2026-01-14 10:26:57,8.5999999999999996,0.91000000000000003,10,3
2026-01-14 11:54:37,14.199999999999999,2.2999999999999998,11,3
2026-01-14 11:24:43,7.9000000000000004,0.80000000000000004,11,3
2026-01-14 11:48:14,26.800000000000001,4.4100000000000001,11,3
2026-01-14 11:47:06,28.199999999999999,4.1500000000000004,11,3
2026-01-14 11:45:32,10.699999999999999,1.6200000000000001,11,3
2026-01-14 11:44:04,17.699999999999999,1.51,11,3
2026-01-14 11:46:35,31.5,7.9000000000000004,11,3
2026-01-14 11:54:30,24.699999999999999,3.6299999999999999,11,3
2026-01-14 12:26:28,10,1.3,12,3
2026-01-14 12:08:58,9.3000000000000007,1.4099999999999999,12,3
2026-01-14 12:02:23,4.4000000000000004,0.35999999999999999,12,3
2026-01-14 12:52:44,28.199999999999999,3,12,3
2026-01-14 12:27:58,24,3.2999999999999998,12,3
2026-01-14 12:36:56,35.899999999999999,9.0600000000000005,12,3
2026-01-14 12:13:36,7.2000000000000002,0.60999999999999999,12,3
2026-01-14 13:04:35,9.3000000000000007,1.03,13,3
2026-01-14 13:25:01,19.100000000000001,2.6200000000000001,13,3
2026-01-14 13:16:53,17,1.74,13,3
2026-01-14 13:50:34,28.5,6.0999999999999996,13,3
2026-01-14 13:16:28,14.199999999999999,2.6200000000000001,13,3
2026-01-14 13:31:14,7.9000000000000004,0.84999999999999998,13,3
2026-01-14 13:24:52,7.2000000000000002,0.78000000000000003,13,3
2026-01-14 13:01:39,9.3000000000000007,0.62,13,3
2026-01-14 13:32:48,14.199999999999999,1.95,13,3
2026-01-14 13:48:52,11.4,0.66000000000000003,13,3
2026-01-14 14:51:54,6.5,0.60999999999999999,14,3
2026-01-14 14:04:49,26.800000000000001,3.8300000000000001,14,3
2026-01-14 14:45:41,35.200000000000003,7.5199999999999996,14,3
2026-01-14 14:11:52,10,0.98999999999999999,14,3
2026-01-14 14:18:46,5.7999999999999998,0.56000000000000005,14,3
2026-01-14 14:25:58,8.5999999999999996,0.98999999999999999,14,3
2026-01-14 14:32:27,9.3000000000000007,0.93000000000000005,14,3
2026-01-14 14:51:48,8.5999999999999996,0.76000000000000001,14,3
2026-01-14 14:26:10,14.199999999999999,1.73,14,3
2026-01-14 14:19:35,14.199999999999999,1.3,14,3
2026-01-14 14:11:13,26.5,4.7999999999999998,14,3
2026-01-14 15:10:08,12.800000000000001,1.5900000000000001,15,3
2026-01-14 15:49:46,10.699999999999999,1.3700000000000001,15,3
2026-01-14 15:53:53,70,19.300000000000001,15,3
2026-01-14 16:08:25,15.6,2,16,3
2026-01-14 16:55:32,6.5,0.80000000000000004,16,3
2026-01-14 16:58:58,14.9,2.2000000000000002,16,3
2026-01-14 16:21:18,70,19.100000000000001,16,3
2026-01-14 16:58:17,11.4,1.5,16,3
2026-01-14 16:00:04,27.5,6.7000000000000002,16,3
2026-01-14 16:09:52,17,3.1000000000000001,16,3
2026-01-14 16:32:45,44.5,11.199999999999999,16,3
2026-01-14 16:46:25,44.5,13.6,16,3
2026-01-14 16:07:38,12.800000000000001,1.3300000000000001,16,3
2026-01-14 17:20:13,7.2000000000000002,0.53000000000000003,17,3
2026-01-14 17:31:28,15.6,1.9099999999999999,17,3
2026-01-14 17:05:38,7.2000000000000002,0.84999999999999998,17,3
2026-01-14 17:12:08,11.4,1.0800000000000001,17,3
2026-01-14 17:03:21,13.5,1.27,17,3
2026-01-14 18:25:29,11.4,1.54,18,3
2026-01-14 18:42:32,7.2000000000000002,0.88,18,3
2026-01-14 18:17:57,6.5,0.71999999999999997,18,3
2026-01-14 18:13:11,7.2000000000000002,0.88,18,3
2026-01-14 18:51:04,10,1.6899999999999999,18,3
2026-01-14 18:57:48,17.699999999999999,3.6200000000000001,18,3
2026-01-14 18:17:10,12.800000000000001,1.5600000000000001,18,3
2026-01-14 18:24:58,38.700000000000003,8.25,18,3
2026-01-14 19:12:23,10,1.3400000000000001,19,3
2026-01-14 19:23:01,12.800000000000001,2.25,19,3
2026-01-14 19:54:58,5.7999999999999998,0.80000000000000004,19,3
2026-01-14 19:06:49,7.2000000000000002,1.1000000000000001,19,3
2026-01-14 19:34:28,12.800000000000001,1.4299999999999999,19,3
2026-01-14 19:40:37,12.800000000000001,1.79,19,3
2026-01-14 20:39:25,14.9,3.1000000000000001,20,3
2026-01-14 20:33:40,17,2.8999999999999999,20,3
2026-01-14 20:33:57,12.800000000000001,2.2000000000000002,20,3
2026-01-14 20:55:38,7.9000000000000004,1.2,20,3
2026-01-14 20:57:47,8.5999999999999996,1.1599999999999999,20,3
2026-01-14 20:04:07,70,18.5,20,3
2026-01-14 20:58:28,9.3000000000000007,1.54,20,3
2026-01-14 21:28:53,8.5999999999999996,1.2,21,3
2026-01-14 21:03:02,9.3000000000000007,1.3100000000000001,21,3
2026-01-14 22:16:37,7.9000000000000004,1.1599999999999999,22,3
2026-01-14 22:22:46,14.9,2.4700000000000002,22,3
2026-01-14 22:25:01,11.4,1.76,22,3
2026-01-14 22:10:38,18.399999999999999,3.3599999999999999,22,3
2026-01-14 22:28:39,22.600000000000001,5.0599999999999996,22,3
2026-01-14 23:38:26,56.200000000000003,14.25,23,3
2026-01-14 23:20:52,23.300000000000001,4.46,23,3
2026-01-15 01:03:03,7.9000000000000004,1.2,1,3
2026-01-15 01:09:00,24.699999999999999,5.4699999999999998,1,3
2026-01-15 06:56:20,10,1.6000000000000001,6,3
2026-01-15 07:32:12,33.100000000000001,7.6799999999999997,7,3
2026-01-15 07:53:13,12.1,1.6000000000000001,7,3
2026-01-15 08:13:03,17,2.7999999999999998,8,3
2026-01-15 08:40:54,23.300000000000001,2.6400000000000001,8,3
2026-01-15 09:24:09,40.799999999999997,7.5700000000000003,9,3
2026-01-15 09:55:07,12.800000000000001,1.21,9,3
2026-01-15 09:22:30,6.5,0.84999999999999998,9,3
2026-01-15 10:23:36,20.5,3.98,10,3
2026-01-15 10:12:35,15.6,2,10,3
2026-01-15 11:28:05,31.5,6.0999999999999996,11,3
2026-01-15 11:31:26,24,3.25,11,3
2026-01-15 11:30:22,47.100000000000001,11.4,11,3
2026-01-15 11:55:55,19.800000000000001,2.3599999999999999,11,3
2026-01-15 12:22:03,11.4,1.01,12,3
2026-01-15 12:37:20,9.3000000000000007,1.51,12,3
2026-01-15 12:50:17,10,0.46999999999999997,12,3
2026-01-15 13:03:25,6.5,0.66000000000000003,13,3
2026-01-15 13:45:31,6.5,1.0900000000000001,13,3
2026-01-15 13:46:29,10,0.90000000000000002,13,3
2026-01-15 14:37:05,10.699999999999999,1.4199999999999999,14,3
2026-01-15 14:34:41,17,2.77,14,3
2026-01-15 14:12:24,7.9000000000000004,0.68999999999999995,14,3
2026-01-15 14:57:33,11.4,1.5700000000000001,14,3
2026-01-15 14:12:58,14.199999999999999,1.76,14,3
2026-01-15 15:28:56,5.7999999999999998,0.46000000000000002,15,3
2026-01-15 15:09:43,16.300000000000001,1.71,15,3
2026-01-15 15:18:40,14.199999999999999,1.4299999999999999,15,3
2026-01-15 15:36:56,60.5,14.5,15,3
2026-01-15 15:17:49,7.2000000000000002,0.56000000000000005,15,3
2026-01-15 16:04:45,19.100000000000001,3.6000000000000001,16,1
2026-01-15 16:57:30,6.5,0.5,16,1
2026-01-15 16:53:22,6.5,0.69999999999999996,16,1
2026-01-15 16:45:00,19.100000000000001,2.8999999999999999,16,1
2026-01-15 16:58:47,10.699999999999999,1.1899999999999999,16,1
2026-01-15 16:46:43,12.800000000000001,1.8,16,1
2026-01-15 16:34:43,7.9000000000000004,1.7,16,1
2026-01-15 16:30:30,31,4.2199999999999998,16,1
2026-01-15 16:55:13,26.800000000000001,1.51,16,1
2026-01-15 17:25:48,15.6,1.9299999999999999,17,1
2026-01-15 17:26:29,13.5,1.6200000000000001,17,1
2026-01-15 17:59:09,35.899999999999999,7.04,17,1
2026-01-15 17:06:32,11.4,1.2,17,1
2026-01-15 17:50:19,14.199999999999999,1.8799999999999999,17,1
2026-01-15 17:02:41,25.399999999999999,2.6499999999999999,17,1
2026-01-15 17:40:55,14.199999999999999,1.49,17,1
2026-01-15 17:13:46,9.3000000000000007,0.90000000000000002,17,1
2026-01-15 17:15:33,13.5,2,17,1
2026-01-15 18:55:40,5.0999999999999996,0.40000000000000002,18,1
2026-01-15 18:11:04,5.0999999999999996,0.44,18,1
2026-01-15 18:02:52,7.2000000000000002,0.58999999999999997,18,1
2026-01-15 18:28:04,7.2000000000000002,0.71999999999999997,18,1
2026-01-15 18:55:59,13.5,2.29,18,1
2026-01-15 18:46:09,8.5999999999999996,0.96999999999999997,18,1
2026-01-15 18:14:33,6.5,0.28999999999999998,18,1
2026-01-15 18:50:46,20.5,2.8700000000000001,18,1
2026-01-15 19:04:23,16.300000000000001,2.2000000000000002,19,1
2026-01-15 19:03:56,11.4,1.3300000000000001,19,1
2026-01-15 19:23:35,10,1.1599999999999999,19,1
2026-01-15 19:45:48,85,15.94,19,1
2026-01-15 19:35:04,13.5,1.96,19,1
2026-01-15 19:39:17,11.4,1.8700000000000001,19,1
2026-01-15 20:35:30,10.699999999999999,1.4399999999999999,20,1
2026-01-15 20:12:48,12.1,1.6399999999999999,20,1
2026-01-15 20:49:42,14.199999999999999,2.1299999999999999,20,1
2026-01-15 20:18:56,12.1,1.3300000000000001,20,1
2026-01-15 20:08:08,12.1,1,20,1
2026-01-15 20:00:19,8.5999999999999996,1.21,20,1
2026-01-15 20:43:58,13.5,1.96,20,1
2026-01-15 20:32:40,17,2.73,20,1
2026-01-15 20:50:08,11.4,1.3200000000000001,20,1
2026-01-15 20:32:13,31.699999999999999,5.79,20,1
2026-01-15 21:06:17,10,1.1100000000000001,21,1
2026-01-15 21:45:58,5.7999999999999998,0.81999999999999995,21,1
2026-01-15 21:32:15,21.899999999999999,3.3799999999999999,21,1
2026-01-15 21:42:22,13.5,2.5899999999999999,21,1
2026-01-15 21:42:03,7.9000000000000004,1.0600000000000001,21,1
2026-01-15 22:08:56,13.5,1.98,22,1
2026-01-15 22:58:52,7.9000000000000004,0.88,22,1
2026-01-15 22:05:05,9.3000000000000007,1.2,22,1
2026-01-15 22:36:43,6.5,0.89000000000000001,22,1
2026-01-15 22:11:38,12.1,1.8999999999999999,22,1
2026-01-15 22:01:26,10,1.01,22,1
2026-01-15 22:02:54,10,1.0700000000000001,22,1
2026-01-15 22:03:32,12.800000000000001,2.02,22,1
2026-01-15 23:25:44,38.700000000000003,9.4800000000000004,23,1
2026-01-15 23:59:12,19.100000000000001,4.3099999999999996,23,1
2026-01-15 23:39:36,14.199999999999999,2.4199999999999999,23,1
2026-01-16 00:08:29,12.800000000000001,2.3999999999999999,0,1
2026-01-16 00:58:16,10.699999999999999,1.24,0,1
2026-01-16 00:26:00,9.3000000000000007,1.5,0,1
2026-01-16 00:15:39,9.3000000000000007,1.4299999999999999,0,1
2026-01-16 00:05:06,7.9000000000000004,1.1200000000000001,0,1
2026-01-16 01:17:58,7.9000000000000004,1.3100000000000001,1,1
2026-01-16 07:16:42,6.5,0.80000000000000004,7,1
2026-01-16 07:57:41,7.9000000000000004,0.72999999999999998,7,1
2026-01-16 07:44:51,10,0.85999999999999999,7,1
2026-01-16 07:17:23,20.5,2.8999999999999999,7,1
2026-01-16 07:40:11,6.5,0.82999999999999996,7,1
2026-01-16 07:49:59,13.5,2.1499999999999999,7,1
2026-01-16 08:56:41,41.5,11.4,8,1
2026-01-16 08:16:18,27.5,4.4199999999999999,8,1
2026-01-16 08:23:46,71.5,24,8,1
2026-01-16 09:47:26,9.3000000000000007,1.3400000000000001,9,1
2026-01-16 09:33:39,5.0999999999999996,0.53000000000000003,9,1
2026-01-16 09:46:59,17,1.79,9,1
2026-01-16 09:45:41,22.600000000000001,2.3999999999999999,9,1
2026-01-16 09:25:23,8.5999999999999996,1.04,9,1
2026-01-16 09:30:44,7.9000000000000004,1,9,1
2026-01-16 10:10:34,7.9000000000000004,0.93999999999999995,10,1
2026-01-16 10:03:30,17.699999999999999,1.53,10,1
2026-01-16 10:55:12,28.199999999999999,4.8399999999999999,10,1
2026-01-16 10:27:05,14.9,0.88,10,1
2026-01-16 11:01:25,6.5,0.52000000000000002,11,1
2026-01-16 11:33:10,11.4,1.79,11,1
2026-01-16 11:29:58,7.9000000000000004,0.91000000000000003,11,1
2026-01-16 11:17:20,7.2000000000000002,0.62,11,1
2026-01-16 11:02:06,11.4,0.76000000000000001,11,1
2026-01-16 11:12:41,22.5,4.7000000000000002,11,1
2026-01-16 11:19:47,19.100000000000001,2.8999999999999999,11,1
2026-01-16 11:05:27,7.9000000000000004,0.89000000000000001,11,1
2026-01-16 11:07:39,14.199999999999999,1.3100000000000001,11,1
2026-01-16 12:06:52,12.1,0.83999999999999997,12,1
2026-01-16 12:34:36,19.800000000000001,1.8500000000000001,12,1
2026-01-16 12:13:32,28.199999999999999,4.3899999999999997,12,1
2026-01-16 12:39:30,19.100000000000001,2.8399999999999999,12,1
2026-01-16 13:01:28,5.7999999999999998,0.66000000000000003,13,2
2026-01-16 13:46:52,12.1,1.5700000000000001,13,2
2026-01-16 13:15:24,23.5,4.5999999999999996,13,2
2026-01-16 13:55:09,5.0999999999999996,0.40000000000000002,13,2
2026-01-16 14:45:06,15.6,2.6099999999999999,14,1
2026-01-16 14:41:43,41.5,10.5,14,1
2026-01-16 14:17:34,18.5,1.3999999999999999,14,1
2026-01-16 14:48:08,12.1,1.6200000000000001,14,1
2026-01-16 14:25:41,62.899999999999999,10.970000000000001,14,1
2026-01-16 15:23:33,13.5,1.6000000000000001,15,1
2026-01-16 15:39:30,9.3000000000000007,1.2,15,1
2026-01-16 15:38:19,9.3000000000000007,1,15,1
2026-01-16 15:57:10,10,0.92000000000000004,15,1
2026-01-16 15:33:54,12.1,1.6299999999999999,15,1
2026-01-16 15:00:34,70,18.219999999999999,15,1
2026-01-16 16:23:09,8.5999999999999996,0.66000000000000003,16,1
2026-01-16 16:47:49,3.7000000000000002,0.14999999999999999,16,1
2026-01-16 16:35:04,19.800000000000001,2.5800000000000001,16,1
2026-01-16 16:54:10,16.300000000000001,2.2999999999999998,16,1
2026-01-16 16:12:54,6.5,0.68999999999999995,16,1
2026-01-16 16:30:18,10.699999999999999,0.35999999999999999,16,1
2026-01-16 16:42:12,7.2000000000000002,0.87,16,1
2026-01-16 16:41:07,12.800000000000001,1.5,16,1
2026-01-16 16:03:18,7.9000000000000004,0.71999999999999997,16,1
2026-01-16 16:18:53,10.699999999999999,1.28,16,1
2026-01-16 17:33:44,19.100000000000001,2.3999999999999999,17,2
2026-01-16 17:29:27,9.3000000000000007,0.91000000000000003,17,2
2026-01-16 17:59:39,8.5999999999999996,0.94999999999999996,17,2
2026-01-16 17:08:33,24,4.3899999999999997,17,2
2026-01-16 17:59:24,11.4,2.1000000000000001,17,2
2026-01-16 17:01:59,26.5,4.7000000000000002,17,2
2026-01-16 17:29:15,9.3000000000000007,0.84999999999999998,17,2
2026-01-16 18:21:16,12.1,1.2,18,2
2026-01-16 18:36:01,7.2000000000000002,0.60999999999999999,18,2
2026-01-16 18:05:29,7.9000000000000004,1,18,2
2026-01-16 18:01:12,5.0999999999999996,0.42999999999999999,18,2
2026-01-16 18:23:10,14.199999999999999,2,18,2
2026-01-16 18:46:44,8.5999999999999996,1.1399999999999999,18,2
2026-01-16 18:19:26,15.6,1.4399999999999999,18,2
2026-01-16 19:11:57,12.800000000000001,2.1000000000000001,19,3
2026-01-16 19:49:14,9.3000000000000007,1.1000000000000001,19,3
2026-01-16 19:56:18,15.6,2.6499999999999999,19,3
2026-01-16 19:42:26,7.2000000000000002,1.1000000000000001,19,3
2026-01-16 19:57:19,5.0999999999999996,0.29999999999999999,19,3
2026-01-16 19:01:19,12.1,1.8100000000000001,19,3
2026-01-16 20:19:25,17,2.73,20,2
2026-01-16 20:42:31,14.199999999999999,1.78,20,2
2026-01-16 20:46:21,12.1,1.29,20,2
2026-01-16 20:27:25,24.699999999999999,5.1900000000000004,20,2
2026-01-16 20:33:20,5.0999999999999996,0.68000000000000005,20,2
2026-01-16 20:44:36,9.3000000000000007,0.81000000000000005,20,2
2026-01-16 20:29:58,7.2000000000000002,0.93000000000000005,20,2
2026-01-16 20:31:56,24,4.3600000000000003,20,2
2026-01-16 21:41:36,13.5,2.1200000000000001,21,3
2026-01-16 21:29:33,28.199999999999999,4.6900000000000004,21,3
2026-01-16 21:06:22,7.9000000000000004,1.04,21,3
2026-01-16 22:24:50,6.5,0.62,22,3
2026-01-16 22:46:17,16.300000000000001,2.54,22,3
2026-01-16 22:18:16,34.5,7.8300000000000001,22,3
2026-01-16 22:40:07,15.6,2.73,22,3
2026-01-16 22:23:21,13.5,2.29,22,3
2026-01-16 22:07:20,24,3.8700000000000001,22,3
2026-01-16 22:22:19,8.5999999999999996,0.78000000000000003,22,3
2026-01-16 22:37:57,19.800000000000001,2.96,22,3
2026-01-16 23:44:31,26.800000000000001,6.2000000000000002,23,1
2026-01-16 23:09:49,35.200000000000003,6.0300000000000002,23,1
2026-01-16 23:26:36,14.9,2.8199999999999998,23,1
2026-01-16 23:49:12,8.5999999999999996,1.1899999999999999,23,1
2026-01-16 23:00:06,30,0.98999999999999999,23,1
2026-01-17 00:32:00,11.4,1.8999999999999999,0,2
2026-01-17 00:12:13,12.800000000000001,1.6899999999999999,0,2
2026-01-17 00:20:38,9.3000000000000007,1.3400000000000001,0,2
2026-01-17 00:53:48,6.5,0.85999999999999999,0,2
2026-01-17 01:07:24,8.5999999999999996,0.91000000000000003,1,2
2026-01-17 02:07:27,13.5,1.9199999999999999,2,2
2026-01-17 03:28:59,7.9000000000000004,0.71999999999999997,3,3
2026-01-17 03:42:15,6.5,0.69999999999999996,3,3
2026-01-17 03:18:47,5.0999999999999996,0.62,3,3
2026-01-17 05:03:03,37.299999999999997,9.5999999999999996,5,3
2026-01-17 08:49:18,9.3000000000000007,1.4299999999999999,8,3
2026-01-17 09:57:06,10,1.46,9,14
2026-01-17 09:54:56,10,1.49,9,14
2026-01-17 10:55:55,10,1.1100000000000001,10,3
2026-01-17 10:38:16,9.3000000000000007,1.5800000000000001,10,3
2026-01-17 10:27:36,8.5999999999999996,1.05,10,3
2026-01-17 10:24:49,22.600000000000001,4.6699999999999999,10,3
2026-01-17 10:24:06,16.300000000000001,2.6400000000000001,10,3
2026-01-17 10:23:11,26.5,5.2999999999999998,10,3
2026-01-17 10:11:36,60,9.2599999999999998,10,3
2026-01-17 10:15:31,7.9000000000000004,0.88,10,3
2026-01-17 11:23:05,7.9000000000000004,0.94999999999999996,11,3
2026-01-17 11:12:13,9.3000000000000007,1.5600000000000001,11,3
2026-01-17 11:06:30,5.7999999999999998,0.58999999999999997,11,3
2026-01-17 11:51:22,14.9,1.1100000000000001,11,3
2026-01-17 12:59:06,6.5,0.90000000000000002,12,3
2026-01-17 12:57:56,7.2000000000000002,0.66000000000000003,12,3
2026-01-17 12:34:07,14.9,2.1899999999999999,12,3
2026-01-17 12:09:51,19.100000000000001,1.8,12,3
2026-01-17 12:59:41,9.3000000000000007,1.1799999999999999,12,3
2026-01-17 13:10:34,17,2.3599999999999999,13,3
2026-01-17 13:51:27,5.7999999999999998,0.69999999999999996,13,3
2026-01-17 13:25:26,15.6,2.0299999999999998,13,3
2026-01-17 13:31:25,4.4000000000000004,0.070000000000000007,13,3
2026-01-17 13:53:17,5.7999999999999998,0.81000000000000005,13,3
2026-01-17 13:30:46,10.699999999999999,1.01,13,3
2026-01-17 13:10:04,18.399999999999999,2.3999999999999999,13,3
2026-01-17 13:52:17,12.800000000000001,2.1000000000000001,13,3
2026-01-17 13:19:19,5.0999999999999996,0.44,13,3
2026-01-17 13:38:16,18.399999999999999,3.9399999999999999,13,3
2026-01-17 14:44:24,7.2000000000000002,0.60999999999999999,14,3
2026-01-17 14:48:54,5.0999999999999996,0.59999999999999998,14,3
2026-01-17 14:16:25,10,1.5,14,3
2026-01-17 14:42:38,21.199999999999999,2.5800000000000001,14,3
2026-01-17 14:20:53,6.5,0.79000000000000004,14,3
2026-01-17 14:11:27,5.7999999999999998,0.59999999999999998,14,3
2026-01-17 14:06:30,14.9,1.9199999999999999,14,3
2026-01-17 15:33:46,21.199999999999999,3.04,15,3
2026-01-17 15:08:45,28.899999999999999,5.79,15,3
2026-01-17 15:00:49,24.699999999999999,4.5599999999999996,15,3
2026-01-17 15:33:11,6.5,0.56000000000000005,15,3
2026-01-17 16:38:45,6.5,0.71999999999999997,16,14
2026-01-17 16:58:49,6.5,0.70999999999999996,16,14
2026-01-17 16:55:07,12.1,1.71,16,14
2026-01-17 16:56:48,26.100000000000001,4.7999999999999998,16,14
2026-01-17 16:59:45,11.4,0.98999999999999999,16,14
2026-01-17 16:18:31,12.800000000000001,1.2,16,14
2026-01-17 16:22:59,7.9000000000000004,0.81999999999999995,16,14
2026-01-17 17:13:38,18.399999999999999,2.3700000000000001,17,12
2026-01-17 17:01:22,21.899999999999999,2.5,17,12
2026-01-17 17:23:42,10.699999999999999,1.3,17,12
2026-01-17 17:14:58,13.5,1.6000000000000001,17,12
2026-01-17 17:26:06,14.199999999999999,1.8400000000000001,17,12
2026-01-17 18:08:14,15.6,2.3599999999999999,18,12
2026-01-17 18:34:48,17,2.4700000000000002,18,12
2026-01-17 19:54:39,10,1.02,19,13
2026-01-17 19:42:05,26.800000000000001,4.5,19,13
2026-01-17 19:16:21,12.800000000000001,2,19,13
2026-01-17 19:16:37,20.5,3.3100000000000001,19,13
2026-01-17 19:23:02,7.2000000000000002,0.88,19,13
2026-01-17 19:00:41,27.5,6.1600000000000001,19,13
2026-01-17 20:40:12,12.1,1.3999999999999999,20,12
2026-01-17 20:16:48,12.800000000000001,2.2999999999999998,20,12
2026-01-17 20:39:30,38.700000000000003,10.16,20,12
2026-01-17 20:20:40,132.19999999999999,30.640000000000001,20,12
2026-01-17 21:31:47,6.5,0.90000000000000002,21,3
2026-01-17 21:58:24,16.300000000000001,2.4500000000000002,21,3
2026-01-17 21:52:34,33.100000000000001,7.0999999999999996,21,3
2026-01-17 21:32:11,70,18.719999999999999,21,3
2026-01-17 21:52:12,70,15.800000000000001,21,3
2026-01-17 21:11:46,7.9000000000000004,1.3500000000000001,21,3
2026-01-17 22:04:40,10.699999999999999,1.3600000000000001,22,3
2026-01-17 22:17:40,5.7999999999999998,0.80000000000000004,22,3
2026-01-17 22:05:54,10.699999999999999,1.3999999999999999,22,3
2026-01-17 22:28:54,45.700000000000003,8.4600000000000009,22,3
2026-01-17 22:10:53,17,2.4700000000000002,22,3
2026-01-17 22:16:03,5.7999999999999998,0.92000000000000004,22,3
2026-01-17 22:34:26,22.600000000000001,3.3100000000000001,22,3
2026-01-17 23:52:24,8.5999999999999996,0.68999999999999995,23,1
2026-01-17 23:53:32,17,2.8999999999999999,23,1
2026-01-17 23:18:20,14.199999999999999,3.3500000000000001,23,1
2026-01-17 23:38:57,27.5,6.0700000000000003,23,1
2026-01-18 00:47:33,27.5,5.9000000000000004,0,1
2026-01-18 00:24:59,7.9000000000000004,1,0,1
2026-01-18 00:43:31,12.800000000000001,1.54,0,1
2026-01-18 00:42:19,8.5999999999999996,0.92000000000000004,0,1
2026-01-18 00:40:52,14.199999999999999,2.7400000000000002,0,1
2026-01-18 01:48:01,17,2.2799999999999998,1,1
2026-01-18 02:13:38,11.4,1.3300000000000001,2,2
2026-01-18 03:38:09,7.2000000000000002,0.95999999999999996,3,1
2026-01-18 07:37:31,7.9000000000000004,1.3500000000000001,7,3
2026-01-18 07:01:44,8.5999999999999996,1.3500000000000001,7,3
2026-01-18 08:01:47,5.0999999999999996,0.5,8,3
2026-01-18 08:04:51,35.899999999999999,8.6999999999999993,8,3
2026-01-18 09:58:51,4.4000000000000004,0.40000000000000002,9,3
2026-01-18 10:33:35,9.3000000000000007,1.4399999999999999,10,3
2026-01-18 10:14:58,9.3000000000000007,1.74,10,3
2026-01-18 11:33:11,24,4.6299999999999999,11,14
2026-01-18 11:31:10,8.5999999999999996,1.3999999999999999,11,14
2026-01-18 11:41:20,12.800000000000001,1.5900000000000001,11,14
2026-01-18 11:24:06,38.700000000000003,9.5999999999999996,11,14
2026-01-18 12:18:12,24,3.9500000000000002,12,15
2026-01-18 13:41:29,7.9000000000000004,0.59999999999999998,13,15
2026-01-18 13:34:42,33.100000000000001,6.8399999999999999,13,15
2026-01-18 13:05:24,12.800000000000001,2.2000000000000002,13,15
2026-01-18 13:03:16,12.800000000000001,2.1000000000000001,13,15
2026-01-18 13:53:03,8.5999999999999996,1,13,15
2026-01-18 13:20:41,11.4,1.28,13,15
2026-01-18 13:56:32,14.9,1.8999999999999999,13,15
2026-01-18 13:44:19,10,1.28,13,15
2026-01-18 14:40:43,17,2.6800000000000002,14,15
2026-01-18 14:59:21,7.2000000000000002,0.78000000000000003,14,15
2026-01-18 14:00:07,12.800000000000001,1.6000000000000001,14,15
2026-01-18 14:01:44,26.800000000000001,6.2999999999999998,14,15
2026-01-18 14:13:00,7.2000000000000002,0.85999999999999999,14,15
2026-01-18 14:13:01,12.1,1.05,14,15
2026-01-18 15:33:28,35.200000000000003,8.1400000000000006,15,5
2026-01-18 15:35:48,11.4,1.6599999999999999,15,5
2026-01-18 15:24:13,10.699999999999999,1.29,15,5
2026-01-18 15:20:14,63.899999999999999,11.69,15,5
2026-01-18 16:20:04,12.1,1.8600000000000001,16,12
2026-01-18 16:16:13,11.4,1.3200000000000001,16,12
2026-01-18 16:21:40,14.9,1.8100000000000001,16,12
2026-01-18 16:13:31,5.7999999999999998,0.69999999999999996,16,12
2026-01-18 16:15:04,11.4,1.4399999999999999,16,12
2026-01-18 16:15:14,12.1,1.7,16,12
2026-01-18 16:47:22,8.5999999999999996,0.69999999999999996,16,12
2026-01-18 17:47:59,52.700000000000003,12.890000000000001,17,15
2026-01-18 17:25:33,70,20.379999999999999,17,15
2026-01-18 17:13:37,7.2000000000000002,0.60999999999999999,17,15
2026-01-18 17:30:58,17.699999999999999,2.77,17,15
2026-01-18 17:53:12,17,1.9199999999999999,17,15
2026-01-18 18:58:52,13.5,2.48,18,15
2026-01-18 18:51:38,21.199999999999999,3.5600000000000001,18,15
2026-01-18 19:28:42,7.9000000000000004,1.23,19,12
2026-01-18 19:26:23,5.7999999999999998,0.68999999999999995,19,12
2026-01-18 19:22:27,21.199999999999999,3.2000000000000002,19,12
2026-01-18 19:54:21,56.899999999999999,13.42,19,12
2026-01-18 19:58:26,5.7999999999999998,0.79000000000000004,19,12
2026-01-18 19:11:40,7.2000000000000002,0.80000000000000004,19,12
2026-01-18 20:32:27,10,1.52,20,12
2026-01-18 20:47:52,13.5,1.96,20,12
2026-01-18 21:53:06,7.9000000000000004,0.80000000000000004,21,12
2026-01-18 21:19:56,7.9000000000000004,1.01,21,12
2026-01-18 21:15:00,70,18.23,21,12
2026-01-18 21:57:49,14.199999999999999,2.2799999999999998,21,12
2026-01-18 22:01:36,13.5,2.6099999999999999,22,12
2026-01-18 22:46:01,27.5,7.04,22,12
2026-01-18 22:14:11,7.2000000000000002,1.1000000000000001,22,12
2026-01-18 22:58:20,44.299999999999997,11.460000000000001,22,12
2026-01-18 22:31:14,70,17.960000000000001,22,12
2026-01-18 22:16:25,9.3000000000000007,1.1299999999999999,22,12
2026-01-18 23:38:58,7.9000000000000004,0.96999999999999997,23,12
2026-01-18 23:54:35,31.699999999999999,7.1399999999999997,23,12
2026-01-18 23:40:24,41.5,10.18,23,12
2026-01-18 23:33:05,70,14.960000000000001,23,12
2026-01-19 00:17:08,70,17.859999999999999,0,12
2026-01-19 01:00:01,23.300000000000001,5.4100000000000001,1,12
2026-01-19 06:59:16,11.4,2.5600000000000001,6,3
2026-01-19 08:47:08,28.899999999999999,6.5599999999999996,8,3
2026-01-19 08:49:04,12.800000000000001,2.1499999999999999,8,3
2026-01-19 08:25:41,14.9,2.5299999999999998,8,3
2026-01-19 08:33:49,12.800000000000001,2.1299999999999999,8,3
2026-01-19 08:15:06,12.1,2.0600000000000001,8,3
2026-01-19 08:52:32,14.199999999999999,2.4100000000000001,8,3
2026-01-19 08:48:51,10.699999999999999,1.8799999999999999,8,3
2026-01-19 08:03:46,8.5999999999999996,1.4099999999999999,8,3
2026-01-19 08:47:32,39.5,11.199999999999999,8,3
2026-01-19 08:38:49,45,11.98,8,3
2026-01-19 09:59:00,109.40000000000001,29.239999999999998,9,3
2026-01-19 10:15:47,11.4,1.8100000000000001,10,3
2026-01-19 10:32:58,10,1.5700000000000001,10,3
2026-01-19 11:36:29,10.699999999999999,1.0900000000000001,11,3
2026-01-19 11:50:15,55.5,12.300000000000001,11,3
2026-01-19 11:15:15,12.1,1.0600000000000001,11,3
2026-01-19 12:21:03,20.5,4.6799999999999997,12,3
2026-01-19 12:24:03,11.4,1.8,12,3
2026-01-19 12:22:08,11.4,1.8899999999999999,12,3
2026-01-19 12:00:57,8.5999999999999996,0.78000000000000003,12,3
2026-01-19 12:52:02,27.5,5.4400000000000004,12,3
2026-01-19 14:02:00,6.5,0.69999999999999996,14,1
2026-01-19 14:42:07,70,29.670000000000002,14,1
2026-01-19 14:43:47,17,2.29,14,1
2026-01-19 15:01:30,5.0999999999999996,0.51000000000000001,15,1
2026-01-19 15:37:56,45,9.2599999999999998,15,1
2026-01-19 15:30:45,22.600000000000001,3.7799999999999998,15,1
2026-01-19 15:57:28,6.5,0.69999999999999996,15,1
2026-01-19 15:44:38,6.5,0.67000000000000004,15,1
2026-01-19 15:53:12,16.300000000000001,2.4700000000000002,15,1
2026-01-19 16:56:19,8.5999999999999996,0.93999999999999995,16,1
2026-01-19 17:17:06,38,9.5,17,1
2026-01-19 18:36:23,17,2.4100000000000001,18,1
2026-01-19 18:00:29,16.300000000000001,2.7999999999999998,18,1
2026-01-19 18:09:19,60.399999999999999,14.609999999999999,18,1
2026-01-19 18:39:23,14.9,1.77,18,1
2026-01-19 18:27:56,48.5,10.710000000000001,18,1
2026-01-19 19:09:38,27.5,6.0199999999999996,19,1
2026-01-19 19:33:49,22.600000000000001,4.0599999999999996,19,1
2026-01-19 19:14:28,19.800000000000001,3.9100000000000001,19,1
2026-01-19 21:06:35,5.7999999999999998,0.63,21,3
2026-01-19 21:31:56,59,15.66,21,3
2026-01-19 21:29:20,19.800000000000001,3.9900000000000002,21,3
2026-01-19 22:47:00,5.0999999999999996,0.40000000000000002,22,3
2026-01-19 23:06:04,8.5999999999999996,1.3999999999999999,23,1
2026-01-19 23:39:20,70,19.109999999999999,23,1
2026-01-19 23:31:25,16.300000000000001,3.3700000000000001,23,1
2026-01-20 02:04:44,10,1.26,2,3
2026-01-20 05:49:07,41.5,11.4,5,1
2026-01-20 05:34:34,39.5,12.300000000000001,5,1
2026-01-20 06:36:35,11.4,2.0699999999999998,6,1
2026-01-20 06:52:01,7.9000000000000004,1.01,6,1
2026-01-20 07:21:50,63.899999999999999,16.309999999999999,7,1
2026-01-20 07:31:42,9.3000000000000007,1.1000000000000001,7,1
2026-01-20 07:30:46,10.699999999999999,1.4399999999999999,7,1
2026-01-20 07:58:01,21.899999999999999,4.2999999999999998,7,1
2026-01-20 08:07:09,16.300000000000001,2.6000000000000001,8,1
2026-01-20 08:55:43,10.699999999999999,1.6100000000000001,8,1
2026-01-20 08:41:06,7.2000000000000002,0.77000000000000002,8,1
2026-01-20 08:45:46,12.800000000000001,1.3999999999999999,8,1
2026-01-20 08:41:03,13.5,1,8,1
2026-01-20 08:26:58,17.699999999999999,2.1400000000000001,8,1
2026-01-20 08:44:49,43.5,13.300000000000001,8,1
2026-01-20 09:40:48,4.4000000000000004,0.28999999999999998,9,1
2026-01-20 09:36:14,10,1.3500000000000001,9,1
2026-01-20 09:47:11,47.5,13.300000000000001,9,1
2026-01-20 10:00:30,7.9000000000000004,1.04,10,1
2026-01-20 10:11:52,9.3000000000000007,0.47999999999999998,10,1
2026-01-20 10:20:44,11.4,1.3600000000000001,10,1
2026-01-20 11:45:26,7.9000000000000004,0.85999999999999999,11,1
2026-01-20 11:53:26,20.5,3.6400000000000001,11,1
2026-01-20 11:35:50,9.3000000000000007,0.97999999999999998,11,1
2026-01-20 12:57:27,14.199999999999999,1.3300000000000001,12,1
2026-01-20 12:04:35,51.299999999999997,11.6,12,1
2026-01-20 12:40:18,26.5,6.5999999999999996,12,1
2026-01-20 12:20:45,14.9,2.25,12,1
2026-01-20 12:35:08,10.699999999999999,0.91000000000000003,12,1
2026-01-20 12:36:02,15.6,0.70999999999999996,12,1
2026-01-20 12:41:22,10,0.77000000000000002,12,1
2026-01-20 13:58:09,11.4,1.7,13,1
2026-01-20 13:30:31,8.5999999999999996,0.94999999999999996,13,1
2026-01-20 13:35:17,9.3000000000000007,1.3999999999999999,13,1
2026-01-20 13:25:15,10,1.1000000000000001,13,1
2026-01-20 13:48:43,14.9,1.3999999999999999,13,1
2026-01-20 13:40:59,10.699999999999999,1.1699999999999999,13,1
2026-01-20 13:32:27,48.5,12.4,13,1
2026-01-20 14:24:10,30.300000000000001,6.8899999999999997,14,1
2026-01-20 14:52:03,8.5999999999999996,0.89000000000000001,14,1
2026-01-20 14:17:32,9.3000000000000007,0.69999999999999996,14,1
2026-01-20 14:37:44,20.5,1.8,14,1
2026-01-20 14:43:07,11.4,1.23,14,1
2026-01-20 14:18:32,10,0.65000000000000002,14,1
2026-01-20 15:04:40,6.5,0.5,15,1
2026-01-20 15:25:45,7.9000000000000004,0.75,15,1
2026-01-20 15:36:41,17,1.8100000000000001,15,1
2026-01-20 15:20:42,7.9000000000000004,0.87,15,1
2026-01-20 16:52:30,6.5,0.59999999999999998,16,1
2026-01-20 16:02:23,6.5,0.67000000000000004,16,1
2026-01-20 16:29:33,14.199999999999999,2.0899999999999999,16,1
2026-01-20 16:56:03,10.699999999999999,1.6699999999999999,16,1
2026-01-20 16:22:59,6.5,0.71999999999999997,16,1
2026-01-20 16:07:24,24.699999999999999,2.5,16,1
2026-01-20 16:41:40,16.300000000000001,1.1599999999999999,16,1
2026-01-20 16:32:22,45.5,14,16,1
2026-01-20 16:22:00,13.5,1.6699999999999999,16,1
2026-01-20 17:29:30,10,1.3,17,1
2026-01-20 17:02:49,12.1,1.1399999999999999,17,1
2026-01-20 17:23:42,45,9.8000000000000007,17,1
2026-01-20 17:28:39,19.100000000000001,1.3400000000000001,17,1
2026-01-20 17:33:34,5.7999999999999998,0.57999999999999996,17,1
2026-01-20 17:04:11,70,15.640000000000001,17,1
2026-01-20 17:49:18,12.1,1.01,17,1
2026-01-20 17:50:42,24,3.1000000000000001,17,1
2026-01-20 17:49:05,7.2000000000000002,1.03,17,1
2026-01-20 17:36:37,12.800000000000001,2.0800000000000001,17,1
2026-01-20 17:23:31,20.5,1.8999999999999999,17,1
2026-01-20 18:58:55,16.300000000000001,2.8999999999999999,18,1
2026-01-20 18:24:57,12.800000000000001,2.1000000000000001,18,1
2026-01-20 18:57:04,14.199999999999999,1.8500000000000001,18,1
2026-01-20 18:04:16,11.4,0.94999999999999996,18,1
2026-01-20 18:13:04,8.5999999999999996,0.54000000000000004,18,1
2026-01-20 18:13:07,10.699999999999999,1.0700000000000001,18,1
2026-01-20 18:54:33,10.699999999999999,1.1699999999999999,18,1
2026-01-20 19:14:47,11.4,1.3600000000000001,19,1
2026-01-20 19:57:35,7.9000000000000004,1.04,19,1
2026-01-20 19:23:10,5.7999999999999998,0.59999999999999998,19,1
2026-01-20 19:04:01,20.5,2.7999999999999998,19,1
2026-01-20 19:02:43,9.3000000000000007,0.97999999999999998,19,1
2026-01-20 19:16:09,14.9,2.3900000000000001,19,1
2026-01-20 19:01:08,7.2000000000000002,0.79000000000000004,19,1
2026-01-20 20:02:42,10,1.52,20,1
2026-01-20 20:56:23,35.200000000000003,8.8200000000000003,20,1
2026-01-20 21:22:21,16.300000000000001,2.7999999999999998,21,1
2026-01-20 21:57:18,21.899999999999999,3.4399999999999999,21,1
2026-01-20 21:24:11,10.699999999999999,2,21,1
2026-01-20 21:15:57,8.5999999999999996,0.94999999999999996,21,1
2026-01-20 21:18:03,70,18.32,21,1
2026-01-20 22:41:13,21.199999999999999,3.7599999999999998,22,1
2026-01-20 22:40:49,8.5999999999999996,1.1899999999999999,22,1
2026-01-21 00:34:59,5.0999999999999996,0.59999999999999998,0,1
2026-01-21 00:17:08,48.5,11.880000000000001,0,1
2026-01-21 06:50:09,5.0999999999999996,0.5,6,1
2026-01-21 06:42:27,12.1,1.99,6,1
2026-01-21 06:55:11,59.5,21.699999999999999,6,1
2026-01-21 07:29:28,49.200000000000003,10.6,7,1
2026-01-21 07:55:32,13.5,2.1400000000000001,7,1
2026-01-21 08:32:16,70,17.859999999999999,8,1
2026-01-21 09:30:13,7.2000000000000002,0.70999999999999996,9,1
2026-01-21 09:07:21,17.699999999999999,3,9,1
2026-01-21 09:35:26,12.1,1.04,9,1
2026-01-21 09:42:31,6.5,0.64000000000000001,9,1
2026-01-21 10:53:04,7.2000000000000002,0.75,10,1
2026-01-21 10:32:51,12.1,1.47,10,1
2026-01-21 10:45:28,21.899999999999999,4.5599999999999996,10,1
2026-01-21 10:00:10,15.6,1.55,10,1
2026-01-21 11:27:16,19.100000000000001,3.1499999999999999,11,1
2026-01-21 11:06:35,70,17.41,11,1
2026-01-21 11:45:12,7.2000000000000002,0.23000000000000001,11,1
2026-01-21 11:12:09,33.799999999999997,6.2999999999999998,11,1
2026-01-21 11:43:33,10.699999999999999,0.94999999999999996,11,1
2026-01-21 11:15:53,19.100000000000001,2.5499999999999998,11,1
2026-01-21 11:11:26,18.5,1.5,11,1
2026-01-21 11:27:40,85,14.32,11,1
2026-01-21 11:48:00,26.800000000000001,2.9300000000000002,11,1
2026-01-21 12:11:19,10,1.03,12,1
2026-01-21 12:03:18,42.200000000000003,9.5099999999999998,12,1
2026-01-21 13:00:42,6.5,0.68999999999999995,13,1
2026-01-21 12:08:41,47.5,14.699999999999999,12,1
2026-01-21 12:33:01,21.199999999999999,2.1800000000000002,12,1
2026-01-21 13:58:46,21.199999999999999,3.2999999999999998,13,1
2026-01-21 13:36:17,7.9000000000000004,0.63,13,1
2026-01-21 13:09:56,14.9,1.7,13,1
2026-01-21 13:41:14,19.100000000000001,3.6499999999999999,13,1
2026-01-21 13:52:08,14.199999999999999,2.1000000000000001,13,1
2026-01-21 13:57:26,12.800000000000001,1.5,13,1
2026-01-21 13:57:07,14.199999999999999,1.3300000000000001,13,1
2026-01-21 13:54:18,8.5999999999999996,0.80000000000000004,13,1
2026-01-21 14:09:57,14.199999999999999,1.4299999999999999,14,1
2026-01-21 14:59:40,8.5999999999999996,0.80000000000000004,14,1
2026-01-21 14:51:34,22.600000000000001,3.1299999999999999,14,1
2026-01-21 14:52:42,6.5,0.40000000000000002,14,1
2026-01-21 15:19:09,6.5,0.54000000000000004,15,1
2026-01-21 15:30:24,42.899999999999999,10.800000000000001,15,1
2026-01-21 15:13:38,8.5999999999999996,1.0600000000000001,15,1
2026-01-21 15:24:54,12.1,1.1299999999999999,15,1
2026-01-21 15:41:32,6.5,0.72999999999999998,15,1
2026-01-21 15:53:23,24,2.8399999999999999,15,1
2026-01-21 15:38:35,11.4,1.5,15,1
2026-01-21 15:30:10,12.800000000000001,1.51,15,1
2026-01-21 16:24:45,7.2000000000000002,0.77000000000000002,16,3
2026-01-21 16:10:19,32.399999999999999,4.8799999999999999,16,3
2026-01-21 16:18:31,28.199999999999999,6.0499999999999998,16,3
2026-01-21 16:33:17,8.5999999999999996,0.82999999999999996,16,3
2026-01-21 17:48:21,23.300000000000001,4.0899999999999999,17,3
2026-01-21 17:17:51,47.799999999999997,8.6999999999999993,17,3
2026-01-21 17:20:18,5.7999999999999998,0.69999999999999996,17,3
2026-01-21 17:40:54,7.9000000000000004,0.57999999999999996,17,3
2026-01-21 18:06:41,14.9,1.6000000000000001,18,3
2026-01-21 18:41:32,11.4,1.3999999999999999,18,3
2026-01-21 18:13:54,9.3000000000000007,1.2,18,3
2026-01-21 18:50:48,8.5999999999999996,0.85999999999999999,18,3
2026-01-21 18:49:19,12.1,0.92000000000000004,18,3
2026-01-21 18:11:16,110,1.72,18,3
2026-01-21 19:44:42,21.899999999999999,3.9100000000000001,19,3
2026-01-21 19:31:34,15.6,2.4900000000000002,19,3
2026-01-21 19:21:24,11.4,1.05,19,3
2026-01-21 19:08:04,5.0999999999999996,0.47999999999999998,19,3
2026-01-21 20:57:52,33.799999999999997,8.1400000000000006,20,3
2026-01-21 20:25:49,15.6,3.0299999999999998,20,3
2026-01-21 20:13:33,8.5999999999999996,0.85999999999999999,20,3
2026-01-21 20:04:22,8.5999999999999996,1.1499999999999999,20,3
2026-01-21 20:45:13,70,17.289999999999999,20,3
2026-01-21 20:41:38,5.7999999999999998,0.34999999999999998,20,3
2026-01-21 21:52:27,11.4,1.8,21,3
2026-01-21 21:30:30,8.5999999999999996,1.3999999999999999,21,3
2026-01-21 21:38:56,56.200000000000003,13.210000000000001,21,3
2026-01-21 21:59:28,14.199999999999999,2.02,21,3
2026-01-21 22:10:44,9.3000000000000007,1.6599999999999999,22,3
2026-01-21 22:52:37,9.3000000000000007,1,22,3
2026-01-21 22:57:13,14.199999999999999,2.5099999999999998,22,3
2026-01-21 22:06:46,10.699999999999999,1.54,22,3
2026-01-21 22:06:12,22.600000000000001,4.6500000000000004,22,3
2026-01-21 23:01:28,6.5,0.89000000000000001,23,3
2026-01-22 05:26:25,8.5999999999999996,1.1699999999999999,5,3
2026-01-22 06:56:10,28.5,5.5999999999999996,6,3
2026-01-22 07:11:32,10.699999999999999,1,7,3
2026-01-22 08:44:38,8.5999999999999996,0.90000000000000002,8,3
2026-01-22 08:40:47,19.100000000000001,2.3700000000000001,8,3
2026-01-22 08:11:09,10.699999999999999,1.8,8,3
2026-01-22 08:54:07,5.7999999999999998,0.29999999999999999,8,3
2026-01-22 08:30:06,7.9000000000000004,0.68000000000000005,8,3
2026-01-22 08:11:22,10.699999999999999,1.27,8,3
2026-01-22 08:02:56,21.899999999999999,3.9399999999999999,8,3
2026-01-22 08:15:39,70,19.190000000000001,8,3
2026-01-22 09:31:46,10,1.2,9,3
2026-01-22 09:42:57,22.600000000000001,2.2000000000000002,9,3
2026-01-22 09:44:46,8.5999999999999996,0.85999999999999999,9,3
2026-01-22 09:15:34,7.9000000000000004,0.68000000000000005,9,3
2026-01-22 09:20:08,19.100000000000001,3.3199999999999998,9,3
2026-01-22 09:28:13,23.5,4,9,3
2026-01-22 09:13:57,6.5,0.70999999999999996,9,3
2026-01-22 10:07:44,19.100000000000001,2.6699999999999999,10,3
2026-01-22 10:19:39,10.699999999999999,1,10,3
2026-01-22 10:37:00,13.5,1.46,10,3
2026-01-22 10:15:22,6.5,0.63,10,3
2026-01-22 10:39:48,8.5999999999999996,0.56999999999999995,10,3
2026-01-22 10:52:48,10.699999999999999,0.80000000000000004,10,3
2026-01-22 11:43:32,20.5,2.5600000000000001,11,3
2026-01-22 11:18:02,5.7999999999999998,0.32000000000000001,11,3
2026-01-22 11:16:53,19.100000000000001,1.5,11,3
2026-01-22 12:27:28,27.5,2.6000000000000001,12,3
2026-01-22 12:33:20,12.1,1.3500000000000001,12,3
2026-01-22 12:23:15,5.0999999999999996,0.5,12,3
2026-01-22 13:07:17,10,0.72999999999999998,13,3
2026-01-22 13:48:43,5.7999999999999998,0.33000000000000002,13,3
2026-01-22 13:38:17,20.5,2.1400000000000001,13,3
2026-01-22 13:41:27,12.1,0.97999999999999998,13,3
2026-01-22 13:47:50,71.599999999999994,17.600000000000001,13,3
2026-01-22 13:48:15,70,18.030000000000001,13,3
2026-01-22 13:41:33,32.5,10.1,13,3
2026-01-22 13:46:29,12.800000000000001,0.60999999999999999,13,3
2026-01-22 14:11:11,7.9000000000000004,0.69999999999999996,14,3
2026-01-22 14:04:20,12.800000000000001,1,14,3
2026-01-22 14:05:31,29.600000000000001,5.3300000000000001,14,3
2026-01-22 15:53:42,10.699999999999999,0.96999999999999997,15,3
2026-01-22 15:54:30,10,1.1000000000000001,15,3
2026-01-22 15:28:05,8.5999999999999996,0.84999999999999998,15,3
2026-01-22 15:22:37,16.300000000000001,1.79,15,3
2026-01-22 16:29:07,10,1.6000000000000001,16,3
2026-01-22 16:44:24,12.1,1.53,16,3
2026-01-22 16:51:29,8.5999999999999996,1.02,16,3
2026-01-22 16:25:03,4.4000000000000004,0.40999999999999998,16,3
2026-01-22 16:50:52,9.3000000000000007,1,16,3
2026-01-22 16:24:10,49.200000000000003,8.8599999999999994,16,3
2026-01-22 16:22:55,5.0999999999999996,0.31,16,3
2026-01-22 17:47:55,42.200000000000003,9.4000000000000004,17,3
2026-01-22 17:10:22,8.5999999999999996,0.84999999999999998,17,3
2026-01-22 17:06:09,43.600000000000001,9.1999999999999993,17,3
2026-01-22 17:53:25,15.6,1.29,17,3
2026-01-22 17:07:25,6.5,0.69999999999999996,17,3
2026-01-22 17:35:48,6.5,0.59999999999999998,17,3
2026-01-22 17:35:19,10,0.95999999999999996,17,3
2026-01-22 17:44:40,110.09999999999999,16.32,17,3
2026-01-22 17:03:49,11.4,1.8999999999999999,17,3
2026-01-22 17:01:04,36.600000000000001,7.7699999999999996,17,3
2026-01-22 18:18:14,7.2000000000000002,1.0700000000000001,18,3
2026-01-22 18:57:33,17.699999999999999,2.6000000000000001,18,3
2026-01-22 18:04:04,6.5,0.57999999999999996,18,3
2026-01-22 18:59:19,13.5,1.7,18,3
2026-01-22 18:51:10,7.2000000000000002,0.5,18,3
2026-01-22 18:04:18,25.399999999999999,2.7999999999999998,18,3
2026-01-22 18:35:57,23.300000000000001,3.2599999999999998,18,3
2026-01-22 18:48:17,11.4,0.93000000000000005,18,3
2026-01-22 18:13:38,7.9000000000000004,0.88,18,3
2026-01-22 19:47:51,19.100000000000001,3.1600000000000001,19,2
2026-01-22 19:48:54,14.9,2.02,19,2
2026-01-22 19:10:55,40.799999999999997,7.71,19,2
2026-01-22 19:59:30,31,6.1500000000000004,19,2
2026-01-22 19:54:50,17,1.95,19,2
2026-01-22 19:53:36,6.5,0.65000000000000002,19,2
2026-01-22 20:09:12,11.4,1.3100000000000001,20,3
2026-01-22 20:02:17,12.800000000000001,2.2400000000000002,20,3
2026-01-22 20:28:09,20.5,2.25,20,3
2026-01-22 20:49:30,11.4,1.01,20,3
2026-01-22 20:30:28,12.1,1.8799999999999999,20,3
2026-01-22 21:30:14,20.5,3.0299999999999998,21,3
2026-01-22 21:09:20,16.300000000000001,2.5299999999999998,21,3
2026-01-22 21:02:50,12.800000000000001,1.78,21,3
2026-01-22 21:10:41,11.4,1.7,21,3
2026-01-22 21:10:16,18.399999999999999,3.5299999999999998,21,3
2026-01-22 21:50:39,24.699999999999999,4.7699999999999996,21,3
2026-01-22 21:09:55,15.6,2.1899999999999999,21,3
2026-01-22 21:47:58,16.300000000000001,3.98,21,3
2026-01-22 22:13:09,25.399999999999999,4.3399999999999999,22,3
2026-01-22 22:24:16,7.2000000000000002,0.80000000000000004,22,3
2026-01-22 22:49:25,9.3000000000000007,1.3,22,3
2026-01-22 22:18:43,12.1,2.1400000000000001,22,3
2026-01-22 22:02:48,10.699999999999999,1.6000000000000001,22,3
2026-01-22 22:49:01,14.9,2.3300000000000001,22,3
2026-01-22 22:52:23,8.5999999999999996,1.8,22,3
2026-01-22 22:01:13,28.899999999999999,6.3799999999999999,22,3
2026-01-22 22:15:13,52,10.279999999999999,22,3
2026-01-22 22:46:39,10.699999999999999,1.47,22,3
2026-01-22 22:51:58,5.0999999999999996,0.54000000000000004,22,3
2026-01-22 22:14:15,25.399999999999999,4.0899999999999999,22,3
2026-01-22 22:02:20,24,4.0800000000000001,22,3
2026-01-22 23:03:11,11.4,1.5600000000000001,23,3
2026-01-23 00:13:59,17,2.96,0,3
2026-01-23 01:02:17,7.2000000000000002,0.93999999999999995,1,3
2026-01-23 01:39:53,8.5999999999999996,1.1799999999999999,1,3
2026-01-23 03:53:00,35.5,0.20000000000000001,3,3
2026-01-23 05:25:36,7.9000000000000004,0.88,5,3
2026-01-23 07:53:52,7.9000000000000004,1.21,7,3
2026-01-23 07:36:14,9.3000000000000007,1.28,7,3
2026-01-23 07:51:04,9.3000000000000007,0.82999999999999996,7,3
2026-01-23 07:58:29,24.5,4.4000000000000004,7,3
2026-01-23 08:18:02,17.699999999999999,2.5899999999999999,8,3
2026-01-23 08:23:33,5.7999999999999998,0.80000000000000004,8,3
2026-01-23 08:56:53,14.199999999999999,2.2000000000000002,8,3
2026-01-23 09:37:20,5.7999999999999998,0.51000000000000001,9,3
2026-01-23 09:44:22,19.800000000000001,2.9300000000000002,9,3
2026-01-23 09:20:25,13.5,3.0099999999999998,9,3
2026-01-23 10:33:57,19.800000000000001,2.3399999999999999,10,3
2026-01-23 10:00:18,9.3000000000000007,1,10,3
2026-01-23 10:52:13,14.9,1.8999999999999999,10,3
2026-01-23 11:10:15,7.9000000000000004,1,11,3
2026-01-23 11:54:00,14.199999999999999,2.1200000000000001,11,3
2026-01-23 12:10:50,7.9000000000000004,0.92000000000000004,12,3
2026-01-23 12:12:43,5.7999999999999998,0.48999999999999999,12,3
2026-01-23 12:23:51,17.699999999999999,2.75,12,3
2026-01-23 12:47:04,10.699999999999999,1.3799999999999999,12,3
2026-01-23 12:04:59,18.399999999999999,2.73,12,3
2026-01-23 12:03:16,12.1,0.81999999999999995,12,3
2026-01-23 13:11:53,10,0.70999999999999996,13,3
2026-01-23 13:27:03,12.1,1.28,13,3
2026-01-23 13:48:16,70,16.649999999999999,13,3
2026-01-23 14:28:58,9.3000000000000007,0.73999999999999999,14,3
2026-01-23 14:47:40,10.699999999999999,1.2,14,3
2026-01-23 14:59:36,14.199999999999999,1.97,14,3
2026-01-23 14:01:12,18.399999999999999,1.97,14,3
2026-01-23 14:06:15,10.699999999999999,1.22,14,3
2026-01-23 14:01:41,22.600000000000001,2.6899999999999999,14,3
2026-01-23 14:34:05,24.5,4.2000000000000002,14,3
2026-01-23 15:19:35,42.5,10.6,15,3
2026-01-23 16:50:35,11.4,1.53,16,3
2026-01-23 16:42:46,17.699999999999999,2.2000000000000002,16,3
2026-01-23 16:22:39,8.5999999999999996,1.1200000000000001,16,3
2026-01-23 16:43:39,10.699999999999999,1.23,16,3
2026-01-23 16:51:50,22.600000000000001,3.2000000000000002,16,3
2026-01-23 16:33:47,12.1,1.6100000000000001,16,3
2026-01-23 16:36:14,25.5,5.4000000000000004,16,3
2026-01-23 16:28:18,37.299999999999997,8.4399999999999995,16,3
2026-01-23 17:45:56,17,3.2000000000000002,17,3
2026-01-23 17:53:56,28.899999999999999,4.7000000000000002,17,3
2026-01-23 17:52:51,40.100000000000001,9.0999999999999996,17,3
2026-01-23 18:47:44,11.4,1.47,18,3
2026-01-23 18:34:27,8.5999999999999996,1.1000000000000001,18,3
2026-01-23 18:27:39,10.699999999999999,1.8400000000000001,18,3
2026-01-23 18:25:22,16.300000000000001,1.6699999999999999,18,3
2026-01-23 18:04:01,11.4,1.5600000000000001,18,3
2026-01-23 18:35:13,12.1,2.2400000000000002,18,3
2026-01-23 18:30:53,60,7.9400000000000004,18,3
2026-01-23 18:29:32,7.2000000000000002,0.59999999999999998,18,3
2026-01-23 18:49:36,10.699999999999999,0.78000000000000003,18,3
2026-01-23 19:15:55,9.3000000000000007,1.05,19,3
2026-01-23 19:13:50,14.9,2.0899999999999999,19,3
2026-01-23 19:36:30,4.4000000000000004,0.33000000000000002,19,3
2026-01-23 19:17:03,70,20.149999999999999,19,3
2026-01-23 19:30:50,12.800000000000001,1.96,19,3
2026-01-23 19:06:18,13.5,1.3500000000000001,19,3
2026-01-23 20:54:54,5.7999999999999998,0.31,20,3
2026-01-23 20:42:03,11.4,1.52,20,3
2026-01-23 20:49:02,13.5,0.82999999999999996,20,3
2026-01-23 21:20:16,6.5,0.62,21,3
2026-01-23 21:38:23,7.9000000000000004,0.79000000000000004,21,3
2026-01-23 21:06:49,16.300000000000001,2.1299999999999999,21,3
2026-01-23 21:19:13,12.800000000000001,1.5900000000000001,21,3
2026-01-23 22:27:47,5.7999999999999998,1,22,3
2026-01-23 22:45:10,10.699999999999999,1.6000000000000001,22,3
2026-01-23 22:31:37,9.3000000000000007,1.3,22,3
2026-01-23 22:31:05,11.4,2.1699999999999999,22,3
2026-01-23 22:42:46,53.399999999999999,13,22,3
2026-01-23 22:57:34,17,2.8500000000000001,22,3
2026-01-23 22:19:26,5.0999999999999996,0.41999999999999998,22,3
2026-01-23 22:51:44,8.5999999999999996,0.88,22,3
2026-01-23 23:49:21,14.199999999999999,2.1600000000000001,23,3
2026-01-23 23:29:26,24.699999999999999,4.4900000000000002,23,3
2026-01-23 23:03:02,9.3000000000000007,1.1399999999999999,23,3
2026-01-23 23:15:30,14.199999999999999,1.6200000000000001,23,3
2026-01-24 00:29:03,5.0999999999999996,0.59999999999999998,0,3
2026-01-24 00:37:20,9.3000000000000007,1.22,0,3
2026-01-24 00:51:17,8.5999999999999996,0.81000000000000005,0,3
2026-01-24 00:10:14,12.800000000000001,1.1299999999999999,0,3
2026-01-24 00:22:17,42.899999999999999,11.4,0,3
2026-01-24 03:04:54,18.399999999999999,3.4399999999999999,3,3
2026-01-24 07:32:20,17,3.6400000000000001,7,1
2026-01-24 08:11:21,13.5,2.54,8,1
2026-01-24 10:31:20,9.3000000000000007,0.95999999999999996,10,2
2026-01-24 11:57:10,38,8,11,3
2026-01-24 11:38:58,7.9000000000000004,1,11,3
2026-01-24 11:46:37,14.199999999999999,1.9199999999999999,11,3
2026-01-24 11:28:17,12.800000000000001,1.73,11,3
2026-01-24 11:53:16,8.5999999999999996,0.66000000000000003,11,3
2026-01-24 11:50:35,12.1,1.6699999999999999,11,3
2026-01-24 11:08:00,7.9000000000000004,0.81999999999999995,11,3
2026-01-24 12:56:11,14.199999999999999,1.71,12,3
2026-01-24 12:06:18,7.9000000000000004,0.85999999999999999,12,3
2026-01-24 12:01:39,13.5,1.9099999999999999,12,3
2026-01-24 12:24:57,12.800000000000001,1.3300000000000001,12,3
2026-01-24 12:43:00,7.2000000000000002,0.71999999999999997,12,3
2026-01-24 12:18:06,48.5,16.899999999999999,12,3
2026-01-24 13:12:21,5.7999999999999998,0.56000000000000005,13,3
2026-01-24 13:03:28,15.6,2.8999999999999999,13,3
2026-01-24 13:53:53,6.5,0.59999999999999998,13,3
2026-01-24 13:09:14,70,18.440000000000001,13,3
2026-01-24 14:02:51,6.5,0.52000000000000002,14,3
2026-01-24 14:57:15,18.399999999999999,3.5299999999999998,14,3
2026-01-24 14:42:22,13.5,1.99,14,3
2026-01-24 15:04:42,6.5,0.78000000000000003,15,3
2026-01-24 15:14:15,11.4,1.8999999999999999,15,3
2026-01-24 15:49:03,11.4,1.3,15,3
2026-01-24 15:22:36,5.0999999999999996,0.45000000000000001,15,3
2026-01-24 15:07:37,6.5,0.51000000000000001,15,3
2026-01-24 15:54:46,10.699999999999999,1.1000000000000001,15,3
2026-01-24 15:30:41,70,17.039999999999999,15,3
2026-01-24 16:11:48,23.5,3.8999999999999999,16,3
2026-01-24 16:32:28,17.699999999999999,2.6000000000000001,16,3
2026-01-24 16:17:23,7.2000000000000002,1,16,3
2026-01-24 16:10:33,10,1.73,16,3
2026-01-24 16:01:06,10.699999999999999,1.24,16,3
2026-01-24 16:36:27,6.5,0.59999999999999998,16,3
2026-01-24 16:49:56,9.3000000000000007,0.98999999999999999,16,3
2026-01-24 17:26:36,13.5,2.4300000000000002,17,3
2026-01-24 17:34:52,33.100000000000001,4.6399999999999997,17,3
2026-01-24 17:41:18,32.399999999999999,6.7300000000000004,17,3
2026-01-24 17:49:21,9.3000000000000007,1.3700000000000001,17,3
2026-01-24 17:32:05,17.699999999999999,2.25,17,3
2026-01-24 17:38:25,7.2000000000000002,0.80000000000000004,17,3
2026-01-24 18:31:37,6.5,0.71999999999999997,18,3
2026-01-24 18:02:05,56.899999999999999,12.26,18,3
2026-01-24 18:29:57,12.1,1.6200000000000001,18,3
2026-01-24 18:03:17,13.5,0.68000000000000005,18,3
2026-01-24 18:29:20,5.0999999999999996,0.55000000000000004,18,3
2026-01-24 18:17:28,31.699999999999999,4.6799999999999997,18,3
2026-01-24 19:21:48,11.4,1.72,19,3
2026-01-24 19:41:46,7.9000000000000004,1.02,19,3
2026-01-24 19:16:28,11.4,1.73,19,3
2026-01-24 19:44:00,7.9000000000000004,1.02,19,3
2026-01-24 20:24:12,6.5,0.80000000000000004,20,3
2026-01-24 21:50:29,4.4000000000000004,0.29999999999999999,21,2
2026-01-24 21:02:35,23.300000000000001,3.5099999999999998,21,2
2026-01-24 21:14:59,32.399999999999999,5.5099999999999998,21,2
2026-01-24 21:14:42,6.5,0.5,21,2
2026-01-24 21:06:08,38.700000000000003,7.2000000000000002,21,2
2026-01-24 22:13:46,9.3000000000000007,0.78000000000000003,22,3
2026-01-24 22:33:42,7.2000000000000002,0.62,22,3
2026-01-24 22:02:31,9.3000000000000007,0.80000000000000004,22,3
2026-01-24 22:32:03,70,17.710000000000001,22,3
2026-01-24 22:27:50,8.5999999999999996,0.77000000000000002,22,3
2026-01-24 23:12:46,10,1,23,3
2026-01-24 23:34:14,10,1.5,23,3
2026-01-25 00:31:40,10,1.4099999999999999,0,3
2026-01-25 00:07:08,15.6,1.96,0,3
2026-01-25 00:10:54,7.2000000000000002,0.91000000000000003,0,3
2026-01-25 00:51:05,53.5,17.399999999999999,0,3
2026-01-25 00:26:08,36.600000000000001,9.3699999999999992,0,3
2026-01-25 01:13:41,18.399999999999999,3.75,1,3
2026-01-25 01:45:02,4.4000000000000004,0.46999999999999997,1,3
2026-01-25 01:10:29,23.300000000000001,4.9400000000000004,1,3
2026-01-25 03:09:07,19.100000000000001,3.29,3,3
2026-01-25 03:22:26,45.700000000000003,10.699999999999999,3,3
2026-01-25 03:59:00,12.1,1.96,3,3
2026-01-25 03:14:00,7.9000000000000004,0.71999999999999997,3,3
2026-01-25 03:43:14,25.399999999999999,5.0499999999999998,3,3
2026-01-25 04:08:15,12.800000000000001,1.8799999999999999,4,3
2026-01-25 04:46:21,3.7000000000000002,0.17999999999999999,4,3
2026-01-25 05:01:12,7.9000000000000004,1.3,5,3
2026-01-25 08:21:49,7.9000000000000004,1.5,8,3
2026-01-25 08:26:45,4.4000000000000004,0.40000000000000002,8,3
2026-01-25 12:33:00,9.3000000000000007,1.22,12,15
2026-01-25 12:57:37,10,1.03,12,15
2026-01-25 16:54:49,13.5,2,16,16
2026-01-25 23:55:00,16.300000000000001,3.2000000000000002,23,16
2026-01-26 07:53:36,100,0.10000000000000001,7,3
2026-01-26 07:22:28,10.699999999999999,1.27,7,3
2026-01-26 08:45:28,12.800000000000001,1.6000000000000001,8,3
2026-01-26 09:23:35,10.699999999999999,1.8999999999999999,9,3
2026-01-26 10:49:49,14.199999999999999,1.8100000000000001,10,3
2026-01-26 11:38:01,17.699999999999999,2.75,11,3
2026-01-26 12:57:32,12.800000000000001,1.75,12,3
2026-01-26 12:29:48,9.3000000000000007,1,12,3
2026-01-26 12:21:14,18.399999999999999,3.6400000000000001,12,3
2026-01-26 13:13:40,9.3000000000000007,0.90000000000000002,13,3
2026-01-26 13:02:32,10,1.3799999999999999,13,3
2026-01-26 13:32:08,33.799999999999997,8.1400000000000006,13,3
2026-01-26 13:28:29,12.800000000000001,1.9299999999999999,13,3
2026-01-26 14:44:15,17.699999999999999,3.3599999999999999,14,3
2026-01-26 14:57:03,9.3000000000000007,1.1100000000000001,14,3
2026-01-26 14:06:36,86,17.559999999999999,14,3
2026-01-26 14:19:17,70,19.32,14,3
2026-01-26 15:52:53,8.5999999999999996,1.1799999999999999,15,3
2026-01-26 16:56:00,12.1,2,16,3
2026-01-26 16:58:04,17.699999999999999,1.8700000000000001,16,3
2026-01-26 16:12:09,10.699999999999999,1.3500000000000001,16,3
2026-01-26 16:14:46,26.100000000000001,6.7199999999999998,16,3
2026-01-26 17:45:55,5.7999999999999998,0.55000000000000004,17,3
2026-01-26 17:42:28,7.9000000000000004,0.91000000000000003,17,3
2026-01-26 17:11:28,5.7999999999999998,0.75,17,3
2026-01-26 17:37:34,5.0999999999999996,0.20999999999999999,17,3
2026-01-26 17:38:48,70,18.32,17,3
2026-01-26 18:52:48,11.4,1.6299999999999999,18,3
2026-01-26 18:06:10,6.5,0.91000000000000003,18,3
2026-01-26 18:36:07,39.399999999999999,10.09,18,3
2026-01-26 18:35:43,24,5.4000000000000004,18,3
2026-01-26 18:45:53,12.800000000000001,2.1200000000000001,18,3
2026-01-26 19:14:55,12.800000000000001,1.72,19,3
2026-01-26 19:20:36,31.699999999999999,7.2999999999999998,19,3
2026-01-26 21:10:49,50.600000000000001,10.880000000000001,21,2
2026-01-26 21:24:31,4.4000000000000004,0.41999999999999998,21,2
2026-01-26 21:30:00,79.299999999999997,20.670000000000002,21,2
2026-01-26 22:03:31,5.7999999999999998,0.71999999999999997,22,1
2026-01-26 23:25:12,14.199999999999999,2.4700000000000002,23,3
2026-01-26 23:34:31,14.199999999999999,2.6499999999999999,23,3
2026-01-27 00:01:29,41.5,9.6899999999999995,0,3
2026-01-27 00:30:20,13.5,2.6000000000000001,0,3
2026-01-27 00:18:09,28.899999999999999,6.3300000000000001,0,3
2026-01-27 00:21:59,70,18.219999999999999,0,3
2026-01-27 01:48:43,80.700000000000003,21.640000000000001,1,3
2026-01-27 06:14:13,95.799999999999997,18.690000000000001,6,1
2026-01-27 06:07:22,70,11.34,6,1
2026-01-27 08:54:23,10.699999999999999,0.96999999999999997,8,1
2026-01-27 08:37:06,10,0.69999999999999996,8,1
2026-01-27 08:38:31,33.799999999999997,3.5,8,1
2026-01-27 08:25:49,12.800000000000001,1.8999999999999999,8,1
2026-01-27 08:48:59,8.5999999999999996,0.71999999999999997,8,1
2026-01-27 09:50:25,24,1.6200000000000001,9,1
2026-01-27 09:15:39,17.699999999999999,1.3799999999999999,9,1
2026-01-27 09:32:00,12.800000000000001,1.04,9,1
2026-01-27 09:25:37,16.300000000000001,0.81999999999999995,9,1
2026-01-27 09:31:52,52.700000000000003,10.890000000000001,9,1
2026-01-27 10:08:39,14.9,2.1899999999999999,10,1
2026-01-27 10:29:59,11.4,1.1699999999999999,10,1
2026-01-27 10:01:46,7.9000000000000004,0.93999999999999995,10,1
2026-01-27 11:24:16,21.899999999999999,1.23,11,1
2026-01-27 11:41:14,17,1.6000000000000001,11,1
2026-01-27 11:32:47,9.3000000000000007,0.41999999999999998,11,1
2026-01-27 12:27:04,34.5,5.8600000000000003,12,1
2026-01-27 12:35:39,5.7999999999999998,0.46999999999999997,12,1
2026-01-27 12:20:58,16.300000000000001,0.55000000000000004,12,1
2026-01-27 12:27:46,18.399999999999999,0.77000000000000002,12,1
2026-01-27 13:13:18,26.100000000000001,3.7400000000000002,13,2
2026-01-27 13:19:38,32.5,7.9000000000000004,13,2
2026-01-27 14:14:57,26.800000000000001,2.7000000000000002,14,1
2026-01-27 14:55:35,28.199999999999999,4.7400000000000002,14,1
2026-01-27 14:25:28,12.1,1.3200000000000001,14,1
2026-01-27 14:07:33,9.3000000000000007,1.0700000000000001,14,1
2026-01-27 14:58:16,259.60000000000002,67.400000000000006,14,1
2026-01-27 15:06:40,10.699999999999999,0.68000000000000005,15,1
2026-01-27 15:45:26,24.699999999999999,1.54,15,1
2026-01-27 15:03:27,36.600000000000001,8.0999999999999996,15,1
2026-01-27 16:20:07,13.5,0.80000000000000004,16,2
2026-01-27 16:10:55,60.399999999999999,16.120000000000001,16,2
2026-01-27 16:10:34,5.0999999999999996,0.40000000000000002,16,2
2026-01-27 16:09:04,24,1.7,16,2
2026-01-27 16:48:36,102.09999999999999,18.239999999999998,16,2
2026-01-27 16:00:57,115,15.800000000000001,16,2
2026-01-27 17:41:22,10.699999999999999,1.3999999999999999,17,3
2026-01-27 17:32:48,16.300000000000001,0.69999999999999996,17,3
2026-01-27 17:47:02,8.5999999999999996,0.59999999999999998,17,3
2026-01-27 17:44:30,8.5999999999999996,0.59999999999999998,17,3
2026-01-27 17:16:30,48.5,12.550000000000001,17,3
2026-01-27 17:31:27,35.899999999999999,1.5,17,3
2026-01-27 17:22:42,9.3000000000000007,0.39000000000000001,17,3
2026-01-27 17:38:44,9.3000000000000007,0.53000000000000003,17,3
2026-01-27 17:01:26,11.4,0.69999999999999996,17,3
2026-01-27 18:06:41,12.1,0.64000000000000001,18,3
2026-01-27 18:03:28,17.699999999999999,2.2000000000000002,18,3
2026-01-27 18:09:31,7.2000000000000002,0.57999999999999996,18,3
2026-01-27 18:54:58,35.200000000000003,6.0099999999999998,18,3
2026-01-27 18:29:43,6.5,0.5,18,3
2026-01-27 18:18:17,15.6,2.2200000000000002,18,3
2026-01-27 19:57:52,6.5,0.65000000000000002,19,3
2026-01-27 19:10:00,28.899999999999999,2.2599999999999998,19,3
2026-01-27 19:08:52,9.3000000000000007,0.80000000000000004,19,3
2026-01-27 19:14:38,31.699999999999999,6.04,19,3
2026-01-27 20:26:07,12.800000000000001,1.3,20,3
2026-01-27 20:43:16,20.5,3.9199999999999999,20,3
2026-01-27 20:03:34,8.5999999999999996,0.90000000000000002,20,3
2026-01-27 20:31:40,47.799999999999997,11.92,20,3
2026-01-27 20:58:01,21.899999999999999,3.98,20,3
2026-01-27 21:07:00,37.299999999999997,6.4100000000000001,21,3
2026-01-27 21:15:45,9.3000000000000007,1.02,21,3
2026-01-27 21:14:56,5.0999999999999996,0.52000000000000002,21,3
2026-01-27 21:20:06,18.399999999999999,3.5800000000000001,21,3
2026-01-27 22:15:54,10.699999999999999,1.22,22,3
2026-01-27 23:28:17,12.800000000000001,2.0299999999999998,23,3
2026-01-27 23:02:00,5.7999999999999998,0.59999999999999998,23,3
2026-01-27 23:11:48,8.5999999999999996,0.98999999999999999,23,3
2026-01-28 00:54:03,80.700000000000003,21.100000000000001,0,2
2026-01-28 00:23:58,18.399999999999999,2.8599999999999999,0,2
2026-01-28 01:44:30,12.800000000000001,2.1299999999999999,1,2
2026-01-28 01:12:58,36.600000000000001,8.7200000000000006,1,2
2026-01-28 05:32:07,14.9,2.8599999999999999,5,1
2026-01-28 06:29:56,19.100000000000001,3.6000000000000001,6,1
2026-01-28 07:37:46,10.699999999999999,1.3200000000000001,7,1
2026-01-28 07:55:51,5.0999999999999996,0.29999999999999999,7,1
2026-01-28 08:52:33,26.800000000000001,3.0099999999999998,8,1
2026-01-28 08:22:28,38.700000000000003,3.7200000000000002,8,1
2026-01-28 09:52:08,14.199999999999999,1.1299999999999999,9,1
2026-01-28 10:42:35,12.800000000000001,2,10,1
2026-01-28 10:49:20,8.5999999999999996,0.52000000000000002,10,1
2026-01-28 10:59:29,8.5999999999999996,0.67000000000000004,10,1
2026-01-28 10:17:50,9.3000000000000007,0.96999999999999997,10,1
2026-01-28 10:39:04,25.399999999999999,2.3999999999999999,10,1
2026-01-28 10:15:48,10.699999999999999,0.79000000000000004,10,1
2026-01-28 11:11:22,28.899999999999999,5.5,11,1
2026-01-28 11:08:15,25.5,4.4000000000000004,11,1
2026-01-28 12:03:58,14.9,2.2000000000000002,12,1
2026-01-28 13:24:01,37.299999999999997,1.72,13,1
2026-01-28 13:39:54,7.2000000000000002,0.73999999999999999,13,1
2026-01-28 13:10:20,5.0999999999999996,0.39000000000000001,13,1
2026-01-28 14:01:15,3.7000000000000002,0.22,14,1
2026-01-28 15:44:42,12.800000000000001,0.63,15,1
2026-01-28 15:05:03,17.699999999999999,1.78,15,1
2026-01-28 15:19:19,23.300000000000001,4.5199999999999996,15,1
2026-01-28 15:55:00,28.199999999999999,3.3999999999999999,15,1
2026-01-28 15:03:19,10,0.91000000000000003,15,1
2026-01-28 15:13:30,31,4.5999999999999996,15,1
2026-01-28 15:44:05,68.5,21.899999999999999,15,1
2026-01-28 16:54:54,6.5,0.69999999999999996,16,1
2026-01-28 16:25:20,14.9,1,16,1
2026-01-28 16:45:23,25.5,4.4000000000000004,16,1
2026-01-28 16:23:55,40.100000000000001,3.4900000000000002,16,1
2026-01-28 17:09:14,19.100000000000001,2.2000000000000002,17,1
2026-01-28 17:21:34,4.4000000000000004,0.26000000000000001,17,1
2026-01-28 17:25:53,20.5,2.2000000000000002,17,1
2026-01-28 17:02:20,6.5,0.55000000000000004,17,1
2026-01-28 17:57:17,8.5999999999999996,0.56999999999999995,17,1
2026-01-28 17:23:49,25.399999999999999,1.25,17,1
2026-01-28 17:11:25,70,16.949999999999999,17,1
2026-01-28 18:25:36,5.0999999999999996,0.40000000000000002,18,3
2026-01-28 18:34:56,7.9000000000000004,0.70999999999999996,18,3
2026-01-28 18:54:23,70,17.899999999999999,18,3
2026-01-28 18:26:07,14.9,1.6000000000000001,18,3
2026-01-28 18:26:54,14.199999999999999,1.3899999999999999,18,3
2026-01-28 18:12:23,20.5,2.3199999999999998,18,3
2026-01-28 19:22:56,14.199999999999999,1.7,19,3
2026-01-28 19:03:12,5.7999999999999998,0.52000000000000002,19,3
2026-01-28 19:53:26,8.5999999999999996,1.3400000000000001,19,3
2026-01-28 19:37:38,6.5,0.75,19,3
2026-01-28 19:21:45,10,0.93999999999999995,19,3
2026-01-28 20:41:36,10.699999999999999,1.6799999999999999,20,3
2026-01-28 20:19:40,10.699999999999999,1.7,20,3
2026-01-28 20:40:37,13.5,1.8999999999999999,20,3
2026-01-28 20:35:01,7.2000000000000002,0.81999999999999995,20,3
2026-01-28 20:55:56,24,3.27,20,3
2026-01-28 20:06:36,6.5,0.64000000000000001,20,3
2026-01-28 20:26:12,17,2.29,20,3
2026-01-28 20:52:48,9.3000000000000007,0.59999999999999998,20,3
2026-01-28 20:58:47,6.5,0.79000000000000004,20,3
2026-01-28 21:21:34,10,1.3999999999999999,21,3
2026-01-28 21:25:11,17,3.1600000000000001,21,3
2026-01-28 21:17:32,6.5,0.84999999999999998,21,3
2026-01-28 20:59:53,7.9000000000000004,1.3999999999999999,20,3
2026-01-28 21:34:59,9.3000000000000007,1.25,21,3
2026-01-28 21:46:45,16.300000000000001,2.8300000000000001,21,3
2026-01-28 21:56:01,10,0.28000000000000003,21,3
2026-01-28 21:58:43,12.1,1.2,21,3
2026-01-28 22:44:14,35.200000000000003,6.4000000000000004,22,3
2026-01-28 22:27:50,7.9000000000000004,0.95999999999999996,22,3
2026-01-28 23:11:19,12.800000000000001,1.8700000000000001,23,1
2026-01-29 00:27:15,21.199999999999999,4.7000000000000002,0,1
2026-01-29 00:32:18,14.9,1.6200000000000001,0,1
2026-01-29 01:56:31,7.2000000000000002,1.1200000000000001,1,1
2026-01-29 06:14:43,11.4,1.4299999999999999,6,1
2026-01-29 07:19:14,13.5,1.8999999999999999,7,1
2026-01-29 07:33:45,26.800000000000001,3.3900000000000001,7,1
2026-01-29 07:01:30,12.1,1.24,7,1
2026-01-29 07:01:53,14.199999999999999,1.6399999999999999,7,1
2026-01-29 07:00:18,37.5,8.5999999999999996,7,1
2026-01-29 08:16:50,19.800000000000001,3,8,1
2026-01-29 08:56:03,27.5,4.2000000000000002,8,1
2026-01-29 08:33:40,35.899999999999999,5.8300000000000001,8,1
2026-01-29 08:11:41,5.7999999999999998,0.5,8,1
2026-01-29 09:04:17,7.9000000000000004,1.23,9,1
2026-01-29 09:24:52,10,0.58999999999999997,9,1
2026-01-29 09:47:47,17.699999999999999,1.74,9,1
2026-01-29 09:54:55,17,1.8200000000000001,9,1
2026-01-29 09:36:19,13.5,1.6100000000000001,9,1
2026-01-29 09:08:47,54.100000000000001,9.2400000000000002,9,1
2026-01-29 09:42:46,42.200000000000003,8.1400000000000006,9,1
2026-01-29 09:24:42,6.5,0.57999999999999996,9,1
2026-01-29 09:23:27,28.899999999999999,4.8799999999999999,9,1
2026-01-29 10:28:08,8.5999999999999996,0.81000000000000005,10,1
2026-01-29 10:08:26,11.4,1.3999999999999999,10,1
2026-01-29 10:59:37,39.399999999999999,1.53,10,1
2026-01-29 10:03:49,9.3000000000000007,1.22,10,1
2026-01-29 10:09:25,8.5999999999999996,0.55000000000000004,10,1
2026-01-29 11:17:24,23.300000000000001,1.9099999999999999,11,2
2026-01-29 11:49:12,7.2000000000000002,0.40000000000000002,11,2
2026-01-29 11:22:29,22.600000000000001,2.2400000000000002,11,2
2026-01-29 12:03:59,17,2.25,12,1
2026-01-29 12:04:31,9.3000000000000007,1.1599999999999999,12,1
2026-01-29 12:39:04,12.1,0.59999999999999998,12,1
2026-01-29 12:12:47,31.699999999999999,1.1899999999999999,12,1
2026-01-29 12:10:24,22.5,3.2000000000000002,12,1
2026-01-29 13:51:41,17.699999999999999,0.69999999999999996,13,1
2026-01-29 13:46:46,7.9000000000000004,0.93000000000000005,13,1
2026-01-29 13:52:21,6.5,0.40999999999999998,13,1
2026-01-29 13:17:56,81.5,29,13,1
2026-01-29 14:13:40,10.699999999999999,1.1000000000000001,14,1
2026-01-29 14:52:58,16.300000000000001,2.3300000000000001,14,1
2026-01-29 14:46:41,5.7999999999999998,0.46999999999999997,14,1
2026-01-29 14:10:03,24.699999999999999,1.2,14,1
2026-01-29 14:02:03,28.899999999999999,2.8799999999999999,14,1
2026-01-29 14:10:37,9.3000000000000007,0.92000000000000004,14,1
2026-01-29 15:55:21,16.300000000000001,0.56999999999999995,15,1
2026-01-29 15:09:28,17.699999999999999,1.24,15,1
2026-01-29 15:00:41,70,17.539999999999999,15,1
2026-01-29 15:07:12,13.5,1.8999999999999999,15,1
2026-01-29 14:58:15,17,1.55,14,1
2026-01-29 15:07:34,8.5999999999999996,0.85999999999999999,15,1
2026-01-29 15:32:15,61.799999999999997,9.2200000000000006,15,1
2026-01-29 16:18:05,40.100000000000001,3.6400000000000001,16,1
2026-01-29 16:46:18,12.1,0.42999999999999999,16,1
2026-01-29 16:04:45,12.800000000000001,1,16,1
2026-01-29 16:47:03,10.699999999999999,1.05,16,1
2026-01-29 16:51:28,18.399999999999999,1.04,16,1
2026-01-29 16:32:43,20.5,1.0700000000000001,16,1
2026-01-29 17:15:56,24.699999999999999,1.48,17,1
2026-01-29 17:50:33,26.800000000000001,3.3999999999999999,17,1
2026-01-29 17:12:47,14.199999999999999,1.21,17,1
2026-01-29 17:41:58,9.3000000000000007,1.3200000000000001,17,1
2026-01-29 17:46:00,17.699999999999999,2.0600000000000001,17,1
2026-01-29 17:53:27,5.7999999999999998,0.37,17,1
2026-01-29 17:48:18,59,13,17,1
2026-01-29 17:32:56,8.5999999999999996,0.68999999999999995,17,1
2026-01-29 17:19:01,13.5,1.6699999999999999,17,1
2026-01-29 17:09:33,10.699999999999999,1.1000000000000001,17,1
2026-01-29 17:08:41,48.5,15.800000000000001,17,1
2026-01-29 18:53:16,7.9000000000000004,0.73999999999999999,18,1
2026-01-29 18:21:54,19.800000000000001,1.95,18,1
2026-01-29 18:46:47,15.6,1.6299999999999999,18,1
2026-01-29 19:14:26,4.4000000000000004,0.32000000000000001,19,1
2026-01-29 19:41:22,6.5,0.60999999999999999,19,1
2026-01-29 20:25:26,23.300000000000001,3.3999999999999999,20,1
2026-01-29 20:54:56,10,0.57999999999999996,20,1
2026-01-29 21:14:05,47.799999999999997,10.9,21,1
2026-01-29 21:49:26,10.699999999999999,1.29,21,1
2026-01-29 21:40:01,7.9000000000000004,0.98999999999999999,21,1
2026-01-29 21:08:11,8.5999999999999996,1.1599999999999999,21,1
2026-01-29 21:20:58,14.9,1.1000000000000001,21,1
2026-01-29 21:43:46,14.199999999999999,1.25,21,1
2026-01-29 21:57:03,49.200000000000003,12.109999999999999,21,1
2026-01-29 21:57:23,5.0999999999999996,0.5,21,1
2026-01-29 22:14:47,8.5999999999999996,1.21,22,1
2026-01-29 22:31:10,13.5,1.8999999999999999,22,1
2026-01-29 22:59:40,7.9000000000000004,0.63,22,1
2026-01-29 22:29:02,17,2.02,22,1
2026-01-29 22:07:33,7.9000000000000004,0.82999999999999996,22,1
2026-01-29 23:49:10,8.5999999999999996,1.1399999999999999,23,1
2026-01-29 23:47:37,59,13.94,23,1
2026-01-29 23:31:51,23.300000000000001,4.04,23,1
2026-01-29 23:11:30,11.4,1.6000000000000001,23,1
2026-01-29 23:32:47,36.600000000000001,8.9499999999999993,23,1
2026-01-29 23:19:16,21.199999999999999,4.1100000000000003,23,1
2026-01-30 00:46:58,13.5,2.5,0,1
2026-01-30 01:23:11,17,2.2999999999999998,1,1
2026-01-30 01:42:06,5.0999999999999996,0.67000000000000004,1,1
2026-01-30 01:59:39,12.800000000000001,2.1000000000000001,1,1
2026-01-30 05:22:39,22.600000000000001,4.7000000000000002,5,1
2026-01-30 07:44:34,18.399999999999999,2.7000000000000002,7,1
2026-01-30 07:07:01,92.599999999999994,20.600000000000001,7,1
2026-01-30 07:09:30,7.9000000000000004,1.3100000000000001,7,1
2026-01-30 08:46:28,70,19.93,8,1
2026-01-30 08:58:09,11.4,0.96999999999999997,8,1
2026-01-30 08:50:43,18.5,1.8999999999999999,8,1
2026-01-30 09:27:06,12.800000000000001,1.22,9,1
2026-01-30 09:38:21,17.699999999999999,2.1899999999999999,9,1
2026-01-30 09:04:18,19.5,40.799999999999997,9,1
2026-01-30 09:36:06,21.899999999999999,2.1699999999999999,9,1
2026-01-30 09:05:47,9.3000000000000007,1.3799999999999999,9,1
2026-01-30 10:43:13,8.5999999999999996,0.44,10,1
2026-01-30 11:56:27,20.5,3,11,1
2026-01-30 11:52:14,8.5999999999999996,0.73999999999999999,11,1
2026-01-30 11:09:04,27.5,4.4400000000000004,11,1
2026-01-30 12:04:38,18.399999999999999,1.6799999999999999,12,1
2026-01-30 12:01:03,7.2000000000000002,0.93999999999999995,12,1
2026-01-30 13:45:37,35.200000000000003,3.1699999999999999,13,1
2026-01-30 13:30:44,28.199999999999999,3.4199999999999999,13,1
2026-01-30 13:39:42,24.699999999999999,1.2,13,1
2026-01-30 13:20:49,12.800000000000001,1.5,13,1
2026-01-30 13:29:03,26.100000000000001,3.96,13,1
2026-01-30 14:06:51,12.1,1.3,14,1
2026-01-30 14:34:58,21.199999999999999,1.25,14,1
2026-01-30 14:18:55,26.800000000000001,1.8999999999999999,14,1
2026-01-30 14:36:02,28.899999999999999,7.0999999999999996,14,1
2026-01-30 15:59:18,8.5999999999999996,0.72999999999999998,15,1
2026-01-30 15:38:19,16.300000000000001,1.6000000000000001,15,1
2026-01-30 15:19:31,8.5999999999999996,0.80000000000000004,15,1
2026-01-30 15:28:52,10,0.80000000000000004,15,1
2026-01-30 15:38:59,6.5,0.80000000000000004,15,1
2026-01-30 15:12:01,70,15.56,15,1
2026-01-30 16:22:55,8.5999999999999996,0.64000000000000001,16,1
2026-01-30 16:45:11,31.699999999999999,3,16,1
2026-01-30 16:15:21,14.9,1.6599999999999999,16,1
2026-01-30 17:22:05,7.9000000000000004,0.88,17,1
2026-01-30 17:29:56,24.699999999999999,3.2799999999999998,17,1
2026-01-30 17:46:46,17.699999999999999,1.3,17,1
2026-01-30 17:47:55,14.199999999999999,2,17,1
2026-01-30 17:26:28,11.4,1.0800000000000001,17,1
2026-01-30 17:33:23,11.4,0.80000000000000004,17,1
2026-01-30 17:00:59,45.700000000000003,7.25,17,1
2026-01-30 17:48:27,28.899999999999999,4.04,17,1
2026-01-30 17:50:41,16.300000000000001,1.48,17,1
2026-01-30 17:15:51,7.2000000000000002,0.59999999999999998,17,1
2026-01-30 18:31:51,9.3000000000000007,1,18,1
2026-01-30 18:41:25,13.5,1.3999999999999999,18,1
2026-01-30 18:08:03,7.2000000000000002,1.1100000000000001,18,1
2026-01-30 18:57:07,9.3000000000000007,0.93000000000000005,18,1
2026-01-30 19:17:56,12.1,1.0800000000000001,19,1
2026-01-30 19:25:37,10,0.96999999999999997,19,1
2026-01-30 19:58:05,9.3000000000000007,1.1499999999999999,19,1
2026-01-30 19:02:35,28.5,8.5999999999999996,19,1
2026-01-30 19:45:45,46.399999999999999,10.640000000000001,19,1
2026-01-30 20:45:19,22.600000000000001,1.8700000000000001,20,1
2026-01-30 20:23:16,11.4,1.0700000000000001,20,1
2026-01-30 21:20:31,8.5999999999999996,1.26,21,1
2026-01-30 21:28:41,40.100000000000001,9.1600000000000001,21,1
2026-01-30 21:31:14,10.699999999999999,1.2,21,1
2026-01-30 21:52:27,7.2000000000000002,0.38,21,1
2026-01-30 21:43:11,7.9000000000000004,1.25,21,1
2026-01-30 21:53:28,10,1.1000000000000001,21,1
2026-01-30 21:08:20,7.2000000000000002,0.89000000000000001,21,1
2026-01-30 21:57:32,10,1.0900000000000001,21,1
2026-01-30 21:19:13,44.299999999999997,10.92,21,1
2026-01-30 22:04:34,10.699999999999999,1.6399999999999999,22,1
2026-01-30 22:47:23,7.9000000000000004,1,22,1
2026-01-30 22:15:30,18.399999999999999,3.1000000000000001,22,1
2026-01-30 22:29:17,14.199999999999999,0.95999999999999996,22,1
2026-01-30 23:11:32,18.399999999999999,2.79,23,1
2026-01-30 23:12:39,7.2000000000000002,1.2,23,1
2026-01-30 23:02:05,21.899999999999999,2.5600000000000001,23,1
2026-01-30 23:25:04,50.5,11.9,23,1
2026-01-31 00:40:34,9.3000000000000007,1.3999999999999999,0,1
2026-01-31 01:39:28,15.6,3.1000000000000001,1,1
2026-01-31 01:46:28,18,0.80000000000000004,1,1
2026-01-31 01:27:27,10,0.90000000000000002,1,1
2026-01-31 02:54:53,12.1,1.26,2,1
2026-01-31 02:30:11,12.800000000000001,2.1200000000000001,2,1
2026-01-31 02:58:08,14.9,1.99,2,1
2026-01-31 03:34:08,20.5,2.8599999999999999,3,1
2026-01-31 03:03:33,5.7999999999999998,0.56000000000000005,3,1
2026-01-31 07:15:13,14.9,2.75,7,1
2026-01-31 07:23:50,10.699999999999999,1.51,7,1
2026-01-31 08:47:33,14.9,3.0099999999999998,8,1
2026-01-31 08:04:48,70,15.33,8,1
2026-01-31 08:49:44,10.699999999999999,1.8300000000000001,8,1
2026-01-31 09:44:50,10,1.5700000000000001,9,3
2026-01-31 09:56:37,10.699999999999999,1.3200000000000001,9,3
2026-01-31 09:28:54,47.100000000000001,12.119999999999999,9,3
2026-01-31 10:45:44,14.9,1.7,10,2
2026-01-31 10:30:22,5.0999999999999996,0.51000000000000001,10,2
2026-01-31 10:31:04,9.3000000000000007,1.1000000000000001,10,2
2026-01-31 10:44:28,6.5,0.5,10,2
2026-01-31 10:08:09,7.2000000000000002,0.73999999999999999,10,2
2026-01-31 11:28:22,25.399999999999999,5,11,3
2026-01-31 11:24:00,9.3000000000000007,1.6000000000000001,11,3
2026-01-31 11:08:19,70,16.489999999999998,11,3
2026-01-31 11:44:17,8.5999999999999996,0.95999999999999996,11,3
2026-01-31 12:37:04,42.200000000000003,8.9000000000000004,12,3
2026-01-31 12:19:16,21.199999999999999,2.8999999999999999,12,3
2026-01-31 12:17:03,15.5,0.29999999999999999,12,3
2026-01-31 13:23:07,14.199999999999999,2.0800000000000001,13,3
2026-01-31 13:57:14,5.0999999999999996,0.60999999999999999,13,3
2026-01-31 13:34:19,12.1,1.3300000000000001,13,3
2026-01-31 13:05:27,41.5,9.8000000000000007,13,3
2026-01-31 13:07:18,11.4,1.2,13,3
2026-01-31 13:45:26,10.699999999999999,1.2,13,3
2026-01-31 14:57:15,19.800000000000001,2.1499999999999999,14,3
2026-01-31 14:09:33,56.200000000000003,11.52,14,3
2026-01-31 14:54:06,5.0999999999999996,0.77000000000000002,14,3
2026-01-31 15:41:18,11.4,1.1100000000000001,15,3
2026-01-31 15:39:54,20.5,2.6200000000000001,15,3
2026-01-31 15:35:52,8.5999999999999996,1.55,15,3
2026-01-31 15:58:42,10,0.91000000000000003,15,3
2026-01-31 15:24:32,44.299999999999997,10.51,15,3
2026-01-31 15:07:00,15.6,1.76,15,3
2026-01-31 15:31:21,10,1.01,15,3
2026-01-31 15:04:05,18.399999999999999,2.27,15,3
2026-01-31 15:05:36,38,9.9000000000000004,15,3
2026-01-31 16:38:27,7.2000000000000002,0.69999999999999996,16,3
2026-01-31 16:49:07,10,1.1699999999999999,16,3
2026-01-31 17:20:43,15.6,3,17,2
2026-01-31 17:35:58,5.7999999999999998,0.44,17,2
2026-01-31 18:32:41,26.100000000000001,4.75,18,2
2026-01-31 18:20:32,12.1,1.8,18,2
2026-01-31 18:12:52,11.4,1.3,18,2
2026-01-31 18:17:18,6.5,0.59999999999999998,18,2
2026-01-31 18:38:10,16.300000000000001,2.8999999999999999,18,2
2026-01-31 18:28:55,26.800000000000001,4.7800000000000002,18,2
2026-01-31 18:08:09,19.100000000000001,3.6000000000000001,18,2
2026-01-31 19:25:38,21.199999999999999,1.8999999999999999,19,3
2026-01-31 19:46:33,49.200000000000003,4.1600000000000001,19,3
2026-01-31 19:04:08,11.4,1.3700000000000001,19,3
2026-01-31 19:01:26,13.5,1.46,19,3
2026-01-31 19:42:59,12.800000000000001,1.3,19,3
2026-01-31 19:24:33,15.6,2.2000000000000002,19,3
2026-01-31 19:19:07,70,16.609999999999999,19,3
2026-01-31 20:51:37,10.699999999999999,1.3999999999999999,20,3
2026-01-31 20:05:33,13.5,1.1000000000000001,20,3
2026-01-31 20:28:30,20.5,3.4300000000000002,20,3
2026-01-31 20:46:04,6.5,0.32000000000000001,20,3
2026-01-31 20:55:48,7.2000000000000002,0.69999999999999996,20,3
2026-01-31 20:46:30,10,1.3200000000000001,20,3
2026-01-31 21:29:00,12.800000000000001,2.3999999999999999,21,3
2026-01-31 21:48:47,7.2000000000000002,0.76000000000000001,21,3
2026-01-31 21:58:26,21.199999999999999,2.3599999999999999,21,3
2026-01-31 22:32:18,7.2000000000000002,0.75,22,3
2026-01-31 22:36:32,21.899999999999999,2.9700000000000002,22,3
2026-01-31 22:15:13,7.9000000000000004,1.01,22,3
2026-01-31 22:15:08,7.2000000000000002,0.93000000000000005,22,3
2026-01-31 23:38:06,10,1.75,23,3
2026-01-31 23:34:14,7.2000000000000002,0.76000000000000001,23,3
2026-01-31 23:56:41,7.2000000000000002,0.73999999999999999,23,3
2026-01-31 23:08:36,6.5,0.62,23,3
2026-01-31 23:28:00,70,17.030000000000001,23,3
2026-01-31 23:02:22,5.0999999999999996,0.5,23,3
2026-01-01 00:32:28,27.84,2.25,0,1
2026-01-01 00:20:47,13.19,1.3100000000000001,0,1
2026-01-01 00:50:10,52.200000000000003,4.3899999999999997,0,1
2026-01-01 00:14:47,11.970000000000001,1.1899999999999999,0,1
2026-01-01 01:56:57,26.760000000000002,4.4000000000000004,1,3
2026-01-01 01:52:39,81.859999999999999,18.129999999999999,1,3
2026-01-01 01:18:24,36.409999999999997,3.7799999999999998,1,3
2026-01-01 02:04:01,92.340000000000003,12.960000000000001,2,3
2026-01-01 02:31:29,43.079999999999998,2.8999999999999999,2,3
2026-01-01 02:41:12,28.370000000000001,5.1299999999999999,2,3
2026-01-01 02:05:06,18.73,3,2,3
2026-01-01 02:38:40,32.840000000000003,6.71,2,3
2026-01-01 02:32:09,54.030000000000001,3.2599999999999998,2,3
2026-01-01 03:49:31,33.68,8.6999999999999993,3,3
2026-01-01 03:40:10,16.829999999999998,1.71,3,3
2026-01-01 04:47:12,19.210000000000001,2.4900000000000002,4,3
2026-01-01 04:06:36,60.140000000000001,11.289999999999999,4,3
2026-01-01 05:32:07,13.18,1.05,5,3
2026-01-01 05:25:56,51.560000000000002,15.06,5,3
2026-01-01 09:21:19,17.129999999999999,2.8199999999999998,9,3
2026-01-01 10:45:42,23.199999999999999,3.5099999999999998,10,3
2026-01-01 12:46:06,29.789999999999999,7.1200000000000001,12,15
2026-01-01 12:51:13,14.27,0.95999999999999996,12,15
2026-01-01 12:56:28,33.920000000000002,6.6799999999999997,12,15
2026-01-01 13:24:19,35.969999999999999,4.1600000000000001,13,3
2026-01-01 13:33:20,14.029999999999999,1.4199999999999999,13,3
2026-01-01 14:31:40,13.24,1.5600000000000001,14,5
2026-01-01 14:23:32,20.670000000000002,3.29,14,5
2026-01-01 15:35:18,15.4,1.03,15,1
2026-01-01 15:05:12,20.57,2.4500000000000002,15,1
2026-01-01 15:05:55,18.309999999999999,2.8399999999999999,15,1
2026-01-01 20:47:03,25.210000000000001,3.8900000000000001,20,1
2026-01-01 20:52:04,10.949999999999999,1.03,20,1
2026-01-01 21:58:09,18.390000000000001,3.7000000000000002,21,1
2026-01-01 21:03:17,44.25,9.8100000000000005,21,1
2026-01-01 22:14:41,19.800000000000001,2.8999999999999999,22,1
2026-01-01 22:40:36,40.479999999999997,9.8499999999999996,22,1
2026-01-01 23:28:09,10.380000000000001,1.7,23,1
2026-01-02 02:25:01,13.23,4.04,2,1
2026-01-02 02:04:51,23.18,3.1800000000000002,2,1
2026-01-02 08:54:37,16.18,2.0800000000000001,8,3
2026-01-02 08:48:47,24.190000000000001,3.8300000000000001,8,3
2026-01-02 08:53:03,7.1299999999999999,1.7,8,3
2026-01-02 09:34:49,17.260000000000002,2.71,9,3
2026-01-02 10:45:30,11.890000000000001,2,10,3
2026-01-02 10:04:34,29.190000000000001,3.48,10,3
2026-01-02 10:22:40,14.26,3.2999999999999998,10,3
2026-01-02 12:48:09,22.559999999999999,1.21,12,3
2026-01-02 13:00:07,16.07,1.6299999999999999,13,3
2026-01-02 14:42:49,31.75,3.1400000000000001,14,3
2026-01-02 14:05:22,22.379999999999999,1.0600000000000001,14,3
2026-01-02 15:46:20,29.539999999999999,6.2199999999999998,15,3
2026-01-02 15:35:33,12.1,2.1000000000000001,15,3
2026-01-02 15:20:41,47.18,6.6500000000000004,15,3
2026-01-02 15:53:01,46.07,0.51000000000000001,15,3
2026-01-02 15:03:53,12.84,1.27,15,3
2026-01-02 16:49:00,14.199999999999999,1.22,16,3
2026-01-02 16:18:33,4.3200000000000003,0.69999999999999996,16,3
2026-01-02 18:49:33,14.23,0.02,18,3
2026-01-02 21:15:00,40.869999999999997,11.68,21,3
2026-01-02 21:02:28,14.06,2.5699999999999998,21,3
2026-01-02 22:49:57,15.199999999999999,1.49,22,3
2026-01-02 23:44:29,25.18,4.2199999999999998,23,3
2026-01-02 23:04:17,6.3499999999999996,0.65000000000000002,23,3
2026-01-03 00:22:18,17.18,2.2799999999999998,0,3
2026-01-03 00:25:16,22.27,3.1699999999999999,0,3
2026-01-03 01:41:02,11.76,1.24,1,3
2026-01-03 02:42:29,13.720000000000001,1.3799999999999999,2,3
2026-01-03 09:04:06,55,14.6,9,1
2026-01-03 10:01:36,15.199999999999999,3.2000000000000002,10,1
2026-01-03 11:29:57,21.18,1.98,11,3
2026-01-03 13:45:31,4.3200000000000003,0.29999999999999999,13,3
2026-01-03 13:16:40,44.18,5.9500000000000002,13,3
2026-01-03 13:04:18,17.09,1.79,13,3
2026-01-03 14:51:12,28.390000000000001,2.6800000000000002,14,2
2026-01-03 14:49:46,15.039999999999999,1.8999999999999999,14,2
2026-01-03 15:07:06,15.65,3,15,3
2026-01-03 16:28:02,30.84,2.3900000000000001,16,3
2026-01-03 17:09:18,20.199999999999999,4.54,17,3
2026-01-03 18:06:51,21.039999999999999,2.4900000000000002,18,3
2026-01-03 18:17:09,8.2699999999999996,0.40000000000000002,18,3
2026-01-03 18:42:40,40.189999999999998,3.6400000000000001,18,3
2026-01-03 18:10:35,25.120000000000001,4.5800000000000001,18,3
2026-01-03 19:43:22,26.800000000000001,6.6699999999999999,19,3
2026-01-03 19:00:00,21.190000000000001,1.1299999999999999,19,3
2026-01-03 21:55:09,24.399999999999999,5.8099999999999996,21,3
2026-01-03 22:05:42,8.5600000000000005,1.1000000000000001,22,3
2026-01-03 22:32:44,13.23,3.4100000000000001,22,3
2026-01-04 01:08:56,21,2.9199999999999999,1,3
2026-01-04 01:23:11,18.140000000000001,1.77,1,3
2026-01-04 03:15:56,52.729999999999997,15.48,3,3
2026-01-04 09:26:44,10.949999999999999,1.46,9,3
2026-01-04 11:29:10,18.260000000000002,2.7000000000000002,11,3
2026-01-04 13:10:56,32.880000000000003,6.4400000000000004,13,2
2026-01-04 16:28:05,34.210000000000001,6.1900000000000004,16,1
2026-01-04 17:50:04,22.18,3.3799999999999999,17,1
2026-01-04 18:56:16,22.079999999999998,2.8300000000000001,18,3
2026-01-04 19:11:47,22.5,1.5800000000000001,19,3
2026-01-04 20:03:59,23.18,5.8700000000000001,20,2
2026-01-04 23:27:51,5.3799999999999999,1.0800000000000001,23,3
2026-01-05 06:01:37,31.940000000000001,10.82,6,1
2026-01-05 08:27:53,20.239999999999998,1.8799999999999999,8,1
2026-01-05 13:17:05,23.210000000000001,4.0800000000000001,13,3
2026-01-05 14:10:42,15.960000000000001,1.6299999999999999,14,3
2026-01-05 14:24:37,8.3900000000000006,0.83999999999999997,14,3
2026-01-05 18:34:27,37.079999999999998,8.4399999999999995,18,3
2026-01-05 22:48:18,27.800000000000001,3.7400000000000002,22,3
2026-01-05 23:26:43,14.93,3.1000000000000001,23,3
2026-01-05 23:19:19,53.659999999999997,13.94,23,3
2026-01-06 07:36:06,34.630000000000003,3.3799999999999999,7,3
2026-01-06 07:18:34,19.390000000000001,2.2799999999999998,7,3
2026-01-06 08:37:36,12.119999999999999,1.6100000000000001,8,3
2026-01-06 08:05:15,18.039999999999999,1.5900000000000001,8,3
2026-01-06 09:23:42,37.200000000000003,2.9500000000000002,9,3
2026-01-06 11:48:44,15.199999999999999,1.6499999999999999,11,3
2026-01-06 13:49:52,11.369999999999999,1.3700000000000001,13,3
2026-01-06 14:11:06,19.140000000000001,2.98,14,3
2026-01-06 15:49:02,15.539999999999999,1.3799999999999999,15,3
2026-01-06 15:22:38,35.189999999999998,5.6500000000000004,15,3
2026-01-06 16:22:12,43.640000000000001,2.8300000000000001,16,3
2026-01-06 20:30:13,21.949999999999999,4.1600000000000001,20,3
2026-01-06 20:18:20,22.449999999999999,5.9699999999999998,20,3
2026-01-06 21:49:41,26.91,7.9500000000000002,21,3
2026-01-06 21:20:21,53.810000000000002,6.3200000000000003,21,3
2026-01-06 22:35:46,26.210000000000001,3.9300000000000002,22,3
2026-01-06 23:57:36,10.02,0.90000000000000002,23,3
2026-01-07 00:32:39,27.829999999999998,4.8700000000000001,0,5
2026-01-07 06:55:26,25.920000000000002,3.6099999999999999,6,5
2026-01-07 06:38:22,13.199999999999999,1.8600000000000001,6,5
2026-01-07 07:13:19,14.58,1.6000000000000001,7,5
2026-01-07 07:23:23,8.5600000000000005,1.1000000000000001,7,5
2026-01-07 08:28:52,17.609999999999999,2.2999999999999998,8,5
2026-01-07 08:41:38,37.18,4.9000000000000004,8,5
2026-01-07 08:36:15,20.5,2.3100000000000001,8,5
2026-01-07 09:05:52,13.210000000000001,1.1599999999999999,9,5
2026-01-07 10:33:35,52.68,11.130000000000001,10,5
2026-01-07 11:41:41,17.600000000000001,1.3300000000000001,11,5
2026-01-07 15:51:54,36.5,0.68000000000000005,15,5
2026-01-07 18:53:00,16.199999999999999,1.3899999999999999,18,3
2026-01-07 18:18:24,9.75,1.1000000000000001,18,3
2026-01-07 19:47:59,26.300000000000001,0.64000000000000001,19,3
2026-01-07 21:20:35,36.710000000000001,3.8199999999999998,21,3
2026-01-07 21:06:51,24.780000000000001,2,21,3
2026-01-07 22:40:28,47.850000000000001,14.18,22,3
2026-01-08 00:13:57,21.550000000000001,7.1900000000000004,0,2
2026-01-08 01:34:59,43.030000000000001,16.25,1,1
2026-01-08 05:54:34,17.129999999999999,2.1200000000000001,5,2
2026-01-08 05:10:00,7.8600000000000003,1.3,5,2
2026-01-08 07:35:05,17.32,2.5299999999999998,7,1
2026-01-08 08:52:33,16.690000000000001,3.1000000000000001,8,1
2026-01-08 08:09:12,18.879999999999999,2.5800000000000001,8,1
2026-01-08 09:02:46,21.190000000000001,2.98,9,1
2026-01-08 10:25:11,21.98,1.96,10,1
2026-01-08 11:04:47,8.3499999999999996,0.82999999999999996,11,1
2026-01-08 12:08:52,31.210000000000001,4.7300000000000004,12,1
2026-01-08 12:20:43,22.27,2.7200000000000002,12,1
2026-01-08 12:28:43,35.460000000000001,5.5099999999999998,12,1
2026-01-08 14:46:38,10.119999999999999,0.89000000000000001,14,1
2026-01-08 16:06:27,29.289999999999999,5.4000000000000004,16,1
2026-01-08 18:07:54,22.199999999999999,0.01,18,1
2026-01-08 20:10:48,33.280000000000001,2.3100000000000001,20,3
2026-01-08 20:00:05,12.6,1.9299999999999999,20,3
2026-01-08 20:26:53,20.359999999999999,4.2000000000000002,20,3
2026-01-08 21:16:31,32.920000000000002,4.8799999999999999,21,1
2026-01-08 22:41:54,20.079999999999998,1.9299999999999999,22,1
2026-01-08 23:59:20,10.199999999999999,1.27,23,1
2026-01-09 00:14:15,12.33,2.2599999999999998,0,1
2026-01-09 00:32:21,7.9299999999999997,1.05,0,1
2026-01-09 05:17:11,17.73,4.2999999999999998,5,3
2026-01-09 06:22:06,22.390000000000001,5.6600000000000001,6,1
2026-01-09 06:12:11,53.509999999999998,11.779999999999999,6,1
2026-01-09 06:53:12,31.59,8.5099999999999998,6,1
2026-01-09 07:14:54,18,3.2599999999999998,7,3
2026-01-09 07:42:59,12.01,1.8999999999999999,7,3
2026-01-09 07:37:54,14.66,2.1800000000000002,7,3
2026-01-09 08:13:49,29.870000000000001,4.0499999999999998,8,1
2026-01-09 09:51:51,20.760000000000002,1.8799999999999999,9,2
2026-01-09 11:21:42,20.32,1.6699999999999999,11,3
2026-01-09 12:19:42,23.109999999999999,2.9199999999999999,12,3
2026-01-09 12:08:24,29.280000000000001,5.6299999999999999,12,3
2026-01-09 12:15:36,73,17.239999999999998,12,3
2026-01-09 13:49:10,18.199999999999999,1.4099999999999999,13,3
2026-01-09 13:51:34,22.219999999999999,2.6600000000000001,13,3
2026-01-09 15:52:00,22.289999999999999,2.8599999999999999,15,1
2026-01-09 18:48:36,27.920000000000002,5.5999999999999996,18,3
2026-01-09 19:50:34,24.260000000000002,2.7999999999999998,19,3
2026-01-09 20:47:59,24.390000000000001,3,20,3
2026-01-09 22:55:38,15.07,1.23,22,3
2026-01-09 23:00:04,20.18,2.6800000000000002,23,3
2026-01-09 23:10:15,30.91,7.7000000000000002,23,3
2026-01-09 23:46:46,32.68,4.6399999999999997,23,3
2026-01-09 23:43:50,15.210000000000001,1.6899999999999999,23,3
2026-01-10 00:47:18,29.120000000000001,1.1699999999999999,0,8
2026-01-10 01:20:06,8.9600000000000009,1.2,1,3
2026-01-10 02:27:35,56.740000000000002,14.77,2,3
2026-01-10 03:11:56,25.91,7.7000000000000002,3,3
2026-01-10 03:03:16,15.199999999999999,1.8799999999999999,3,3
2026-01-10 04:18:53,13.19,1.95,4,3
2026-01-10 04:27:37,13.380000000000001,1.51,4,3
2026-01-10 05:12:38,34.829999999999998,7.0800000000000001,5,3
2026-01-10 06:39:30,23.989999999999998,8.1999999999999993,6,3
2026-01-10 07:27:35,23.350000000000001,3.6299999999999999,7,3
2026-01-10 08:20:22,12.029999999999999,1.3799999999999999,8,3
2026-01-10 09:17:59,10.75,1.8799999999999999,9,3
2026-01-10 10:58:01,23.949999999999999,2.1699999999999999,10,3
2026-01-10 10:30:20,23.969999999999999,4.2000000000000002,10,3
2026-01-10 12:21:19,24.960000000000001,2.8399999999999999,12,3
2026-01-10 13:16:32,25.190000000000001,4.3099999999999996,13,3
2026-01-10 13:10:28,19.350000000000001,2.3199999999999998,13,3
2026-01-10 14:21:28,23.210000000000001,3.5299999999999998,14,3
2026-01-10 15:31:07,24.09,2.3199999999999998,15,3
2026-01-10 16:41:18,8.3399999999999999,0.92000000000000004,16,3
2026-01-10 17:16:41,21.449999999999999,4.3200000000000003,17,3
2026-01-10 17:48:43,6.3499999999999996,0.62,17,3
2026-01-10 17:20:59,40.939999999999998,13.369999999999999,17,3
2026-01-10 18:28:35,14.19,1.1599999999999999,18,3
2026-01-10 18:27:53,31.18,3.98,18,3
2026-01-10 18:55:37,46.219999999999999,8.6999999999999993,18,3
2026-01-10 18:20:34,9.0299999999999994,1.3,18,3
2026-01-10 18:15:24,39.18,9.7799999999999994,18,3
2026-01-10 19:17:14,31.030000000000001,8.1400000000000006,19,8
2026-01-10 19:12:47,25.18,1.77,19,8
2026-01-10 19:54:30,11.49,0.73999999999999999,19,8
2026-01-10 20:50:06,20.210000000000001,1.3600000000000001,20,9
2026-01-10 20:45:27,19.27,3.5699999999999998,20,9
2026-01-10 20:36:47,31.449999999999999,4.9400000000000004,20,9
2026-01-10 20:34:55,20.879999999999999,2.77,20,9
2026-01-10 21:21:14,22.449999999999999,3.23,21,9
2026-01-10 21:36:47,21.600000000000001,3.79,21,9
2026-01-10 22:09:23,30.239999999999998,4.3799999999999999,22,9
2026-01-10 23:26:44,10.789999999999999,1.1000000000000001,23,9
2026-01-10 23:00:38,12.539999999999999,1.23,23,9
2026-01-10 23:08:46,14.08,1.2,23,9
2026-01-11 00:44:27,19.420000000000002,3.6000000000000001,0,9
2026-01-11 00:15:43,17.41,1.1000000000000001,0,9
2026-01-11 00:22:00,26.16,1,0,9
2026-01-11 00:29:32,21.949999999999999,3.3399999999999999,0,9
2026-01-11 01:17:20,28.940000000000001,1.1100000000000001,1,9
2026-01-11 02:34:08,21.43,4.96,2,9
2026-01-11 04:28:01,15.26,3.5,4,8
2026-01-11 04:25:07,30.670000000000002,8.2200000000000006,4,8
2026-01-11 06:18:58,26.23,5.7000000000000002,6,3
2026-01-11 08:48:05,14.31,2.3300000000000001,8,3
2026-01-11 09:54:24,11.83,1.72,9,3
2026-01-11 10:41:25,14.199999999999999,1.95,10,7
2026-01-11 11:52:39,21.030000000000001,2.2999999999999998,11,3
2026-01-11 12:13:22,14.800000000000001,2.3399999999999999,12,3
2026-01-11 13:08:29,31.18,5.5,13,3
2026-01-11 14:14:41,21.079999999999998,2.4700000000000002,14,3
2026-01-11 15:53:12,10.210000000000001,1.5,15,7
2026-01-11 17:43:59,32.200000000000003,8.3699999999999992,17,3
2026-01-11 17:56:04,13.31,2.29,17,3
2026-01-11 18:08:35,42.619999999999997,5.25,18,3
2026-01-11 19:29:33,27.190000000000001,3.54,19,2
2026-01-11 20:01:47,40.560000000000002,14.369999999999999,20,1
2026-01-11 20:01:26,19.600000000000001,4.7599999999999998,20,1
2026-01-11 22:48:24,23.190000000000001,5.75,22,1
2026-01-11 22:22:49,12.220000000000001,2,22,1
2026-01-12 06:58:57,28.41,6.2999999999999998,6,3
2026-01-12 06:59:37,24.879999999999999,3.6899999999999999,6,3
2026-01-12 06:00:18,12.220000000000001,2.1299999999999999,6,3
2026-01-12 08:42:51,17.449999999999999,1.9099999999999999,8,3
2026-01-12 09:09:27,32.210000000000001,3.25,9,2
2026-01-12 10:27:48,33.939999999999998,5.8399999999999999,10,1
2026-01-12 10:11:23,33.979999999999997,3.6600000000000001,10,1
2026-01-12 10:13:50,24.050000000000001,2.1400000000000001,10,1
2026-01-12 12:19:59,42.020000000000003,6.1600000000000001,12,1
2026-01-12 13:50:16,13.949999999999999,1.8400000000000001,13,2
2026-01-12 16:12:26,14.15,0.01,16,1
2026-01-12 17:07:05,14.199999999999999,2.7000000000000002,17,1
2026-01-12 18:15:09,24.48,6.5999999999999996,18,1
2026-01-12 18:31:51,32.640000000000001,7,18,1
2026-01-12 18:51:38,37.369999999999997,0.02,18,1
2026-01-12 20:06:31,34.359999999999999,5.96,20,1
2026-01-12 20:00:45,14.01,1.3,20,1
2026-01-12 21:05:44,11.140000000000001,0.92000000000000004,21,2
2026-01-13 00:38:16,32.439999999999998,12.890000000000001,0,3
2026-01-13 06:38:51,33.189999999999998,8.7100000000000009,6,2
2026-01-13 07:24:40,26.960000000000001,5.3600000000000003,7,3
2026-01-13 08:50:33,14.09,1.8,8,3
2026-01-13 08:21:52,46.479999999999997,7.9000000000000004,8,3
2026-01-13 08:29:22,20.07,0.70999999999999996,8,3
2026-01-13 09:16:41,17.82,2.6000000000000001,9,3
2026-01-13 10:04:04,53.719999999999999,11.74,10,2
2026-01-13 10:42:27,24.59,0.26000000000000001,10,2
2026-01-13 11:14:52,13.380000000000001,0.78000000000000003,11,1
2026-01-13 14:29:45,18.379999999999999,2,14,1
2026-01-13 14:49:51,24.879999999999999,5.7999999999999998,14,1
2026-01-13 14:20:26,22.41,2.9100000000000001,14,1
2026-01-13 14:38:01,20.190000000000001,1.46,14,1
2026-01-13 20:54:32,18.190000000000001,5.04,20,1
2026-01-13 20:51:19,12.949999999999999,2.3500000000000001,20,1
2026-01-13 20:17:08,12.289999999999999,1.05,20,1
2026-01-13 21:59:18,8.5999999999999996,1.1000000000000001,21,3
2026-01-13 22:42:46,17.039999999999999,3.6000000000000001,22,3
2026-01-13 22:27:54,16.210000000000001,1.9199999999999999,22,3
2026-01-13 22:59:35,13.029999999999999,2.2000000000000002,22,3
2026-01-13 23:28:57,22.210000000000001,3.6899999999999999,23,3
2026-01-14 00:23:00,12.16,2.7200000000000002,0,3
2026-01-14 01:33:00,26.359999999999999,4.8600000000000003,1,3
2026-01-14 03:14:20,27.75,9.4000000000000004,3,3
2026-01-14 07:55:02,28.190000000000001,2.6800000000000002,7,3
2026-01-14 07:15:21,27.32,6.7999999999999998,7,3
2026-01-14 07:18:42,22.920000000000002,3.9399999999999999,7,3
2026-01-14 09:01:48,30.75,4.7000000000000002,9,3
2026-01-14 10:48:20,23.039999999999999,2.3900000000000001,10,3
2026-01-14 10:42:00,19.300000000000001,3,10,3
2026-01-14 10:05:32,24.440000000000001,4,10,3
2026-01-14 11:47:44,10.199999999999999,1.3500000000000001,11,3
2026-01-14 13:30:27,26.629999999999999,4.0800000000000001,13,3
2026-01-14 13:45:56,23.809999999999999,1.6499999999999999,13,3
2026-01-14 14:33:07,23.920000000000002,6.6799999999999997,14,3
2026-01-14 15:56:33,12.24,1.79,15,3
2026-01-14 15:21:15,17.18,1.99,15,3
2026-01-14 18:42:26,46.359999999999999,13.800000000000001,18,3
2026-01-14 18:38:01,22.949999999999999,2,18,3
2026-01-14 18:00:10,34.450000000000003,0.02,18,3
2026-01-14 20:59:39,36.890000000000001,2.7799999999999998,20,3
2026-01-14 21:14:41,40.859999999999999,1.97,21,3
2026-01-14 22:11:46,27.809999999999999,7.1299999999999999,22,3
2026-01-14 23:30:04,8.1899999999999995,1.0800000000000001,23,3
2026-01-14 23:41:59,17.969999999999999,2.21,23,3
2026-01-15 01:52:15,25.050000000000001,4.3300000000000001,1,3
2026-01-15 05:00:34,32.549999999999997,10.300000000000001,5,3
2026-01-15 07:40:38,35.719999999999999,1.46,7,3
2026-01-15 07:35:00,40.539999999999999,6.7699999999999996,7,3
2026-01-15 07:46:07,9.3900000000000006,1.1000000000000001,7,3
2026-01-15 07:41:57,30.23,2.7599999999999998,7,3
2026-01-15 09:09:01,38.939999999999998,3.25,9,3
2026-01-15 11:43:34,12.33,1.8600000000000001,11,3
2026-01-15 12:36:58,31.390000000000001,4.2999999999999998,12,3
2026-01-15 12:21:16,23.800000000000001,3.8900000000000001,12,3
2026-01-15 12:17:19,34.18,4.6299999999999999,12,3
2026-01-15 13:06:39,11.210000000000001,1.0800000000000001,13,3
2026-01-15 18:52:58,23.190000000000001,2.9700000000000002,18,1
2026-01-15 18:05:51,86.780000000000001,0.02,18,1
2026-01-15 19:49:00,37.810000000000002,4.4400000000000004,19,1
2026-01-15 19:57:03,17.550000000000001,3.54,19,1
2026-01-15 19:10:53,28.66,3.9199999999999999,19,1
2026-01-15 20:54:54,8.5500000000000007,1,20,1
2026-01-15 21:23:39,20.359999999999999,3.3999999999999999,21,1
2026-01-15 21:42:07,47.700000000000003,4.6100000000000003,21,1
2026-01-15 21:05:48,19.219999999999999,2.02,21,1
2026-01-15 22:07:33,29.829999999999998,2.77,22,1
2026-01-15 22:14:05,12.050000000000001,1.47,22,1
2026-01-15 23:24:35,27.140000000000001,8.9399999999999995,23,1
2026-01-15 23:18:08,17.649999999999999,0.57999999999999996,23,1
2026-01-15 23:37:35,57.759999999999998,11.35,23,1
2026-01-16 00:09:05,17.550000000000001,1.46,0,1
2026-01-16 03:18:31,22.75,6.1299999999999999,3,1
2026-01-16 07:07:04,74.689999999999998,10.140000000000001,7,1
2026-01-16 09:48:07,14.85,1.1499999999999999,9,1
2026-01-16 10:28:54,16.699999999999999,1.9299999999999999,10,1
2026-01-16 12:23:29,9.4900000000000002,0.92000000000000004,12,1
2026-01-16 14:23:00,12.4,1.6000000000000001,14,1
2026-01-16 17:56:36,44.450000000000003,13.58,17,2
2026-01-16 17:09:38,39.590000000000003,0.01,17,2
2026-01-16 18:01:00,16.940000000000001,2.23,18,2
2026-01-16 18:56:00,41.210000000000001,6.75,18,2
2026-01-16 19:50:29,21.850000000000001,4.6699999999999999,19,3
2026-01-16 19:52:45,19.690000000000001,0.56999999999999995,19,3
2026-01-16 20:56:48,22.18,4.0300000000000002,20,2
2026-01-16 20:04:53,13.199999999999999,0.28999999999999998,20,2
2026-01-16 21:30:07,20.100000000000001,5.0999999999999996,21,3
2026-01-16 21:20:05,7.6399999999999997,0.69999999999999996,21,3
2026-01-16 21:53:55,40.75,10.140000000000001,21,3
2026-01-16 21:14:21,37.479999999999997,11.300000000000001,21,3
2026-01-16 22:17:01,34.829999999999998,5.2000000000000002,22,3
2026-01-16 22:36:28,29.199999999999999,7.1399999999999997,22,3
2026-01-16 23:10:21,27.809999999999999,4.0199999999999996,23,1
2026-01-16 23:29:00,14.109999999999999,1.3100000000000001,23,1
2026-01-16 23:00:33,21.100000000000001,2.1099999999999999,23,1
2026-01-17 00:22:00,14.210000000000001,2.0600000000000001,0,2
2026-01-17 00:01:32,11.800000000000001,1.1499999999999999,0,2
2026-01-17 01:22:14,16.100000000000001,1.75,1,2
2026-01-17 01:59:37,25.940000000000001,2.3799999999999999,1,2
2026-01-17 02:10:10,17.440000000000001,2.3599999999999999,2,2
2026-01-17 03:19:12,12.34,1.71,3,3
2026-01-17 07:15:07,17.190000000000001,2.5299999999999998,7,3
2026-01-17 07:38:11,8.3599999999999994,1.1699999999999999,7,3
2026-01-17 07:38:49,62.189999999999998,17.059999999999999,7,3
2026-01-17 09:05:00,17.829999999999998,6.04,9,14
2026-01-17 09:15:58,21.98,7.5700000000000003,9,14
2026-01-17 10:33:55,20.780000000000001,3,10,3
2026-01-17 11:34:22,8.1799999999999997,0.82999999999999996,11,3
2026-01-17 11:34:54,16.960000000000001,2.6600000000000001,11,3
2026-01-17 12:27:00,22.190000000000001,3.4399999999999999,12,3
2026-01-17 12:17:37,22.199999999999999,3.2599999999999998,12,3
2026-01-17 12:28:07,24.640000000000001,2.8599999999999999,12,3
2026-01-17 12:41:38,22.699999999999999,3.25,12,3
2026-01-17 14:36:15,10.390000000000001,1.4399999999999999,14,3
2026-01-17 15:50:08,27.170000000000002,4.2999999999999998,15,3
2026-01-17 15:08:28,16.460000000000001,1.8400000000000001,15,3
2026-01-17 16:41:23,7.9699999999999998,0.94999999999999996,16,14
2026-01-17 17:13:14,15.210000000000001,3.71,17,12
2026-01-17 17:02:22,26.219999999999999,1.96,17,12
2026-01-17 18:49:08,47.670000000000002,3.9900000000000002,18,12
2026-01-17 18:01:36,15.09,1.3500000000000001,18,12
2026-01-17 21:06:56,28.190000000000001,6.0199999999999996,21,3
2026-01-17 22:20:13,18.469999999999999,1.9099999999999999,22,3
2026-01-17 22:56:33,16,1.8999999999999999,22,3
2026-01-17 23:17:24,13.94,1.8700000000000001,23,1
2026-01-17 23:17:00,14.16,1.1899999999999999,23,1
2026-01-17 23:41:09,24.780000000000001,4.4800000000000004,23,1
2026-01-17 23:57:24,24.129999999999999,1.3200000000000001,23,1
2026-01-17 23:42:26,30.899999999999999,3.7599999999999998,23,1
2026-01-17 23:55:40,24.030000000000001,0.33000000000000002,23,1
2026-01-18 00:45:26,30.890000000000001,4.2199999999999998,0,1
2026-01-18 00:27:10,32.619999999999997,7.8399999999999999,0,1
2026-01-18 01:49:14,22.289999999999999,4.6399999999999997,1,1
2026-01-18 01:36:04,8.9900000000000002,1.2,1,1
2026-01-18 02:41:42,18.210000000000001,2.4300000000000002,2,2
2026-01-18 02:16:18,20.010000000000002,2.7400000000000002,2,2
2026-01-18 03:47:59,8.1799999999999997,0.60999999999999999,3,1
2026-01-18 03:18:26,9.0999999999999996,0.83999999999999997,3,1
2026-01-18 04:08:37,17.190000000000001,1.1200000000000001,4,1
2026-01-18 08:59:43,22.199999999999999,5.25,8,3
2026-01-18 09:50:42,7.9400000000000004,0.62,9,3
2026-01-18 10:26:10,18.82,2.1299999999999999,10,3
2026-01-18 10:43:56,7.3899999999999997,0.94999999999999996,10,3
2026-01-18 10:40:39,14.949999999999999,2.4500000000000002,10,3
2026-01-18 11:59:55,11.869999999999999,1.3700000000000001,11,14
2026-01-18 12:07:35,25.219999999999999,5.4299999999999997,12,15
2026-01-18 12:28:08,17.039999999999999,1.76,12,15
2026-01-18 13:49:58,84.230000000000004,20.100000000000001,13,15
2026-01-18 13:45:51,38.840000000000003,6.1299999999999999,13,15
2026-01-18 14:50:50,31.210000000000001,5.5999999999999996,14,15
2026-01-18 14:43:05,28.719999999999999,6.4100000000000001,14,15
2026-01-18 15:54:37,24.949999999999999,4.29,15,5
2026-01-18 15:03:25,35.729999999999997,5.2800000000000002,15,5
2026-01-18 15:02:43,13.08,1.49,15,5
2026-01-18 16:51:54,25.539999999999999,4.8399999999999999,16,12
2026-01-18 17:08:47,8.5,0.51000000000000001,17,15
2026-01-18 17:18:00,24.27,5.3499999999999996,17,15
2026-01-18 18:11:06,15.69,2.1499999999999999,18,15
2026-01-18 18:54:50,34.939999999999998,3.8599999999999999,18,15
2026-01-18 18:19:17,33.100000000000001,5.6900000000000004,18,15
2026-01-18 19:17:26,24.210000000000001,4.5,19,12
2026-01-18 19:42:26,20.100000000000001,2.5099999999999998,19,12
2026-01-18 19:11:20,36.700000000000003,8.0399999999999991,19,12
2026-01-18 21:02:55,11.19,1.4399999999999999,21,12
2026-01-18 21:06:17,18.050000000000001,1.8400000000000001,21,12
2026-01-18 21:36:19,12.109999999999999,2.04,21,12
2026-01-18 21:46:52,21.93,2.1800000000000002,21,12
2026-01-18 21:40:43,25.600000000000001,7.04,21,12
2026-01-18 21:22:46,8.0800000000000001,0.95999999999999996,21,12
2026-01-18 22:54:35,26.350000000000001,6.5300000000000002,22,12
2026-01-18 22:58:32,9.8800000000000008,1.9399999999999999,22,12
2026-01-18 22:27:46,13.02,1.1899999999999999,22,12
2026-01-18 22:09:50,9.2200000000000006,1.1299999999999999,22,12
2026-01-18 23:04:07,9.8599999999999994,0.64000000000000001,23,12
2026-01-18 23:44:11,24.93,8.1799999999999997,23,12
2026-01-18 23:14:25,30.870000000000001,3.6600000000000001,23,12
2026-01-18 23:23:37,11.92,1.3200000000000001,23,12
2026-01-19 00:04:47,14.41,1.5600000000000001,0,12
2026-01-19 00:20:45,17.77,3.7999999999999998,0,12
2026-01-19 00:35:35,18.550000000000001,0.90000000000000002,0,12
2026-01-19 01:39:34,14.24,3,1,12
2026-01-19 02:26:26,22.149999999999999,5.2000000000000002,2,15
2026-01-19 03:26:47,15.02,0.70999999999999996,3,14
2026-01-19 05:21:26,55.189999999999998,18.760000000000002,5,3
2026-01-19 07:59:33,45.189999999999998,5.4900000000000002,7,3
2026-01-19 08:52:41,19.710000000000001,6.0999999999999996,8,3
2026-01-19 09:09:05,21.780000000000001,3.75,9,3
2026-01-19 10:54:33,10.98,1.8,10,3
2026-01-19 11:11:00,22.199999999999999,3.3399999999999999,11,3
2026-01-19 11:26:54,22.789999999999999,2.2400000000000002,11,3
2026-01-19 12:35:00,27.75,5.3300000000000001,12,3
2026-01-19 13:19:48,27.559999999999999,4.5199999999999996,13,1
2026-01-19 14:08:47,41.579999999999998,9.8200000000000003,14,1
2026-01-19 14:00:11,25.300000000000001,4.8399999999999999,14,1
2026-01-19 14:20:05,19.210000000000001,1.77,14,1
2026-01-19 15:33:13,29.07,5.7199999999999998,15,1
2026-01-19 15:16:57,27.280000000000001,2.4500000000000002,15,1
2026-01-19 17:41:26,17.789999999999999,0.01,17,1
2026-01-19 17:34:53,32.689999999999998,5.1500000000000004,17,1
2026-01-19 18:50:46,13.550000000000001,1.3899999999999999,18,1
2026-01-19 19:05:46,16.149999999999999,0.01,19,1
2026-01-19 20:05:45,13.859999999999999,2.5099999999999998,20,3
2026-01-19 20:15:51,35.310000000000002,10.6,20,3
2026-01-19 22:12:26,28.199999999999999,5.2300000000000004,22,3
2026-01-19 23:48:28,15.08,1.76,23,1
2026-01-19 23:32:05,10.039999999999999,1.24,23,1
2026-01-20 03:38:03,21.09,5.1600000000000001,3,1
2026-01-20 06:47:13,29.280000000000001,2.0600000000000001,6,1
2026-01-20 07:42:14,12.81,1.46,7,1
2026-01-20 07:14:22,33.200000000000003,6.29,7,1
2026-01-20 08:34:55,55.82,1.71,8,1
2026-01-20 08:01:42,20.649999999999999,1.9299999999999999,8,1
2026-01-20 08:46:48,32.009999999999998,4.6799999999999997,8,1
2026-01-20 09:31:21,67.879999999999995,12.51,9,1
2026-01-20 10:11:08,19.559999999999999,1.5900000000000001,10,1
2026-01-20 11:39:25,32.57,8.6600000000000001,11,1
2026-01-20 11:39:54,14.890000000000001,1,11,1
2026-01-20 11:09:54,28.010000000000002,3.6400000000000001,11,1
2026-01-20 12:02:16,12.960000000000001,0.02,12,1
2026-01-20 15:20:11,19.75,2,15,1
2026-01-20 16:28:00,18.960000000000001,1.99,16,1
2026-01-20 17:29:43,31.699999999999999,0.01,17,1
2026-01-20 17:48:02,16.16,0.73999999999999999,17,1
2026-01-20 19:50:59,23.309999999999999,1.4199999999999999,19,1
2026-01-20 19:41:40,39.82,0.32000000000000001,19,1
2026-01-20 20:26:08,15.210000000000001,1.46,20,1
2026-01-20 20:06:51,9.1899999999999995,1.3600000000000001,20,1
2026-01-20 21:28:49,28.879999999999999,1.9199999999999999,21,1
2026-01-20 21:37:08,26.879999999999999,5.4800000000000004,21,1
2026-01-20 21:52:10,21.879999999999999,2.0699999999999998,21,1
2026-01-20 21:01:36,29.010000000000002,3.0699999999999998,21,1
2026-01-20 22:01:13,46.450000000000003,4.5099999999999998,22,1
2026-01-20 22:51:20,15.93,2.0800000000000001,22,1
2026-01-20 22:55:00,34.969999999999999,10.300000000000001,22,1
2026-01-20 22:43:34,20.239999999999998,3.6099999999999999,22,1
2026-01-20 22:39:15,24.440000000000001,4.8099999999999996,22,1
2026-01-20 23:34:46,37.270000000000003,4.7800000000000002,23,1
2026-01-21 01:12:41,21.18,7.3200000000000003,1,1
2026-01-21 06:51:53,12.52,2.2999999999999998,6,1
2026-01-21 06:56:41,8.3300000000000001,0.83999999999999997,6,1
2026-01-21 07:44:10,41.490000000000002,2.8199999999999998,7,1
2026-01-21 07:20:44,10.35,1.48,7,1
2026-01-21 08:31:29,49.200000000000003,11.08,8,1
2026-01-21 08:01:38,48.990000000000002,5.2400000000000002,8,1
2026-01-21 09:15:14,14.380000000000001,1.1899999999999999,9,1
2026-01-21 13:17:07,33.079999999999998,1.75,13,1
2026-01-21 15:52:19,8.1999999999999993,1.3300000000000001,15,1
2026-01-21 16:18:06,16.199999999999999,1.4099999999999999,16,3
2026-01-21 18:33:00,13.42,1.7,18,3
2026-01-21 19:12:56,23.5,3.2000000000000002,19,3
2026-01-21 20:05:27,11.84,1.6000000000000001,20,3
2026-01-21 20:50:57,12.130000000000001,0.76000000000000001,20,3
2026-01-21 20:53:23,25.030000000000001,6.2800000000000002,20,3
2026-01-21 20:37:23,10.779999999999999,1.71,20,3
2026-01-21 20:11:47,18.199999999999999,4.0800000000000001,20,3
2026-01-21 21:04:52,40.210000000000001,6.3799999999999999,21,3
2026-01-21 21:42:19,32.189999999999998,4.1299999999999999,21,3
2026-01-21 21:24:33,32.200000000000003,1.1200000000000001,21,3
2026-01-21 22:23:55,23.48,2.3700000000000001,22,3
2026-01-21 22:28:46,19.190000000000001,8.75,22,3
2026-01-21 22:43:20,8.75,1.1699999999999999,22,3
2026-01-22 01:15:01,26.199999999999999,6.0700000000000003,1,3
2026-01-22 01:04:35,10.18,0.93000000000000005,1,3
2026-01-22 01:07:28,21.75,4.2999999999999998,1,3
2026-01-22 02:18:19,12.220000000000001,1.96,2,3
2026-01-22 05:32:46,26.23,6.3700000000000001,5,3
2026-01-22 06:52:30,11.18,0.85999999999999999,6,3
2026-01-22 07:44:54,13.92,1.1699999999999999,7,3
2026-01-22 07:04:32,32.039999999999999,5.25,7,3
2026-01-22 07:53:02,23.859999999999999,2.2999999999999998,7,3
2026-01-22 08:45:08,49.200000000000003,5.2199999999999998,8,3
2026-01-22 08:32:27,17.690000000000001,1.6000000000000001,8,3
2026-01-22 08:21:42,19.609999999999999,1.6499999999999999,8,3
2026-01-22 09:02:12,23.940000000000001,2.8700000000000001,9,3
2026-01-22 09:48:44,31.719999999999999,3.4399999999999999,9,3
2026-01-22 09:03:51,41.189999999999998,3.8900000000000001,9,3
2026-01-22 09:03:04,50.729999999999997,7.0099999999999998,9,3
2026-01-22 09:32:06,14.970000000000001,1.0900000000000001,9,3
2026-01-22 10:38:31,15.210000000000001,2.3199999999999998,10,3
2026-01-22 10:08:46,23.190000000000001,1.6000000000000001,10,3
2026-01-22 10:23:51,37.979999999999997,4.29,10,3
2026-01-22 11:55:00,42.189999999999998,3.7000000000000002,11,3
2026-01-22 11:00:28,49.210000000000001,4.9699999999999998,11,3
2026-01-22 14:48:11,33.950000000000003,8.1699999999999999,14,3
2026-01-22 16:54:21,22.190000000000001,0.02,16,3
2026-01-22 19:11:00,13.58,0.01,19,2
2026-01-22 19:27:27,12.199999999999999,1.28,19,2
2026-01-22 19:37:10,45.18,0.88,19,2
2026-01-22 20:16:54,20.530000000000001,2.6000000000000001,20,3
2026-01-22 20:47:27,22.949999999999999,2.96,20,3
2026-01-22 20:45:55,51.950000000000003,9.6999999999999993,20,3
2026-01-22 20:17:30,13.380000000000001,1.0900000000000001,20,3
2026-01-22 21:54:00,12.199999999999999,1.3899999999999999,21,3
2026-01-22 21:38:35,27.82,1.6200000000000001,21,3
2026-01-22 21:39:11,30.190000000000001,6.5199999999999996,21,3
2026-01-22 21:36:18,16.109999999999999,1.3200000000000001,21,3
2026-01-22 22:05:24,11.4,2.1000000000000001,22,3
2026-01-22 22:22:00,44.969999999999999,13.27,22,3
2026-01-22 22:49:19,27.670000000000002,3.5299999999999998,22,3
2026-01-22 22:48:55,25.030000000000001,2.3399999999999999,22,3
2026-01-22 22:56:07,15.08,1.26,22,3
2026-01-22 23:24:23,26.940000000000001,6.5,23,3
2026-01-22 23:36:13,3,11.550000000000001,23,3
2026-01-22 23:10:04,29.18,6.3700000000000001,23,3
2026-01-22 23:57:15,14.390000000000001,3.3999999999999999,23,3
2026-01-22 23:44:51,35.200000000000003,8.4399999999999995,23,3
2026-01-23 00:03:10,17.77,2.3900000000000001,0,3
2026-01-23 00:37:51,54.119999999999997,17.5,0,3
2026-01-23 01:05:31,20.920000000000002,4.7000000000000002,1,3
2026-01-23 02:17:56,9.1999999999999993,0.65000000000000002,2,3
2026-01-23 05:40:22,15.09,1.71,5,3
2026-01-23 05:55:35,8.8800000000000008,0.40000000000000002,5,3
2026-01-23 06:17:56,40.939999999999998,12.6,6,3
2026-01-23 06:47:20,43.939999999999998,12.99,6,3
2026-01-23 06:50:18,35.5,11,6,3
2026-01-23 08:51:26,14.18,0.91000000000000003,8,3
2026-01-23 08:25:10,37.299999999999997,4.9000000000000004,8,3
2026-01-23 08:59:50,14.69,1.2,8,3
2026-01-23 08:17:02,30.199999999999999,5.4199999999999999,8,3
2026-01-23 08:02:46,23.989999999999998,3.3300000000000001,8,3
2026-01-23 09:38:01,24.210000000000001,1.7,9,3
2026-01-23 09:48:47,7.4000000000000004,0.77000000000000002,9,3
2026-01-23 13:31:54,24.09,6.0099999999999998,13,3
2026-01-23 13:04:28,19.699999999999999,1.6000000000000001,13,3
2026-01-23 14:41:24,22.18,1.75,14,3
2026-01-23 15:57:58,33.189999999999998,0.17000000000000001,15,3
2026-01-23 15:10:09,19.949999999999999,1.76,15,3
2026-01-23 16:15:14,27.190000000000001,1.75,16,3
2026-01-23 18:10:00,18.120000000000001,1.05,18,3
2026-01-23 18:41:00,35.799999999999997,3.9500000000000002,18,3
2026-01-23 19:08:46,9.9499999999999993,1.01,19,3
2026-01-23 19:11:07,16.309999999999999,1.5800000000000001,19,3
2026-01-23 20:09:09,21.120000000000001,1.78,20,3
2026-01-23 21:51:14,7.0199999999999996,1.3,21,3
2026-01-23 21:28:09,19.739999999999998,4.5,21,3
2026-01-23 21:54:59,23.620000000000001,1.9199999999999999,21,3
2026-01-23 21:49:43,17.199999999999999,1.4299999999999999,21,3
2026-01-23 22:36:39,8.1899999999999995,0.32000000000000001,22,3
2026-01-23 22:08:58,40.909999999999997,8.9700000000000006,22,3
2026-01-24 00:16:37,38.450000000000003,6.7599999999999998,0,3
2026-01-24 00:02:29,12.27,1.8999999999999999,0,3
2026-01-24 00:34:25,23.149999999999999,0.98999999999999999,0,3
2026-01-24 01:05:25,20.940000000000001,4.25,1,3
2026-01-24 02:10:54,12.199999999999999,1.8500000000000001,2,2
2026-01-24 02:02:13,25.199999999999999,4.7599999999999998,2,2
2026-01-24 02:27:30,40.740000000000002,9.2699999999999996,2,2
2026-01-24 06:44:26,11.24,2.5499999999999998,6,2
2026-01-24 09:03:47,6.5499999999999998,1.2,9,1
2026-01-24 09:54:54,31.73,5.6500000000000004,9,1
2026-01-24 10:59:50,10.359999999999999,1.47,10,2
2026-01-24 11:59:38,9.7899999999999991,1.5,11,3
2026-01-24 11:29:11,35.200000000000003,4.2199999999999998,11,3
2026-01-24 12:18:27,33.240000000000002,3.6000000000000001,12,3
2026-01-24 12:34:33,17.780000000000001,2.8999999999999999,12,3
2026-01-24 13:52:52,18.199999999999999,2.71,13,3
2026-01-24 14:48:19,17.199999999999999,2.7999999999999998,14,3
2026-01-24 14:43:48,25.199999999999999,2.6099999999999999,14,3
2026-01-24 15:00:22,16.210000000000001,1.6299999999999999,15,3
2026-01-24 15:46:40,13.19,1.5600000000000001,15,3
2026-01-24 15:29:09,10.199999999999999,0.85999999999999999,15,3
2026-01-24 15:19:02,14.789999999999999,2.7000000000000002,15,3
2026-01-24 16:41:30,21.75,4.1100000000000003,16,3
2026-01-24 16:52:27,40.18,6.4000000000000004,16,3
2026-01-24 17:51:40,17.440000000000001,2.2000000000000002,17,3
2026-01-24 17:34:39,18.190000000000001,1.75,17,3
2026-01-24 17:38:55,20.199999999999999,1.27,17,3
2026-01-24 17:21:49,24.760000000000002,3.52,17,3
2026-01-24 18:18:47,19.550000000000001,1.6200000000000001,18,3
2026-01-24 18:16:05,20.199999999999999,2.5800000000000001,18,3
2026-01-24 19:40:17,48.539999999999999,10.27,19,3
2026-01-24 19:58:46,17.18,4.3499999999999996,19,3
2026-01-24 19:47:54,18.940000000000001,0.93999999999999995,19,3
2026-01-24 19:03:41,14.199999999999999,1.5600000000000001,19,3
2026-01-24 20:15:06,16.190000000000001,1.54,20,3
2026-01-24 20:04:12,25.190000000000001,4.8300000000000001,20,3
2026-01-24 20:43:19,18.199999999999999,3.5099999999999998,20,3
2026-01-24 21:52:34,15.720000000000001,2.9700000000000002,21,2
2026-01-24 21:24:11,17.199999999999999,2.4500000000000002,21,2
2026-01-24 21:58:26,15.19,1.4399999999999999,21,2
2026-01-24 22:54:59,9.8499999999999996,1.5800000000000001,22,3
2026-01-24 22:43:32,14.19,1.6899999999999999,22,3
2026-01-24 22:27:05,26.140000000000001,5.0599999999999996,22,3
2026-01-24 22:52:18,33.200000000000003,9.2599999999999998,22,3
2026-01-24 23:06:55,11.27,1.96,23,3
2026-01-24 23:30:13,14.18,1.28,23,3
2026-01-24 23:27:47,31.219999999999999,6.4900000000000002,23,3
2026-01-24 23:07:50,16.190000000000001,1.3700000000000001,23,3
2026-01-24 23:05:39,20.18,3.9700000000000002,23,3
2026-01-24 23:44:24,17.949999999999999,5.8200000000000003,23,3
2026-01-25 00:25:11,22.190000000000001,3.8900000000000001,0,3
2026-01-25 00:55:25,29.199999999999999,9.7699999999999996,0,3
2026-01-25 00:35:05,14.890000000000001,1.3,0,3
2026-01-25 00:15:24,26.190000000000001,5.0599999999999996,0,3
2026-01-25 01:16:05,25.68,0.17000000000000001,1,3
2026-01-25 01:37:53,11.109999999999999,1.1599999999999999,1,3
2026-01-25 02:15:00,19.940000000000001,4.21,2,3
2026-01-25 02:49:54,15.199999999999999,1.6399999999999999,2,3
2026-01-25 05:35:23,5.1900000000000004,0.84999999999999998,5,3
2026-01-25 07:26:57,21.460000000000001,1.6899999999999999,7,3
2026-01-25 09:13:14,20.190000000000001,1.96,9,14
2026-01-25 10:56:01,46.100000000000001,4.9000000000000004,10,3
2026-01-25 11:10:46,27.129999999999999,5.5,11,14
2026-01-25 14:43:13,23.690000000000001,2.0099999999999998,14,15
2026-01-25 15:26:10,34.009999999999998,0.040000000000000001,15,16
2026-01-25 16:33:36,56.189999999999998,5.1900000000000004,16,16
2026-01-25 16:50:15,22.489999999999998,1.51,16,16
2026-01-25 16:57:49,37.829999999999998,5.7999999999999998,16,16
2026-01-25 16:39:09,26.010000000000002,2.48,16,16
2026-01-25 17:44:59,30.190000000000001,2.8900000000000001,17,15
2026-01-25 17:54:01,53.189999999999998,2.8300000000000001,17,15
2026-01-25 18:37:49,38.189999999999998,4.29,18,16
2026-01-25 18:51:20,22.390000000000001,2,18,16
2026-01-25 19:08:48,29.199999999999999,1.25,19,16
2026-01-25 22:49:33,51.060000000000002,6.5899999999999999,22,16
2026-01-26 07:47:18,21.640000000000001,1.6299999999999999,7,3
2026-01-26 08:22:25,35.399999999999999,3.3300000000000001,8,3
2026-01-26 09:25:37,7.5700000000000003,0.71999999999999997,9,3
2026-01-26 09:17:44,31.66,2.9199999999999999,9,3
2026-01-26 10:57:11,19.039999999999999,3.1000000000000001,10,3
2026-01-26 11:28:06,24.190000000000001,3.1200000000000001,11,3
2026-01-26 12:40:29,33.759999999999998,3.5699999999999998,12,3
2026-01-26 13:56:30,13.58,1.01,13,3
2026-01-26 13:15:44,18.120000000000001,1.47,13,3
2026-01-26 14:36:27,36.799999999999997,4.6299999999999999,14,3
2026-01-26 15:14:33,14.949999999999999,2.1000000000000001,15,3
2026-01-26 15:44:47,3.5800000000000001,0.23000000000000001,15,3
2026-01-26 16:34:18,12.359999999999999,0.01,16,3
2026-01-26 17:45:00,17.329999999999998,1.9099999999999999,17,3
2026-01-26 17:59:23,15.19,0.01,17,3
2026-01-26 18:46:00,15.210000000000001,1.51,18,3
2026-01-26 18:16:42,24.190000000000001,7.9400000000000004,18,3
2026-01-26 18:27:28,27.100000000000001,0.01,18,3
2026-01-26 19:45:29,6.7000000000000002,0.69999999999999996,19,3
2026-01-26 19:40:11,13.84,0.01,19,3
2026-01-26 19:56:15,25.210000000000001,1.3799999999999999,19,3
2026-01-26 19:59:35,12.210000000000001,0.46999999999999997,19,3
2026-01-26 20:55:00,12.4,1.0700000000000001,20,3
2026-01-26 20:25:24,25.219999999999999,5.2800000000000002,20,3
2026-01-26 21:26:48,6.3899999999999997,0.88,21,2
2026-01-26 22:04:43,20.309999999999999,4.5999999999999996,22,1
2026-01-26 22:51:19,20.879999999999999,4.7000000000000002,22,1
2026-01-26 23:09:34,10.19,1.8300000000000001,23,3
2026-01-26 23:47:46,33.369999999999997,7.79,23,3
2026-01-27 00:37:51,18.210000000000001,2.6099999999999999,0,3
2026-01-27 01:00:57,29.73,6.4199999999999999,1,3
2026-01-27 02:16:47,16.219999999999999,2.6600000000000001,2,2
2026-01-27 04:50:22,16.309999999999999,2.0800000000000001,4,1
2026-01-27 05:35:37,101.3,18.780000000000001,5,1
2026-01-27 05:58:43,24.109999999999999,0.57999999999999996,5,1
2026-01-27 06:47:08,32.460000000000001,2.5,6,1
2026-01-27 07:09:08,14.380000000000001,1.1200000000000001,7,1
2026-01-27 07:50:13,11.33,0.90000000000000002,7,1
2026-01-27 07:43:35,15.550000000000001,2.7999999999999998,7,1
2026-01-27 09:27:15,60.32,5.0999999999999996,9,1
2026-01-27 09:59:19,44.920000000000002,5.0599999999999996,9,1
2026-01-27 09:49:10,29.199999999999999,1.1599999999999999,9,1
2026-01-27 10:34:58,43.049999999999997,5,10,1
2026-01-27 11:36:04,20.210000000000001,0.91000000000000003,11,1
2026-01-27 12:49:00,15.35,1.99,12,1
2026-01-27 13:14:05,24.739999999999998,2.29,13,2
2026-01-27 13:43:21,21.93,0.48999999999999999,13,2
2026-01-27 14:47:00,41.200000000000003,2.7999999999999998,14,1
2026-01-27 16:32:00,10.83,0.59999999999999998,16,2
2026-01-27 18:14:03,40.259999999999998,3.3999999999999999,18,3
2026-01-27 19:41:46,27.059999999999999,0.089999999999999997,19,3
2026-01-27 19:33:41,15.41,0.01,19,3
2026-01-27 20:42:45,42.359999999999999,2.4900000000000002,20,3
2026-01-27 20:18:01,27.210000000000001,1.6699999999999999,20,3
2026-01-27 20:34:02,41.200000000000003,2.4700000000000002,20,3
2026-01-27 20:17:09,20.890000000000001,1.8799999999999999,20,3
2026-01-27 21:41:57,67.549999999999997,2.8300000000000001,21,3
2026-01-27 21:26:51,25.870000000000001,1.6000000000000001,21,3
2026-01-27 22:29:03,64.189999999999998,2.9100000000000001,22,3
2026-01-27 23:05:30,16.030000000000001,0.93000000000000005,23,3
2026-01-27 23:28:01,7.9500000000000002,0.55000000000000004,23,3
2026-01-27 23:12:49,21.25,2.1000000000000001,23,3
2026-01-27 23:11:00,24.039999999999999,6.2599999999999998,23,3
2026-01-27 23:56:15,16.210000000000001,4.1900000000000004,23,3
2026-01-28 00:06:38,13.279999999999999,1.1799999999999999,0,2
2026-01-28 00:13:02,32.670000000000002,9.1199999999999992,0,2
2026-01-28 00:24:00,23.18,5.7800000000000002,0,2
2026-01-28 05:14:00,40.729999999999997,14.69,5,1
2026-01-28 06:30:57,31.199999999999999,3.77,6,1
2026-01-28 07:57:51,37.450000000000003,6.0999999999999996,7,1
2026-01-28 07:54:52,69.540000000000006,10.01,7,1
2026-01-28 07:51:49,57.18,6.71,7,1
2026-01-28 07:14:18,53.189999999999998,1.78,7,1
2026-01-28 08:08:06,13.1,0.91000000000000003,8,1
2026-01-28 09:26:03,61.549999999999997,6.4000000000000004,9,1
2026-01-28 09:19:13,42.740000000000002,8,9,1
2026-01-28 10:50:01,35.829999999999998,6,10,1
2026-01-28 10:52:39,13.380000000000001,1.2,10,1
2026-01-28 10:30:04,19.07,0.89000000000000001,10,1
2026-01-28 12:39:59,28.190000000000001,3.3700000000000001,12,1
2026-01-28 12:23:04,55.689999999999998,4.6100000000000003,12,1
2026-01-28 13:43:59,33.210000000000001,2.7599999999999998,13,1
2026-01-28 16:28:04,20.25,2,16,1
2026-01-28 16:07:44,21.329999999999998,2.1600000000000001,16,1
2026-01-28 17:19:07,16.16,0.81999999999999995,17,1
2026-01-28 17:51:51,21.18,0.88,17,1
2026-01-28 20:34:06,20.350000000000001,1.72,20,3
2026-01-28 20:24:35,19.940000000000001,2.3700000000000001,20,3
2026-01-28 20:07:06,51.740000000000002,4.0499999999999998,20,3
2026-01-28 21:01:00,50.469999999999999,2.3399999999999999,21,3
2026-01-28 21:38:00,22.739999999999998,2.3900000000000001,21,3
2026-01-28 22:41:00,32.100000000000001,1.21,22,3
2026-01-28 22:15:52,37.619999999999997,1.0800000000000001,22,3
2026-01-28 22:07:34,26.190000000000001,6.7000000000000002,22,3
2026-01-29 00:12:53,19.210000000000001,3.5899999999999999,0,1
2026-01-29 00:35:48,22.210000000000001,5.7300000000000004,0,1
2026-01-29 00:05:13,3,17.559999999999999,0,1
2026-01-29 00:35:45,17.43,3.5899999999999999,0,1
2026-01-29 01:58:04,24.190000000000001,4.29,1,1
2026-01-29 02:01:44,22.789999999999999,6.3700000000000001,2,2
2026-01-29 06:35:41,37.259999999999998,8.2200000000000006,6,1
2026-01-29 06:41:48,21.93,4.0599999999999996,6,1
2026-01-29 07:25:27,20.120000000000001,1.4299999999999999,7,1
2026-01-29 07:53:55,30.199999999999999,1.52,7,1
2026-01-29 07:42:52,62.369999999999997,1.54,7,1
2026-01-29 08:44:18,53.25,6.6200000000000001,8,1
2026-01-29 08:48:25,26.579999999999998,5.6799999999999997,8,1
2026-01-29 08:08:38,39.960000000000001,5.7999999999999998,8,1
2026-01-29 08:17:53,8.4100000000000001,0.40999999999999998,8,1
2026-01-29 09:08:00,38.020000000000003,9,9,1
2026-01-29 10:50:07,21.41,1.3,10,1
2026-01-29 11:16:01,35.189999999999998,6.0999999999999996,11,2
2026-01-29 12:24:39,12.65,1.2,12,1
2026-01-29 13:14:21,34.189999999999998,2.5,13,1
2026-01-29 13:08:46,25.920000000000002,6.0599999999999996,13,1
2026-01-29 18:07:30,62.200000000000003,0.02,18,1
2026-01-29 18:24:30,35.899999999999999,0.01,18,1
2026-01-29 19:51:24,30.890000000000001,3.2799999999999998,19,1
2026-01-29 19:08:10,114.81999999999999,0.23999999999999999,19,1
2026-01-29 19:54:43,31.210000000000001,0.81000000000000005,19,1
2026-01-29 20:40:11,24.550000000000001,1.8,20,1
2026-01-29 20:00:00,24.239999999999998,4.6299999999999999,20,1
2026-01-29 20:47:57,42.43,3.6000000000000001,20,1
2026-01-29 20:51:17,78.870000000000005,2.4100000000000001,20,1
2026-01-29 20:08:22,14.789999999999999,2.1099999999999999,20,1
2026-01-29 21:19:26,15.19,3.5099999999999998,21,1
2026-01-29 21:22:52,12.33,1.5600000000000001,21,1
2026-01-29 21:00:48,86.180000000000007,3.8300000000000001,21,1
2026-01-29 21:26:20,13.949999999999999,1.8200000000000001,21,1
2026-01-29 22:59:45,11.81,1.5600000000000001,22,1
2026-01-29 22:33:39,22.780000000000001,2.5800000000000001,22,1
2026-01-29 22:39:24,28.050000000000001,3.2400000000000002,22,1
2026-01-29 22:43:27,39.200000000000003,3.3999999999999999,22,1
2026-01-29 22:23:00,8.8800000000000008,1.1000000000000001,22,1
2026-01-29 22:07:50,51.210000000000001,2.0499999999999998,22,1
2026-01-29 22:33:18,40.659999999999997,3.3900000000000001,22,1
2026-01-29 22:15:15,9.2899999999999991,0.65000000000000002,22,1
2026-01-29 23:03:00,25.010000000000002,1.8100000000000001,23,1
2026-01-29 23:45:42,13.58,1.28,23,1
2026-01-30 00:10:15,10.789999999999999,1.52,0,1
2026-01-30 00:08:02,19.48,2.6000000000000001,0,1
2026-01-30 00:16:23,16.190000000000001,1.49,0,1
2026-01-30 00:02:04,8.3900000000000006,0.66000000000000003,0,1
2026-01-30 01:45:07,16.07,1.71,1,1
2026-01-30 01:57:55,22.629999999999999,2.4199999999999999,1,1
2026-01-30 01:34:32,33.729999999999997,14.25,1,1
2026-01-30 01:08:43,23.66,1.8600000000000001,1,1
2026-01-30 03:29:25,18.960000000000001,4.0099999999999998,3,1
2026-01-30 04:50:20,18.280000000000001,2.5600000000000001,4,1
2026-01-30 05:39:20,11.130000000000001,1.1100000000000001,5,1
2026-01-30 05:40:34,33.93,6.9299999999999997,5,1
2026-01-30 06:36:46,22.969999999999999,2.7799999999999998,6,1
2026-01-30 07:35:57,40.270000000000003,6.8700000000000001,7,1
2026-01-30 07:49:44,39.119999999999997,1.3,7,1
2026-01-30 07:57:10,21.27,1.0800000000000001,7,1
2026-01-30 07:29:42,32.07,1.71,7,1
2026-01-30 08:35:00,20.899999999999999,1.21,8,1
2026-01-30 08:52:41,37.420000000000002,3.5699999999999998,8,1
2026-01-30 09:09:17,31.18,1.23,9,1
2026-01-30 10:22:20,22.52,2.6000000000000001,10,1
2026-01-30 10:06:37,21.18,2.3999999999999999,10,1
2026-01-30 10:24:32,26.09,1.77,10,1
2026-01-30 11:29:59,13.84,0.69999999999999996,11,1
2026-01-30 11:05:43,21.199999999999999,1.6499999999999999,11,1
2026-01-30 12:01:59,32.200000000000003,6.5999999999999996,12,1
2026-01-30 12:12:10,5.7999999999999998,0.40000000000000002,12,1
2026-01-30 12:57:48,18.199999999999999,0.87,12,1
2026-01-30 14:51:20,54.619999999999997,2.27,14,1
2026-01-30 15:52:38,16.25,0.47999999999999998,15,1
2026-01-30 16:56:00,29.18,1.77,16,1
2026-01-30 16:51:47,21.850000000000001,0.01,16,1
2026-01-30 18:07:00,48.460000000000001,8.5,18,1
2026-01-30 18:19:36,44.829999999999998,1.8400000000000001,18,1
2026-01-30 18:01:59,45.740000000000002,5.2999999999999998,18,1
2026-01-30 19:03:44,11.56,0.40999999999999998,19,1
2026-01-30 19:54:55,33.270000000000003,4.5,19,1
2026-01-30 19:57:19,20.940000000000001,0.73999999999999999,19,1
2026-01-30 20:31:33,27.050000000000001,2.4199999999999999,20,1
2026-01-30 20:26:13,25.539999999999999,4.4000000000000004,20,1
2026-01-30 20:32:52,11.23,1.01,20,1
2026-01-30 20:05:52,18.75,0.80000000000000004,20,1
2026-01-30 20:07:59,15.130000000000001,1.1100000000000001,20,1
2026-01-30 20:27:32,16.850000000000001,0.5,20,1
2026-01-30 21:27:57,16.73,1.24,21,1
2026-01-30 22:26:07,59.270000000000003,6.7400000000000002,22,1
2026-01-30 22:32:46,26.949999999999999,2.54,22,1
2026-01-30 22:58:40,17.190000000000001,1.8500000000000001,22,1
2026-01-30 22:53:01,18.48,2.1099999999999999,22,1
2026-01-30 22:56:04,30.190000000000001,6.2199999999999998,22,1
2026-01-30 23:48:35,12.5,1.3,23,1
2026-01-30 23:38:20,66.629999999999995,4.4800000000000004,23,1
2026-01-30 23:57:32,19.09,3.8199999999999998,23,1
2026-01-31 00:24:21,18.059999999999999,0.73999999999999999,0,1
2026-01-31 00:31:40,34.289999999999999,6.5700000000000003,0,1
2026-01-31 00:30:30,39.200000000000003,3.1400000000000001,0,1
2026-01-31 00:17:34,29.140000000000001,6.04,0,1
2026-01-31 01:02:02,33.859999999999999,5.5,1,1
2026-01-31 01:25:07,22.18,1.1899999999999999,1,1
2026-01-31 01:44:05,21.879999999999999,4.0499999999999998,1,1
2026-01-31 02:35:21,47.310000000000002,7.6299999999999999,2,1
2026-01-31 02:03:01,27.620000000000001,1.7,2,1
2026-01-31 03:29:39,9.5299999999999994,0.79000000000000004,3,1
2026-01-31 05:00:21,34.039999999999999,6.79,5,1
2026-01-31 09:29:27,11.99,1.5,9,3
2026-01-31 09:24:35,20.940000000000001,4.9400000000000004,9,3
2026-01-31 10:55:34,41.969999999999999,10.460000000000001,10,2
2026-01-31 11:16:47,15.08,1.6100000000000001,11,3
2026-01-31 11:34:28,17.18,1.21,11,3
2026-01-31 14:40:17,18.800000000000001,2.3599999999999999,14,3
2026-01-31 15:04:26,33.990000000000002,10.34,15,3
2026-01-31 16:09:39,39.18,6.1200000000000001,16,3
2026-01-31 17:53:02,42.899999999999999,2.1899999999999999,17,2
2026-01-31 18:07:37,22.190000000000001,2.3799999999999999,18,2
2026-01-31 18:34:52,28.02,4.0899999999999999,18,2
2026-01-31 18:35:56,35.200000000000003,2.6800000000000002,18,2
2026-01-31 18:06:33,18.989999999999998,1.54,18,2
2026-01-31 18:44:28,51.189999999999998,7.3300000000000001,18,2
2026-01-31 18:07:30,22.75,6.5499999999999998,18,2
2026-01-31 19:33:15,36.259999999999998,2.9500000000000002,19,3
2026-01-31 20:33:40,28.190000000000001,1.8500000000000001,20,3
2026-01-31 20:41:29,63.609999999999999,8.9600000000000009,20,3
2026-01-31 20:01:16,26.190000000000001,5.8600000000000003,20,3
2026-01-31 21:38:32,42.93,8.8599999999999994,21,3
2026-01-31 21:29:09,10.199999999999999,0.98999999999999999,21,3
2026-01-31 21:09:37,9.4399999999999995,1,21,3
2026-01-31 22:56:09,43.68,5.1399999999999997,22,3
2026-01-31 22:48:14,15.960000000000001,2.3999999999999999,22,3
2026-01-31 22:23:40,26.199999999999999,2.46,22,3
2026-01-31 23:07:28,16.5,0.70999999999999996,23,3
2026-01-31 23:54:27,35.210000000000001,11.52,23,3
2026-01-31 23:32:35,59.520000000000003,4.4800000000000004,23,3
2026-01-31 23:28:38,31.870000000000001,2.7000000000000002,23,3
2026-01-31 23:53:44,53.049999999999997,5.9800000000000004,23,3
2026-02-01 00:02:07,9.3000000000000007,1.3300000000000001,0,3
2026-02-01 00:43:14,10,1.4199999999999999,0,3
2026-02-01 01:38:26,17.699999999999999,3.7599999999999998,1,3
2026-02-01 01:54:14,11.4,0.87,1,3
2026-02-01 01:38:52,14.199999999999999,2.2000000000000002,1,3
2026-02-01 02:23:52,23.300000000000001,4.2599999999999998,2,3
2026-02-01 02:18:28,20.5,3.7999999999999998,2,3
2026-02-01 03:59:08,24.699999999999999,5.4199999999999999,3,3
2026-02-01 03:33:47,11.4,2.1299999999999999,3,3
2026-02-01 04:34:26,7.2000000000000002,0.81999999999999995,4,3
2026-02-01 04:24:37,65,2.6099999999999999,4,3
2026-02-01 04:00:15,9.3000000000000007,1.47,4,3
2026-02-01 08:19:15,7.9000000000000004,1.1599999999999999,8,3
2026-02-01 09:29:26,6.5,0.81000000000000005,9,3
2026-02-01 09:57:50,11.4,1.5800000000000001,9,3
2026-02-01 09:34:48,43.600000000000001,10.6,9,3
2026-02-01 09:48:36,5.7999999999999998,0.44,9,3
2026-02-01 09:56:48,12.800000000000001,2.1899999999999999,9,3
2026-02-01 10:52:07,5.0999999999999996,0.59999999999999998,10,3
2026-02-01 10:26:58,7.9000000000000004,1.2,10,3
2026-02-01 11:09:29,7.2000000000000002,0.59999999999999998,11,3
2026-02-01 11:56:32,4.4000000000000004,0.40000000000000002,11,3
2026-02-01 12:16:58,14.9,2.3399999999999999,12,3
2026-02-01 12:55:08,6.5,0.79000000000000004,12,3
2026-02-01 13:17:39,18.399999999999999,1.7,13,3
2026-02-01 13:10:54,5.0999999999999996,0.40000000000000002,13,3
2026-02-01 13:12:46,36.600000000000001,8.8300000000000001,13,3
2026-02-01 14:32:20,10,1.3500000000000001,14,3
2026-02-01 14:38:08,38.5,10.199999999999999,14,3
2026-02-01 14:19:56,8.5999999999999996,1.3899999999999999,14,3
2026-02-01 14:09:51,10,0.40000000000000002,14,3
2026-02-01 15:26:36,7.2000000000000002,0.80000000000000004,15,3
2026-02-01 15:42:06,26.100000000000001,3.5299999999999998,15,3
2026-02-01 15:12:10,29.600000000000001,7.4299999999999997,15,3
2026-02-01 16:33:57,13.5,2.02,16,3
2026-02-01 16:51:20,6.5,0.5,16,3
2026-02-01 17:11:05,13.5,1.8999999999999999,17,3
2026-02-01 17:14:46,45,10.16,17,3
2026-02-01 17:35:40,10.699999999999999,1.6200000000000001,17,3
2026-02-01 17:04:42,12.1,1.77,17,3
2026-02-01 17:58:29,10.699999999999999,1.1299999999999999,17,3
2026-02-01 18:03:51,10,1.3999999999999999,18,3
2026-02-01 18:44:44,7.9000000000000004,0.92000000000000004,18,3
2026-02-01 18:29:58,47.799999999999997,9.9600000000000009,18,3
2026-02-01 18:15:41,6.5,0.78000000000000003,18,3
2026-02-01 18:04:08,5.7999999999999998,0.69999999999999996,18,3
2026-02-01 18:50:55,30.300000000000001,6.0300000000000002,18,3
2026-02-01 18:34:46,7.2000000000000002,0.97999999999999998,18,3
2026-02-01 18:59:59,12.1,1.3899999999999999,18,3
2026-02-01 19:49:43,11.4,1.6399999999999999,19,3
2026-02-01 19:52:44,70,20.199999999999999,19,3
2026-02-01 19:22:55,10,1.1200000000000001,19,3
2026-02-01 20:05:44,70,18.460000000000001,20,3
2026-02-01 21:54:28,12.1,1.73,21,3
2026-02-01 21:14:53,13.5,2.4199999999999999,21,3
2026-02-01 21:31:06,10.699999999999999,1.4099999999999999,21,3
2026-02-01 21:25:02,17,3.46,21,3
2026-02-01 21:17:46,10.699999999999999,1.49,21,3
2026-02-01 22:51:24,12.800000000000001,2.3199999999999998,22,3
2026-02-02 00:22:46,14.9,2.2999999999999998,0,3
2026-02-02 00:53:15,48.5,12.5,0,3
2026-02-02 06:15:28,9.3000000000000007,1.6200000000000001,6,3
2026-02-02 06:20:08,44.5,3.7000000000000002,6,3
2026-02-02 06:19:55,11.4,1.96,6,3
2026-02-02 07:30:55,9.3000000000000007,0.68999999999999995,7,3
2026-02-02 07:23:12,4.4000000000000004,0.40999999999999998,7,3
2026-02-02 08:43:26,13.5,0.75,8,3
2026-02-02 09:31:14,23.300000000000001,2.21,9,1
2026-02-02 09:04:50,12.1,1.76,9,1
2026-02-02 09:49:46,13.5,1.1499999999999999,9,1
2026-02-02 10:26:07,19.800000000000001,0.91000000000000003,10,1
2026-02-02 10:50:27,31.699999999999999,7.3499999999999996,10,1
2026-02-02 10:44:35,19.800000000000001,2.8900000000000001,10,1
2026-02-02 11:26:51,11.4,0.80000000000000004,11,1
2026-02-02 11:03:18,6.5,0.72999999999999998,11,1
2026-02-02 11:02:59,12.1,0.51000000000000001,11,1
2026-02-02 11:58:43,20.5,0.89000000000000001,11,1
2026-02-02 11:59:50,70,2.48,11,1
2026-02-02 11:05:10,20.5,2.2000000000000002,11,1
2026-02-02 12:38:25,70,17.100000000000001,12,1
2026-02-02 13:21:04,12.800000000000001,0.72999999999999998,13,1
2026-02-02 13:12:12,12.800000000000001,0.71999999999999997,13,1
2026-02-02 13:09:34,19.800000000000001,1.1699999999999999,13,1
2026-02-02 13:51:51,19.5,2.2000000000000002,13,1
2026-02-02 13:40:15,31.5,9.3000000000000007,13,1
2026-02-02 14:29:36,19.5,2.1000000000000001,14,1
2026-02-02 14:55:03,42.899999999999999,9.1699999999999999,14,1
2026-02-02 14:26:22,38.700000000000003,8.7699999999999996,14,1
2026-02-02 15:49:07,21.899999999999999,2,15,1
2026-02-02 15:48:33,12.1,1.21,15,1
2026-02-02 15:44:34,11.4,1.5900000000000001,15,1
2026-02-02 15:04:23,40.799999999999997,8.5800000000000001,15,1
2026-02-02 15:47:09,19.100000000000001,2.4199999999999999,15,1
2026-02-02 16:08:24,10,1.1200000000000001,16,1
2026-02-02 16:47:15,54.799999999999997,10.369999999999999,16,1
2026-02-02 16:17:06,7.9000000000000004,0.94999999999999996,16,1
2026-02-02 17:27:40,9.3000000000000007,1.01,17,1
2026-02-02 17:12:45,20.5,2.3799999999999999,17,1
2026-02-02 17:39:28,15.6,2.0899999999999999,17,1
2026-02-02 17:08:45,18.399999999999999,1.8799999999999999,17,1
2026-02-02 18:25:24,11.4,1.3600000000000001,18,1
2026-02-02 18:06:39,14.9,2.02,18,1
2026-02-02 18:27:42,14.9,2.3999999999999999,18,1
2026-02-02 18:33:50,6.5,0.68999999999999995,18,1
2026-02-02 19:09:15,14.9,1.8999999999999999,19,1
2026-02-02 19:42:01,24,3.9900000000000002,19,1
2026-02-02 19:06:37,6.5,0.80000000000000004,19,1
2026-02-02 19:11:09,12.800000000000001,1.6399999999999999,19,1
2026-02-02 19:12:15,13.5,2.1099999999999999,19,1
2026-02-02 19:01:11,18.399999999999999,2.4700000000000002,19,1
2026-02-02 19:41:08,14.9,0.97999999999999998,19,1
2026-02-02 20:02:04,10,1.6000000000000001,20,1
2026-02-02 20:05:48,11.4,1.29,20,1
2026-02-02 20:17:42,14.199999999999999,3.1299999999999999,20,1
2026-02-02 21:46:11,21.199999999999999,4.46,21,1
2026-02-02 21:48:50,21.199999999999999,4.3099999999999996,21,1
2026-02-02 21:03:23,7.2000000000000002,0.77000000000000002,21,1
2026-02-02 21:02:26,30.300000000000001,6.54,21,1
2026-02-02 21:32:45,16.300000000000001,2.7000000000000002,21,1
2026-02-02 21:18:10,17.699999999999999,2.6200000000000001,21,1
2026-02-02 22:24:31,14.199999999999999,2.7200000000000002,22,1
2026-02-02 22:14:28,6.5,0.78000000000000003,22,1
2026-02-02 23:18:48,7.9000000000000004,0.96999999999999997,23,1
2026-02-02 23:17:04,7.9000000000000004,0.87,23,1
2026-02-03 02:18:15,7.2000000000000002,0.95999999999999996,2,1
2026-02-03 06:54:32,10.699999999999999,1.72,6,1
2026-02-03 07:31:22,12.800000000000001,1.1000000000000001,7,1
2026-02-03 07:12:49,10,1.1000000000000001,7,1
2026-02-03 07:05:00,26.100000000000001,3.8100000000000001,7,1
2026-02-03 07:31:26,9.3000000000000007,0.93000000000000005,7,1
2026-02-03 08:41:29,17,1.8999999999999999,8,1
2026-02-03 08:14:36,14.199999999999999,2.4100000000000001,8,1
2026-02-03 08:40:15,7.9000000000000004,0.58999999999999997,8,1
2026-02-03 09:54:26,40.5,10.800000000000001,9,1
2026-02-03 09:50:09,4.4000000000000004,0.34999999999999998,9,1
2026-02-03 09:31:31,5.0999999999999996,0.28000000000000003,9,1
2026-02-03 10:04:08,7.2000000000000002,0.69999999999999996,10,1
2026-02-03 10:18:26,15.6,1.1499999999999999,10,1
2026-02-03 10:31:10,47.100000000000001,8.9700000000000006,10,1
2026-02-03 10:32:25,25.5,5.0999999999999996,10,1
2026-02-03 10:26:05,39.399999999999999,3.3700000000000001,10,1
2026-02-03 10:53:21,42.200000000000003,8.9700000000000006,10,1
2026-02-03 11:36:17,9.3000000000000007,0.29999999999999999,11,1
2026-02-03 11:13:16,17,3.2999999999999998,11,1
2026-02-03 11:06:11,26.800000000000001,3.9500000000000002,11,1
2026-02-03 11:28:26,19.100000000000001,0.66000000000000003,11,1
2026-02-03 11:49:29,18.399999999999999,1.78,11,1
2026-02-03 11:04:01,12.1,1.1799999999999999,11,1
2026-02-03 12:59:19,18.399999999999999,1.0900000000000001,12,1
2026-02-03 12:44:54,17.699999999999999,2.6699999999999999,12,1
2026-02-03 12:01:41,26.5,5.4000000000000004,12,1
2026-02-03 12:43:34,18.399999999999999,2.1400000000000001,12,1
2026-02-03 13:35:51,10,0.95999999999999996,13,1
2026-02-03 13:35:44,17.699999999999999,1.6000000000000001,13,1
2026-02-03 13:00:44,19.100000000000001,2.2200000000000002,13,1
2026-02-03 13:52:17,14.199999999999999,1.1599999999999999,13,1
2026-02-03 13:48:18,64.599999999999994,17.030000000000001,13,1
2026-02-03 13:49:30,68.099999999999994,16.359999999999999,13,1
2026-02-03 13:06:08,21.899999999999999,1.3500000000000001,13,1
2026-02-03 13:21:19,73.400000000000006,10.67,13,1
2026-02-03 13:01:58,8.5999999999999996,1.0700000000000001,13,1
2026-02-03 14:48:38,19.800000000000001,1.5,14,1
2026-02-03 14:02:52,14.199999999999999,1.0700000000000001,14,1
2026-02-03 14:26:34,26.100000000000001,2.8799999999999999,14,1
2026-02-03 15:04:13,24,1.71,15,1
2026-02-03 15:39:14,14.9,1.21,15,1
2026-02-03 15:25:23,14.9,1.6000000000000001,15,1
2026-02-03 16:04:47,12.800000000000001,1.8300000000000001,16,1
2026-02-03 16:11:19,22.600000000000001,4.6500000000000004,16,1
2026-02-03 16:55:57,29.600000000000001,1.96,16,1
2026-02-03 16:32:45,13.5,0.31,16,1
2026-02-03 16:15:58,45.5,12.800000000000001,16,1
2026-02-03 16:17:53,42.899999999999999,4.2599999999999998,16,1
2026-02-03 16:06:28,46.5,15.1,16,1
2026-02-03 16:04:22,12.800000000000001,1.25,16,1
2026-02-03 16:21:19,31.5,8.0999999999999996,16,1
2026-02-03 17:58:47,12.800000000000001,0.90000000000000002,17,2
2026-02-03 17:04:54,5.0999999999999996,0.40000000000000002,17,2
2026-02-03 17:22:34,9.3000000000000007,1.3,17,2
2026-02-03 17:41:29,12.800000000000001,1.3400000000000001,17,2
2026-02-03 17:26:59,34.5,8.8000000000000007,17,2
2026-02-03 18:00:14,33.100000000000001,4.0199999999999996,18,1
2026-02-03 18:52:18,12.1,1.79,18,1
2026-02-03 18:22:52,12.800000000000001,1.29,18,1
2026-02-03 18:26:19,63.200000000000003,12.98,18,1
2026-02-03 18:19:43,16.300000000000001,1.1899999999999999,18,1
2026-02-03 18:03:42,10.699999999999999,0.90000000000000002,18,1
2026-02-03 18:19:17,7.9000000000000004,0.69999999999999996,18,1
2026-02-03 19:29:44,11.4,1.8500000000000001,19,1
2026-02-03 19:44:38,11.4,1.6000000000000001,19,1
2026-02-03 19:27:41,12.800000000000001,1.45,19,1
2026-02-03 20:55:55,21.199999999999999,3.0899999999999999,20,1
2026-02-03 20:46:08,6.5,0.56000000000000005,20,1
2026-02-03 20:28:44,21.199999999999999,3.0499999999999998,20,1
2026-02-03 20:37:21,17,2.6600000000000001,20,1
2026-02-03 20:02:48,29.600000000000001,5.8099999999999996,20,1
2026-02-03 21:47:59,58.299999999999997,15.76,21,3
2026-02-03 21:53:56,22.600000000000001,4.8899999999999997,21,3
2026-02-03 21:05:49,21.199999999999999,3.8999999999999999,21,3
2026-02-03 21:12:29,19.800000000000001,3.0099999999999998,21,3
2026-02-03 21:34:54,7.9000000000000004,0.80000000000000004,21,3
2026-02-03 21:53:43,13.5,2.4300000000000002,21,3
2026-02-03 22:18:31,11.4,1.48,22,3
2026-02-03 22:46:46,10.699999999999999,1.1299999999999999,22,3
2026-02-03 22:15:48,12.800000000000001,1.54,22,3
2026-02-03 23:02:40,62.5,16.489999999999998,23,3
2026-02-03 23:11:35,17,2.7799999999999998,23,3
2026-02-04 00:37:31,11.4,1.8100000000000001,0,3
2026-02-04 00:45:51,9.3000000000000007,1.5900000000000001,0,3
2026-02-04 01:08:04,13.5,2.5299999999999998,1,3
2026-02-04 05:32:53,10,1.6000000000000001,5,1
2026-02-04 06:37:47,11.4,1.2,6,3
2026-02-04 06:14:12,12.1,1.3899999999999999,6,3
2026-02-04 06:26:20,12.800000000000001,2.5,6,3
2026-02-04 07:17:25,5.7999999999999998,0.84999999999999998,7,3
2026-02-04 07:51:08,20.5,2.5,7,3
2026-02-04 08:43:04,12.800000000000001,1.76,8,3
2026-02-04 08:31:31,14.199999999999999,1.8,8,3
2026-02-04 08:42:46,18.399999999999999,2.0600000000000001,8,3
2026-02-04 09:04:14,14.199999999999999,1.6599999999999999,9,3
2026-02-04 09:58:52,32.5,9,9,3
2026-02-04 09:35:46,37.299999999999997,5.5800000000000001,9,3
2026-02-04 09:07:08,5.0999999999999996,0.28000000000000003,9,3
2026-02-04 09:14:04,6.5,0.73999999999999999,9,3
2026-02-04 09:04:38,6.5,0.45000000000000001,9,3
2026-02-04 10:32:29,19.800000000000001,1.5700000000000001,10,3
2026-02-04 10:28:14,11.4,0.85999999999999999,10,3
2026-02-04 10:42:31,10.699999999999999,0.67000000000000004,10,3
2026-02-04 10:35:12,25.399999999999999,3.6600000000000001,10,3
2026-02-04 10:28:40,14.199999999999999,1.3,10,3
2026-02-04 11:50:52,12.1,0.90000000000000002,11,3
2026-02-04 11:06:59,12.1,1.53,11,3
2026-02-04 11:59:32,57.600000000000001,13.800000000000001,11,3
2026-02-04 12:29:33,10,0.80000000000000004,12,3
2026-02-04 12:03:24,26.100000000000001,1.79,12,3
2026-02-04 13:48:55,14.9,0.76000000000000001,13,3
2026-02-04 13:38:39,4.4000000000000004,0.23999999999999999,13,3
2026-02-04 13:52:57,70,17.899999999999999,13,3
2026-02-04 13:58:48,9.3000000000000007,0.76000000000000001,13,3
2026-02-04 13:20:48,46.5,19.800000000000001,13,3
2026-02-04 14:48:16,10.699999999999999,0.69999999999999996,14,1
2026-02-04 14:47:22,28.899999999999999,5.6500000000000004,14,1
2026-02-04 14:50:08,24,5.1900000000000004,14,1
2026-02-04 14:59:41,14.9,1.4099999999999999,14,1
2026-02-04 14:32:04,11.4,1.6200000000000001,14,1
2026-02-04 14:06:27,12.800000000000001,1.51,14,1
2026-02-04 14:07:45,76.5,10.48,14,1
2026-02-04 14:20:19,54.100000000000001,9.2699999999999996,14,1
2026-02-04 14:53:20,7.2000000000000002,0.90000000000000002,14,1
2026-02-04 14:28:20,18.399999999999999,2.5699999999999998,14,1
2026-02-04 14:49:11,45,10.199999999999999,14,1
2026-02-04 15:54:58,45,10.859999999999999,15,1
2026-02-04 15:41:20,19.100000000000001,1.78,15,1
2026-02-04 15:51:57,8.5999999999999996,0.72999999999999998,15,1
2026-02-04 16:59:29,40.100000000000001,6.8499999999999996,16,1
2026-02-04 16:18:09,24.699999999999999,2.6400000000000001,16,1
2026-02-04 16:46:02,20.5,1.8999999999999999,16,1
2026-02-04 16:08:19,12.1,1.8999999999999999,16,1
2026-02-04 16:27:48,20.5,1.71,16,1
2026-02-04 16:53:17,12.1,1.6799999999999999,16,1
2026-02-04 16:53:48,5.7999999999999998,0.54000000000000004,16,1
2026-02-04 16:56:31,29.600000000000001,4.0099999999999998,16,1
2026-02-04 17:59:22,63.899999999999999,10.27,17,1
2026-02-04 17:11:10,10.699999999999999,0.76000000000000001,17,1
2026-02-04 17:01:47,9.3000000000000007,0.90000000000000002,17,1
2026-02-04 17:23:03,14.199999999999999,1.51,17,1
2026-02-04 17:35:49,10,1.23,17,1
2026-02-04 18:45:58,12.1,1.3100000000000001,18,1
2026-02-04 18:43:22,11.4,1.1599999999999999,18,1
2026-02-04 18:34:47,7.9000000000000004,0.90000000000000002,18,1
2026-02-04 18:28:08,12.1,1.8100000000000001,18,1
2026-02-04 18:34:26,19.800000000000001,2.9399999999999999,18,1
2026-02-04 18:07:17,28.899999999999999,2.5499999999999998,18,1
2026-02-04 18:12:47,13.5,1.49,18,1
2026-02-04 19:03:17,10.699999999999999,1.3,19,1
2026-02-04 19:06:33,17,2.3199999999999998,19,1
2026-02-04 19:49:22,16.300000000000001,2.8500000000000001,19,1
2026-02-04 19:23:07,12.800000000000001,1.3500000000000001,19,1
2026-02-04 20:45:51,12.800000000000001,1.97,20,1
2026-02-04 20:54:10,25.399999999999999,5.25,20,1
2026-02-04 20:23:40,8.5999999999999996,0.80000000000000004,20,1
2026-02-04 20:55:30,12.800000000000001,1.76,20,1
2026-02-04 20:29:52,17,3.1200000000000001,20,1
2026-02-04 20:20:57,10.699999999999999,1.5700000000000001,20,1
2026-02-04 20:27:36,19.100000000000001,2.6299999999999999,20,1
2026-02-04 21:04:58,10,1.3999999999999999,21,1
2026-02-04 21:42:00,18.399999999999999,3.3599999999999999,21,1
2026-02-04 21:14:05,12.1,1.3500000000000001,21,1
2026-02-04 21:01:03,18.399999999999999,1.9299999999999999,21,1
2026-02-04 22:26:46,7.9000000000000004,1.3999999999999999,22,1
2026-02-04 22:27:33,21.899999999999999,3.1800000000000002,22,1
2026-02-04 22:38:29,70,9.4299999999999997,22,1
2026-02-04 22:58:55,26.800000000000001,6.9699999999999998,22,1
2026-02-04 23:16:57,10,1.3,23,2
2026-02-05 00:43:23,7.2000000000000002,1.1000000000000001,0,3
2026-02-05 04:51:10,38.700000000000003,9.9900000000000002,4,3
2026-02-05 05:50:22,7.2000000000000002,1.0600000000000001,5,3
2026-02-05 05:28:08,9.3000000000000007,1.7,5,3
2026-02-05 07:20:06,15.6,2.6499999999999999,7,2
2026-02-05 07:05:11,32.5,9.5,7,2
2026-02-05 07:27:41,7.2000000000000002,1.02,7,2
2026-02-05 08:20:14,18.399999999999999,1.7,8,1
2026-02-05 09:47:34,10,0.44,9,1
2026-02-05 09:55:24,19.800000000000001,1.45,9,1
2026-02-05 09:02:18,14.199999999999999,1.8,9,1
2026-02-05 09:30:15,29.600000000000001,2.4100000000000001,9,1
2026-02-05 09:37:50,18.399999999999999,1.71,9,1
2026-02-05 09:08:18,11.4,0.97999999999999998,9,1
2026-02-05 10:15:26,61.100000000000001,11.710000000000001,10,1
2026-02-05 10:55:52,7.9000000000000004,0.79000000000000004,10,1
2026-02-05 10:27:35,24.699999999999999,4.5999999999999996,10,1
2026-02-05 10:51:39,42.5,12,10,1
2026-02-05 11:35:59,38,2.75,11,1
2026-02-05 11:31:25,18.399999999999999,2.6600000000000001,11,1
2026-02-05 12:24:25,10,0.96999999999999997,12,1
2026-02-05 12:52:20,5.7999999999999998,0.56999999999999995,12,1
2026-02-05 12:36:14,25.5,7.7000000000000002,12,1
2026-02-05 12:28:51,20.5,3.1000000000000001,12,1
2026-02-05 13:48:58,66,9.0099999999999998,13,1
2026-02-05 13:13:49,26.800000000000001,1.6200000000000001,13,1
2026-02-05 13:28:51,43.600000000000001,8.5899999999999999,13,1
2026-02-05 13:40:48,29.5,6.9000000000000004,13,1
2026-02-05 14:01:49,10.699999999999999,1.23,14,1
2026-02-05 14:24:55,83.200000000000003,16.710000000000001,14,1
2026-02-05 14:18:13,21.5,3.7000000000000002,14,1
2026-02-05 14:55:17,18.399999999999999,2.1600000000000001,14,1
2026-02-05 14:20:38,23.300000000000001,3.8599999999999999,14,1
2026-02-05 15:13:58,31.699999999999999,6.7699999999999996,15,1
2026-02-05 15:57:18,33.799999999999997,5.7800000000000002,15,1
2026-02-05 15:49:03,10.699999999999999,0.65000000000000002,15,1
2026-02-05 15:33:44,12.800000000000001,0.84999999999999998,15,1
2026-02-05 16:41:20,70,20,16,1
2026-02-05 16:50:40,7.2000000000000002,0.68000000000000005,16,1
2026-02-05 16:27:49,9.3000000000000007,0.81999999999999995,16,1
2026-02-05 16:14:38,70,16.739999999999998,16,1
2026-02-05 17:36:19,24,3.5299999999999998,17,1
2026-02-05 17:04:33,14.9,1.7,17,1
2026-02-05 17:51:24,10,1.28,17,1
2026-02-05 17:50:52,6.5,0.65000000000000002,17,1
2026-02-05 17:11:28,10,1,17,1
2026-02-05 17:12:59,21.899999999999999,2.5,17,1
2026-02-05 17:59:57,10,0.80000000000000004,17,1
2026-02-05 18:38:54,10.699999999999999,1.4399999999999999,18,1
2026-02-05 18:33:58,70,17.23,18,1
2026-02-05 18:52:29,17.699999999999999,2.21,18,1
2026-02-05 18:35:55,12.800000000000001,1.47,18,1
2026-02-05 18:22:54,48.5,14.300000000000001,18,1
2026-02-05 18:45:43,7.9000000000000004,1.03,18,1
2026-02-05 18:55:22,67.400000000000006,15.08,18,1
2026-02-05 18:05:22,44.299999999999997,6.25,18,1
2026-02-05 19:19:01,9.3000000000000007,0.93000000000000005,19,1
2026-02-05 19:06:28,13.5,1.3700000000000001,19,1
2026-02-05 19:48:31,5.7999999999999998,0.59999999999999998,19,1
2026-02-05 19:19:10,10,1.3799999999999999,19,1
2026-02-05 19:05:17,21.899999999999999,3.04,19,1
2026-02-05 19:26:56,29.600000000000001,3.8100000000000001,19,1
2026-02-05 19:40:24,29.600000000000001,4.8399999999999999,19,1
2026-02-05 19:01:06,24.699999999999999,5.1900000000000004,19,1
2026-02-05 19:11:04,14.9,2.1499999999999999,19,1
2026-02-05 19:27:00,11.4,1.28,19,1
2026-02-05 19:30:46,14.9,1.75,19,1
2026-02-05 20:26:54,17.699999999999999,2.46,20,1
2026-02-05 20:01:26,9.3000000000000007,1.0700000000000001,20,1
2026-02-05 20:05:05,12.1,1.46,20,1
2026-02-05 20:08:23,11.4,1.71,20,1
2026-02-05 20:33:36,26.100000000000001,4.21,20,1
2026-02-05 21:23:39,10.699999999999999,1.25,21,1
2026-02-05 21:28:11,7.9000000000000004,1,21,1
2026-02-05 21:41:53,9.3000000000000007,1.45,21,1
2026-02-05 21:24:34,12.1,1.7,21,1
2026-02-05 21:08:54,19.100000000000001,2.8799999999999999,21,1
2026-02-05 21:51:24,7.9000000000000004,0.89000000000000001,21,1
2026-02-05 22:51:18,7.9000000000000004,1.0700000000000001,22,1
2026-02-05 22:42:13,25.399999999999999,4.3799999999999999,22,1
2026-02-05 22:02:27,12.800000000000001,1.3999999999999999,22,1
2026-02-05 23:51:44,17,2.77,23,1
2026-02-06 00:01:33,14.199999999999999,2.3700000000000001,0,1
2026-02-06 00:01:02,16.300000000000001,3.1099999999999999,0,1
2026-02-06 00:01:15,25.399999999999999,3.8799999999999999,0,1
2026-02-06 01:12:01,7.2000000000000002,1.1399999999999999,1,1
2026-02-06 01:22:45,9.3000000000000007,1.6000000000000001,1,1
2026-02-06 01:02:33,12.1,2.6200000000000001,1,1
2026-02-06 05:11:19,70,0.14999999999999999,5,1
2026-02-06 06:45:27,10,1.3999999999999999,6,1
2026-02-06 07:07:38,70,18.579999999999998,7,2
2026-02-06 07:33:17,70,17.920000000000002,7,2
2026-02-06 07:59:55,70,28.780000000000001,7,2
2026-02-06 08:44:35,7.9000000000000004,0.88,8,3
2026-02-06 08:56:18,7.9000000000000004,1.01,8,3
2026-02-06 09:17:58,31.699999999999999,6.6100000000000003,9,2
2026-02-06 09:04:47,16.300000000000001,2.3199999999999998,9,2
2026-02-06 09:10:14,15.6,1.27,9,2
2026-02-06 10:25:59,38.700000000000003,7.7999999999999998,10,3
2026-02-06 11:57:17,11.4,0.87,11,3
2026-02-06 11:39:00,7.9000000000000004,0.47999999999999998,11,3
2026-02-06 11:21:29,7.9000000000000004,0.27000000000000002,11,3
2026-02-06 11:06:31,56.899999999999999,8.9700000000000006,11,3
2026-02-06 11:35:56,7.2000000000000002,0.59999999999999998,11,3
2026-02-06 11:38:51,37.299999999999997,8.8300000000000001,11,3
2026-02-06 12:24:10,12.800000000000001,0.95999999999999996,12,3
2026-02-06 12:33:32,7.2000000000000002,0.65000000000000002,12,3
2026-02-06 12:24:53,45.5,13.800000000000001,12,3
2026-02-06 12:42:22,7.2000000000000002,0.59999999999999998,12,3
2026-02-06 13:18:09,20.5,0.88,13,3
2026-02-06 13:43:42,16.300000000000001,1.99,13,3
2026-02-06 13:52:02,21.199999999999999,2.8799999999999999,13,3
2026-02-06 13:48:37,98.900000000000006,26.079999999999998,13,3
2026-02-06 13:52:07,6.5,0.38,13,3
2026-02-06 14:14:41,18.399999999999999,2.27,14,3
2026-02-06 14:02:29,18.399999999999999,1.8999999999999999,14,3
2026-02-06 14:08:41,31.5,8.9000000000000004,14,3
2026-02-06 15:53:29,40.100000000000001,9.7200000000000006,15,3
2026-02-06 15:00:32,12.1,1.0900000000000001,15,3
2026-02-06 15:37:20,8.5999999999999996,0.69999999999999996,15,3
2026-02-06 15:34:40,14.199999999999999,1.3,15,3
2026-02-06 15:33:50,12.1,1.3600000000000001,15,3
2026-02-06 15:46:54,25.399999999999999,3.21,15,3
2026-02-06 16:58:11,11.4,0.63,16,3
2026-02-06 16:19:12,15.6,2.5099999999999998,16,3
2026-02-06 16:18:39,17,1.3100000000000001,16,3
2026-02-06 16:28:48,8.5999999999999996,0.70999999999999996,16,3
2026-02-06 16:24:15,85,11.42,16,3
2026-02-06 17:19:47,13.5,1.1000000000000001,17,2
2026-02-06 17:31:06,21.899999999999999,2.5,17,2
2026-02-06 17:46:48,54.100000000000001,13.5,17,2
2026-02-06 17:28:46,12.1,0.96999999999999997,17,2
2026-02-06 17:01:10,7.9000000000000004,0.89000000000000001,17,2
2026-02-06 18:46:18,21.899999999999999,3.23,18,3
2026-02-06 18:47:53,7.2000000000000002,0.67000000000000004,18,3
2026-02-06 18:58:34,38,9.5,18,3
2026-02-06 18:38:55,10.699999999999999,1.1599999999999999,18,3
2026-02-06 18:01:18,31,5.2800000000000002,18,3
2026-02-06 18:52:56,20.5,2.9300000000000002,18,3
2026-02-06 18:30:31,7.9000000000000004,0.91000000000000003,18,3
2026-02-06 18:14:53,14.199999999999999,1.3100000000000001,18,3
2026-02-06 18:49:20,10,1.5700000000000001,18,3
2026-02-06 18:36:02,19.100000000000001,2.25,18,3
2026-02-06 19:37:00,11.4,2,19,3
2026-02-06 19:05:02,9.3000000000000007,0.82999999999999996,19,3
2026-02-06 19:12:18,8.5999999999999996,1.1599999999999999,19,3
2026-02-06 19:52:09,12.1,1.3999999999999999,19,3
2026-02-06 19:50:23,17,1.7,19,3
2026-02-06 19:52:11,6.5,0.59999999999999998,19,3
2026-02-06 19:12:26,9.3000000000000007,1.04,19,3
2026-02-06 20:20:01,4.4000000000000004,0.34999999999999998,20,3
2026-02-06 20:25:15,12.1,1.8999999999999999,20,3
2026-02-06 21:24:14,31,6.2999999999999998,21,3
2026-02-06 21:14:01,14.199999999999999,2.3500000000000001,21,3
2026-02-06 21:15:34,17,1.47,21,3
2026-02-06 21:37:39,36.600000000000001,8.1999999999999993,21,3
2026-02-06 21:38:14,19.800000000000001,2.7999999999999998,21,3
2026-02-06 21:53:28,20.5,3.8100000000000001,21,3
2026-02-06 21:00:59,7.2000000000000002,0.56000000000000005,21,3
2026-02-06 21:48:37,8.5999999999999996,0.79000000000000004,21,3
2026-02-06 22:26:36,9.3000000000000007,1.3500000000000001,22,3
2026-02-06 22:52:32,19.100000000000001,2.6000000000000001,22,3
2026-02-06 22:47:08,44.299999999999997,10.26,22,3
2026-02-06 22:17:02,5.7999999999999998,0.57999999999999996,22,3
2026-02-06 23:58:03,11.4,1.5,23,3
2026-02-06 23:58:55,10,1.1200000000000001,23,3
2026-02-06 23:58:15,33.100000000000001,7.4500000000000002,23,3
2026-02-06 23:57:03,7.9000000000000004,1.1000000000000001,23,3
2026-02-06 23:56:48,7.9000000000000004,0.90000000000000002,23,3
2026-02-07 00:30:35,12.1,1.6200000000000001,0,3
2026-02-07 00:41:07,5.0999999999999996,0.28000000000000003,0,3
2026-02-07 01:45:46,12.1,1.8999999999999999,1,14
2026-02-07 01:05:39,28,0.26000000000000001,1,14
2026-02-07 01:46:09,17,3.3300000000000001,1,14
2026-02-07 01:29:56,13.5,2.0600000000000001,1,14
2026-02-07 01:32:18,17.699999999999999,3.2999999999999998,1,14
2026-02-07 02:34:08,6.5,0.55000000000000004,2,14
2026-02-07 02:32:50,19.800000000000001,3.1400000000000001,2,14
2026-02-07 03:29:13,8.5999999999999996,1.1000000000000001,3,14
2026-02-07 04:43:08,5.0999999999999996,0.68999999999999995,4,14
2026-02-07 04:20:24,15,0.68999999999999995,4,14
2026-02-07 08:21:57,13.5,2.2599999999999998,8,3
2026-02-07 08:55:00,6.5,0.75,8,3
2026-02-07 09:34:08,10,1.03,9,15
2026-02-07 09:55:19,8.5999999999999996,1.3,9,15
2026-02-07 09:27:31,5.7999999999999998,0.68000000000000005,9,15
2026-02-07 09:42:19,8.5999999999999996,1.02,9,15
2026-02-07 10:39:07,5.7999999999999998,0.58999999999999997,10,3
2026-02-07 10:03:23,6.5,0.67000000000000004,10,3
2026-02-07 10:51:16,5.7999999999999998,0.69999999999999996,10,3
2026-02-07 10:07:26,7.2000000000000002,0.69999999999999996,10,3
2026-02-07 10:08:06,17,3,10,3
2026-02-07 10:45:18,14.9,2.5899999999999999,10,3
2026-02-07 10:25:38,16.300000000000001,2.2400000000000002,10,3
2026-02-07 11:34:09,7.2000000000000002,1.0900000000000001,11,3
2026-02-07 11:24:28,12.1,1.52,11,3
2026-02-07 11:48:22,9.3000000000000007,0.71999999999999997,11,3
2026-02-07 11:21:42,11.4,1.26,11,3
2026-02-07 11:38:36,12.800000000000001,1.95,11,3
2026-02-07 12:31:28,14.199999999999999,1.8999999999999999,12,3
2026-02-07 12:52:11,19.100000000000001,2.3199999999999998,12,3
2026-02-07 12:26:00,10.699999999999999,1.4299999999999999,12,3
2026-02-07 13:21:38,10.699999999999999,1.5,13,3
2026-02-07 13:56:15,6.5,0.5,13,3
2026-02-07 13:50:19,10,0.63,13,3
2026-02-07 13:33:53,44.299999999999997,11.130000000000001,13,3
2026-02-07 13:36:39,70,20.82,13,3
2026-02-07 14:19:22,6.5,0.90000000000000002,14,3
2026-02-07 14:01:26,8.5999999999999996,1.28,14,3
2026-02-07 14:15:53,7.2000000000000002,0.90000000000000002,14,3
2026-02-07 14:09:30,10.699999999999999,1.05,14,3
2026-02-07 15:54:05,5.7999999999999998,0.56000000000000005,15,1
2026-02-07 15:55:57,6.5,0.40999999999999998,15,1
2026-02-07 15:07:41,70,19.140000000000001,15,1
2026-02-07 15:56:56,7.9000000000000004,0.53000000000000003,15,1
2026-02-07 15:17:36,14.9,1.45,15,1
2026-02-07 15:06:06,28.899999999999999,5.4000000000000004,15,1
2026-02-07 15:22:13,11.4,1.49,15,1
2026-02-07 15:56:51,43.600000000000001,10.01,15,1
2026-02-07 16:56:46,11.4,1.7,16,2
2026-02-07 16:27:21,4.4000000000000004,0.32000000000000001,16,2
2026-02-07 16:58:03,19.800000000000001,0.72999999999999998,16,2
2026-02-07 16:28:47,10.699999999999999,1.3799999999999999,16,2
2026-02-07 16:32:47,8.5999999999999996,0.75,16,2
2026-02-07 16:50:48,22.600000000000001,2.2799999999999998,16,2
2026-02-07 16:02:22,10,0.89000000000000001,16,2
2026-02-07 17:24:20,10,0.96999999999999997,17,2
2026-02-07 17:46:31,18.399999999999999,0.90000000000000002,17,2
2026-02-07 17:04:21,65.700000000000003,9.7599999999999998,17,2
2026-02-07 18:54:07,12.1,0.53000000000000003,18,2
2026-02-07 18:21:08,14.199999999999999,1.1100000000000001,18,2
2026-02-07 19:10:34,19.800000000000001,3.4100000000000001,19,2
2026-02-07 19:00:00,16.300000000000001,1.54,19,2
2026-02-07 19:50:11,10,1.0600000000000001,19,2
2026-02-07 19:54:12,9.3000000000000007,1.0700000000000001,19,2
2026-02-07 20:09:29,10.699999999999999,1.1599999999999999,20,3
2026-02-07 20:52:46,35,0.040000000000000001,20,3
2026-02-07 21:32:18,20.5,2.1899999999999999,21,3
2026-02-07 21:38:03,14.9,1.9099999999999999,21,3
2026-02-07 22:53:20,26.100000000000001,5.5599999999999996,22,3
2026-02-07 22:55:59,6.5,0.73999999999999999,22,3
2026-02-07 22:52:39,52.700000000000003,14.15,22,3
2026-02-07 22:41:38,29.600000000000001,5.0999999999999996,22,3
2026-02-07 23:08:58,17.699999999999999,2.25,23,3
2026-02-07 23:28:01,6.5,0.98999999999999999,23,3
2026-02-07 23:30:20,15.6,1.8300000000000001,23,3
2026-02-08 00:52:30,5.7999999999999998,0.80000000000000004,0,3
2026-02-08 00:59:30,17.699999999999999,3.3999999999999999,0,3
2026-02-08 00:49:01,8.5999999999999996,0.97999999999999998,0,3
2026-02-08 00:32:51,8.5999999999999996,1.01,0,3
2026-02-08 01:16:05,14.9,2.2799999999999998,1,3
2026-02-08 01:14:05,34.5,9.0899999999999999,1,3
2026-02-08 01:56:52,10.699999999999999,1.1699999999999999,1,3
2026-02-08 01:19:51,24.699999999999999,4.1299999999999999,1,3
2026-02-08 02:13:27,17.699999999999999,3.4199999999999999,2,3
2026-02-08 03:02:03,9.3000000000000007,1.3,3,3
2026-02-08 03:46:43,5.7999999999999998,0.55000000000000004,3,3
2026-02-08 05:18:35,49.200000000000003,12.44,5,3
2026-02-08 08:29:41,18.399999999999999,3.5899999999999999,8,1
2026-02-08 08:16:29,32.5,9.6999999999999993,8,1
2026-02-08 08:55:48,33.799999999999997,8.8800000000000008,8,1
2026-02-08 08:34:44,8.5999999999999996,1.1000000000000001,8,1
2026-02-08 09:12:21,5.7999999999999998,0.80000000000000004,9,1
2026-02-08 09:23:26,10.699999999999999,2.1000000000000001,9,1
2026-02-08 09:58:15,7.9000000000000004,0.77000000000000002,9,1
2026-02-08 10:47:22,46.399999999999999,11.140000000000001,10,1
2026-02-08 10:41:21,7.9000000000000004,0.80000000000000004,10,1
2026-02-08 10:47:09,16.300000000000001,2.5800000000000001,10,1
2026-02-08 10:43:17,10.699999999999999,1.3899999999999999,10,1
2026-02-08 10:31:26,13.5,2.1000000000000001,10,1
2026-02-08 10:24:18,10.699999999999999,1.52,10,1
2026-02-08 11:39:01,19.800000000000001,3.5699999999999998,11,1
2026-02-08 11:04:15,13.5,1.8799999999999999,11,1
2026-02-08 12:38:44,6.5,0.69999999999999996,12,1
2026-02-08 14:45:58,16.300000000000001,2.48,14,1
2026-02-08 15:00:09,19.800000000000001,2.5699999999999998,15,1
2026-02-08 15:04:28,30.300000000000001,5.9400000000000004,15,1
2026-02-08 15:26:16,35.200000000000003,9,15,1
2026-02-08 16:09:27,6.5,0.80000000000000004,16,1
2026-02-08 16:47:38,7.9000000000000004,0.92000000000000004,16,1
2026-02-08 17:46:07,70,0.02,17,1
2026-02-08 17:12:53,9.3000000000000007,0.98999999999999999,17,1
2026-02-08 17:36:13,9.3000000000000007,1.01,17,1
2026-02-08 18:53:42,7.2000000000000002,0.70999999999999996,18,1
2026-02-08 18:13:43,12.1,1.4099999999999999,18,1
2026-02-08 19:37:01,14.9,2.9199999999999999,19,1
2026-02-08 19:31:13,5.7999999999999998,0.72999999999999998,19,1
2026-02-08 19:21:55,28.199999999999999,6.0700000000000003,19,1
2026-02-08 19:27:27,7.2000000000000002,0.55000000000000004,19,1
2026-02-08 20:37:47,70,20.199999999999999,20,1
2026-02-08 20:44:16,24.699999999999999,4.1799999999999997,20,1
2026-02-08 20:35:40,5.7999999999999998,0.77000000000000002,20,1
2026-02-08 20:11:19,94.700000000000003,25.989999999999998,20,1
2026-02-08 21:03:33,30.300000000000001,7.3899999999999997,21,1
2026-02-08 21:54:07,7.9000000000000004,1.1899999999999999,21,1
2026-02-08 22:31:54,17,3.5,22,1
2026-02-08 22:24:38,14.9,2.4900000000000002,22,1
2026-02-08 22:52:58,20.5,4.2199999999999998,22,1
2026-02-08 22:46:42,70,17.469999999999999,22,1
2026-02-08 22:57:18,39.399999999999999,10.300000000000001,22,1
2026-02-08 23:40:27,10,1.5700000000000001,23,1
2026-02-08 23:03:56,16.300000000000001,2.79,23,1
2026-02-09 00:33:27,35.200000000000003,9.0999999999999996,0,1
2026-02-09 00:23:14,43.600000000000001,11.050000000000001,0,1
2026-02-09 01:06:33,7.2000000000000002,1.1100000000000001,1,1
2026-02-09 05:18:40,10,1.1799999999999999,5,1
2026-02-09 05:26:31,22.600000000000001,4.9100000000000001,5,1
2026-02-09 06:49:55,7.2000000000000002,0.82999999999999996,6,1
2026-02-09 06:02:56,44.5,14.5,6,1
2026-02-09 07:54:26,20.5,3.7000000000000002,7,1
2026-02-09 07:42:49,8.5999999999999996,0.85999999999999999,7,1
2026-02-09 07:35:32,12.800000000000001,1.2,7,1
2026-02-09 08:01:17,28.899999999999999,4.2699999999999996,8,1
2026-02-09 08:22:23,6.5,0.62,8,1
2026-02-09 08:51:04,22.600000000000001,3.2999999999999998,8,1
2026-02-09 08:19:21,8.5999999999999996,0.40000000000000002,8,1
2026-02-09 08:25:35,8.5999999999999996,0.83999999999999997,8,1
2026-02-09 08:20:41,18.5,1.8999999999999999,8,1
2026-02-09 08:26:38,9.3000000000000007,0.80000000000000004,8,1
2026-02-09 08:37:04,12.800000000000001,1.8300000000000001,8,1
2026-02-09 08:49:08,11.4,1.1499999999999999,8,1
2026-02-09 09:12:20,20.5,2.8999999999999999,9,1
2026-02-09 09:10:05,3.7000000000000002,0.29999999999999999,9,1
2026-02-09 09:27:05,26.800000000000001,4,9,1
2026-02-09 09:14:13,14.199999999999999,1.6399999999999999,9,1
2026-02-09 09:43:55,5.7999999999999998,0.56000000000000005,9,1
2026-02-09 09:53:40,19.5,1.8999999999999999,9,1
2026-02-09 09:31:49,24.5,4.5,9,1
2026-02-09 10:58:53,62.5,12.800000000000001,10,1
2026-02-09 10:24:18,18.399999999999999,2.0299999999999998,10,1
2026-02-09 10:36:53,70,17,10,1
2026-02-09 11:16:14,28.899999999999999,6.2199999999999998,11,1
2026-02-09 11:51:56,7.2000000000000002,0.80000000000000004,11,1
2026-02-09 11:27:53,12.800000000000001,1.4399999999999999,11,1
2026-02-09 12:31:17,10,1,12,1
2026-02-09 12:19:35,10.699999999999999,0.84999999999999998,12,1
2026-02-09 12:14:55,7.9000000000000004,0.85999999999999999,12,1
2026-02-09 12:48:31,9.3000000000000007,0.65000000000000002,12,1
2026-02-09 14:09:11,21.899999999999999,3.2000000000000002,14,1
2026-02-09 14:30:01,17.699999999999999,2.4100000000000001,14,1
2026-02-09 14:30:06,5.0999999999999996,0.51000000000000001,14,1
2026-02-09 14:12:04,7.9000000000000004,0.90000000000000002,14,1
2026-02-09 14:14:36,11.4,1.5,14,1
2026-02-09 14:01:34,12.1,1.6499999999999999,14,1
2026-02-09 15:27:27,12.1,1.8400000000000001,15,1
2026-02-09 15:27:42,26.100000000000001,2.71,15,1
2026-02-09 15:29:47,14.199999999999999,0.89000000000000001,15,1
2026-02-09 15:50:13,11.4,0.98999999999999999,15,1
2026-02-09 15:53:29,12.1,1.6499999999999999,15,1
2026-02-09 16:51:48,14.199999999999999,1.6200000000000001,16,1
2026-02-09 16:58:01,10,1.5700000000000001,16,1
2026-02-09 16:57:36,14.9,1.79,16,1
2026-02-09 16:54:14,67.400000000000006,15.08,16,1
2026-02-09 16:17:39,75,7.2999999999999998,16,1
2026-02-09 17:55:37,7.2000000000000002,0.81999999999999995,17,1
2026-02-09 17:27:25,7.2000000000000002,0.62,17,1
2026-02-09 17:58:12,14.199999999999999,1.23,17,1
2026-02-09 17:08:59,6.5,0.66000000000000003,17,1
2026-02-09 17:47:08,7.9000000000000004,0.75,17,1
2026-02-09 18:05:47,7.9000000000000004,0.80000000000000004,18,2
2026-02-09 19:13:07,12.800000000000001,1.8999999999999999,19,1
2026-02-09 19:43:41,27.5,5.4199999999999999,19,1
2026-02-09 19:11:19,160.5,31.25,19,1
2026-02-09 19:17:07,13.5,1.9299999999999999,19,1
2026-02-09 20:52:21,4.4000000000000004,0.46000000000000002,20,1
2026-02-09 20:41:15,5.7999999999999998,0.81000000000000005,20,1
2026-02-09 20:58:56,12.800000000000001,1.3500000000000001,20,1
2026-02-09 21:13:18,7.9000000000000004,1.02,21,3
2026-02-09 21:24:10,42.200000000000003,9.9000000000000004,21,3
2026-02-09 21:43:33,81.400000000000006,22.109999999999999,21,3
2026-02-09 21:17:50,115,24.59,21,3
2026-02-09 21:10:33,12.1,2.1299999999999999,21,3
2026-02-10 00:00:16,70,18.789999999999999,0,3
2026-02-10 01:35:35,10.699999999999999,1.9099999999999999,1,3
2026-02-10 05:08:54,7.2000000000000002,1.2,5,3
2026-02-10 05:33:47,9.3000000000000007,1.3700000000000001,5,3
2026-02-10 06:03:08,7.9000000000000004,1.1799999999999999,6,3
2026-02-10 06:10:16,27.5,6.5999999999999996,6,3
2026-02-10 07:09:43,4.4000000000000004,0.40999999999999998,7,3
2026-02-10 07:11:44,22.600000000000001,4.0199999999999996,7,3
2026-02-10 08:43:52,25.5,5.7999999999999998,8,3
2026-02-10 08:14:00,52.5,15.1,8,3
2026-02-10 09:28:04,9.3000000000000007,1.24,9,3
2026-02-10 09:49:49,15.6,1.1200000000000001,9,3
2026-02-10 09:32:37,26.800000000000001,3.6699999999999999,9,3
2026-02-10 10:34:15,42.899999999999999,8.8100000000000005,10,3
2026-02-10 10:22:13,27.5,4,10,3
2026-02-10 10:44:28,54.799999999999997,8.4800000000000004,10,3
2026-02-10 10:52:38,66,15.17,10,3
2026-02-10 11:27:59,12.800000000000001,1.6299999999999999,11,3
2026-02-10 11:14:06,9.3000000000000007,0.42999999999999999,11,3
2026-02-10 11:53:05,6.5,0.38,11,3
2026-02-10 11:55:15,8.5999999999999996,1.23,11,3
2026-02-10 11:59:10,12.800000000000001,1.1799999999999999,11,3
2026-02-10 12:56:29,9.3000000000000007,0.77000000000000002,12,3
2026-02-10 12:09:44,18.399999999999999,1.0800000000000001,12,3
2026-02-10 12:27:03,10,0.84999999999999998,12,3
2026-02-10 12:47:26,31,3.3799999999999999,12,3
2026-02-10 13:36:58,7.2000000000000002,0.68000000000000005,13,3
2026-02-10 13:38:39,10,1.2,13,3
2026-02-10 14:04:44,11.4,1.54,14,3
2026-02-10 14:47:01,14.199999999999999,1.1699999999999999,14,3
2026-02-10 14:49:59,8.5999999999999996,0.79000000000000004,14,3
2026-02-10 14:37:05,6.5,0.69999999999999996,14,3
2026-02-10 14:38:29,13.5,1.3100000000000001,14,3
2026-02-10 14:00:52,27.5,2.79,14,3
2026-02-10 14:05:49,27.5,3.1899999999999999,14,3
2026-02-10 15:25:46,13.5,1.76,15,3
2026-02-10 15:20:02,24.699999999999999,4.4100000000000001,15,3
2026-02-10 15:29:40,17,1.8899999999999999,15,3
2026-02-10 15:47:15,6.5,0.69999999999999996,15,3
2026-02-10 15:30:09,11.4,1.25,15,3
2026-02-10 15:47:59,7.2000000000000002,0.92000000000000004,15,3
2026-02-10 16:52:47,10.699999999999999,1.73,16,3
2026-02-10 16:16:47,7.9000000000000004,0.73999999999999999,16,3
2026-02-10 16:52:20,13.5,1.3700000000000001,16,3
2026-02-10 16:21:21,7.2000000000000002,0.85999999999999999,16,3
2026-02-10 16:42:04,13.5,1.52,16,3
2026-02-10 16:56:03,14.9,0.96999999999999997,16,3
2026-02-10 16:10:09,14.9,2.1899999999999999,16,3
2026-02-10 17:32:20,7.2000000000000002,0.67000000000000004,17,3
2026-02-10 17:30:47,17.699999999999999,1.21,17,3
2026-02-10 17:03:12,10,0.90000000000000002,17,3
2026-02-10 17:27:25,7.2000000000000002,0.59999999999999998,17,3
2026-02-10 17:30:15,27.5,8,17,3
2026-02-10 18:10:21,14.9,2.3900000000000001,18,3
2026-02-10 18:16:04,27.5,2.79,18,3
2026-02-10 18:18:06,7.2000000000000002,0.69999999999999996,18,3
2026-02-10 18:13:17,16.300000000000001,1.8400000000000001,18,3
2026-02-10 18:04:45,17.699999999999999,2.5600000000000001,18,3
2026-02-10 18:21:53,7.2000000000000002,0.95999999999999996,18,3
2026-02-10 18:38:38,18.399999999999999,2.6699999999999999,18,3
2026-02-10 18:14:07,14.9,1.74,18,3
2026-02-10 19:15:05,7.2000000000000002,0.89000000000000001,19,3
2026-02-10 19:24:01,7.9000000000000004,1.29,19,3
2026-02-10 20:05:43,7.2000000000000002,0.62,20,3
2026-02-10 20:37:11,17,2.6899999999999999,20,3
2026-02-10 20:09:33,9.3000000000000007,0.97999999999999998,20,3
2026-02-10 20:12:24,5.7999999999999998,0.66000000000000003,20,3
2026-02-10 21:15:13,17,3.2000000000000002,21,3
2026-02-10 21:02:12,11.4,2.1099999999999999,21,3
2026-02-10 21:18:26,10.699999999999999,1.5700000000000001,21,3
2026-02-10 22:04:32,9.3000000000000007,1.53,22,3
2026-02-10 22:47:15,17,2.3999999999999999,22,3
2026-02-10 22:03:26,4.4000000000000004,0.37,22,3
2026-02-10 22:08:10,6.5,0.80000000000000004,22,3
2026-02-11 00:38:41,8.5999999999999996,0.95999999999999996,0,3
2026-02-11 00:22:51,7.9000000000000004,1.0600000000000001,0,3
2026-02-11 00:36:57,8.5999999999999996,1.05,0,3
2026-02-11 00:41:49,17.699999999999999,2.96,0,3
2026-02-11 00:00:23,15.6,2.5899999999999999,0,3
2026-02-11 02:43:50,27.5,6.4000000000000004,2,3
2026-02-11 04:53:48,85.599999999999994,21.210000000000001,4,16
2026-02-11 06:30:20,9.3000000000000007,1.6699999999999999,6,3
2026-02-11 06:56:37,15.6,1.6899999999999999,6,3
2026-02-11 07:48:14,8.5999999999999996,0.64000000000000001,7,3
2026-02-11 07:14:18,15.6,2.48,7,3
2026-02-11 07:57:07,14.9,0.91000000000000003,7,3
2026-02-11 07:39:25,11.4,1.98,7,3
2026-02-11 07:37:26,14.9,1.21,7,3
2026-02-11 07:20:27,50.5,16.300000000000001,7,3
2026-02-11 08:44:54,12.800000000000001,1.3999999999999999,8,2
2026-02-11 08:23:19,12.1,2.1499999999999999,8,2
2026-02-11 08:39:01,12.800000000000001,1.78,8,2
2026-02-11 08:19:39,8.5999999999999996,0.62,8,2
2026-02-11 08:19:54,9.3000000000000007,1.21,8,2
2026-02-11 08:42:52,19.800000000000001,4.2300000000000004,8,2
2026-02-11 09:28:05,8.5999999999999996,1.2,9,1
2026-02-11 09:44:10,10,1.8,9,1
2026-02-11 09:08:11,22.5,3.3999999999999999,9,1
2026-02-11 09:29:50,26.100000000000001,4.9199999999999999,9,1
2026-02-11 10:51:06,5.0999999999999996,0.29999999999999999,10,1
2026-02-11 10:27:28,12.800000000000001,0.96999999999999997,10,1
2026-02-11 11:37:47,18.399999999999999,1.95,11,1
2026-02-11 11:03:01,10,1.1799999999999999,11,1
2026-02-11 11:57:13,24.699999999999999,3.23,11,1
2026-02-11 11:33:44,10.699999999999999,1.23,11,1
2026-02-11 11:25:33,10.699999999999999,1.21,11,1
2026-02-11 12:16:15,10.699999999999999,0.69999999999999996,12,1
2026-02-11 12:58:32,17,0.75,12,1
2026-02-11 12:24:24,17.699999999999999,1.77,12,1
2026-02-11 12:29:54,12.1,1.1000000000000001,12,1
2026-02-11 12:18:40,31.699999999999999,5.4000000000000004,12,1
2026-02-11 12:26:57,26.800000000000001,4.2199999999999998,12,1
2026-02-11 13:55:06,12.800000000000001,1.3999999999999999,13,1
2026-02-11 13:27:10,6.5,0.63,13,1
2026-02-11 13:31:54,16.300000000000001,1.3300000000000001,13,1
2026-02-11 13:19:08,7.2000000000000002,1.3,13,1
2026-02-11 14:17:00,6.5,0.76000000000000001,14,2
2026-02-11 14:45:34,5.7999999999999998,0.40000000000000002,14,2
2026-02-11 14:44:25,58.299999999999997,11.300000000000001,14,2
2026-02-11 14:22:23,30.300000000000001,3.7999999999999998,14,2
2026-02-11 14:42:44,7.2000000000000002,0.58999999999999997,14,2
2026-02-11 14:30:34,12.1,2.3399999999999999,14,2
2026-02-11 14:18:46,34.5,9.0999999999999996,14,2
2026-02-11 14:24:28,8.5999999999999996,0.57999999999999996,14,2
2026-02-11 14:54:57,70,18.559999999999999,14,2
2026-02-11 14:28:09,24,4.71,14,2
2026-02-11 14:22:08,11.4,1.4099999999999999,14,2
2026-02-11 13:59:03,12.800000000000001,1.6000000000000001,13,1
2026-02-11 15:50:10,10,0.94999999999999996,15,2
2026-02-11 15:22:00,10.699999999999999,1.22,15,2
2026-02-11 15:50:37,6.5,0.57999999999999996,15,2
2026-02-11 15:06:52,10,0.62,15,2
2026-02-11 15:42:54,17.699999999999999,1.8100000000000001,15,2
2026-02-11 15:05:36,11.4,0.97999999999999998,15,2
2026-02-11 15:41:10,19.100000000000001,2.0899999999999999,15,2
2026-02-11 15:47:32,11.4,0.87,15,2
2026-02-11 15:40:11,11.4,1.3899999999999999,15,2
2026-02-11 15:30:00,47.100000000000001,11.82,15,2
2026-02-11 15:30:30,17,1.6899999999999999,15,2
2026-02-11 16:33:45,12.1,0.90000000000000002,16,2
2026-02-11 16:30:48,8.5999999999999996,1.0700000000000001,16,2
2026-02-11 16:26:42,50.600000000000001,12.01,16,2
2026-02-11 16:18:37,12.800000000000001,1.0800000000000001,16,2
2026-02-11 16:50:52,14.9,1.8300000000000001,16,2
2026-02-11 16:46:03,82.5,21,16,2
2026-02-11 16:25:06,27.5,5.0999999999999996,16,2
2026-02-11 17:40:26,7.9000000000000004,1,17,1
2026-02-11 17:26:45,15.6,1.9299999999999999,17,1
2026-02-11 17:37:52,28.899999999999999,4.21,17,1
2026-02-11 17:13:57,9.3000000000000007,0.81000000000000005,17,1
2026-02-11 17:32:05,22.600000000000001,4.6299999999999999,17,1
2026-02-11 17:11:12,26.100000000000001,2.8999999999999999,17,1
2026-02-11 17:19:16,8.5999999999999996,1.02,17,1
2026-02-11 17:09:41,10.699999999999999,1.1399999999999999,17,1
2026-02-11 18:02:17,14.199999999999999,1.2,18,3
2026-02-11 18:21:02,11.4,1.1299999999999999,18,3
2026-02-11 18:16:18,10.699999999999999,0.58999999999999997,18,3
2026-02-11 18:03:43,11.4,0.85999999999999999,18,3
2026-02-11 18:46:30,32.399999999999999,7,18,3
2026-02-11 19:20:14,14.199999999999999,2.1000000000000001,19,3
2026-02-11 19:04:56,7.2000000000000002,0.90000000000000002,19,3
2026-02-11 19:57:38,9.3000000000000007,1.5,19,3
2026-02-11 19:05:07,6.5,0.45000000000000001,19,3
2026-02-11 19:51:53,8.5999999999999996,0.37,19,3
2026-02-11 19:55:49,18.399999999999999,1.2,19,3
2026-02-11 19:28:05,28.899999999999999,6,19,3
2026-02-11 19:30:12,8.5999999999999996,1.0700000000000001,19,3
2026-02-11 19:47:15,16.300000000000001,2.29,19,3
2026-02-11 19:24:13,19.800000000000001,2.98,19,3
2026-02-11 20:17:20,12.1,1.5600000000000001,20,3
2026-02-11 20:51:42,9.3000000000000007,1.1299999999999999,20,3
2026-02-11 20:59:25,21.899999999999999,2.9199999999999999,20,3
2026-02-11 21:07:23,11.4,1.29,21,3
2026-02-11 21:51:41,10,0.93000000000000005,21,3
2026-02-11 21:47:45,9.3000000000000007,0.89000000000000001,21,3
2026-02-11 22:39:48,12.1,2.1299999999999999,22,3
2026-02-11 22:18:50,12.1,2.0299999999999998,22,3
2026-02-11 22:55:48,28.199999999999999,5.6799999999999997,22,3
2026-02-11 22:13:37,44.5,19.199999999999999,22,3
2026-02-11 23:56:29,10.699999999999999,1.6000000000000001,23,3
2026-02-11 23:45:59,10,1.03,23,3
2026-02-11 23:13:07,11.4,1.6499999999999999,23,3
2026-02-11 23:42:06,36.600000000000001,8.8399999999999999,23,3
2026-02-12 00:15:56,14.199999999999999,2.7000000000000002,0,2
2026-02-12 00:20:24,10.699999999999999,2,0,2
2026-02-12 00:14:38,11.4,2.1299999999999999,0,2
2026-02-12 01:18:59,12.800000000000001,2.27,1,3
2026-02-12 03:14:05,16.300000000000001,3.2000000000000002,3,3
2026-02-12 06:38:29,11.4,1.8,6,3
2026-02-12 06:04:46,7.2000000000000002,1.1399999999999999,6,3
2026-02-12 06:44:16,18.399999999999999,3.1600000000000001,6,3
2026-02-12 06:58:30,19.800000000000001,3.6000000000000001,6,3
2026-02-12 06:05:24,17.699999999999999,3.4900000000000002,6,3
2026-02-12 06:34:13,33.5,6.9000000000000004,6,3
2026-02-12 07:56:43,25.399999999999999,3.7799999999999998,7,3
2026-02-12 07:56:48,7.9000000000000004,1.1200000000000001,7,3
2026-02-12 06:48:21,46.399999999999999,10.59,6,3
2026-02-12 07:21:45,22.5,3.3999999999999999,7,3
2026-02-12 07:49:26,6.5,0.62,7,3
2026-02-12 07:36:19,9.3000000000000007,0.71999999999999997,7,3
2026-02-12 08:45:20,10,1.3400000000000001,8,3
2026-02-12 08:43:15,9.3000000000000007,1.45,8,3
2026-02-12 08:23:49,12.800000000000001,1.49,8,3
2026-02-12 08:50:05,10,1.21,8,3
2026-02-12 09:21:05,10.699999999999999,0.93000000000000005,9,3
2026-02-12 09:25:13,26.100000000000001,3.04,9,3
2026-02-12 09:21:45,7.9000000000000004,0.85999999999999999,9,3
2026-02-12 08:59:47,16.300000000000001,1.6899999999999999,8,3
2026-02-12 09:57:58,70,16.789999999999999,9,3
2026-02-12 09:17:54,17,2.48,9,3
2026-02-12 10:31:07,19.100000000000001,0.5,10,3
2026-02-12 10:26:03,17.699999999999999,1.71,10,3
2026-02-12 10:10:01,17.699999999999999,1.3899999999999999,10,3
2026-02-12 10:52:15,22.600000000000001,3.0099999999999998,10,3
2026-02-12 10:45:43,15.6,1.3500000000000001,10,3
2026-02-12 10:13:49,19.800000000000001,4.71,10,3
2026-02-12 11:44:50,99.299999999999997,19.800000000000001,11,3
2026-02-12 11:00:46,34.5,6.9000000000000004,11,3
2026-02-12 11:04:10,12.1,1.3799999999999999,11,3
2026-02-12 12:30:05,15.6,1.27,12,3
2026-02-12 12:27:27,18.399999999999999,2.0699999999999998,12,3
2026-02-12 12:45:56,14.9,1.1000000000000001,12,3
2026-02-12 12:16:49,36.600000000000001,4.75,12,3
2026-02-12 12:29:38,6.5,0.59999999999999998,12,3
2026-02-12 12:01:59,21.899999999999999,3.77,12,3
2026-02-12 12:03:14,14.199999999999999,0.75,12,3
2026-02-12 13:50:28,12.1,1.1599999999999999,13,3
2026-02-12 13:00:09,65.299999999999997,13.800000000000001,13,3
2026-02-12 13:11:28,35.200000000000003,4.3899999999999997,13,3
2026-02-12 13:40:07,45.5,14.800000000000001,13,3
2026-02-12 14:48:47,6.5,0.53000000000000003,14,3
2026-02-12 14:05:09,52.5,12.1,14,3
2026-02-12 14:10:22,17.5,1.2,14,3
2026-02-12 14:52:04,7.9000000000000004,1.1399999999999999,14,3
2026-02-12 15:34:57,10.699999999999999,1.3300000000000001,15,3
2026-02-12 15:23:31,10,1.3300000000000001,15,3
2026-02-12 15:33:04,19.800000000000001,2.6499999999999999,15,3
2026-02-12 15:59:29,15.6,1.7,15,3
2026-02-12 15:18:06,5.7999999999999998,0.41999999999999998,15,3
2026-02-12 15:04:23,7.9000000000000004,1.26,15,3
2026-02-12 15:42:03,22.600000000000001,1.01,15,3
2026-02-12 16:50:03,45.700000000000003,8.6199999999999992,16,3
2026-02-12 16:25:58,18.399999999999999,2.5,16,3
2026-02-12 16:46:06,12.1,0.80000000000000004,16,3
2026-02-12 16:42:11,7.9000000000000004,0.59999999999999998,16,3
2026-02-12 16:12:19,70,18.260000000000002,16,3
2026-02-12 16:47:13,12.800000000000001,1.6899999999999999,16,3
2026-02-12 16:17:40,5.7999999999999998,0.38,16,3
2026-02-12 16:43:35,19.800000000000001,2.0899999999999999,16,3
2026-02-12 17:51:55,35.899999999999999,6.2000000000000002,17,3
2026-02-12 17:05:10,7.2000000000000002,0.85999999999999999,17,3
2026-02-12 17:25:52,4.4000000000000004,0.40000000000000002,17,3
2026-02-12 17:53:20,12.1,0.95999999999999996,17,3
2026-02-12 17:18:11,16.300000000000001,1.6899999999999999,17,3
2026-02-12 17:56:54,11.4,2.0099999999999998,17,3
2026-02-12 17:28:40,7.9000000000000004,0.32000000000000001,17,3
2026-02-12 18:36:32,9.3000000000000007,0.87,18,3
2026-02-12 18:20:49,16.300000000000001,2.5899999999999999,18,3
2026-02-12 18:01:47,14.9,1.1399999999999999,18,3
2026-02-12 18:29:50,15.6,2.5600000000000001,18,3
2026-02-12 18:10:49,17,0.90000000000000002,18,3
2026-02-12 18:27:28,17,1.02,18,3
2026-02-12 18:05:48,7.2000000000000002,0.71999999999999997,18,3
2026-02-12 19:21:15,6.5,0.53000000000000003,19,3
2026-02-12 19:10:54,19.100000000000001,3.0899999999999999,19,3
2026-02-12 19:56:21,9.3000000000000007,1.25,19,3
2026-02-12 19:13:11,10,0.69999999999999996,19,3
2026-02-12 19:27:46,14.199999999999999,1.6100000000000001,19,3
2026-02-12 20:02:25,28.199999999999999,3.8399999999999999,20,3
2026-02-12 20:13:58,10.699999999999999,1.27,20,3
2026-02-12 20:30:44,14.9,1.0700000000000001,20,3
2026-02-12 20:59:05,8.5999999999999996,1.21,20,3
2026-02-12 20:38:43,7.2000000000000002,1.05,20,3
2026-02-12 20:54:12,12.800000000000001,1.76,20,3
2026-02-12 20:23:28,25.399999999999999,3.3300000000000001,20,3
2026-02-12 20:02:23,10.699999999999999,0.76000000000000001,20,3
2026-02-12 20:49:44,5.7999999999999998,0.84999999999999998,20,3
2026-02-12 20:37:26,13.5,1.3600000000000001,20,3
2026-02-12 21:54:43,17.699999999999999,3.0499999999999998,21,3
2026-02-12 21:27:48,10.699999999999999,1.47,21,3
2026-02-12 21:16:36,17,2.75,21,3
2026-02-12 21:35:29,46.5,15,21,3
2026-02-12 21:39:44,77.200000000000003,19.699999999999999,21,3
2026-02-12 21:26:10,26.800000000000001,4.96,21,3
2026-02-12 22:38:57,7.2000000000000002,0.69999999999999996,22,3
2026-02-12 22:46:36,7.9000000000000004,1.1100000000000001,22,3
2026-02-12 22:46:35,9.3000000000000007,1.25,22,3
2026-02-12 22:04:23,17.699999999999999,2.6000000000000001,22,3
2026-02-12 22:13:58,39.399999999999999,6.71,22,3
2026-02-12 23:58:44,27.5,5.2999999999999998,23,3
2026-02-12 23:49:10,14.9,2.1699999999999999,23,3
2026-02-12 23:07:43,10.699999999999999,1.46,23,3
2026-02-12 23:37:20,17,1.3999999999999999,23,3
2026-02-12 23:11:10,17,2.9900000000000002,23,3
2026-02-13 00:13:59,44.299999999999997,10.119999999999999,0,3
2026-02-13 00:56:33,8.5999999999999996,1.1100000000000001,0,3
2026-02-13 00:35:40,20.5,3.5699999999999998,0,3
2026-02-13 00:00:10,8.5999999999999996,0.96999999999999997,0,3
2026-02-13 01:00:34,70.900000000000006,18.120000000000001,1,3
2026-02-13 01:28:44,6.5,1,1,3
2026-02-13 01:30:44,16.300000000000001,3.1400000000000001,1,3
2026-02-13 02:25:13,10,1.7,2,3
2026-02-13 02:25:54,24.699999999999999,4.8899999999999997,2,3
2026-02-13 05:26:30,19.800000000000001,4.21,5,3
2026-02-13 07:55:35,10.699999999999999,1.1699999999999999,7,3
2026-02-13 07:46:33,14.199999999999999,1.5,7,3
2026-02-13 07:08:45,5.0999999999999996,0.48999999999999999,7,3
2026-02-13 07:39:37,7.2000000000000002,0.92000000000000004,7,3
2026-02-13 08:51:32,10.699999999999999,0.88,8,3
2026-02-13 08:43:03,10,0.90000000000000002,8,3
2026-02-13 09:37:34,20.5,3.5099999999999998,9,2
2026-02-13 09:45:06,12.800000000000001,0.94999999999999996,9,2
2026-02-13 09:47:20,7.9000000000000004,0.82999999999999996,9,2
2026-02-13 09:20:07,13.5,1.72,9,2
2026-02-13 09:53:12,45,9.9800000000000004,9,2
2026-02-13 10:38:19,28.899999999999999,5.5099999999999998,10,2
2026-02-13 10:14:41,12.1,1.79,10,2
2026-02-13 10:12:23,19.800000000000001,2.7000000000000002,10,2
2026-02-13 10:19:17,10.699999999999999,1.27,10,2
2026-02-13 10:00:51,64.599999999999994,14.69,10,2
2026-02-13 11:29:11,10.699999999999999,1.5,11,2
2026-02-13 11:36:51,6.5,0.25,11,2
2026-02-13 11:12:10,17,2.4700000000000002,11,2
2026-02-13 11:14:56,16.300000000000001,1.1000000000000001,11,2
2026-02-13 11:47:28,10,0.89000000000000001,11,2
2026-02-13 12:07:27,11.4,1.27,12,3
2026-02-13 12:51:58,45,10.59,12,3
2026-02-13 12:35:15,12.1,1,12,3
2026-02-13 12:11:03,6.5,0.40000000000000002,12,3
2026-02-13 12:51:20,16.300000000000001,1.52,12,3
2026-02-13 12:32:04,35.5,9.3000000000000007,12,3
2026-02-13 12:05:10,29.5,9,12,3
2026-02-13 12:39:07,11.4,0.97999999999999998,12,3
2026-02-13 12:24:54,14.199999999999999,0.73999999999999999,12,3
2026-02-13 13:38:59,41.5,9.6300000000000008,13,3
2026-02-13 13:52:36,48.5,9.6999999999999993,13,3
2026-02-13 14:05:07,11.4,1.48,14,3
2026-02-13 14:05:26,10,1.3,14,3
2026-02-13 14:00:31,15.6,1.3999999999999999,14,3
2026-02-13 15:17:21,14.9,1.75,15,1
2026-02-13 15:48:34,6.5,0.67000000000000004,15,1
2026-02-13 15:29:21,17,2.7000000000000002,15,1
2026-02-13 15:01:38,10.699999999999999,0.72999999999999998,15,1
2026-02-13 15:18:26,13.5,1.7,15,1
2026-02-13 15:20:12,19.5,2,15,1
2026-02-13 15:11:16,21.199999999999999,3.3900000000000001,15,1
2026-02-13 15:31:07,70,16.600000000000001,15,1
2026-02-13 15:15:49,19.5,2.8999999999999999,15,1
2026-02-13 16:31:10,7.9000000000000004,0.77000000000000002,16,1
2026-02-13 16:42:09,17,0.92000000000000004,16,1
2026-02-13 16:07:00,7.9000000000000004,0.80000000000000004,16,1
2026-02-13 16:32:54,15.6,0.85999999999999999,16,1
2026-02-13 16:11:48,59,11.140000000000001,16,1
2026-02-13 17:39:47,6.5,0.68999999999999995,17,1
2026-02-13 17:39:01,17,2.7999999999999998,17,1
2026-02-13 17:10:26,6.5,0.76000000000000001,17,1
2026-02-13 17:28:04,9.3000000000000007,1.4299999999999999,17,1
2026-02-13 17:45:53,12.800000000000001,1.4399999999999999,17,1
2026-02-13 17:18:20,10,1,17,1
2026-02-13 18:42:29,14.199999999999999,2,18,1
2026-02-13 18:38:01,5.0999999999999996,0.40000000000000002,18,1
2026-02-13 18:59:51,13.5,1.3799999999999999,18,1
2026-02-13 18:19:55,19.100000000000001,0.96999999999999997,18,1
2026-02-13 18:26:00,7.2000000000000002,0.59999999999999998,18,1
2026-02-13 18:23:54,9.3000000000000007,0.81000000000000005,18,1
2026-02-13 18:55:36,27.5,5.9000000000000004,18,1
2026-02-13 18:40:28,4.4000000000000004,0.29999999999999999,18,1
2026-02-13 19:31:49,10,1.3,19,1
2026-02-13 19:08:34,21.199999999999999,1.8,19,1
2026-02-13 19:58:47,58.299999999999997,6.6699999999999999,19,1
2026-02-13 20:24:41,10.699999999999999,1.48,20,1
2026-02-13 20:30:51,70,14.91,20,1
2026-02-13 20:19:57,18.399999999999999,1.29,20,1
2026-02-13 20:46:34,19.100000000000001,2.5299999999999998,20,1
2026-02-13 21:37:12,10,0.89000000000000001,21,1
2026-02-13 21:47:01,52.700000000000003,12.720000000000001,21,1
2026-02-13 21:59:57,11.4,1.3999999999999999,21,1
2026-02-13 21:28:10,10,1.6499999999999999,21,1
2026-02-13 22:10:20,18.399999999999999,3.23,22,1
2026-02-13 22:49:43,70,17.960000000000001,22,1
2026-02-13 23:56:19,24.699999999999999,5.79,23,1
2026-02-13 23:55:29,10.699999999999999,1.48,23,1
2026-02-13 23:23:32,3.7000000000000002,0.17999999999999999,23,1
2026-02-13 23:52:31,13.5,2.0899999999999999,23,1
2026-02-13 23:04:51,12.1,0.93999999999999995,23,1
2026-02-13 23:10:52,25.399999999999999,4.6900000000000004,23,1
2026-02-13 23:14:47,19.100000000000001,3.5699999999999998,23,1
2026-02-13 23:03:20,97,16.43,23,1
2026-02-13 23:44:42,17,2.3799999999999999,23,1
2026-02-14 00:24:21,8.5999999999999996,1.0800000000000001,0,1
2026-02-14 00:16:31,16.300000000000001,1.51,0,1
2026-02-14 01:35:34,14.199999999999999,1.5600000000000001,1,2
2026-02-14 01:57:54,21.899999999999999,4.3499999999999996,1,2
2026-02-14 01:05:27,6.5,0.62,1,2
2026-02-14 01:13:09,7.9000000000000004,1.1100000000000001,1,2
2026-02-14 02:32:15,12.1,1.6799999999999999,2,3
2026-02-14 02:11:06,26.800000000000001,5.1600000000000001,2,3
2026-02-14 03:26:02,7.2000000000000002,0.79000000000000004,3,3
2026-02-14 04:56:15,8.5999999999999996,1.2,4,2
2026-02-14 04:57:06,11.4,2,4,2
2026-02-14 07:48:12,7.2000000000000002,0.95999999999999996,7,3
2026-02-14 07:49:20,7.9000000000000004,0.78000000000000003,7,3
2026-02-14 07:59:48,10,1.5800000000000001,7,3
2026-02-14 08:39:33,9.3000000000000007,0.92000000000000004,8,3
2026-02-14 08:50:31,6.5,0.94999999999999996,8,3
2026-02-14 09:38:09,6.5,0.80000000000000004,9,3
2026-02-14 09:40:12,17,2.8599999999999999,9,3
2026-02-14 10:41:03,8.5999999999999996,1.3,10,14
2026-02-14 10:22:03,21.199999999999999,3.2599999999999998,10,14
2026-02-14 10:32:23,14.9,2.7000000000000002,10,14
2026-02-14 11:32:44,17,2.7000000000000002,11,14
2026-02-14 11:21:11,19.100000000000001,2.1299999999999999,11,14
2026-02-14 11:05:02,11.4,0.60999999999999999,11,14
2026-02-14 11:08:02,10,0.93000000000000005,11,14
2026-02-14 11:32:43,16.300000000000001,2.5,11,14
2026-02-14 11:21:19,21.899999999999999,4.9699999999999998,11,14
2026-02-14 12:42:45,12.800000000000001,1.5,12,3
2026-02-14 12:09:19,5.0999999999999996,0.5,12,3
2026-02-14 12:21:28,51.5,15.800000000000001,12,3
2026-02-14 12:46:29,10,1.8999999999999999,12,3
2026-02-14 12:40:10,62.5,24.399999999999999,12,3
2026-02-14 13:58:37,13.5,2.7999999999999998,13,2
2026-02-14 13:17:06,11.4,0.91000000000000003,13,2
2026-02-14 13:27:19,12.800000000000001,1.1699999999999999,13,2
2026-02-14 13:32:28,9.3000000000000007,1.1899999999999999,13,2
2026-02-14 13:34:52,12.1,1.54,13,2
2026-02-14 13:29:14,10.699999999999999,1.1299999999999999,13,2
2026-02-14 14:08:14,20.5,2.8999999999999999,14,1
2026-02-14 15:02:18,21.199999999999999,3.3999999999999999,15,2
2026-02-14 15:18:37,10,1,15,2
2026-02-14 15:11:44,24.699999999999999,3.3599999999999999,15,2
2026-02-14 15:06:48,41.5,16,15,2
2026-02-14 15:27:29,82.799999999999997,18.600000000000001,15,2
2026-02-14 15:08:42,10,1.1000000000000001,15,2
2026-02-14 15:35:32,26.800000000000001,4.46,15,2
2026-02-14 16:12:08,11.4,1.8999999999999999,16,2
2026-02-14 16:48:15,9.3000000000000007,1.1000000000000001,16,2
2026-02-14 16:50:40,8.5999999999999996,0.87,16,2
2026-02-14 16:32:15,23.5,3.5,16,2
2026-02-14 16:23:06,16.300000000000001,2.8399999999999999,16,2
2026-02-14 16:27:23,12.800000000000001,1.1200000000000001,16,2
2026-02-14 17:55:29,23.300000000000001,2.1699999999999999,17,2
2026-02-14 17:35:06,20.5,2.8100000000000001,17,2
2026-02-14 18:51:51,12.800000000000001,1.6100000000000001,18,1
2026-02-14 18:25:17,33.799999999999997,6.8499999999999996,18,1
2026-02-14 18:28:27,13.5,2.8300000000000001,18,1
2026-02-14 18:34:54,13.5,0.88,18,1
2026-02-14 19:13:21,9.3000000000000007,1.4199999999999999,19,1
2026-02-14 19:23:15,14.9,3.3999999999999999,19,1
2026-02-14 19:52:32,9.3000000000000007,0.57999999999999996,19,1
2026-02-14 19:00:00,70,20.77,19,1
2026-02-14 19:43:45,12.1,1.28,19,1
2026-02-14 20:43:49,7.9000000000000004,1.05,20,1
2026-02-14 20:59:18,28.899999999999999,4.7999999999999998,20,1
2026-02-14 20:41:28,37.299999999999997,8.5500000000000007,20,1
2026-02-14 20:33:23,10.699999999999999,0.93999999999999995,20,1
2026-02-14 20:33:40,23.300000000000001,2.1000000000000001,20,1
2026-02-14 20:31:40,23.300000000000001,2.3999999999999999,20,1
2026-02-14 20:56:04,8.5999999999999996,1.1499999999999999,20,1
2026-02-14 20:00:43,22.600000000000001,1.3799999999999999,20,1
2026-02-14 20:23:29,17,0.56999999999999995,20,1
2026-02-14 20:04:23,20.5,3.52,20,1
2026-02-14 21:56:40,12.800000000000001,1.3300000000000001,21,1
2026-02-14 21:02:16,12.800000000000001,1.3400000000000001,21,1
2026-02-14 21:06:23,61.100000000000001,12.34,21,1
2026-02-14 21:46:00,8.5999999999999996,1.3200000000000001,21,1
2026-02-14 21:01:21,6.5,0.56999999999999995,21,1
2026-02-14 22:16:38,29.600000000000001,3.7999999999999998,22,1
2026-02-14 22:37:16,40.799999999999997,9.5800000000000001,22,1
2026-02-14 22:32:33,8.5999999999999996,0.87,22,1
2026-02-14 22:32:52,18.399999999999999,1.6000000000000001,22,1
2026-02-14 22:11:39,4.4000000000000004,0.40000000000000002,22,1
2026-02-14 22:24:54,7.2000000000000002,0.84999999999999998,22,1
2026-02-14 22:37:36,9.3000000000000007,0.79000000000000004,22,1
2026-02-14 23:18:35,13.5,1.1000000000000001,23,1
2026-02-14 23:08:35,7.2000000000000002,0.5,23,1
2026-02-14 23:36:57,14.9,1.6499999999999999,23,1
2026-02-14 23:38:52,3.7000000000000002,0.23999999999999999,23,1
2026-02-14 23:54:24,16.300000000000001,2.3399999999999999,23,1
2026-02-15 00:22:43,19.800000000000001,3.29,0,1
2026-02-15 00:48:41,11.4,1.3300000000000001,0,1
2026-02-15 00:20:50,12.1,1.8600000000000001,0,1
2026-02-15 01:09:12,16.300000000000001,2.1699999999999999,1,1
2026-02-15 01:04:47,10.699999999999999,1.79,1,1
2026-02-15 01:03:56,19.800000000000001,3.6000000000000001,1,1
2026-02-15 01:58:22,10,1.3899999999999999,1,1
2026-02-15 01:25:16,7.9000000000000004,1.25,1,1
2026-02-15 01:13:37,22.600000000000001,4.3099999999999996,1,1
2026-02-15 02:49:23,22.600000000000001,4.5999999999999996,2,1
2026-02-15 06:14:55,70,19.609999999999999,6,1
2026-02-15 07:58:38,7.9000000000000004,0.93000000000000005,7,3
2026-02-15 07:03:55,19.800000000000001,4.4000000000000004,7,3
2026-02-15 08:57:18,28.199999999999999,5.6699999999999999,8,3
2026-02-15 08:29:44,9.3000000000000007,1.55,8,3
2026-02-15 08:51:09,34.5,8.6999999999999993,8,3
2026-02-15 09:19:10,18.399999999999999,4.0700000000000003,9,5
2026-02-15 09:36:56,37.299999999999997,9.1999999999999993,9,5
2026-02-15 09:35:20,37.299999999999997,9.4100000000000001,9,5
2026-02-15 09:33:05,10.699999999999999,1.6599999999999999,9,5
2026-02-15 10:06:37,11.4,1.74,10,5
2026-02-15 10:10:01,13.5,1.8200000000000001,10,5
2026-02-15 11:36:10,7.9000000000000004,1.0900000000000001,11,3
2026-02-15 11:27:56,10.699999999999999,1.8,11,3
2026-02-15 11:46:54,21.5,2.5,11,3
2026-02-15 11:29:29,19.100000000000001,4.2000000000000002,11,3
2026-02-15 12:22:20,15.6,2.02,12,3
2026-02-15 12:39:30,7.2000000000000002,0.68999999999999995,12,3
2026-02-15 12:09:05,40.100000000000001,8.5,12,3
2026-02-15 12:36:56,24,3.8599999999999999,12,3
2026-02-15 12:18:12,10,1.7,12,3
2026-02-15 12:42:39,17,2.9300000000000002,12,3
2026-02-15 13:58:56,70,17.379999999999999,13,3
2026-02-15 13:45:27,4.4000000000000004,0.38,13,3
2026-02-15 13:54:40,17.699999999999999,2.5,13,3
2026-02-15 13:20:28,7.9000000000000004,1.3200000000000001,13,3
2026-02-15 13:59:14,37.5,10.5,13,3
2026-02-15 14:58:20,7.9000000000000004,1.3,14,3
2026-02-15 14:42:15,28.899999999999999,5.8099999999999996,14,3
2026-02-15 14:22:15,35.200000000000003,6.5700000000000003,14,3
2026-02-15 14:51:03,20,0.57999999999999996,14,3
2026-02-15 14:26:50,68.799999999999997,17.149999999999999,14,3
2026-02-15 15:03:16,60.399999999999999,12.07,15,3
2026-02-15 15:18:07,14.199999999999999,2.3199999999999998,15,3
2026-02-15 15:23:18,12.800000000000001,1.74,15,3
2026-02-15 15:01:52,15.6,2.4300000000000002,15,3
2026-02-15 15:56:04,5.7999999999999998,0.59999999999999998,15,3
2026-02-15 15:36:19,16.300000000000001,2.5,15,3
2026-02-15 16:42:14,5.7999999999999998,0.56999999999999995,16,3
2026-02-15 16:02:28,17.699999999999999,1.5800000000000001,16,3
2026-02-15 16:35:37,11.4,1.3700000000000001,16,3
2026-02-15 16:58:01,21.199999999999999,0.55000000000000004,16,3
2026-02-15 17:31:19,33.799999999999997,6.1399999999999997,17,3
2026-02-15 17:50:33,17,1.7,17,3
2026-02-15 17:07:05,8.5999999999999996,1.1499999999999999,17,3
2026-02-15 17:44:13,21.899999999999999,2.8799999999999999,17,3
2026-02-15 17:24:10,35.200000000000003,7.4699999999999998,17,3
2026-02-15 17:30:46,21.899999999999999,2.5099999999999998,17,3
2026-02-15 18:32:24,62.5,14.6,18,3
2026-02-15 18:57:00,7.9000000000000004,0.81999999999999995,18,3
2026-02-15 18:48:23,5.0999999999999996,0.46000000000000002,18,3
2026-02-15 18:03:24,14.199999999999999,1.7,18,3
2026-02-15 19:51:21,13.5,2.5,19,3
2026-02-15 20:49:59,10.699999999999999,1.3100000000000001,20,3
2026-02-15 21:05:42,12.1,1.74,21,3
2026-02-15 22:29:20,7.9000000000000004,1.0800000000000001,22,3
2026-02-15 22:16:39,21.899999999999999,2.25,22,3
2026-02-15 23:12:18,9.3000000000000007,0.92000000000000004,23,3
2026-02-15 23:01:47,10.699999999999999,1.28,23,3
2026-02-15 23:22:51,5.7999999999999998,0.26000000000000001,23,3
2026-02-15 23:41:36,21.199999999999999,3.8900000000000001,23,3
2026-02-15 23:11:54,86.700000000000003,17.989999999999998,23,3
2026-02-16 00:07:47,3.7000000000000002,0.28000000000000003,0,3
2026-02-16 00:56:23,11.4,1.8300000000000001,0,3
2026-02-16 00:08:34,18.399999999999999,3.3700000000000001,0,3
2026-02-16 00:52:42,70,17.399999999999999,0,3
2026-02-16 01:12:52,12.800000000000001,2.3599999999999999,1,3
2026-02-16 01:44:23,5.7999999999999998,0.82999999999999996,1,3
2026-02-16 06:04:00,10,1.3999999999999999,6,15
2026-02-16 08:56:04,9.3000000000000007,1.1000000000000001,8,15
2026-02-16 08:03:33,9.3000000000000007,1,8,15
2026-02-16 09:05:47,19.100000000000001,2.9900000000000002,9,15
2026-02-16 09:19:37,20.5,3.1600000000000001,9,15
2026-02-16 10:42:06,19.100000000000001,2.98,10,14
2026-02-16 11:35:40,7.9000000000000004,1.03,11,14
2026-02-16 11:10:51,70,14.029999999999999,11,14
2026-02-16 12:40:02,12.800000000000001,1.3600000000000001,12,3
2026-02-16 13:47:13,7.9000000000000004,1.01,13,3
2026-02-16 13:40:34,10.699999999999999,1.3799999999999999,13,3
2026-02-16 13:07:35,19.800000000000001,3.0299999999999998,13,3
2026-02-16 13:19:40,13.5,1.99,13,3
2026-02-16 13:48:41,8.5999999999999996,0.90000000000000002,13,3
2026-02-16 13:20:34,8.5999999999999996,0.92000000000000004,13,3
2026-02-16 14:47:20,44.299999999999997,10.5,14,3
2026-02-16 14:22:42,8.5999999999999996,0.69999999999999996,14,3
2026-02-16 14:48:11,10.699999999999999,1.5700000000000001,14,3
2026-02-16 14:56:01,45,10.359999999999999,14,3
2026-02-16 14:20:01,5.0999999999999996,0.46000000000000002,14,3
2026-02-16 14:25:36,132.5,19.539999999999999,14,3
2026-02-16 15:08:58,6.5,0.73999999999999999,15,3
2026-02-16 15:47:27,10,1.3200000000000001,15,3
2026-02-16 15:08:19,17,2.77,15,3
2026-02-16 15:32:50,7.9000000000000004,1.1100000000000001,15,3
2026-02-16 15:30:44,4.4000000000000004,0.46000000000000002,15,3
2026-02-16 16:14:11,7.9000000000000004,0.91000000000000003,16,3
2026-02-16 16:35:55,70,17.5,16,3
2026-02-16 16:30:19,70,18.010000000000002,16,3
2026-02-16 16:57:45,35.200000000000003,7.5199999999999996,16,3
2026-02-16 16:10:03,9.3000000000000007,1.0600000000000001,16,3
2026-02-16 16:28:47,11.4,1.54,16,3
2026-02-16 16:15:16,70,6.7800000000000002,16,3
2026-02-16 16:03:01,5.7999999999999998,0.48999999999999999,16,3
2026-02-16 16:51:23,9.3000000000000007,1.0700000000000001,16,3
2026-02-16 16:11:30,31,6.0099999999999998,16,3
2026-02-16 16:41:39,11.4,1.74,16,3
2026-02-16 17:10:58,5.7999999999999998,0.5,17,1
2026-02-16 17:39:29,17,2.6299999999999999,17,1
2026-02-16 17:42:27,13.5,2.1899999999999999,17,1
2026-02-16 18:04:57,7.2000000000000002,1.1399999999999999,18,1
2026-02-16 18:45:12,16.300000000000001,2.1000000000000001,18,1
2026-02-16 18:11:04,70,17.440000000000001,18,1
2026-02-16 18:13:45,18.399999999999999,3.2599999999999998,18,1
2026-02-16 18:14:12,86.700000000000003,16.219999999999999,18,1
2026-02-16 18:49:35,6.5,0.62,18,1
2026-02-16 19:28:06,11.4,2.2599999999999998,19,1
2026-02-16 19:22:40,5.7999999999999998,0.52000000000000002,19,1
2026-02-16 19:56:57,17,2.9100000000000001,19,1
2026-02-16 19:51:02,19.100000000000001,3.75,19,1
2026-02-16 20:29:49,8.5999999999999996,1.1799999999999999,20,1
2026-02-16 20:29:13,70,16.77,20,1
2026-02-16 20:23:24,11.4,1.6899999999999999,20,1
2026-02-16 20:53:30,11.4,1.6499999999999999,20,1
2026-02-16 20:29:03,18.399999999999999,2.8999999999999999,20,1
2026-02-16 20:54:38,10,1.54,20,1
2026-02-16 20:09:40,12.800000000000001,2.27,20,1
2026-02-16 21:33:40,7.9000000000000004,1.28,21,1
2026-02-16 21:56:38,10.699999999999999,1.27,21,1
2026-02-16 21:22:33,19.800000000000001,3.4700000000000002,21,1
2026-02-16 21:07:34,7.2000000000000002,0.76000000000000001,21,1
2026-02-16 21:10:54,14.9,2.4700000000000002,21,1
2026-02-16 22:47:37,22.600000000000001,4.2000000000000002,22,1
2026-02-16 22:56:40,8.5999999999999996,0.93999999999999995,22,1
2026-02-16 23:12:25,39.399999999999999,10.16,23,1
2026-02-17 00:19:19,8.5999999999999996,1.3400000000000001,0,2
2026-02-17 02:38:44,90,16.079999999999998,2,1
2026-02-17 06:08:06,42.200000000000003,9.3300000000000001,6,3
2026-02-17 07:44:46,7.2000000000000002,0.92000000000000004,7,3
2026-02-17 07:57:22,10.699999999999999,1.1799999999999999,7,3
2026-02-17 07:13:31,12.1,1.7,7,3
2026-02-17 08:15:47,46.5,18.800000000000001,8,3
2026-02-17 09:43:27,64.599999999999994,16.399999999999999,9,14
2026-02-17 09:45:33,20.5,1.3999999999999999,9,14
2026-02-17 10:00:21,22.600000000000001,2.25,10,3
2026-02-17 10:08:49,9.3000000000000007,1.1699999999999999,10,3
2026-02-17 10:39:32,10.699999999999999,0.96999999999999997,10,3
2026-02-17 11:26:50,17,2.25,11,5
2026-02-17 11:49:49,7.2000000000000002,1.01,11,5
2026-02-17 12:51:42,14.9,2.0600000000000001,12,5
2026-02-17 12:50:21,5.7999999999999998,0.69999999999999996,12,5
2026-02-17 12:01:30,40.799999999999997,9.6400000000000006,12,5
2026-02-17 12:55:56,12.1,1.8400000000000001,12,5
2026-02-17 12:41:22,14.9,1.49,12,5
2026-02-17 12:11:26,12.800000000000001,1.8999999999999999,12,5
2026-02-17 12:58:25,24.5,5.7000000000000002,12,5
2026-02-17 12:07:11,30.300000000000001,1.8400000000000001,12,5
2026-02-17 12:59:50,21.899999999999999,2.0699999999999998,12,5
2026-02-17 12:24:16,12.1,1.3,12,5
2026-02-17 13:02:46,12.800000000000001,1.3,13,5
2026-02-17 13:44:06,8.5999999999999996,1.1000000000000001,13,5
2026-02-17 13:53:47,20.5,1.6200000000000001,13,5
2026-02-17 13:03:47,28.899999999999999,1.73,13,5
2026-02-17 13:33:58,12.1,1.54,13,5
2026-02-17 14:13:36,17.699999999999999,1.72,14,5
2026-02-17 14:48:22,16.300000000000001,2.1800000000000002,14,5
2026-02-17 14:22:19,14.199999999999999,0.84999999999999998,14,5
2026-02-17 14:21:07,13.5,1.04,14,5
2026-02-17 14:22:12,19.100000000000001,2.25,14,5
2026-02-17 14:59:01,7.2000000000000002,0.59999999999999998,14,5
2026-02-17 14:52:13,7.9000000000000004,1.0600000000000001,14,5
2026-02-17 14:34:56,10,1.21,14,5
2026-02-17 15:02:20,84.900000000000006,14.1,15,5
2026-02-17 15:54:52,19.100000000000001,2.25,15,5
2026-02-17 15:08:15,70,17.940000000000001,15,5
2026-02-17 15:43:58,12.800000000000001,2.2999999999999998,15,5
2026-02-17 15:40:01,20.5,3,15,5
2026-02-17 15:45:51,57.600000000000001,11.369999999999999,15,5
2026-02-17 15:29:17,19.100000000000001,3.2999999999999998,15,5
2026-02-17 16:19:13,5.0999999999999996,0.37,16,5
2026-02-17 16:25:36,70,16.77,16,5
2026-02-17 16:38:49,11.4,1.5,16,5
2026-02-17 16:20:28,21.899999999999999,1.96,16,5
2026-02-17 16:25:33,26.100000000000001,2.3999999999999999,16,5
2026-02-17 16:51:01,31.699999999999999,6.8899999999999997,16,5
2026-02-17 16:12:49,24.5,4,16,5
2026-02-17 17:24:32,6.5,0.40000000000000002,17,5
2026-02-17 17:38:01,13.5,2.1600000000000001,17,5
2026-02-17 17:16:29,10.699999999999999,1.0700000000000001,17,5
2026-02-17 17:56:25,12.800000000000001,0.92000000000000004,17,5
2026-02-17 17:07:57,28.199999999999999,3.3300000000000001,17,5
2026-02-17 17:08:13,70,18.260000000000002,17,5
2026-02-17 17:03:14,12.800000000000001,1.5,17,5
2026-02-17 17:48:38,10,0.65000000000000002,17,5
2026-02-17 17:31:02,58.5,20.199999999999999,17,5
2026-02-17 18:03:19,27.5,4.8200000000000003,18,5
2026-02-17 18:26:08,6.5,0.5,18,5
2026-02-17 19:53:46,6.5,0.71999999999999997,19,5
2026-02-17 20:14:10,12.1,1.5,20,5
2026-02-17 20:32:20,11.4,1.79,20,5
2026-02-17 21:15:06,12.1,1.3100000000000001,21,3
2026-02-17 21:25:59,50.600000000000001,12.44,21,3
2026-02-17 21:14:37,26.100000000000001,4.6900000000000004,21,3
2026-02-17 22:46:10,12.800000000000001,1.4399999999999999,22,1
2026-02-17 22:38:12,7.9000000000000004,1.1399999999999999,22,1
2026-02-17 22:44:05,12.800000000000001,2.0800000000000001,22,1
2026-02-18 00:11:21,9.3000000000000007,1.4399999999999999,0,1
2026-02-18 00:53:37,8.5999999999999996,1.0700000000000001,0,1
2026-02-18 00:50:41,10,1.5900000000000001,0,1
2026-02-18 04:51:00,8.5999999999999996,1.3999999999999999,4,5
2026-02-18 04:50:11,11.4,1.77,4,5
2026-02-18 06:46:11,14.199999999999999,2.5899999999999999,6,5
2026-02-18 06:51:06,9.3000000000000007,1.24,6,5
2026-02-18 06:35:14,54.100000000000001,12.210000000000001,6,5
2026-02-18 06:59:05,11.4,1.3,6,5
2026-02-18 06:31:56,5.7999999999999998,0.48999999999999999,6,5
2026-02-18 07:31:18,5.7999999999999998,0.69999999999999996,7,5
2026-02-18 07:56:40,7.9000000000000004,0.63,7,5
2026-02-18 07:37:04,14.9,2.3999999999999999,7,5
2026-02-18 07:43:59,14.199999999999999,1.8,7,5
2026-02-18 07:56:07,7.9000000000000004,0.59999999999999998,7,5
2026-02-18 07:37:28,9.3000000000000007,1.6000000000000001,7,5
2026-02-18 08:49:49,5.7999999999999998,0.40000000000000002,8,5
2026-02-18 08:03:46,17,1.04,8,5
2026-02-18 08:51:32,10.699999999999999,0.87,8,5
2026-02-18 09:28:59,12.800000000000001,2.0600000000000001,9,5
2026-02-18 09:18:15,5.7999999999999998,0.47999999999999998,9,5
2026-02-18 09:28:27,14.199999999999999,2.1000000000000001,9,5
2026-02-18 09:57:48,12.800000000000001,0.71999999999999997,9,5
2026-02-18 09:36:46,5.7999999999999998,0.63,9,5
2026-02-18 10:49:40,36.5,9,10,5
2026-02-18 10:52:57,21.199999999999999,2.4100000000000001,10,5
2026-02-18 10:54:22,10.699999999999999,1.3,10,5
2026-02-18 10:25:40,7.9000000000000004,0.75,10,5
2026-02-18 11:14:37,7.2000000000000002,0.70999999999999996,11,5
2026-02-18 11:31:26,13.5,1.72,11,5
2026-02-18 11:23:57,14.199999999999999,1.8300000000000001,11,5
2026-02-18 11:22:05,6.5,0.68999999999999995,11,5
2026-02-18 11:06:24,10,0.90000000000000002,11,5
2026-02-18 11:17:35,25.5,3.5,11,5
2026-02-18 11:31:10,14.9,1.78,11,5
2026-02-18 11:18:44,8.5999999999999996,0.59999999999999998,11,5
2026-02-18 12:14:30,17,1.8,12,5
2026-02-18 12:07:42,24,2.5699999999999998,12,5
2026-02-18 12:56:54,13.5,1.8999999999999999,12,5
2026-02-18 13:14:55,32.399999999999999,4.6699999999999999,13,5
2026-02-18 13:14:01,17.699999999999999,1.4399999999999999,13,5
2026-02-18 13:40:41,26.800000000000001,4.3899999999999997,13,5
2026-02-18 13:45:00,7.9000000000000004,0.70999999999999996,13,5
2026-02-18 13:04:09,89.5,15.1,13,5
2026-02-18 14:56:30,12.1,1.1000000000000001,14,12
2026-02-18 14:42:30,36.600000000000001,8.5899999999999999,14,12
2026-02-18 14:28:14,70,16.73,14,12
2026-02-18 14:56:07,9.3000000000000007,1.02,14,12
2026-02-18 14:28:00,9.3000000000000007,0.81999999999999995,14,12
2026-02-18 14:42:21,36.600000000000001,7.21,14,12
2026-02-18 14:38:19,7.9000000000000004,0.93999999999999995,14,12
2026-02-18 15:04:30,12.800000000000001,1.76,15,5
2026-02-18 15:35:30,70,16.41,15,5
2026-02-18 15:13:48,17.699999999999999,2.5099999999999998,15,5
2026-02-18 15:50:51,44.299999999999997,10,15,5
2026-02-18 15:38:23,14.199999999999999,1.6200000000000001,15,5
2026-02-18 15:33:50,12.800000000000001,1.0600000000000001,15,5
2026-02-18 15:43:58,13.5,1.27,15,5
2026-02-18 16:34:57,7.2000000000000002,1.2,16,5
2026-02-18 16:41:02,17.699999999999999,2.8599999999999999,16,5
2026-02-18 16:14:58,8.5999999999999996,0.75,16,5
2026-02-18 17:52:54,6.5,0.89000000000000001,17,5
2026-02-18 17:23:10,15.6,1.8,17,5
2026-02-18 17:01:20,7.2000000000000002,0.63,17,5
2026-02-18 17:17:36,36.5,9,17,5
2026-02-18 17:32:12,22.600000000000001,3.8100000000000001,17,5
2026-02-18 17:28:36,22.600000000000001,2.7999999999999998,17,5
2026-02-18 17:15:26,5.0999999999999996,0.58999999999999997,17,5
2026-02-18 17:56:48,9.3000000000000007,0.93000000000000005,17,5
2026-02-18 18:50:35,8.5999999999999996,1.3200000000000001,18,5
2026-02-18 18:52:06,8.5999999999999996,1.04,18,5
2026-02-18 18:31:01,15.6,2.3300000000000001,18,5
2026-02-18 18:10:17,14.9,1.9399999999999999,18,5
2026-02-18 18:33:48,19.5,2.1000000000000001,18,5
2026-02-18 18:42:55,7.9000000000000004,0.69999999999999996,18,5
2026-02-18 18:02:30,19.100000000000001,3.1299999999999999,18,5
2026-02-18 18:27:16,14.199999999999999,2.48,18,5
2026-02-18 19:54:52,12.1,2.27,19,5
2026-02-18 19:20:20,8.5999999999999996,1.52,19,5
2026-02-18 19:06:32,19.100000000000001,2.79,19,5
2026-02-18 19:24:13,12.800000000000001,1.96,19,5
2026-02-18 20:52:46,70,17.170000000000002,20,5
2026-02-18 20:40:46,20.5,2.5699999999999998,20,5
2026-02-18 20:08:56,16.300000000000001,2.3799999999999999,20,5
2026-02-18 20:23:28,6.5,0.90000000000000002,20,5
2026-02-18 20:46:34,10,1.1399999999999999,20,5
2026-02-18 21:53:19,32.399999999999999,7.04,21,5
2026-02-18 21:10:19,20.5,4.4000000000000004,21,5
2026-02-18 21:08:57,14.199999999999999,2.5299999999999998,21,5
2026-02-18 21:02:17,26.800000000000001,4.2999999999999998,21,5
2026-02-18 22:35:18,18.399999999999999,3,22,8
2026-02-18 22:03:47,12.800000000000001,1.5600000000000001,22,8
2026-02-18 22:12:29,18.399999999999999,3.1600000000000001,22,8
2026-02-18 22:46:47,17.699999999999999,2.6800000000000002,22,8
2026-02-18 22:57:55,33.100000000000001,8.0999999999999996,22,8
2026-02-18 22:04:01,40.799999999999997,10.359999999999999,22,8
2026-02-18 22:44:28,12.1,1.8400000000000001,22,8
2026-02-18 22:28:22,12.1,1.8799999999999999,22,8
2026-02-18 23:08:45,9.3000000000000007,1.49,23,9
2026-02-19 00:42:48,70,20.420000000000002,0,5
2026-02-19 01:20:36,19.800000000000001,4.2599999999999998,1,3
2026-02-19 06:14:40,28.899999999999999,6.3799999999999999,6,5
2026-02-19 07:54:29,9.3000000000000007,1.3,7,3
2026-02-19 07:23:51,8.5999999999999996,1.3999999999999999,7,3
2026-02-19 08:10:53,18.399999999999999,2.8900000000000001,8,3
2026-02-19 08:10:03,7.9000000000000004,0.94999999999999996,8,3
2026-02-19 08:05:55,10,1.3999999999999999,8,3
2026-02-19 08:09:39,10,0.92000000000000004,8,3
2026-02-19 08:00:26,70,19.27,8,3
2026-02-19 09:38:50,12.1,1.21,9,3
2026-02-19 09:53:08,18.399999999999999,1.74,9,3
2026-02-19 09:13:51,7.2000000000000002,0.65000000000000002,9,3
2026-02-19 09:38:09,15.6,2.7999999999999998,9,3
2026-02-19 09:20:11,10.699999999999999,1.1899999999999999,9,3
2026-02-19 09:39:09,8.5999999999999996,0.93000000000000005,9,3
2026-02-19 10:37:31,24.699999999999999,2.3300000000000001,10,3
2026-02-19 10:51:19,23.300000000000001,3.8999999999999999,10,3
2026-02-19 10:55:11,23.300000000000001,2.5699999999999998,10,3
2026-02-19 10:46:05,6.5,0.56999999999999995,10,3
2026-02-19 11:36:01,22.600000000000001,2.52,11,3
2026-02-19 11:37:54,8.5999999999999996,1.05,11,3
2026-02-19 11:41:01,14.9,1.76,11,3
2026-02-19 12:11:03,26.100000000000001,4.1699999999999999,12,3
2026-02-19 12:23:24,17,2.3999999999999999,12,3
2026-02-19 13:14:21,74.400000000000006,17.100000000000001,13,3
2026-02-19 13:10:20,7.2000000000000002,0.76000000000000001,13,3
2026-02-19 13:54:45,49.899999999999999,11.630000000000001,13,3
2026-02-19 13:55:23,12.1,0.94999999999999996,13,3
2026-02-19 14:15:54,12.800000000000001,2.2599999999999998,14,3
2026-02-19 14:08:29,6.5,0.54000000000000004,14,3
2026-02-19 14:56:49,13.5,1.4099999999999999,14,3
2026-02-19 14:22:30,70,21.210000000000001,14,3
2026-02-19 16:15:37,70,17.149999999999999,16,3
2026-02-19 16:09:59,7.2000000000000002,0.69999999999999996,16,3
2026-02-19 16:14:34,7.2000000000000002,0.59999999999999998,16,3
2026-02-19 17:02:40,13.5,1.74,17,3
2026-02-19 17:30:31,19.800000000000001,2.23,17,3
2026-02-19 17:26:18,4.4000000000000004,0.40000000000000002,17,3
2026-02-19 17:19:20,5.0999999999999996,0.32000000000000001,17,3
2026-02-19 18:08:41,7.2000000000000002,0.89000000000000001,18,3
2026-02-19 18:17:49,7.9000000000000004,0.35999999999999999,18,3
2026-02-19 18:06:14,14.199999999999999,2.1000000000000001,18,3
2026-02-19 18:44:19,7.2000000000000002,0.91000000000000003,18,3
2026-02-19 18:46:51,14.199999999999999,1.6499999999999999,18,3
2026-02-19 18:04:00,15.6,2.1000000000000001,18,3
2026-02-19 18:11:19,10,1.01,18,3
2026-02-19 18:54:46,12.1,1.72,18,3
2026-02-19 18:45:19,70.900000000000006,16.539999999999999,18,3
2026-02-19 18:08:21,16.300000000000001,1.6200000000000001,18,3
2026-02-19 18:33:11,38.700000000000003,6.3799999999999999,18,3
2026-02-19 18:38:19,19.100000000000001,2.6600000000000001,18,3
2026-02-19 18:19:26,10.699999999999999,0.68999999999999995,18,3
2026-02-19 19:58:25,8.5999999999999996,0.98999999999999999,19,3
2026-02-19 19:22:58,7.2000000000000002,0.75,19,3
2026-02-19 20:09:17,12.1,1.3700000000000001,20,3
2026-02-19 20:51:22,12.1,1.6899999999999999,20,3
2026-02-19 20:56:46,12.1,1.71,20,3
2026-02-19 21:02:36,9.3000000000000007,1.29,21,3
2026-02-19 21:23:06,24.5,4.7000000000000002,21,3
2026-02-19 21:02:24,14.9,2.7000000000000002,21,3
2026-02-19 21:44:51,29.600000000000001,6.4400000000000004,21,3
2026-02-19 21:27:27,21.899999999999999,4.9000000000000004,21,3
2026-02-19 21:27:28,12.1,1.8600000000000001,21,3
2026-02-19 22:19:24,53.399999999999999,12.699999999999999,22,3
2026-02-19 22:27:34,12.1,1.8,22,3
2026-02-20 03:09:15,30.300000000000001,5.4800000000000004,3,3
2026-02-20 06:31:26,15.6,2.46,6,3
2026-02-20 06:39:34,5.7999999999999998,0.56000000000000005,6,3
2026-02-20 07:06:36,8.5999999999999996,1.21,7,3
2026-02-20 07:53:18,44.5,13.4,7,3
2026-02-20 08:53:04,7.9000000000000004,0.52000000000000002,8,3
2026-02-20 08:57:12,9.3000000000000007,1.21,8,3
2026-02-20 08:18:54,6.5,0.59999999999999998,8,3
2026-02-20 08:11:28,5.0999999999999996,0.41999999999999998,8,3
2026-02-20 08:54:23,9.3000000000000007,1.7,8,3
2026-02-20 09:11:40,15.6,2.2999999999999998,9,3
2026-02-20 09:30:43,6.5,0.56000000000000005,9,3
2026-02-20 10:18:48,17.699999999999999,2.6200000000000001,10,3
2026-02-20 10:42:04,70,17.73,10,3
2026-02-20 10:11:47,53.399999999999999,11.83,10,3
2026-02-20 10:18:09,25.399999999999999,2.0800000000000001,10,3
2026-02-20 10:54:11,17,2.2999999999999998,10,3
2026-02-20 11:11:50,9.3000000000000007,1.3999999999999999,11,3
2026-02-20 11:17:37,32.399999999999999,4.3300000000000001,11,3
2026-02-20 11:01:09,6.5,0.5,11,3
2026-02-20 11:50:26,21.899999999999999,1.6000000000000001,11,3
2026-02-20 11:56:22,8.5999999999999996,0.59999999999999998,11,3
2026-02-20 11:55:26,7.2000000000000002,0.76000000000000001,11,3
2026-02-20 12:03:56,12.800000000000001,1.5800000000000001,12,12
2026-02-20 12:29:41,11.4,1.1100000000000001,12,12
2026-02-20 12:54:02,12.800000000000001,1.6899999999999999,12,12
2026-02-20 12:38:26,7.9000000000000004,0.65000000000000002,12,12
2026-02-20 12:16:02,9.3000000000000007,0.97999999999999998,12,12
2026-02-20 13:52:51,14.199999999999999,1.5800000000000001,13,8
2026-02-20 13:53:13,20.5,1.75,13,8
2026-02-20 13:29:38,55.5,13.27,13,8
2026-02-20 14:47:00,6.5,0.5,14,9
2026-02-20 14:09:51,7.9000000000000004,1,14,9
2026-02-20 14:20:47,41.5,9.6600000000000001,14,9
2026-02-20 14:36:54,5.0999999999999996,0.34000000000000002,14,9
2026-02-20 14:00:04,5.0999999999999996,0.40000000000000002,14,9
2026-02-20 14:45:29,5.0999999999999996,0.52000000000000002,14,9
2026-02-20 15:50:35,8.5999999999999996,0.90000000000000002,15,8
2026-02-20 15:58:05,13.5,1.73,15,8
2026-02-20 15:52:56,33.5,9,15,8
2026-02-20 16:45:40,10.699999999999999,1.24,16,7
2026-02-20 16:59:16,14.199999999999999,0.80000000000000004,16,7
2026-02-20 16:05:14,8.5999999999999996,0.69999999999999996,16,7
2026-02-20 16:34:15,7.9000000000000004,0.93999999999999995,16,7
2026-02-20 16:29:59,23.300000000000001,3.2999999999999998,16,7
2026-02-20 16:59:42,24.699999999999999,2.8599999999999999,16,7
2026-02-20 16:19:03,7.2000000000000002,0.5,16,7
2026-02-20 16:39:11,16.300000000000001,2.1299999999999999,16,7
2026-02-20 16:51:39,14.9,1.1699999999999999,16,7
2026-02-20 16:30:07,31,5.3799999999999999,16,7
2026-02-20 17:03:25,14.9,1.5600000000000001,17,8
2026-02-20 17:37:39,7.9000000000000004,0.96999999999999997,17,8
2026-02-20 17:57:08,9.3000000000000007,1.1000000000000001,17,8
2026-02-20 17:17:18,14.199999999999999,1.8,17,8
2026-02-20 17:36:06,14.9,1.8799999999999999,17,8
2026-02-20 18:07:22,4.4000000000000004,0.37,18,8
2026-02-20 18:01:46,12.800000000000001,1.8700000000000001,18,8
2026-02-20 18:15:26,62.5,12.949999999999999,18,8
2026-02-20 18:44:11,10,1.1499999999999999,18,8
2026-02-20 18:41:23,24.699999999999999,3.9399999999999999,18,8
2026-02-20 18:39:49,11.4,1.3600000000000001,18,8
2026-02-20 18:47:32,5.0999999999999996,0.59999999999999998,18,8
2026-02-20 18:47:43,8.5999999999999996,1,18,8
2026-02-20 18:34:08,29.5,6.5,18,8
2026-02-20 18:21:28,11.4,1.6599999999999999,18,8
2026-02-20 19:32:43,4.4000000000000004,0.35999999999999999,19,9
2026-02-20 19:02:46,7.9000000000000004,0.80000000000000004,19,9
2026-02-20 19:26:30,12.1,1.7,19,9
2026-02-20 19:20:47,7.2000000000000002,0.58999999999999997,19,9
2026-02-20 19:14:12,10,1.24,19,9
2026-02-20 19:15:43,9.3000000000000007,0.80000000000000004,19,9
2026-02-20 19:41:23,34.5,8.3000000000000007,19,9
2026-02-20 19:49:41,22.600000000000001,3.5,19,9
2026-02-20 19:20:56,14.199999999999999,1.6100000000000001,19,9
2026-02-20 20:21:01,6.5,0.85999999999999999,20,9
2026-02-20 20:15:55,14.9,2.4300000000000002,20,9
2026-02-20 20:12:36,7.9000000000000004,0.73999999999999999,20,9
2026-02-20 20:21:57,10,1.6699999999999999,20,9
2026-02-20 20:15:36,13.5,1.45,20,9
2026-02-20 20:56:37,52.5,17.100000000000001,20,9
2026-02-20 20:08:46,8.5999999999999996,0.80000000000000004,20,9
2026-02-20 20:50:35,7.9000000000000004,0.75,20,9
2026-02-20 21:07:54,7.9000000000000004,0.76000000000000001,21,8
2026-02-20 21:17:57,5.0999999999999996,0.54000000000000004,21,8
2026-02-20 21:18:39,75,2.2000000000000002,21,8
2026-02-20 21:45:58,7.9000000000000004,0.83999999999999997,21,8
2026-02-20 22:04:44,14.199999999999999,2.0099999999999998,22,5
2026-02-20 22:35:22,10.699999999999999,1.1499999999999999,22,5
2026-02-20 22:45:54,9.3000000000000007,1.29,22,5
2026-02-20 22:58:21,15.6,2.2599999999999998,22,5
2026-02-20 22:50:38,24,4.7800000000000002,22,5
2026-02-20 23:51:26,11.4,1.6799999999999999,23,3
2026-02-20 23:02:54,5.0999999999999996,0.40999999999999998,23,3
2026-02-20 23:07:38,15.6,1.8799999999999999,23,3
2026-02-20 23:54:30,7.2000000000000002,0.96999999999999997,23,3
2026-02-20 23:01:35,8.5999999999999996,0.85999999999999999,23,3
2026-02-20 23:27:17,14.9,2.02,23,3
2026-02-20 23:25:52,44.299999999999997,9.5899999999999999,23,3
2026-02-21 00:00:04,10,1.28,0,3
2026-02-21 00:28:01,12.1,2.4900000000000002,0,3
2026-02-21 00:54:20,14.199999999999999,2.23,0,3
2026-02-21 00:14:58,9.3000000000000007,0.69999999999999996,0,3
2026-02-21 00:06:04,13.5,2.7000000000000002,0,3
2026-02-21 00:26:04,10.699999999999999,1.29,0,3
2026-02-21 00:24:21,11.4,1.7,0,3
2026-02-21 00:14:04,17.699999999999999,2.79,0,3
2026-02-21 01:27:58,8.5999999999999996,1.46,1,3
2026-02-21 01:57:34,3.7000000000000002,0.029999999999999999,1,3
2026-02-21 02:42:09,11.4,2.2000000000000002,2,3
2026-02-21 02:26:07,24.699999999999999,5.4699999999999998,2,3
2026-02-21 02:53:47,10.699999999999999,1.02,2,3
2026-02-21 02:27:37,16.300000000000001,2.4199999999999999,2,3
2026-02-21 02:37:45,14.9,2.3799999999999999,2,3
2026-02-21 02:21:12,21.199999999999999,4.1100000000000003,2,3
2026-02-21 03:53:55,8.5999999999999996,1.3300000000000001,3,3
2026-02-21 03:23:12,17,3.2000000000000002,3,3
2026-02-21 04:33:57,16.300000000000001,3.1000000000000001,4,5
2026-02-21 07:48:52,13.5,2.8700000000000001,7,3
2026-02-21 09:54:10,10,1.3200000000000001,9,3
2026-02-21 09:19:54,17,1.95,9,3
2026-02-21 10:37:08,7.2000000000000002,0.90000000000000002,10,3
2026-02-21 10:09:45,11.4,1.51,10,3
2026-02-21 11:43:46,20.5,3.8700000000000001,11,2
2026-02-21 11:38:47,14.199999999999999,1.8200000000000001,11,2
2026-02-21 11:15:00,3.7000000000000002,0.27000000000000002,11,2
2026-02-21 11:55:40,7.2000000000000002,0.90000000000000002,11,2
2026-02-21 11:09:03,16.300000000000001,2.9700000000000002,11,2
2026-02-21 12:46:21,10,1.8,12,1
2026-02-21 12:53:59,25.399999999999999,4.1100000000000003,12,1
2026-02-21 12:57:06,8.5999999999999996,1.3,12,1
2026-02-21 12:06:20,7.2000000000000002,0.88,12,1
2026-02-21 12:50:46,7.2000000000000002,0.90000000000000002,12,1
2026-02-21 12:25:37,10.699999999999999,1.71,12,1
2026-02-21 12:05:31,8.5999999999999996,1.05,12,1
2026-02-21 12:52:42,14.9,1.47,12,1
2026-02-21 12:49:34,70,17.109999999999999,12,1
2026-02-21 13:51:31,9.3000000000000007,1.21,13,1
2026-02-21 13:06:38,5.7999999999999998,0.83999999999999997,13,1
2026-02-21 13:45:56,12.1,1.5,13,1
2026-02-21 13:37:20,8.5999999999999996,0.91000000000000003,13,1
2026-02-21 14:25:11,6.5,0.68000000000000005,14,1
2026-02-21 14:38:19,10.699999999999999,1.4099999999999999,14,1
2026-02-21 15:29:33,42.200000000000003,7.9000000000000004,15,1
2026-02-21 15:01:53,14.9,1.6200000000000001,15,1
2026-02-21 15:08:46,4.4000000000000004,0.40000000000000002,15,1
2026-02-21 15:09:48,6.5,0.57999999999999996,15,1
2026-02-21 15:52:02,17.699999999999999,2.6800000000000002,15,1
2026-02-21 15:27:32,88,0.059999999999999998,15,1
2026-02-21 15:24:56,70,17.829999999999998,15,1
2026-02-21 15:18:34,33.100000000000001,5.04,15,1
2026-02-21 16:17:30,7.2000000000000002,0.93999999999999995,16,1
2026-02-21 16:48:06,23.300000000000001,2.9399999999999999,16,1
2026-02-21 16:44:32,16.300000000000001,2.0099999999999998,16,1
2026-02-21 16:52:07,11.4,1.1000000000000001,16,1
2026-02-21 16:49:30,19.100000000000001,1.6399999999999999,16,1
2026-02-21 16:09:35,10,1.02,16,1
2026-02-21 16:30:37,11.4,1.1000000000000001,16,1
2026-02-21 16:37:31,21.199999999999999,3.3700000000000001,16,1
2026-02-21 16:11:30,14.9,1.95,16,1
2026-02-21 16:00:06,19.800000000000001,2.8100000000000001,16,1
2026-02-21 16:13:10,29.300000000000001,0.84999999999999998,16,1
2026-02-21 17:08:33,12.1,1.55,17,3
2026-02-21 17:23:08,3.7000000000000002,0.050000000000000003,17,3
2026-02-21 17:33:13,13.5,1.5800000000000001,17,3
2026-02-21 17:57:18,8.5999999999999996,0.87,17,3
2026-02-21 17:33:19,14.9,3.1000000000000001,17,3
2026-02-21 17:39:32,13.5,1.73,17,3
2026-02-21 17:39:15,17.699999999999999,2.7000000000000002,17,3
2026-02-21 17:14:57,23.300000000000001,4.5099999999999998,17,3
2026-02-21 18:08:54,9.3000000000000007,0.92000000000000004,18,3
2026-02-21 18:25:37,11.4,1.3200000000000001,18,3
2026-02-21 18:19:11,11.4,1.26,18,3
2026-02-21 18:46:37,10,1.3700000000000001,18,3
2026-02-21 18:21:38,19.100000000000001,2.6000000000000001,18,3
2026-02-21 18:11:10,13.5,1.3700000000000001,18,3
2026-02-21 18:19:50,5.7999999999999998,0.69999999999999996,18,3
2026-02-21 18:18:41,4.4000000000000004,0.35999999999999999,18,3
2026-02-21 18:15:49,7.9000000000000004,0.40999999999999998,18,3
2026-02-21 18:46:11,27.5,4.1299999999999999,18,3
2026-02-21 19:45:03,7.9000000000000004,1.23,19,3
2026-02-21 19:41:10,12.1,2,19,3
2026-02-21 19:46:36,16.300000000000001,1.71,19,3
2026-02-21 19:37:36,6.5,0.5,19,3
2026-02-21 19:11:45,14.9,2.0699999999999998,19,3
2026-02-21 20:59:48,7.9000000000000004,1.4099999999999999,20,3
2026-02-21 20:32:42,7.9000000000000004,0.69999999999999996,20,3
2026-02-21 20:17:52,70,18.690000000000001,20,3
2026-02-21 20:31:45,12.800000000000001,1.5,20,3
2026-02-21 20:31:54,12.800000000000001,1.27,20,3
2026-02-21 20:33:03,10.699999999999999,1.0700000000000001,20,3
2026-02-21 20:38:30,12.800000000000001,1.3700000000000001,20,3
2026-02-21 21:00:00,11.4,1.7,21,3
2026-02-21 21:21:30,11.4,1.2,21,3
2026-02-21 21:41:39,25.399999999999999,2.96,21,3
2026-02-21 21:27:26,5.0999999999999996,0.34999999999999998,21,3
2026-02-21 22:03:29,12.1,2.2999999999999998,22,3
2026-02-21 22:06:35,5.7999999999999998,0.40000000000000002,22,3
2026-02-21 22:40:17,18.399999999999999,3.0699999999999998,22,3
2026-02-21 22:19:13,44.299999999999997,11.77,22,3
2026-02-21 22:55:22,70,16.5,22,3
2026-02-21 22:25:17,12.800000000000001,1.8500000000000001,22,3
2026-02-21 23:52:24,12.800000000000001,2.1499999999999999,23,3
2026-02-21 23:27:12,5.0999999999999996,0.20000000000000001,23,3
2026-02-21 23:51:37,11.4,1.1100000000000001,23,3
2026-02-21 23:34:20,10.699999999999999,1.5600000000000001,23,3
2026-02-21 23:24:39,25.399999999999999,4.1299999999999999,23,3
2026-02-21 23:49:13,7.9000000000000004,1,23,3
2026-02-21 23:46:13,54.799999999999997,13.57,23,3
2026-02-21 23:09:13,15.6,2.1600000000000001,23,3
2026-02-22 00:42:05,5.0999999999999996,0.62,0,2
2026-02-22 00:25:44,7.2000000000000002,0.55000000000000004,0,2
2026-02-22 00:58:51,23.300000000000001,4.7800000000000002,0,2
2026-02-22 00:10:13,11.4,2.0299999999999998,0,2
2026-02-22 01:01:55,4.4000000000000004,0.38,1,3
2026-02-22 01:25:52,14.9,2.8799999999999999,1,3
2026-02-22 01:17:34,7.2000000000000002,0.94999999999999996,1,3
2026-02-22 01:35:48,30.300000000000001,6.2000000000000002,1,3
2026-02-22 02:56:22,8.5999999999999996,0.90000000000000002,2,3
2026-02-22 02:10:19,10.699999999999999,1,2,3
2026-02-22 02:44:57,7.2000000000000002,1.1200000000000001,2,3
2026-02-22 03:45:01,19.800000000000001,4.1900000000000004,3,3
2026-02-22 03:22:16,7.2000000000000002,1.03,3,3
2026-02-22 05:35:56,7.2000000000000002,0.90000000000000002,5,3
2026-02-22 06:54:44,45,12.08,6,3
2026-02-22 09:59:00,3.7000000000000002,0.33000000000000002,9,3
2026-02-22 09:39:38,17,3.3199999999999998,9,3
2026-02-22 10:21:44,7.9000000000000004,1.3999999999999999,10,3
2026-02-22 10:02:29,5.7999999999999998,0.58999999999999997,10,3
2026-02-22 10:41:12,13.5,1.8600000000000001,10,3
2026-02-22 10:54:34,8.5999999999999996,1.0600000000000001,10,3
2026-02-22 10:00:52,7.2000000000000002,0.82999999999999996,10,3
2026-02-22 11:37:48,5.7999999999999998,0.67000000000000004,11,3
2026-02-22 11:27:04,31.699999999999999,8.0099999999999998,11,3
2026-02-22 11:52:15,7.2000000000000002,0.62,11,3
2026-02-22 11:10:57,19.100000000000001,3.1299999999999999,11,3
2026-02-22 11:53:16,5.7999999999999998,0.67000000000000004,11,3
2026-02-22 12:33:55,14.199999999999999,1.4299999999999999,12,3
2026-02-22 13:59:02,5.7999999999999998,0.80000000000000004,13,3
2026-02-22 13:41:02,70,20.280000000000001,13,3
2026-02-22 14:14:11,12.800000000000001,1.8300000000000001,14,3
2026-02-22 14:33:28,21.199999999999999,2.5499999999999998,14,3
2026-02-22 14:26:04,14.9,2.4500000000000002,14,3
2026-02-22 14:04:20,6.5,0.59999999999999998,14,3
2026-02-22 14:30:37,6.5,0.65000000000000002,14,3
2026-02-22 14:33:05,5.7999999999999998,0.59999999999999998,14,3
2026-02-22 14:55:27,12.1,1.5600000000000001,14,3
2026-02-22 14:00:59,7.9000000000000004,0.71999999999999997,14,3
2026-02-22 15:49:44,7.9000000000000004,1.04,15,7
2026-02-22 15:52:42,10,1.3600000000000001,15,7
2026-02-22 15:30:37,6.5,0.84999999999999998,15,7
2026-02-22 15:00:34,5.7999999999999998,0.69999999999999996,15,7
2026-02-22 15:00:38,11.4,1.8600000000000001,15,7
2026-02-22 15:29:10,40.799999999999997,10.199999999999999,15,7
2026-02-22 16:32:38,10,1.5600000000000001,16,8
2026-02-22 17:11:04,6.5,0.69999999999999996,17,8
2026-02-22 17:14:53,8.5999999999999996,1.0700000000000001,17,8
2026-02-23 00:22:21,25.399999999999999,4.1699999999999999,0,16
2026-02-23 01:30:49,8.5999999999999996,1.4199999999999999,1,15
2026-02-23 16:03:42,10.699999999999999,1.25,16,15
2026-02-23 17:05:02,5.7999999999999998,0.77000000000000002,17,15
2026-02-23 18:48:14,8.5999999999999996,1.3999999999999999,18,16
2026-02-23 19:16:53,5.7999999999999998,0.76000000000000001,19,15
2026-02-23 20:16:09,6.5,0.73999999999999999,20,14
2026-02-23 21:45:18,12.800000000000001,2.1899999999999999,21,14
2026-02-23 22:13:00,8.5999999999999996,1.02,22,3
2026-02-24 05:47:04,10.699999999999999,2,5,3
2026-02-24 06:48:55,21.199999999999999,4.2400000000000002,6,3
2026-02-24 07:36:56,11.4,1.7,7,3
2026-02-24 07:22:42,16.300000000000001,2.5,7,3
2026-02-24 07:10:54,20.5,2.5,7,3
2026-02-24 07:06:36,8.5999999999999996,1.29,7,3
2026-02-24 08:41:04,11.4,1.1599999999999999,8,2
2026-02-24 08:19:15,19.5,1.8,8,2
2026-02-24 09:15:52,7.9000000000000004,0.80000000000000004,9,3
2026-02-24 09:29:59,7.9000000000000004,0.75,9,3
2026-02-24 09:12:38,10.699999999999999,0.79000000000000004,9,3
2026-02-24 10:59:34,11.4,1.8999999999999999,10,2
2026-02-24 10:05:15,10,1.1200000000000001,10,2
2026-02-24 11:11:14,21.199999999999999,3.2999999999999998,11,2
2026-02-24 11:16:48,10,1.1200000000000001,11,2
2026-02-24 11:59:48,17,2.2999999999999998,11,2
2026-02-24 12:00:32,5.0999999999999996,0.29999999999999999,12,2
2026-02-24 12:59:17,5.0999999999999996,0.27000000000000002,12,2
2026-02-24 12:20:59,10,0.96999999999999997,12,2
2026-02-24 12:50:07,19.100000000000001,2.2599999999999998,12,2
2026-02-24 13:32:39,19.800000000000001,2.2999999999999998,13,3
2026-02-24 13:56:17,7.9000000000000004,0.71999999999999997,13,3
2026-02-24 13:48:17,64.980000000000004,0.050000000000000003,13,3
2026-02-24 14:12:24,12.800000000000001,0.79000000000000004,14,2
2026-02-24 14:52:46,25.399999999999999,5.0899999999999999,14,2
2026-02-24 14:29:36,6.5,0.55000000000000004,14,2
2026-02-24 14:11:13,7.9000000000000004,0.52000000000000002,14,2
2026-02-24 14:03:09,14.199999999999999,1.1399999999999999,14,2
2026-02-24 14:19:12,12.800000000000001,2.3799999999999999,14,2
2026-02-24 15:05:49,10.699999999999999,1.54,15,1
2026-02-24 15:11:03,10,1.1699999999999999,15,1
2026-02-24 15:54:00,10,1.45,15,1
2026-02-24 15:05:52,34.5,9,15,1
2026-02-24 16:41:47,70,21.399999999999999,16,1
2026-02-24 17:43:46,10.699999999999999,1.24,17,1
2026-02-24 17:30:53,23.300000000000001,4.6100000000000003,17,1
2026-02-24 17:13:05,20.5,4.0599999999999996,17,1
2026-02-24 18:13:49,6.5,1,18,1
2026-02-24 18:34:22,11.4,1.5,18,1
2026-02-24 18:00:10,3,0.02,18,1
2026-02-24 18:06:33,7.2000000000000002,0.93000000000000005,18,1
2026-02-24 18:35:26,8.5999999999999996,1.01,18,1
2026-02-24 18:28:02,7.2000000000000002,1.04,18,1
2026-02-24 18:06:38,6.5,0.94999999999999996,18,1
2026-02-24 18:43:27,7.9000000000000004,0.81999999999999995,18,1
2026-02-24 19:32:43,11.4,1.1000000000000001,19,1
2026-02-24 19:08:45,5.7999999999999998,0.66000000000000003,19,1
2026-02-24 19:37:12,10,1.47,19,1
2026-02-24 19:06:35,12.1,1.6000000000000001,19,1
2026-02-24 19:24:25,9.3000000000000007,1.3,19,1
2026-02-24 19:31:08,9.3000000000000007,1.51,19,1
2026-02-24 19:56:02,14.9,2.2999999999999998,19,1
2026-02-24 19:42:25,5.0999999999999996,0.31,19,1
2026-02-24 20:40:02,11.4,1.8999999999999999,20,1
2026-02-24 20:06:37,12.1,1.99,20,1
2026-02-24 20:58:43,17,3.0899999999999999,20,1
2026-02-24 20:28:50,17,2.71,20,1
2026-02-24 21:00:43,5.7999999999999998,0.40999999999999998,21,1
2026-02-24 21:03:50,13.5,2.3799999999999999,21,1
2026-02-24 21:02:45,17,3.0499999999999998,21,1
2026-02-24 21:57:13,11.4,1.3999999999999999,21,1
2026-02-24 21:17:19,24.699999999999999,4.8499999999999996,21,1
2026-02-24 21:51:58,98.200000000000003,27.030000000000001,21,1
2026-02-24 21:16:51,6.5,0.82999999999999996,21,1
2026-02-24 21:32:38,7.9000000000000004,0.85999999999999999,21,1
2026-02-24 21:06:21,15.6,2.21,21,1
2026-02-24 21:04:29,16.300000000000001,2.1499999999999999,21,1
2026-02-24 22:34:58,45,10.73,22,1
2026-02-24 22:12:39,13.5,2.1400000000000001,22,1
2026-02-24 22:17:00,14.9,2.0499999999999998,22,1
2026-02-24 22:22:38,7.9000000000000004,0.87,22,1
2026-02-24 23:55:16,19.100000000000001,3.6600000000000001,23,1
2026-02-25 00:19:02,30.300000000000001,7.5800000000000001,0,1
2026-02-25 00:20:01,33.100000000000001,8.3599999999999994,0,1
2026-02-25 00:06:38,70,20.050000000000001,0,1
2026-02-25 01:45:40,70,17.489999999999998,1,2
2026-02-25 03:34:03,9.3000000000000007,1.3,3,3
2026-02-25 05:33:51,30.300000000000001,7.6900000000000004,5,3
2026-02-25 06:46:13,31.5,9.4000000000000004,6,3
2026-02-25 07:02:56,7.2000000000000002,1,7,3
2026-02-25 07:58:33,19.800000000000001,2.1899999999999999,7,3
2026-02-25 07:21:56,10.699999999999999,1.76,7,3
2026-02-25 07:38:00,10.699999999999999,1.3100000000000001,7,3
2026-02-25 08:06:32,70,17.600000000000001,8,3
2026-02-25 08:32:46,13.5,1.6899999999999999,8,3
2026-02-25 08:09:46,6.5,0.82999999999999996,8,3
2026-02-25 08:48:33,27.5,2.5800000000000001,8,3
2026-02-25 08:13:45,17.699999999999999,2.4399999999999999,8,3
2026-02-25 08:47:45,14.199999999999999,1.3400000000000001,8,3
2026-02-25 08:32:11,5.7999999999999998,0.35999999999999999,8,3
2026-02-25 08:13:36,15.6,1.4099999999999999,8,3
2026-02-25 08:11:35,14.199999999999999,1.73,8,3
2026-02-25 08:56:30,7.9000000000000004,0.5,8,3
2026-02-25 09:46:44,19.800000000000001,2.0299999999999998,9,3
2026-02-25 09:15:49,10,1.2,9,3
2026-02-25 09:46:57,7.9000000000000004,0.77000000000000002,9,3
2026-02-25 09:31:56,12.800000000000001,1.97,9,3
2026-02-25 09:36:00,17.699999999999999,1.9099999999999999,9,3
2026-02-25 10:06:28,10,0.98999999999999999,10,3
2026-02-25 11:53:37,7.9000000000000004,0.95999999999999996,11,15
2026-02-25 11:16:32,30.5,7.7000000000000002,11,15
2026-02-25 11:05:04,62.25,0.050000000000000003,11,15
2026-02-25 11:43:25,17.699999999999999,1.5,11,15
2026-02-25 12:58:14,13.5,0.64000000000000001,12,15
2026-02-25 12:26:36,30.300000000000001,3.7999999999999998,12,15
2026-02-25 12:35:01,27.5,4.4100000000000001,12,15
2026-02-25 12:05:43,7.2000000000000002,0.52000000000000002,12,15
2026-02-25 12:06:48,21.199999999999999,2.1400000000000001,12,15
2026-02-25 12:10:45,13.5,1.0700000000000001,12,15
2026-02-25 12:46:47,34.5,8.0399999999999991,12,15
2026-02-25 13:47:48,68.799999999999997,16.98,13,15
2026-02-25 13:05:00,44.299999999999997,11.5,13,15
2026-02-25 13:27:46,14.199999999999999,1.27,13,15
2026-02-25 13:06:11,18.399999999999999,1.2,13,15
2026-02-25 13:14:51,10.699999999999999,1.23,13,15
2026-02-25 14:48:13,19.100000000000001,1.5600000000000001,14,14
2026-02-25 14:05:16,12.1,1.21,14,14
2026-02-25 14:33:19,10.699999999999999,1.4199999999999999,14,14
2026-02-25 14:32:15,8.5999999999999996,0.38,14,14
2026-02-25 15:36:29,5.7999999999999998,0.70999999999999996,15,3
2026-02-25 15:39:17,5.7999999999999998,0.27000000000000002,15,3
2026-02-25 15:11:11,23.300000000000001,2.6699999999999999,15,3
2026-02-25 15:47:30,73,14.98,15,3
2026-02-25 15:30:24,12.1,1.1499999999999999,15,3
2026-02-25 16:32:31,17,2.1800000000000002,16,3
2026-02-25 16:23:56,13.5,1.3500000000000001,16,3
2026-02-25 16:33:32,10.699999999999999,1.48,16,3
2026-02-25 16:17:40,17.699999999999999,2.4100000000000001,16,3
2026-02-25 16:01:37,9.3000000000000007,0.67000000000000004,16,3
2026-02-25 16:59:17,7.9000000000000004,1.1000000000000001,16,3
2026-02-25 17:22:35,9.3000000000000007,1.1899999999999999,17,3
2026-02-25 17:44:21,13.5,2.5,17,3
2026-02-25 17:48:23,12.1,1.4399999999999999,17,3
2026-02-25 18:48:42,8.5999999999999996,1.29,18,3
2026-02-25 18:31:17,18.399999999999999,2.5600000000000001,18,3
2026-02-25 18:39:51,21.899999999999999,2.5099999999999998,18,3
2026-02-25 18:08:39,6.5,0.75,18,3
2026-02-25 18:13:32,13.5,1.48,18,3
2026-02-25 18:57:48,40.100000000000001,7.1900000000000004,18,3
2026-02-25 18:58:28,21.199999999999999,3.29,18,3
2026-02-25 19:28:12,12.1,2.3300000000000001,19,2
2026-02-25 19:10:12,17,3.2999999999999998,19,2
2026-02-25 19:36:57,9.3000000000000007,1.24,19,2
2026-02-25 19:05:52,7.2000000000000002,1.2,19,2
2026-02-25 19:54:27,19.100000000000001,2.1099999999999999,19,2
2026-02-25 19:11:24,9.3000000000000007,1.1000000000000001,19,2
2026-02-25 20:40:58,10,1.6299999999999999,20,1
2026-02-25 20:21:02,7.2000000000000002,1.1000000000000001,20,1
2026-02-25 20:45:42,13.5,1.3400000000000001,20,1
2026-02-25 21:10:32,34.5,7.6600000000000001,21,1
2026-02-25 21:14:07,36.600000000000001,9.3399999999999999,21,1
2026-02-25 22:23:01,10.699999999999999,0.85999999999999999,22,1
2026-02-25 22:12:53,29.600000000000001,5.0099999999999998,22,1
2026-02-25 22:59:34,14.199999999999999,2.04,22,1
2026-02-25 22:18:10,10,1.1000000000000001,22,1
2026-02-25 22:03:14,9.3000000000000007,1.4199999999999999,22,1
2026-02-25 22:04:02,20.5,3.3900000000000001,22,1
2026-02-25 22:57:33,70,15.98,22,1
2026-02-25 22:12:47,12.1,1.5900000000000001,22,1
2026-02-26 02:20:09,11.4,2.2200000000000002,2,1
2026-02-26 02:08:23,70,16.27,2,1
2026-02-26 03:55:55,15.6,3.1200000000000001,3,1
2026-02-26 06:02:12,56.5,17.300000000000001,6,1
2026-02-26 07:58:05,14.199999999999999,1.6599999999999999,7,1
2026-02-26 08:57:04,13.5,1.6299999999999999,8,1
2026-02-26 08:55:10,32.399999999999999,7.1600000000000001,8,1
2026-02-26 08:42:01,5.7999999999999998,0.5,8,1
2026-02-26 08:56:54,19.800000000000001,2.7000000000000002,8,1
2026-02-26 09:29:44,10,1,9,1
2026-02-26 09:57:53,18.399999999999999,2.2000000000000002,9,1
2026-02-26 10:39:29,7.9000000000000004,0.69999999999999996,10,3
2026-02-26 10:00:07,10,0.90000000000000002,10,3
2026-02-26 11:51:25,9.3000000000000007,0.77000000000000002,11,1
2026-02-26 11:11:40,5.0999999999999996,0.29999999999999999,11,1
2026-02-26 11:33:21,8.5999999999999996,0.76000000000000001,11,1
2026-02-26 11:57:25,9.3000000000000007,0.80000000000000004,11,1
2026-02-26 11:03:38,9.3000000000000007,0.5,11,1
2026-02-26 11:26:59,24.699999999999999,2.21,11,1
2026-02-26 11:31:04,27.5,4.04,11,1
2026-02-26 11:08:56,4.4000000000000004,0.38,11,1
2026-02-26 11:51:09,8.5999999999999996,0.90000000000000002,11,1
2026-02-26 11:03:06,9.3000000000000007,0.65000000000000002,11,1
2026-02-26 12:54:46,7.9000000000000004,0.82999999999999996,12,3
2026-02-26 12:05:13,17.699999999999999,1.6000000000000001,12,3
2026-02-26 12:47:11,19.5,2.6000000000000001,12,3
2026-02-26 13:17:04,15.6,1.3100000000000001,13,3
2026-02-26 13:31:49,13.5,0.87,13,3
2026-02-26 13:00:11,3,0.13,13,3
2026-02-26 13:48:33,10,1.02,13,3
2026-02-26 14:02:05,17,2.2999999999999998,14,3
2026-02-26 14:38:30,8.5999999999999996,1.1000000000000001,14,3
2026-02-26 14:46:14,70,17.609999999999999,14,3
2026-02-26 15:44:44,70,16.359999999999999,15,3
2026-02-26 15:45:29,13.5,1.5,15,3
2026-02-26 16:28:14,37.299999999999997,3.6400000000000001,16,3
2026-02-26 16:47:12,5.7999999999999998,0.68000000000000005,16,3
2026-02-26 17:36:44,40.799999999999997,7.2999999999999998,17,3
2026-02-26 17:51:40,25.399999999999999,1.77,17,3
2026-02-26 17:08:20,5.7999999999999998,0.64000000000000001,17,3
2026-02-26 17:02:23,21.899999999999999,1.71,17,3
2026-02-26 17:09:18,4.4000000000000004,0.5,17,3
2026-02-26 17:30:44,9.3000000000000007,1.1899999999999999,17,3
2026-02-26 17:04:50,12.1,1.8799999999999999,17,3
2026-02-26 17:18:04,5.7999999999999998,0.44,17,3
2026-02-26 17:30:25,6.5,0.65000000000000002,17,3
2026-02-26 17:52:38,10.699999999999999,1.1100000000000001,17,3
2026-02-26 18:35:49,38,7.9699999999999998,18,3
2026-02-26 18:00:17,70,17.75,18,3
2026-02-26 19:22:48,16.300000000000001,2.6200000000000001,19,3
2026-02-26 19:49:49,8.5999999999999996,0.71999999999999997,19,3
2026-02-26 19:01:50,14.199999999999999,0.85999999999999999,19,3
2026-02-26 19:04:26,14.199999999999999,1.3799999999999999,19,3
2026-02-26 19:48:43,15.6,2.7599999999999998,19,3
2026-02-26 20:28:50,59,15.699999999999999,20,3
2026-02-26 20:53:11,5.0999999999999996,0.42999999999999999,20,3
2026-02-26 20:20:15,33.100000000000001,7.79,20,3
2026-02-26 20:50:21,12.1,1.6200000000000001,20,3
2026-02-26 20:21:41,5.0999999999999996,0.66000000000000003,20,3
2026-02-26 20:10:28,17,2.71,20,3
2026-02-26 20:02:10,7.2000000000000002,1.0600000000000001,20,3
2026-02-26 20:45:23,17,2.8900000000000001,20,3
2026-02-26 20:42:56,15.6,2.4199999999999999,20,3
2026-02-26 21:51:36,18.399999999999999,3.2999999999999998,21,3
2026-02-26 21:58:36,45.700000000000003,11.119999999999999,21,3
2026-02-26 21:25:36,33.799999999999997,6.9500000000000002,21,3
2026-02-26 21:36:55,49.899999999999999,11.17,21,3
2026-02-26 22:52:27,7.9000000000000004,0.96999999999999997,22,3
2026-02-26 22:52:46,22.600000000000001,3.6400000000000001,22,3
2026-02-26 22:51:56,10.699999999999999,1.6899999999999999,22,3
2026-02-26 23:29:18,40.100000000000001,8,23,3
2026-02-27 00:34:48,7.9000000000000004,1.1499999999999999,0,3
2026-02-27 00:36:22,8.5999999999999996,1.4399999999999999,0,3
2026-02-27 01:10:54,17.699999999999999,3.6200000000000001,1,3
2026-02-27 01:08:29,8.5999999999999996,1.05,1,3
2026-02-27 06:57:10,12.1,1.5800000000000001,6,1
2026-02-27 07:21:03,19.800000000000001,3.6499999999999999,7,1
2026-02-27 07:39:13,103.8,19.84,7,1
2026-02-27 08:41:42,5.7999999999999998,0.66000000000000003,8,1
2026-02-27 08:49:43,7.2000000000000002,0.56000000000000005,8,1
2026-02-27 08:08:17,13.5,2.4900000000000002,8,1
2026-02-27 09:01:34,42.899999999999999,8.75,9,1
2026-02-27 09:12:30,8.5999999999999996,0.89000000000000001,9,1
2026-02-27 09:19:59,5.0999999999999996,0.73999999999999999,9,1
2026-02-27 09:18:35,70,20.760000000000002,9,1
2026-02-27 10:33:08,10,1.3999999999999999,10,1
2026-02-27 10:06:26,8.5999999999999996,0.90000000000000002,10,1
2026-02-27 10:01:00,31,4.5899999999999999,10,1
2026-02-27 10:04:06,16.5,0.5,10,1
2026-02-27 10:50:57,9.3000000000000007,0.80000000000000004,10,1
2026-02-27 10:04:37,24,4.6900000000000004,10,1
2026-02-27 10:42:30,19.800000000000001,1.47,10,1
2026-02-27 11:51:50,22.600000000000001,3.0099999999999998,11,2
2026-02-27 11:04:56,17,3.7999999999999998,11,2
2026-02-27 11:39:16,19.800000000000001,3.23,11,2
2026-02-27 11:59:41,14.199999999999999,1.28,11,2
2026-02-27 11:00:36,11.4,1.5800000000000001,11,2
2026-02-27 11:17:47,22.600000000000001,5.4000000000000004,11,2
2026-02-27 12:16:06,9.3000000000000007,1,12,2
2026-02-27 12:16:18,31,7.5999999999999996,12,2
2026-02-27 12:39:13,18.399999999999999,2.5499999999999998,12,2
2026-02-27 12:25:24,8.5999999999999996,0.56999999999999995,12,2
2026-02-27 12:50:21,70,18.329999999999998,12,2
2026-02-27 12:21:28,14.9,1.3100000000000001,12,2
2026-02-27 13:24:28,11.4,1.8899999999999999,13,1
2026-02-27 13:01:01,13.5,1.03,13,1
2026-02-27 13:45:05,7.2000000000000002,0.80000000000000004,13,1
2026-02-27 13:37:34,26.5,6.4000000000000004,13,1
2026-02-27 13:23:58,35.899999999999999,9.0899999999999999,13,1
2026-02-27 13:13:46,24.699999999999999,2.3799999999999999,13,1
2026-02-27 14:22:05,25.399999999999999,3.1600000000000001,14,1
2026-02-27 14:55:33,59.700000000000003,13.35,14,1
2026-02-27 14:27:01,49.200000000000003,10.800000000000001,14,1
2026-02-27 14:44:06,8.5999999999999996,0.76000000000000001,14,1
2026-02-27 14:46:47,6.5,0.5,14,1
2026-02-27 15:46:55,5.7999999999999998,0.46000000000000002,15,1
2026-02-27 15:04:06,8.5999999999999996,0.80000000000000004,15,1
2026-02-27 15:56:43,5.0999999999999996,0.55000000000000004,15,1
2026-02-27 15:21:14,47.100000000000001,9.6699999999999999,15,1
2026-02-27 15:55:42,11.4,1.3799999999999999,15,1
2026-02-27 16:14:29,14.199999999999999,1.6200000000000001,16,1
2026-02-27 16:07:57,6.5,0.64000000000000001,16,1
2026-02-27 16:27:31,34.5,4.6900000000000004,16,1
2026-02-27 16:54:35,10,1.48,16,1
2026-02-27 16:14:30,6.5,0.67000000000000004,16,1
2026-02-27 17:54:21,26.100000000000001,3.4300000000000002,17,1
2026-02-27 17:54:20,14.199999999999999,1.76,17,1
2026-02-27 17:10:53,11.4,1.51,17,1
2026-02-27 17:49:28,14.199999999999999,1.3200000000000001,17,1
2026-02-27 17:48:57,45,0.02,17,1
2026-02-27 17:44:03,52.700000000000003,9.9700000000000006,17,1
2026-02-27 17:34:12,7.2000000000000002,0.97999999999999998,17,1
2026-02-27 18:50:29,7.9000000000000004,0.97999999999999998,18,1
2026-02-27 18:01:46,17,2.1800000000000002,18,1
2026-02-27 18:16:49,12.1,1.99,18,1
2026-02-27 18:40:20,14.199999999999999,2.1699999999999999,18,1
2026-02-27 18:36:37,7.9000000000000004,0.68000000000000005,18,1
2026-02-27 18:39:30,10,1.1899999999999999,18,1
2026-02-27 18:30:29,10.699999999999999,1.1599999999999999,18,1
2026-02-27 18:36:02,6.5,0.69999999999999996,18,1
2026-02-27 18:48:07,11.4,0.5,18,1
2026-02-27 18:18:54,26.5,4.2000000000000002,18,1
2026-02-27 19:09:40,70,18.010000000000002,19,1
2026-02-27 19:25:26,8.5999999999999996,1.0600000000000001,19,1
2026-02-27 19:12:32,35.899999999999999,7.4000000000000004,19,1
2026-02-27 19:01:45,12.1,1.49,19,1
2026-02-27 19:46:20,10,1.1599999999999999,19,1
2026-02-27 19:15:26,10,1.3100000000000001,19,1
2026-02-27 19:11:31,20.5,3.3199999999999998,19,1
2026-02-27 19:45:01,46.5,14.199999999999999,19,1
2026-02-27 20:29:21,17.699999999999999,2.8599999999999999,20,1
2026-02-27 20:49:08,24.699999999999999,3.8100000000000001,20,1
2026-02-27 20:59:37,5.7999999999999998,0.53000000000000003,20,1
2026-02-27 20:23:22,6.5,0.56999999999999995,20,1
2026-02-27 20:33:53,10.699999999999999,1.3700000000000001,20,1
2026-02-27 21:38:29,41.5,10.720000000000001,21,1
2026-02-27 21:00:10,6.5,0.40000000000000002,21,1
2026-02-27 21:42:41,10,1.53,21,1
2026-02-27 21:50:02,22.600000000000001,4.2800000000000002,21,1
2026-02-27 21:01:12,17.699999999999999,3.2000000000000002,21,1
2026-02-27 21:27:15,10,1.9299999999999999,21,1
2026-02-27 22:00:15,12.800000000000001,1.7,22,1
2026-02-27 22:02:22,12.800000000000001,1.5700000000000001,22,1
2026-02-27 22:48:33,14.199999999999999,1.23,22,1
2026-02-27 22:14:29,31.699999999999999,5.8899999999999997,22,1
2026-02-27 23:05:02,5.7999999999999998,0.53000000000000003,23,1
2026-02-27 23:19:09,17,2.3199999999999998,23,1
2026-02-27 23:19:22,11.4,1.3,23,1
2026-02-27 23:50:42,12.1,1.6899999999999999,23,1
2026-02-28 00:00:17,18.399999999999999,2.8900000000000001,0,1
2026-02-28 00:04:13,8.5999999999999996,0.72999999999999998,0,1
2026-02-28 00:03:59,7.9000000000000004,1.3500000000000001,0,1
2026-02-27 23:57:42,20.5,3.5800000000000001,23,1
2026-02-28 00:29:42,9.3000000000000007,1.3999999999999999,0,1
2026-02-28 00:00:49,8.5999999999999996,1.1499999999999999,0,1
2026-02-28 01:57:30,10.699999999999999,1.8100000000000001,1,1
2026-02-28 01:21:37,19.800000000000001,3.0499999999999998,1,1
2026-02-28 01:15:42,17.699999999999999,3.5,1,1
2026-02-28 01:07:12,14.9,1.8999999999999999,1,1
2026-02-28 02:38:27,7.2000000000000002,1.2,2,1
2026-02-28 02:37:25,10.699999999999999,1.8999999999999999,2,1
2026-02-28 02:32:42,18.399999999999999,3.21,2,1
2026-02-28 03:57:05,8.5999999999999996,1.1000000000000001,3,1
2026-02-28 03:06:49,38.700000000000003,8.2400000000000002,3,1
2026-02-28 07:01:22,7.9000000000000004,1.0600000000000001,7,5
2026-02-28 07:35:33,7.2000000000000002,0.76000000000000001,7,5
2026-02-28 07:40:28,20.5,2.3999999999999999,7,5
2026-02-28 08:26:08,7.2000000000000002,0.96999999999999997,8,5
2026-02-28 09:52:39,9.3000000000000007,1.6499999999999999,9,5
2026-02-28 09:34:26,14.9,2,9,5
2026-02-28 09:31:19,42.5,11.699999999999999,9,5
2026-02-28 09:48:43,14.199999999999999,1.8200000000000001,9,5
2026-02-28 10:55:24,28.899999999999999,6.2000000000000002,10,5
2026-02-28 10:41:34,9.3000000000000007,1.2,10,5
2026-02-28 10:19:03,70,18.27,10,5
2026-02-28 11:47:31,10.699999999999999,1.3,11,5
2026-02-28 11:49:33,8.5999999999999996,1.05,11,5
2026-02-28 11:45:02,28.199999999999999,3.9300000000000002,11,5
2026-02-28 11:01:22,13.5,1.3,11,5
2026-02-28 11:40:32,10,2.0699999999999998,11,5
2026-02-28 12:50:06,15.6,1.8,12,5
2026-02-28 12:34:22,8.5999999999999996,1.22,12,5
2026-02-28 13:32:50,5.7999999999999998,0.81999999999999995,13,5
2026-02-28 13:53:38,7.9000000000000004,0.72999999999999998,13,5
2026-02-28 13:24:30,10,1,13,5
2026-02-28 13:38:18,35.899999999999999,6.9000000000000004,13,5
2026-02-28 14:52:51,14.199999999999999,2.6800000000000002,14,5
2026-02-28 14:55:14,12.800000000000001,1.7,14,5
2026-02-28 14:26:20,18.399999999999999,2.6200000000000001,14,5
2026-02-28 14:26:05,7.2000000000000002,0.68000000000000005,14,5
2026-02-28 14:06:33,70,18.140000000000001,14,5
2026-02-28 15:04:39,10,1.0900000000000001,15,5
2026-02-28 15:08:26,7.9000000000000004,1.0600000000000001,15,5
2026-02-28 15:48:22,13.5,1.6000000000000001,15,5
2026-02-28 15:41:13,5.7999999999999998,0.72999999999999998,15,5
2026-02-28 15:02:54,4.4000000000000004,0.32000000000000001,15,5
2026-02-28 15:59:39,19.800000000000001,2.04,15,5
2026-02-28 15:13:21,22.600000000000001,3.2400000000000002,15,5
2026-02-28 15:03:22,26.100000000000001,4.8600000000000003,15,5
2026-02-28 16:04:15,12.800000000000001,1.4099999999999999,16,5
2026-02-28 16:10:27,19.100000000000001,2.7999999999999998,16,5
2026-02-28 16:35:13,14.199999999999999,0.85999999999999999,16,5
2026-02-28 16:13:09,11.4,1.5,16,5
2026-02-28 17:04:24,12.800000000000001,2,17,5
2026-02-28 17:42:43,7.2000000000000002,0.68999999999999995,17,5
2026-02-28 17:52:33,14.199999999999999,2.04,17,5
2026-02-28 17:48:15,7.9000000000000004,1.3,17,5
2026-02-28 17:57:45,16.300000000000001,1.79,17,5
2026-02-28 17:20:59,21.899999999999999,2.1299999999999999,17,5
2026-02-28 17:17:39,9.3000000000000007,1.05,17,5
2026-02-28 17:44:39,9.3000000000000007,1.0900000000000001,17,5
2026-02-28 17:07:49,10.699999999999999,1.54,17,5
2026-02-28 17:42:21,10,1.1000000000000001,17,5
2026-02-28 17:11:08,17,1.3899999999999999,17,5
2026-02-28 17:35:38,49.5,17,17,5
2026-02-28 18:31:43,20.5,4.6299999999999999,18,3
2026-02-28 18:49:25,9.3000000000000007,0.80000000000000004,18,3
2026-02-28 18:50:41,6.5,0.57999999999999996,18,3
2026-02-28 18:17:36,23.300000000000001,2.3999999999999999,18,3
2026-02-28 19:38:06,7.2000000000000002,0.72999999999999998,19,3
2026-02-28 19:29:05,13.5,1.74,19,3
2026-02-28 19:30:15,39.399999999999999,7.79,19,3
2026-02-28 19:41:13,8.5999999999999996,1.1799999999999999,19,3
2026-02-28 19:24:35,8.5999999999999996,1.0600000000000001,19,3
2026-02-28 19:24:06,70,7.1799999999999997,19,3
2026-02-28 20:00:26,7.9000000000000004,0.71999999999999997,20,2
2026-02-28 21:11:31,10,1.3700000000000001,21,2
2026-02-28 21:30:04,15.6,1.8700000000000001,21,2
2026-02-28 21:13:46,22.600000000000001,2.3599999999999999,21,2
2026-02-28 21:37:17,6.5,0.70999999999999996,21,2
2026-02-28 21:54:11,17,1.9099999999999999,21,2
2026-02-28 22:21:46,5.0999999999999996,0.33000000000000002,22,1
2026-02-28 22:16:54,8.5999999999999996,0.89000000000000001,22,1
2026-02-28 22:44:09,70,19.109999999999999,22,1
2026-02-28 22:15:04,39.399999999999999,7.8099999999999996,22,1
2026-02-28 23:18:25,21.899999999999999,2.2999999999999998,23,2
2026-02-28 22:56:31,10.699999999999999,1.49,22,1
2026-02-28 23:47:10,14.199999999999999,2.5600000000000001,23,2
2026-02-28 23:52:45,28.899999999999999,6.1500000000000004,23,2
2026-02-28 23:59:32,12.1,1.21,23,2
2026-02-28 23:30:39,16.300000000000001,2.77,23,2
2026-02-28 23:09:45,12.800000000000001,2.0800000000000001,23,2
2026-02-28 23:21:51,14.199999999999999,2.1699999999999999,23,2
2026-02-01 00:42:19,20.190000000000001,0.95999999999999996,0,3
2026-02-01 00:22:35,50.469999999999999,5.3899999999999997,0,3
2026-02-01 00:42:18,45.210000000000001,5.5300000000000002,0,3
2026-02-01 00:15:57,49.189999999999998,4.5499999999999998,0,3
2026-02-01 00:41:12,30.879999999999999,0.56999999999999995,0,3
2026-02-01 02:27:50,18.199999999999999,4.6600000000000001,2,3
2026-02-01 02:45:27,13.1,0.81000000000000005,2,3
2026-02-01 03:20:08,21.48,3.7000000000000002,3,3
2026-02-01 03:58:11,16.18,1.21,3,3
2026-02-01 03:39:55,11.59,2.5,3,3
2026-02-01 03:50:13,66.109999999999999,10.050000000000001,3,3
2026-02-01 04:11:19,13.51,1.7,4,3
2026-02-01 06:18:43,18.82,2.71,6,3
2026-02-01 07:41:16,23,4.0800000000000001,7,3
2026-02-01 09:07:11,44.57,10.75,9,3
2026-02-01 09:56:08,17.199999999999999,2.7999999999999998,9,3
2026-02-01 10:15:41,23.190000000000001,4.8200000000000003,10,3
2026-02-01 10:19:18,8.1899999999999995,0.93999999999999995,10,3
2026-02-01 13:16:37,16.140000000000001,1.46,13,3
2026-02-01 13:08:51,17.199999999999999,1.5,13,3
2026-02-01 14:14:40,40.979999999999997,5.2800000000000002,14,3
2026-02-01 14:01:11,16,2.7200000000000002,14,3
2026-02-01 16:01:07,13.779999999999999,1.6499999999999999,16,3
2026-02-01 16:30:42,14.19,1.2,16,3
2026-02-01 16:32:00,19.98,1.75,16,3
2026-02-01 16:45:56,24.190000000000001,2.23,16,3
2026-02-01 17:15:29,10.17,0.58999999999999997,17,3
2026-02-01 17:16:50,22.18,2.5699999999999998,17,3
2026-02-01 18:45:48,19.199999999999999,2.0099999999999998,18,3
2026-02-01 18:15:34,11.210000000000001,0.93000000000000005,18,3
2026-02-01 18:29:18,10.210000000000001,1.3700000000000001,18,3
2026-02-01 18:57:21,24.93,3.7000000000000002,18,3
2026-02-01 18:05:33,15.210000000000001,2.1099999999999999,18,3
2026-02-01 20:47:27,20.449999999999999,5.9900000000000002,20,3
2026-02-01 20:12:16,31.199999999999999,9,20,3
2026-02-01 21:06:49,22.190000000000001,2.9399999999999999,21,3
2026-02-01 21:42:03,15.949999999999999,2.7599999999999998,21,3
2026-02-01 22:37:28,15.199999999999999,2.0699999999999998,22,3
2026-02-01 22:23:00,12.18,0.92000000000000004,22,3
2026-02-01 23:22:56,54.490000000000002,15.289999999999999,23,3
2026-02-02 05:06:33,28.93,4.1799999999999997,5,3
2026-02-02 05:48:59,30.09,6.9299999999999997,5,3
2026-02-02 06:49:44,43.399999999999999,7.7199999999999998,6,3
2026-02-02 07:25:29,15.02,1.45,7,3
2026-02-02 07:48:49,62.240000000000002,2.52,7,3
2026-02-02 07:47:33,49.390000000000001,2.8599999999999999,7,3
2026-02-02 08:23:09,55.210000000000001,3,8,3
2026-02-02 10:47:02,39.880000000000003,5.4000000000000004,10,1
2026-02-02 10:09:30,19.940000000000001,6.2000000000000002,10,1
2026-02-02 10:22:28,34.189999999999998,7.4299999999999997,10,1
2026-02-02 12:52:51,15.789999999999999,2.1600000000000001,12,1
2026-02-02 12:36:34,39.75,4.1600000000000001,12,1
2026-02-02 13:26:57,27.190000000000001,1.51,13,1
2026-02-02 15:19:32,24.940000000000001,1.6399999999999999,15,1
2026-02-02 16:39:19,14.529999999999999,1.3999999999999999,16,1
2026-02-02 17:20:29,9.0299999999999994,0.01,17,1
2026-02-02 18:18:19,13.58,0.01,18,1
2026-02-02 18:22:40,26.210000000000001,2.1800000000000002,18,1
2026-02-02 18:17:45,18.190000000000001,0.01,18,1
2026-02-02 18:18:00,18.539999999999999,0.01,18,1
2026-02-02 19:58:27,20.940000000000001,5.3099999999999996,19,1
2026-02-02 21:08:00,11.19,1.5800000000000001,21,1
2026-02-02 21:11:34,19.460000000000001,1.7,21,1
2026-02-02 21:03:14,25.199999999999999,3.1099999999999999,21,1
2026-02-02 22:42:19,19.07,1.77,22,1
2026-02-02 23:23:18,25.190000000000001,3.3799999999999999,23,1
2026-02-02 23:54:14,27.859999999999999,9.6300000000000008,23,1
2026-02-03 00:00:35,9.4499999999999993,0.63,0,1
2026-02-03 00:29:37,15.08,1.8600000000000001,0,1
2026-02-03 01:01:25,22.859999999999999,7.2699999999999996,1,1
2026-02-03 03:07:20,10.19,1.4399999999999999,3,1
2026-02-03 03:01:58,31.190000000000001,10.85,3,1
2026-02-03 04:40:42,14.800000000000001,2.3199999999999998,4,1
2026-02-03 07:21:38,11.01,1.3999999999999999,7,1
2026-02-03 07:39:35,32.109999999999999,1.52,7,1
2026-02-03 08:47:45,80.189999999999998,2.7999999999999998,8,1
2026-02-03 09:22:20,38.619999999999997,4.0999999999999996,9,1
2026-02-03 09:00:32,60.530000000000001,11.9,9,1
2026-02-03 10:26:31,14.94,1.49,10,1
2026-02-03 12:00:28,21.199999999999999,1,12,1
2026-02-03 13:31:15,18.93,1.79,13,1
2026-02-03 13:43:03,31.190000000000001,5.0300000000000002,13,1
2026-02-03 15:38:52,32.200000000000003,1.74,15,1
2026-02-03 15:22:12,31.190000000000001,4.0099999999999998,15,1
2026-02-03 15:58:30,25.870000000000001,0.080000000000000002,15,1
2026-02-03 15:36:59,31.199999999999999,5.0899999999999999,15,1
2026-02-03 16:36:38,32.149999999999999,0.02,16,1
2026-02-03 18:59:52,22.09,4.5999999999999996,18,1
2026-02-03 18:32:45,31.670000000000002,0.02,18,1
2026-02-03 18:27:50,55.689999999999998,13.640000000000001,18,1
2026-02-03 19:02:57,17.09,0.01,19,1
2026-02-03 19:44:26,15.34,2,19,1
2026-02-03 19:56:08,11.380000000000001,0.85999999999999999,19,1
2026-02-03 19:37:04,16.789999999999999,2.1899999999999999,19,1
2026-02-03 20:19:20,11.890000000000001,1.4099999999999999,20,1
2026-02-03 20:33:26,14.199999999999999,2.9100000000000001,20,1
2026-02-03 20:21:04,8.1899999999999995,0.63,20,1
2026-02-03 20:33:00,38.520000000000003,7.9699999999999998,20,1
2026-02-03 22:42:10,12.77,1.96,22,3
2026-02-03 22:51:03,9.2400000000000002,0.57999999999999996,22,3
2026-02-03 23:28:10,13.029999999999999,1.9299999999999999,23,3
2026-02-04 06:58:00,19.280000000000001,1,6,3
2026-02-04 07:36:59,33.170000000000002,8.0999999999999996,7,3
2026-02-04 07:59:48,50.460000000000001,6.1399999999999997,7,3
2026-02-04 08:21:36,22.120000000000001,4.1600000000000001,8,3
2026-02-04 08:22:55,49.740000000000002,6.4500000000000002,8,3
2026-02-04 08:22:59,52.939999999999998,8.5999999999999996,8,3
2026-02-04 08:42:01,20.16,0.029999999999999999,8,3
2026-02-04 11:35:58,65.25,17.399999999999999,11,3
2026-02-04 12:52:24,21.23,0.85999999999999999,12,3
2026-02-04 13:02:17,23.129999999999999,2.8700000000000001,13,3
2026-02-04 14:17:16,45.960000000000001,7.3099999999999996,14,1
2026-02-04 14:52:30,42.020000000000003,3.29,14,1
2026-02-04 15:57:33,28.789999999999999,2.79,15,1
2026-02-04 17:06:40,31.07,2.1499999999999999,17,1
2026-02-04 17:45:05,42.200000000000003,5.9500000000000002,17,1
2026-02-04 18:42:36,20.210000000000001,0.01,18,1
2026-02-04 20:33:33,25.18,2.4900000000000002,20,1
2026-02-04 22:20:57,28.420000000000002,7.75,22,1
2026-02-04 22:40:36,24.039999999999999,3.7000000000000002,22,1
2026-02-04 22:58:54,18.210000000000001,2.77,22,1
2026-02-04 22:16:03,12.210000000000001,0.92000000000000004,22,1
2026-02-04 23:07:33,70.939999999999998,14.539999999999999,23,2
2026-02-05 00:47:48,27.899999999999999,8.0800000000000001,0,3
2026-02-05 00:34:58,8.3000000000000007,0.82999999999999996,0,3
2026-02-05 01:55:52,21.98,6.8099999999999996,1,3
2026-02-05 01:00:20,43.979999999999997,13.59,1,3
2026-02-05 05:24:02,10.35,1.7,5,3
2026-02-05 07:58:20,62.18,7.4699999999999998,7,2
2026-02-05 07:40:28,25.809999999999999,2.0499999999999998,7,2
2026-02-05 07:19:17,11.33,1.3999999999999999,7,2
2026-02-05 09:10:12,48.960000000000001,3.54,9,1
2026-02-05 09:39:29,33.979999999999997,6.9299999999999997,9,1
2026-02-05 10:01:06,22.899999999999999,2.2599999999999998,10,1
2026-02-05 11:11:36,32.219999999999999,4.0199999999999996,11,1
2026-02-05 12:39:34,33.770000000000003,2.5499999999999998,12,1
2026-02-05 12:41:11,14.119999999999999,2,12,1
2026-02-05 13:20:45,21.199999999999999,2,13,1
2026-02-05 13:13:03,47.039999999999999,2.5299999999999998,13,1
2026-02-05 14:17:33,16.989999999999998,0.95999999999999996,14,1
2026-02-05 15:56:11,36.130000000000003,2.02,15,1
2026-02-05 15:56:06,35.030000000000001,0.23999999999999999,15,1
2026-02-05 18:40:42,17.43,1.05,18,1
2026-02-05 18:33:01,28.199999999999999,0.01,18,1
2026-02-05 19:55:20,37.920000000000002,2.4100000000000001,19,1
2026-02-05 21:05:54,19.210000000000001,2.6699999999999999,21,1
2026-02-05 21:45:28,9.1899999999999995,0.67000000000000004,21,1
2026-02-05 21:22:41,14.9,2.7000000000000002,21,1
2026-02-05 21:50:42,58.990000000000002,3.4700000000000002,21,1
2026-02-05 22:01:29,25.010000000000002,2.75,22,1
2026-02-05 22:08:49,22.149999999999999,0.71999999999999997,22,1
2026-02-05 22:33:18,8.4100000000000001,0.84999999999999998,22,1
2026-02-06 01:15:01,19.539999999999999,2.6800000000000002,1,1
2026-02-06 07:14:52,9.0999999999999996,0.80000000000000004,7,2
2026-02-06 07:35:24,32.200000000000003,8.3100000000000005,7,2
2026-02-06 07:53:19,20.73,2.5,7,2
2026-02-06 07:04:20,45.969999999999999,6.2599999999999998,7,2
2026-02-06 08:31:01,35.189999999999998,5.46,8,3
2026-02-06 11:59:04,24.09,2.3500000000000001,11,3
2026-02-06 12:51:08,28.210000000000001,1.8400000000000001,12,3
2026-02-06 13:50:47,16.800000000000001,1.01,13,3
2026-02-06 13:17:29,15.15,1.47,13,3
2026-02-06 14:39:15,33.200000000000003,3.1600000000000001,14,3
2026-02-06 15:57:04,34.829999999999998,2.8399999999999999,15,3
2026-02-06 15:24:12,20.140000000000001,3.8999999999999999,15,3
2026-02-06 15:13:28,37.479999999999997,2.0299999999999998,15,3
2026-02-06 16:26:51,17.07,1.5,16,3
2026-02-06 17:47:58,28.969999999999999,0.01,17,2
2026-02-06 20:10:57,23.719999999999999,3.6200000000000001,20,3
2026-02-06 21:35:32,30.199999999999999,4.9800000000000004,21,3
2026-02-06 21:47:14,14.15,0.80000000000000004,21,3
2026-02-06 21:28:03,31.440000000000001,5.4400000000000004,21,3
2026-02-06 21:34:38,32.189999999999998,9.1500000000000004,21,3
2026-02-06 22:44:18,9.2400000000000002,0.70999999999999996,22,3
2026-02-06 22:33:07,28.73,4.9500000000000002,22,3
2026-02-06 22:57:36,26.780000000000001,6.7000000000000002,22,3
2026-02-06 23:45:02,13.52,1.46,23,3
2026-02-06 23:22:09,30.190000000000001,3.4300000000000002,23,3
2026-02-07 00:28:11,15.26,2.3700000000000001,0,3
2026-02-07 00:48:05,18.039999999999999,2.21,0,3
2026-02-07 01:39:25,20.82,3.7000000000000002,1,14
2026-02-07 01:02:12,14.19,5.1900000000000004,1,14
2026-02-07 02:48:57,31.190000000000001,5.7999999999999998,2,14
2026-02-07 02:08:00,22.199999999999999,4.7599999999999998,2,14
2026-02-07 02:37:14,16.940000000000001,1.52,2,14
2026-02-07 02:45:16,21.190000000000001,4.6299999999999999,2,14
2026-02-07 03:03:43,21.739999999999998,5.3099999999999996,3,14
2026-02-07 05:53:24,10.84,0.68999999999999995,5,14
2026-02-07 06:14:18,33.200000000000003,9.4299999999999997,6,14
2026-02-07 06:45:43,32.859999999999999,6.79,6,14
2026-02-07 07:34:42,11.19,1.45,7,3
2026-02-07 07:50:18,40.670000000000002,3.8999999999999999,7,3
2026-02-07 09:38:44,13.199999999999999,2.7200000000000002,9,15
2026-02-07 10:59:35,16.190000000000001,3.0899999999999999,10,3
2026-02-07 10:58:56,24.25,2.8199999999999998,10,3
2026-02-07 10:25:06,16.199999999999999,2.9500000000000002,10,3
2026-02-07 11:27:10,15.949999999999999,2.1699999999999999,11,3
2026-02-07 11:03:46,16.079999999999998,1.6200000000000001,11,3
2026-02-07 11:33:28,31.93,5.5,11,3
2026-02-07 12:21:28,15.039999999999999,1.3899999999999999,12,3
2026-02-07 12:49:20,19.93,3.6699999999999999,12,3
2026-02-07 12:12:42,22.210000000000001,1.26,12,3
2026-02-07 12:54:46,21.920000000000002,4.5,12,3
2026-02-07 13:45:23,36.18,2.75,13,3
2026-02-07 13:55:57,26.190000000000001,3.75,13,3
2026-02-07 13:08:19,28.969999999999999,2.5299999999999998,13,3
2026-02-07 13:03:33,9.8800000000000008,0.88,13,3
2026-02-07 13:23:16,31.59,2.9700000000000002,13,3
2026-02-07 13:06:04,25.420000000000002,3.0800000000000001,13,3
2026-02-07 14:33:33,14.19,2.1000000000000001,14,3
2026-02-07 14:42:39,57.93,3.4300000000000002,14,3
2026-02-07 14:40:03,20.539999999999999,4.7999999999999998,14,3
2026-02-07 15:27:07,18.190000000000001,2.1000000000000001,15,1
2026-02-07 15:01:47,37.189999999999998,8.3000000000000007,15,1
2026-02-07 15:23:29,33.899999999999999,8.5399999999999991,15,1
2026-02-07 16:13:36,32.18,8.3000000000000007,16,2
2026-02-07 16:30:50,40.189999999999998,9.0500000000000007,16,2
2026-02-07 16:57:12,48.200000000000003,3.4500000000000002,16,2
2026-02-07 16:50:54,46.270000000000003,8.0099999999999998,16,2
2026-02-07 17:06:45,17.199999999999999,2.0299999999999998,17,2
2026-02-07 17:45:33,23.579999999999998,5.75,17,2
2026-02-07 17:55:38,29.829999999999998,3.4700000000000002,17,2
2026-02-07 17:58:00,19.190000000000001,1.55,17,2
2026-02-07 17:06:29,20.190000000000001,1.9199999999999999,17,2
2026-02-07 17:33:28,14.949999999999999,2.1000000000000001,17,2
2026-02-07 17:29:32,32.979999999999997,9.8699999999999992,17,2
2026-02-07 18:23:55,18.109999999999999,0.90000000000000002,18,2
2026-02-07 18:01:00,15.02,2.5,18,2
2026-02-07 18:30:00,16.100000000000001,2.0600000000000001,18,2
2026-02-07 18:38:46,24.199999999999999,1.97,18,2
2026-02-07 18:55:42,16.210000000000001,0.96999999999999997,18,2
2026-02-07 18:09:00,35.189999999999998,6.9100000000000001,18,2
2026-02-07 18:53:33,33.640000000000001,4.75,18,2
2026-02-07 19:16:42,20.149999999999999,1.3,19,2
2026-02-07 19:50:45,14.9,1.8899999999999999,19,2
2026-02-07 19:16:18,16.199999999999999,1.48,19,2
2026-02-07 19:13:00,17.539999999999999,2,19,2
2026-02-07 19:03:13,16.16,0.90000000000000002,19,2
2026-02-07 19:10:20,38.020000000000003,6.2999999999999998,19,2
2026-02-07 19:23:21,37.630000000000003,4.7199999999999998,19,2
2026-02-07 20:53:40,62.229999999999997,19.82,20,3
2026-02-07 20:54:03,8.2599999999999998,0.84999999999999998,20,3
2026-02-07 20:35:21,33.189999999999998,2.8300000000000001,20,3
2026-02-07 20:32:35,39.789999999999999,4.79,20,3
2026-02-07 21:33:03,15.42,1.29,21,3
2026-02-07 21:09:32,8.1899999999999995,0.55000000000000004,21,3
2026-02-07 21:39:32,49.5,11.91,21,3
2026-02-07 21:17:16,44.189999999999998,4,21,3
2026-02-07 21:26:44,28.449999999999999,5.4699999999999998,21,3
2026-02-07 21:48:40,31.440000000000001,8.5700000000000003,21,3
2026-02-07 21:22:21,33.189999999999998,4.8099999999999996,21,3
2026-02-07 21:56:07,31.190000000000001,7.6299999999999999,21,3
2026-02-07 22:43:29,35.130000000000003,0.82999999999999996,22,3
2026-02-07 22:07:09,23.449999999999999,3.0600000000000001,22,3
2026-02-07 23:59:04,60.200000000000003,11.050000000000001,23,3
2026-02-07 23:26:57,34.100000000000001,7.2999999999999998,23,3
2026-02-07 23:19:41,25.219999999999999,1.3300000000000001,23,3
2026-02-07 23:18:29,30.199999999999999,4.9500000000000002,23,3
2026-02-07 23:58:35,20.359999999999999,1.8999999999999999,23,3
2026-02-07 23:33:39,23.129999999999999,0.90000000000000002,23,3
2026-02-07 23:36:25,26.870000000000001,3.2799999999999998,23,3
2026-02-07 23:58:48,11.16,1.1699999999999999,23,3
2026-02-08 00:41:15,14.94,2.6200000000000001,0,3
2026-02-08 00:47:16,15.07,1.3899999999999999,0,3
2026-02-08 01:54:16,16.100000000000001,1.4299999999999999,1,3
2026-02-08 01:08:36,15.69,2.8700000000000001,1,3
2026-02-08 01:00:48,42.210000000000001,3.7799999999999998,1,3
2026-02-08 01:07:47,27.469999999999999,3.0800000000000001,1,3
2026-02-08 02:25:35,27.719999999999999,4.1399999999999997,2,3
2026-02-08 02:46:57,11.18,0.68999999999999995,2,3
2026-02-08 02:53:33,14.199999999999999,2.2599999999999998,2,3
2026-02-08 03:39:26,16.210000000000001,2.8900000000000001,3,3
2026-02-08 03:51:00,29.75,4.1399999999999997,3,3
2026-02-08 05:31:59,66.450000000000003,6.0599999999999996,5,3
2026-02-08 06:56:00,61.659999999999997,8.6099999999999994,6,2
2026-02-08 06:57:30,40.310000000000002,6.5300000000000002,6,2
2026-02-08 07:08:51,37.460000000000001,13.56,7,1
2026-02-08 07:47:02,8.1899999999999995,0.63,7,1
2026-02-08 08:12:44,12.24,0.80000000000000004,8,1
2026-02-08 09:53:12,9.9499999999999993,1.1299999999999999,9,1
2026-02-08 10:17:53,14.33,2,10,1
2026-02-08 11:55:06,11.199999999999999,1.1599999999999999,11,1
2026-02-08 12:49:25,11.710000000000001,1.6000000000000001,12,1
2026-02-08 12:02:46,18.460000000000001,2.77,12,1
2026-02-08 13:22:11,21.239999999999998,4.4000000000000004,13,1
2026-02-08 13:26:54,6.0800000000000001,0.5,13,1
2026-02-08 14:23:38,16.850000000000001,1.95,14,1
2026-02-08 15:47:04,12.5,2,15,1
2026-02-08 15:33:48,25.190000000000001,3.4500000000000002,15,1
2026-02-08 15:33:27,45.189999999999998,6.9500000000000002,15,1
2026-02-08 16:47:02,8.9299999999999997,1.1000000000000001,16,1
2026-02-08 17:44:06,43.189999999999998,2.1400000000000001,17,1
2026-02-08 17:10:19,24.100000000000001,5.25,17,1
2026-02-08 17:11:51,51.5,5.9900000000000002,17,1
2026-02-08 18:24:37,45.210000000000001,2.5499999999999998,18,1
2026-02-08 18:56:27,24.190000000000001,3.7999999999999998,18,1
2026-02-08 18:01:31,57.210000000000001,3.73,18,1
2026-02-08 18:17:11,36.200000000000003,1.6499999999999999,18,1
2026-02-08 19:20:11,30.739999999999998,8.2899999999999991,19,1
2026-02-08 19:11:28,12.279999999999999,2.6299999999999999,19,1
2026-02-08 20:06:56,10.140000000000001,1.5,20,1
2026-02-08 21:34:26,14.140000000000001,2.3100000000000001,21,1
2026-02-08 21:38:03,19.309999999999999,2.1800000000000002,21,1
2026-02-08 21:23:24,21.190000000000001,4,21,1
2026-02-08 21:21:21,30.190000000000001,6.1900000000000004,21,1
2026-02-08 21:44:23,42.200000000000003,12.19,21,1
2026-02-08 21:14:42,21.199999999999999,5.5899999999999999,21,1
2026-02-08 22:39:13,14.140000000000001,0.87,22,1
2026-02-08 22:32:42,39.200000000000003,1.9399999999999999,22,1
2026-02-09 00:41:22,15.199999999999999,2.4199999999999999,0,1
2026-02-09 01:32:48,32,8.1999999999999993,1,1
2026-02-09 06:50:17,11.91,0.90000000000000002,6,1
2026-02-09 06:49:23,46.740000000000002,2.1800000000000002,6,1
2026-02-09 07:15:55,18.5,1.8999999999999999,7,1
2026-02-09 07:25:08,69.180000000000007,11.460000000000001,7,1
2026-02-09 07:29:29,115.69,9.7899999999999991,7,1
2026-02-09 07:19:26,23.18,1.6200000000000001,7,1
2026-02-09 08:59:48,18.449999999999999,2,8,1
2026-02-09 08:28:54,15.16,0.53000000000000003,8,1
2026-02-09 08:49:46,12.25,1.2,8,1
2026-02-09 08:08:37,37.689999999999998,7.4299999999999997,8,1
2026-02-09 11:49:41,24.710000000000001,3.4100000000000001,11,1
2026-02-09 13:02:58,30.550000000000001,6.0199999999999996,13,1
2026-02-09 16:04:00,75.819999999999993,18.989999999999998,16,1
2026-02-09 17:18:03,53.68,7.7599999999999998,17,1
2026-02-09 18:10:00,42.520000000000003,1.9199999999999999,18,2
2026-02-09 19:14:00,39.93,6.5800000000000001,19,1
2026-02-09 20:39:10,36.329999999999998,4.8600000000000003,20,1
2026-02-09 20:36:42,9.0999999999999996,0.70999999999999996,20,1
2026-02-09 21:15:56,31.289999999999999,4.2699999999999996,21,3
2026-02-09 22:00:05,39.530000000000001,5.2800000000000002,22,3
2026-02-09 22:29:51,16.170000000000002,3.79,22,3
2026-02-09 23:17:19,13.880000000000001,1.6699999999999999,23,3
2026-02-10 00:35:46,13,1.79,0,3
2026-02-10 08:31:22,39.859999999999999,4.3499999999999996,8,3
2026-02-10 09:38:46,14.94,0.89000000000000001,9,3
2026-02-10 10:53:37,24.949999999999999,3.1000000000000001,10,3
2026-02-10 10:50:57,31.620000000000001,3.3500000000000001,10,3
2026-02-10 11:41:01,13.380000000000001,0.56999999999999995,11,3
2026-02-10 15:10:37,41.189999999999998,3.77,15,3
2026-02-10 15:30:03,39.210000000000001,2.7400000000000002,15,3
2026-02-10 15:00:39,24.239999999999998,3.21,15,3
2026-02-10 17:07:26,23.390000000000001,3.7999999999999998,17,3
2026-02-10 18:05:36,10.24,1.3,18,3
2026-02-10 18:47:31,21.190000000000001,1.6299999999999999,18,3
2026-02-10 19:09:00,34.200000000000003,6.3300000000000001,19,3
2026-02-10 20:01:38,14.41,1.4099999999999999,20,3
2026-02-10 20:30:32,32.890000000000001,2.7000000000000002,20,3
2026-02-10 20:37:32,21.82,2.3500000000000001,20,3
2026-02-10 20:54:59,32.759999999999998,1.8100000000000001,20,3
2026-02-10 20:06:15,12.140000000000001,0.77000000000000002,20,3
2026-02-10 20:05:25,33.649999999999999,4.54,20,3
2026-02-10 21:05:58,27.199999999999999,3.7400000000000002,21,3
2026-02-10 21:22:10,32.009999999999998,1.21,21,3
2026-02-10 22:59:00,25.379999999999999,2.9399999999999999,22,3
2026-02-10 23:04:20,40.210000000000001,13.75,23,3
2026-02-10 23:41:46,19.199999999999999,3.52,23,3
2026-02-11 00:27:26,8.3900000000000006,0.59999999999999998,0,3
2026-02-11 00:43:52,44.07,10.460000000000001,0,3
2026-02-11 06:50:44,33.560000000000002,4.9800000000000004,6,3
2026-02-11 07:13:00,8.7599999999999998,1.6799999999999999,7,3
2026-02-11 07:44:16,24.719999999999999,2.4199999999999999,7,3
2026-02-11 07:48:51,15.23,1.4299999999999999,7,3
2026-02-11 08:00:48,14.130000000000001,1,8,2
2026-02-11 08:06:10,63.25,8.7100000000000009,8,2
2026-02-11 09:38:39,60.780000000000001,6.3700000000000001,9,1
2026-02-11 10:30:58,25.440000000000001,1.74,10,1
2026-02-11 13:23:00,56.829999999999998,6.8799999999999999,13,1
2026-02-11 16:14:06,43.719999999999999,9.7899999999999991,16,2
2026-02-11 17:28:03,21.23,4.0999999999999996,17,1
2026-02-11 18:02:45,19.969999999999999,2.7000000000000002,18,3
2026-02-11 19:51:47,22.59,0.01,19,3
2026-02-11 19:46:48,17.780000000000001,0.02,19,3
2026-02-11 20:44:40,52.490000000000002,19.190000000000001,20,3
2026-02-11 21:41:52,39.560000000000002,4.1200000000000001,21,3
2026-02-11 21:08:39,43.380000000000003,8.4700000000000006,21,3
2026-02-11 21:42:35,40.259999999999998,3.3500000000000001,21,3
2026-02-11 22:17:39,18.399999999999999,3.3999999999999999,22,3
2026-02-11 22:43:29,22.73,4.3899999999999997,22,3
2026-02-12 00:09:35,14.210000000000001,3.0899999999999999,0,2
2026-02-12 06:36:40,37.130000000000003,5.79,6,3
2026-02-12 07:51:05,36.189999999999998,5.3399999999999999,7,3
2026-02-12 07:49:17,17.600000000000001,2.1800000000000002,7,3
2026-02-12 07:09:18,18.68,2,7,3
2026-02-12 07:54:07,19.280000000000001,2.0699999999999998,7,3
2026-02-12 08:51:59,8.2400000000000002,0.67000000000000004,8,3
2026-02-12 08:19:25,41.890000000000001,4.5800000000000001,8,3
2026-02-12 09:09:32,31.210000000000001,2.75,9,3
2026-02-12 09:50:59,8.5999999999999996,1.1000000000000001,9,3
2026-02-12 09:17:39,18.190000000000001,1.3799999999999999,9,3
2026-02-12 09:51:33,20.210000000000001,1.6699999999999999,9,3
2026-02-12 11:34:24,23.300000000000001,2.2999999999999998,11,3
2026-02-12 11:53:58,23.059999999999999,1.3700000000000001,11,3
2026-02-12 11:06:29,22.210000000000001,1.4299999999999999,11,3
2026-02-12 14:56:28,25.27,4.46,14,3
2026-02-12 15:51:52,10.140000000000001,0.66000000000000003,15,3
2026-02-12 16:19:24,22.940000000000001,0.01,16,3
2026-02-12 19:07:43,24.109999999999999,2.6000000000000001,19,3
2026-02-12 20:48:04,7.9000000000000004,0.62,20,3
2026-02-12 20:35:32,16.289999999999999,2.4199999999999999,20,3
2026-02-12 21:27:26,10.130000000000001,0.72999999999999998,21,3
2026-02-12 21:34:59,13.15,1.3,21,3
2026-02-12 21:09:50,48.960000000000001,1.5900000000000001,21,3
2026-02-12 21:40:03,45.07,1.72,21,3
2026-02-12 22:01:33,25.239999999999998,3.02,22,3
2026-02-12 22:57:59,18.199999999999999,0.93000000000000005,22,3
2026-02-12 22:13:06,67.200000000000003,6.5899999999999999,22,3
2026-02-12 22:09:55,35.990000000000002,6.9199999999999999,22,3
2026-02-12 22:10:44,58.200000000000003,5.7400000000000002,22,3
2026-02-12 23:37:46,11.81,0.65000000000000002,23,3
2026-02-12 23:21:59,30.210000000000001,1.6200000000000001,23,3
2026-02-12 23:48:44,17.550000000000001,4.46,23,3
2026-02-13 00:09:43,16.620000000000001,2.8999999999999999,0,3
2026-02-13 01:43:50,31.52,8.2699999999999996,1,3
2026-02-13 02:38:56,23.190000000000001,4.1900000000000004,2,3
2026-02-13 02:09:55,7.9299999999999997,1.1000000000000001,2,3
2026-02-13 03:04:38,14.76,2.8199999999999998,3,3
2026-02-13 03:34:06,26.460000000000001,3.7200000000000002,3,3
2026-02-13 07:45:28,55.200000000000003,10.449999999999999,7,3
2026-02-13 07:34:02,20.960000000000001,2.3700000000000001,7,3
2026-02-13 07:46:04,17.890000000000001,1.3,7,3
2026-02-13 07:18:46,15.07,1.71,7,3
2026-02-13 08:11:13,29.809999999999999,2.2799999999999998,8,3
2026-02-13 08:47:36,38.729999999999997,1.5800000000000001,8,3
2026-02-13 08:59:31,31.190000000000001,3.1099999999999999,8,3
2026-02-13 09:45:41,11.77,1.8999999999999999,9,2
2026-02-13 09:03:51,7.2000000000000002,0.80000000000000004,9,2
2026-02-13 09:41:33,24.460000000000001,5.9900000000000002,9,2
2026-02-13 10:51:28,24.190000000000001,7.1299999999999999,10,2
2026-02-13 11:11:49,41.619999999999997,8.6999999999999993,11,2
2026-02-13 13:45:01,29.760000000000002,3.0499999999999998,13,3
2026-02-13 13:58:17,11.119999999999999,0.69999999999999996,13,3
2026-02-13 14:36:24,84.810000000000002,15.869999999999999,14,3
2026-02-13 14:25:24,41.969999999999999,2.9900000000000002,14,3
2026-02-13 15:15:04,30.68,2.2799999999999998,15,1
2026-02-13 15:15:37,22.440000000000001,1.6499999999999999,15,1
2026-02-13 15:16:42,41.380000000000003,6.4000000000000004,15,1
2026-02-13 16:05:36,29.079999999999998,2.6200000000000001,16,1
2026-02-13 17:58:26,20.510000000000002,1.76,17,1
2026-02-13 19:20:46,29.27,3.3500000000000001,19,1
2026-02-13 19:17:37,24.760000000000002,2.8999999999999999,19,1
2026-02-13 19:58:37,40.289999999999999,6.4699999999999998,19,1
2026-02-13 19:17:54,40.859999999999999,1.49,19,1
2026-02-13 20:06:57,20.09,1.79,20,1
2026-02-13 21:20:25,23.039999999999999,2.46,21,1
2026-02-13 21:38:58,42.049999999999997,6.9400000000000004,21,1
2026-02-13 21:07:52,50.740000000000002,8.0099999999999998,21,1
2026-02-13 22:20:36,36.189999999999998,5.6299999999999999,22,1
2026-02-13 22:50:36,29.100000000000001,1.51,22,1
2026-02-13 23:55:10,27.420000000000002,1.6799999999999999,23,1
2026-02-13 23:09:59,28.93,4.6399999999999997,23,1
2026-02-13 23:24:29,47.329999999999998,7.0099999999999998,23,1
2026-02-13 23:03:09,12.67,1.1699999999999999,23,1
2026-02-14 00:19:55,19.940000000000001,1.8300000000000001,0,1
2026-02-14 00:27:30,21.629999999999999,2.0499999999999998,0,1
2026-02-14 00:16:11,13.359999999999999,1.78,0,1
2026-02-14 00:06:40,18.760000000000002,3.0800000000000001,0,1
2026-02-14 00:32:12,28.850000000000001,1.3700000000000001,0,1
2026-02-14 00:33:05,19.719999999999999,2.2799999999999998,0,1
2026-02-14 00:27:17,33.210000000000001,4.0199999999999996,0,1
2026-02-14 00:09:00,27.780000000000001,1.3999999999999999,0,1
2026-02-14 00:42:27,22.190000000000001,0.40999999999999998,0,1
2026-02-14 00:07:51,40.07,11.23,0,1
2026-02-14 01:46:37,27.760000000000002,4.8399999999999999,1,2
2026-02-14 02:45:40,34.280000000000001,0.040000000000000001,2,3
2026-02-14 02:51:05,34.390000000000001,5.9100000000000001,2,3
2026-02-14 02:29:11,21.210000000000001,0.98999999999999999,2,3
2026-02-14 02:08:53,49.979999999999997,12.91,2,3
2026-02-14 02:43:49,33.229999999999997,7.8600000000000003,2,3
2026-02-14 03:32:36,33.25,5.1299999999999999,3,3
2026-02-14 06:16:27,22.199999999999999,7.4199999999999999,6,3
2026-02-14 06:03:03,48.409999999999997,12.81,6,3
2026-02-14 06:40:58,25.140000000000001,3.8199999999999998,6,3
2026-02-14 10:01:10,13.19,1.8,10,14
2026-02-14 13:54:43,21.829999999999998,1.9199999999999999,13,2
2026-02-14 14:14:57,29.899999999999999,5.3300000000000001,14,1
2026-02-14 16:46:04,59.729999999999997,7.5099999999999998,16,2
2026-02-14 16:58:38,33.049999999999997,2.6299999999999999,16,2
2026-02-14 16:16:35,22.920000000000002,2.4199999999999999,16,2
2026-02-14 17:26:57,22.199999999999999,3.9500000000000002,17,2
2026-02-14 17:00:58,31.989999999999998,4.29,17,2
2026-02-14 17:53:41,14.74,1.8,17,2
2026-02-14 18:36:31,39.57,3.3300000000000001,18,1
2026-02-14 19:18:04,26.210000000000001,1.05,19,1
2026-02-14 19:13:36,27.190000000000001,1.5,19,1
2026-02-14 19:36:36,13.199999999999999,0.81999999999999995,19,1
2026-02-14 20:05:38,18.34,2.2000000000000002,20,1
2026-02-14 20:35:55,16.140000000000001,1.0800000000000001,20,1
2026-02-14 20:32:59,12.24,1.3,20,1
2026-02-14 20:09:54,28.190000000000001,1.8999999999999999,20,1
2026-02-14 20:24:28,25.82,2.1000000000000001,20,1
2026-02-14 21:59:27,22.190000000000001,3.2400000000000002,21,1
2026-02-14 21:08:11,21.57,4.4500000000000002,21,1
2026-02-14 21:05:50,40.460000000000001,7.9400000000000004,21,1
2026-02-14 21:51:28,32.009999999999998,7.5999999999999996,21,1
2026-02-14 21:11:26,14.24,1.1499999999999999,21,1
2026-02-14 21:19:28,31.109999999999999,2.7000000000000002,21,1
2026-02-14 21:10:11,23.510000000000002,3.48,21,1
2026-02-14 21:25:10,18.129999999999999,1.3,21,1
2026-02-14 21:47:39,51.530000000000001,5.4699999999999998,21,1
2026-02-14 22:32:37,21.190000000000001,1.6799999999999999,22,1
2026-02-14 22:51:00,20.289999999999999,2.6600000000000001,22,1
2026-02-14 23:39:58,13.199999999999999,0.46000000000000002,23,1
2026-02-14 23:09:01,38.210000000000001,1.3300000000000001,23,1
2026-02-14 23:05:14,38.18,2.3599999999999999,23,1
2026-02-15 00:27:34,14.199999999999999,1.5900000000000001,0,1
2026-02-15 00:53:29,20.219999999999999,2.1000000000000001,0,1
2026-02-15 00:24:23,61.509999999999998,2.8799999999999999,0,1
2026-02-15 01:26:06,44.130000000000003,6.8700000000000001,1,1
2026-02-15 01:46:42,16.059999999999999,0.76000000000000001,1,1
2026-02-15 02:48:58,16.399999999999999,1.8,2,1
2026-02-15 02:12:58,19.719999999999999,1.1399999999999999,2,1
2026-02-15 03:42:57,54.200000000000003,4.5300000000000002,3,1
2026-02-15 05:53:11,41.200000000000003,10.279999999999999,5,1
2026-02-15 06:07:20,32.210000000000001,11.539999999999999,6,1
2026-02-15 08:06:26,20.199999999999999,5.21,8,3
2026-02-15 09:45:27,40.700000000000003,8.9700000000000006,9,5
2026-02-15 10:16:06,28.879999999999999,3.3599999999999999,10,5
2026-02-15 12:20:16,12.140000000000001,1.3999999999999999,12,3
2026-02-15 12:56:36,28.18,6.6799999999999997,12,3
2026-02-15 13:06:22,32.189999999999998,4.4000000000000004,13,3
2026-02-15 13:06:58,31.440000000000001,7.6399999999999997,13,3
2026-02-15 14:01:37,20.02,2.5099999999999998,14,3
2026-02-15 15:09:30,14.56,1.5,15,3
2026-02-15 15:37:52,21.59,1.9399999999999999,15,3
2026-02-15 15:10:27,12.199999999999999,1.0700000000000001,15,3
2026-02-15 15:43:09,27.190000000000001,5.2000000000000002,15,3
2026-02-15 18:16:00,17.25,0.80000000000000004,18,3
2026-02-15 18:13:03,15.699999999999999,2.1000000000000001,18,3
2026-02-15 18:06:44,35.210000000000001,2.6699999999999999,18,3
2026-02-15 18:52:52,20.620000000000001,1.3899999999999999,18,3
2026-02-15 18:43:35,28.18,3.3999999999999999,18,3
2026-02-15 18:49:54,19.469999999999999,0.85999999999999999,18,3
2026-02-15 19:40:55,12.1,1.6499999999999999,19,3
2026-02-15 21:12:47,11.84,1.72,21,3
2026-02-15 21:36:57,12.74,1.4299999999999999,21,3
2026-02-15 21:57:33,16.190000000000001,2.1000000000000001,21,3
2026-02-15 23:25:55,19.18,1.6799999999999999,23,3
2026-02-15 23:28:35,26.079999999999998,0.48999999999999999,23,3
2026-02-16 00:04:52,19.190000000000001,2.25,0,3
2026-02-16 00:06:36,10.82,0.78000000000000003,0,3
2026-02-16 00:31:40,19.210000000000001,3.3999999999999999,0,3
2026-02-16 00:08:46,27.300000000000001,7.2199999999999998,0,3
2026-02-16 05:56:15,22.82,4.4400000000000004,5,15
2026-02-16 08:13:02,17,3.2999999999999998,8,15
2026-02-16 10:48:45,12.19,1.3600000000000001,10,14
2026-02-16 12:13:13,40.07,7.2000000000000002,12,3
2026-02-16 13:53:57,34.380000000000003,4.2800000000000002,13,3
2026-02-16 13:52:13,4.7800000000000002,0.59999999999999998,13,3
2026-02-16 15:53:53,12.73,0.84999999999999998,15,3
2026-02-16 16:57:41,17.18,1.8400000000000001,16,3
2026-02-16 19:12:45,31.420000000000002,3.6699999999999999,19,1
2026-02-16 19:26:18,9.0999999999999996,0.01,19,1
2026-02-16 22:45:55,8.9499999999999993,0.97999999999999998,22,1
2026-02-16 22:19:37,22.789999999999999,2.5800000000000001,22,1
2026-02-17 01:40:24,28.210000000000001,7.0899999999999999,1,1
2026-02-17 06:40:15,10.699999999999999,1.2,6,3
2026-02-17 07:46:08,33.18,3.5800000000000001,7,3
2026-02-17 07:55:45,41.670000000000002,7.1900000000000004,7,3
2026-02-17 07:21:55,14.199999999999999,1.24,7,3
2026-02-17 08:20:10,21.199999999999999,3.0600000000000001,8,3
2026-02-17 09:27:00,35.560000000000002,34.890000000000001,9,14
2026-02-17 13:03:32,6.0199999999999996,2.1899999999999999,13,5
2026-02-17 14:14:06,17.73,2.2000000000000002,14,5
2026-02-17 14:06:59,46.189999999999998,6.7300000000000004,14,5
2026-02-17 15:53:13,18.18,0.78000000000000003,15,5
2026-02-17 15:39:53,17.960000000000001,2.1899999999999999,15,5
2026-02-17 15:27:57,18.399999999999999,1.8999999999999999,15,5
2026-02-17 18:12:19,7.9000000000000004,1.1000000000000001,18,5
2026-02-17 20:53:29,20.949999999999999,4.04,20,5
2026-02-17 20:27:01,19.460000000000001,1.7,20,5
2026-02-17 23:11:27,9.9600000000000009,1.3100000000000001,23,1
2026-02-18 01:19:30,13.08,1.54,1,1
2026-02-18 05:39:59,68.980000000000004,15.31,5,5
2026-02-18 06:54:37,27.34,7.0999999999999996,6,5
2026-02-18 06:51:28,40.420000000000002,9.0999999999999996,6,5
2026-02-18 07:29:13,18.18,2.79,7,5
2026-02-18 07:56:36,40.990000000000002,3.0600000000000001,7,5
2026-02-18 08:53:24,25.149999999999999,2.5899999999999999,8,5
2026-02-18 08:15:34,41.549999999999997,4.96,8,5
2026-02-18 09:20:35,39.079999999999998,5.9000000000000004,9,5
2026-02-18 10:29:59,29.420000000000002,2.6499999999999999,10,5
2026-02-18 10:01:42,23.859999999999999,2.6299999999999999,10,5
2026-02-18 10:13:06,33.200000000000003,3.2999999999999998,10,5
2026-02-18 11:34:21,26.870000000000001,1.7,11,5
2026-02-18 12:46:05,14.49,2.2000000000000002,12,5
2026-02-18 13:14:02,45.200000000000003,6.75,13,5
2026-02-18 14:40:25,65.599999999999994,13.140000000000001,14,12
2026-02-18 17:13:34,52.079999999999998,9.8200000000000003,17,5
2026-02-18 17:26:59,16.920000000000002,1,17,5
2026-02-18 19:32:19,17.940000000000001,1.3100000000000001,19,5
2026-02-18 19:52:15,8.0700000000000003,0.01,19,5
2026-02-18 19:37:02,14.94,1.1699999999999999,19,5
2026-02-18 20:01:45,17.449999999999999,1.77,20,5
2026-02-18 20:29:01,18.59,0.90000000000000002,20,5
2026-02-18 20:32:57,17,1.4299999999999999,20,5
2026-02-18 21:58:29,35.200000000000003,6.5,21,5
2026-02-18 21:34:00,15.49,1.2,21,5
2026-02-18 21:59:16,33.609999999999999,2.5499999999999998,21,5
2026-02-18 22:30:19,27.620000000000001,8.4299999999999997,22,8
2026-02-18 22:34:57,21.199999999999999,6.6799999999999997,22,8
2026-02-18 22:18:20,17.5,1.6399999999999999,22,8
2026-02-19 04:16:07,16.800000000000001,3.3700000000000001,4,7
2026-02-19 07:16:23,9.4600000000000009,1.04,7,3
2026-02-19 07:48:25,26.18,2.7200000000000002,7,3
2026-02-19 07:43:16,17.809999999999999,3.8999999999999999,7,3
2026-02-19 08:41:32,17.280000000000001,1.3999999999999999,8,3
2026-02-19 09:33:41,31.190000000000001,6.8399999999999999,9,3
2026-02-19 09:53:58,21.18,2.5299999999999998,9,3
2026-02-19 10:56:13,3,13.18,10,3
2026-02-19 10:57:33,19.719999999999999,1.8899999999999999,10,3
2026-02-19 15:17:50,25.48,6.4500000000000002,15,3
2026-02-19 17:54:14,16.789999999999999,1.3,17,3
2026-02-19 17:41:17,15.050000000000001,0.59999999999999998,17,3
2026-02-19 18:02:26,35.939999999999998,3.8999999999999999,18,3
2026-02-19 18:29:26,19.199999999999999,1.5,18,3
2026-02-19 20:16:00,23.670000000000002,2.5499999999999998,20,3
2026-02-19 20:14:52,35.159999999999997,2.8999999999999999,20,3
2026-02-19 21:33:55,23.870000000000001,2.4199999999999999,21,3
2026-02-19 21:37:41,6.9000000000000004,1.6399999999999999,21,3
2026-02-19 22:04:01,11.77,1.1599999999999999,22,3
2026-02-19 22:37:21,16.109999999999999,1.6699999999999999,22,3
2026-02-19 23:33:18,9.1999999999999993,1.52,23,3
2026-02-20 00:03:56,27.969999999999999,8.3000000000000007,0,3
2026-02-20 00:33:45,22.329999999999998,4.9000000000000004,0,3
2026-02-20 01:04:43,33.109999999999999,3.9700000000000002,1,3
2026-02-20 02:14:14,7.9199999999999999,0.90000000000000002,2,3
2026-02-20 04:10:33,21.75,6.3099999999999996,4,3
2026-02-20 05:27:00,12.24,1.7,5,3
2026-02-20 05:17:18,26.18,4.4000000000000004,5,3
2026-02-20 07:04:57,7.4000000000000004,0.57999999999999996,7,3
2026-02-20 08:11:00,23.25,2.9399999999999999,8,3
2026-02-20 09:25:51,30.370000000000001,4.2000000000000002,9,3
2026-02-20 09:25:26,54.25,3.0899999999999999,9,3
2026-02-20 10:02:09,3,4.0999999999999996,10,3
2026-02-20 11:34:06,13.380000000000001,0.39000000000000001,11,3
2026-02-20 12:41:15,12.15,0.92000000000000004,12,12
2026-02-20 12:55:45,26.010000000000002,2.9300000000000002,12,12
2026-02-20 12:59:05,21.780000000000001,1.72,12,12
2026-02-20 15:27:58,16.120000000000001,2.1000000000000001,15,8
2026-02-20 16:24:00,20.18,2.6699999999999999,16,7
2026-02-20 18:11:12,32.68,0.01,18,8
2026-02-20 18:52:06,8.4499999999999993,1.1000000000000001,18,8
2026-02-20 19:56:22,26.02,2.0699999999999998,19,9
2026-02-20 19:31:05,11.15,1.1000000000000001,19,9
2026-02-20 20:33:00,23.43,2.4900000000000002,20,9
2026-02-20 20:09:03,27.73,4.1100000000000003,20,9
2026-02-20 21:05:45,18.210000000000001,2.0299999999999998,21,8
2026-02-20 22:59:31,19.699999999999999,2.77,22,5
2026-02-20 23:47:20,31.109999999999999,1.1599999999999999,23,3
2026-02-20 23:40:15,13.890000000000001,1.6499999999999999,23,3
2026-02-21 00:04:19,16.190000000000001,1.1399999999999999,0,3
2026-02-21 00:28:03,20.899999999999999,4.7000000000000002,0,3
2026-02-21 00:27:15,33.200000000000003,4.2999999999999998,0,3
2026-02-21 01:06:00,17.68,2.8300000000000001,1,3
2026-02-21 02:20:36,11.07,1.3100000000000001,2,3
2026-02-21 02:43:46,34.950000000000003,8.1600000000000001,2,3
2026-02-21 02:09:37,41.200000000000003,4.5599999999999996,2,3
2026-02-21 03:33:41,54.210000000000001,11.949999999999999,3,3
2026-02-21 04:19:45,113.40000000000001,19.949999999999999,4,5
2026-02-21 05:12:07,10.609999999999999,2,5,3
2026-02-21 05:56:08,16.309999999999999,2.1699999999999999,5,3
2026-02-21 06:29:23,8.1099999999999994,1.71,6,3
2026-02-21 07:08:47,18.210000000000001,0.72999999999999998,7,3
2026-02-21 08:56:13,12.800000000000001,2.6000000000000001,8,3
2026-02-21 11:21:08,27.25,4.5,11,2
2026-02-21 15:04:20,34.450000000000003,7.4299999999999997,15,1
2026-02-21 17:22:48,8.0299999999999994,1,17,3
2026-02-21 17:15:44,10.59,2.1000000000000001,17,3
2026-02-21 17:25:09,22.52,1.8999999999999999,17,3
2026-02-21 18:01:12,15.16,0.46000000000000002,18,3
2026-02-21 19:15:42,27,3.2000000000000002,19,3
2026-02-21 19:48:23,20.82,2.6400000000000001,19,3
2026-02-21 19:02:41,34.200000000000003,4.8499999999999996,19,3
2026-02-21 20:42:00,47.960000000000001,8.8399999999999999,20,3
2026-02-21 20:21:26,14.529999999999999,0.77000000000000002,20,3
2026-02-21 20:36:55,13.300000000000001,0.28000000000000003,20,3
2026-02-21 20:55:37,33.810000000000002,3.6400000000000001,20,3
2026-02-21 20:07:24,29.629999999999999,2.4500000000000002,20,3
2026-02-21 21:09:15,11.369999999999999,1.3200000000000001,21,3
2026-02-21 22:17:22,24.98,2.25,22,3
2026-02-21 22:46:10,15.720000000000001,1.72,22,3
2026-02-21 23:58:27,22.940000000000001,2.6699999999999999,23,3
2026-02-22 00:35:40,10.949999999999999,1.6000000000000001,0,2
2026-02-22 00:39:10,15.9,1.6299999999999999,0,2
2026-02-22 00:13:59,72.480000000000004,7.2800000000000002,0,2
2026-02-22 00:28:36,28.710000000000001,7.2000000000000002,0,2
2026-02-22 00:00:27,31.75,1.1899999999999999,0,2
2026-02-22 01:08:35,44.75,5.7000000000000002,1,3
2026-02-22 01:25:52,27.640000000000001,7.0499999999999998,1,3
2026-02-22 02:05:20,53.719999999999999,11.77,2,3
2026-02-22 03:46:54,54.189999999999998,9.1400000000000006,3,3
2026-02-22 04:47:29,19.09,0.80000000000000004,4,3
2026-02-22 06:03:12,52.93,4.5700000000000003,6,3
2026-02-22 06:29:02,33.450000000000003,4.7699999999999996,6,3
2026-02-22 07:53:03,34.740000000000002,9.3000000000000007,7,3
2026-02-22 08:27:34,55.93,8.1300000000000008,8,3
2026-02-22 09:33:16,27.82,5.0199999999999996,9,3
2026-02-22 12:16:38,11.19,1.1699999999999999,12,3
2026-02-22 12:43:19,23.43,3.1200000000000001,12,3
2026-02-22 13:16:26,21.190000000000001,5.2999999999999998,13,3
2026-02-22 15:19:39,21.190000000000001,5.3399999999999999,15,7
2026-02-22 15:54:06,12.44,1.5,15,7
2026-02-22 17:51:04,18.940000000000001,2.3700000000000001,17,8
2026-02-22 17:26:01,23.489999999999998,2.73,17,8
2026-02-22 17:01:50,16.25,2.27,17,8
2026-02-22 19:15:39,16.109999999999999,1.28,19,12
2026-02-22 21:57:43,32.189999999999998,4.9100000000000001,21,15
2026-02-23 07:59:28,30.059999999999999,3.29,7,15
2026-02-23 12:58:56,29.48,5.6299999999999999,12,15
2026-02-23 15:39:17,28.199999999999999,7.46,15,15
2026-02-23 15:33:42,13.869999999999999,0.88,15,15
2026-02-23 19:25:38,20.210000000000001,0.01,19,15
2026-02-23 19:32:25,28.190000000000001,0.01,19,15
2026-02-23 20:15:37,23.16,4.3600000000000003,20,14
2026-02-23 20:38:45,14.859999999999999,1.9299999999999999,20,14
2026-02-23 21:59:06,14.09,0.22,21,14
2026-02-23 21:41:35,21.329999999999998,2.1600000000000001,21,14
2026-02-23 23:42:12,11.42,1,23,3
2026-02-23 23:43:37,20.149999999999999,0.98999999999999999,23,3
2026-02-23 23:41:58,6.5300000000000002,0.5,23,3
2026-02-24 00:07:03,22.079999999999998,1.6100000000000001,0,3
2026-02-24 02:57:01,54.039999999999999,5.71,2,3
2026-02-24 07:04:46,44.82,2.9100000000000001,7,3
2026-02-24 08:11:54,24.989999999999998,3.3199999999999998,8,2
2026-02-24 08:35:07,29.219999999999999,2.3300000000000001,8,2
2026-02-24 09:10:13,57.420000000000002,5.8300000000000001,9,3
2026-02-24 09:23:42,12.859999999999999,2.1499999999999999,9,3
2026-02-24 13:14:10,23.960000000000001,1.73,13,3
2026-02-24 13:06:35,3,4.75,13,3
2026-02-24 14:49:08,29.379999999999999,2.29,14,2
2026-02-24 14:38:32,3,3.0600000000000001,14,2
2026-02-24 15:57:46,13.119999999999999,1.7,15,1
2026-02-24 17:55:25,21.079999999999998,2.2000000000000002,17,1
2026-02-24 17:38:37,9.9100000000000001,0.01,17,1
2026-02-24 17:35:25,39.600000000000001,7.2000000000000002,17,1
2026-02-24 18:58:33,26.199999999999999,0.01,18,1
2026-02-24 18:50:31,31.199999999999999,2.8700000000000001,18,1
2026-02-24 18:44:06,9.0999999999999996,0.01,18,1
2026-02-24 19:02:21,39.060000000000002,7.9000000000000004,19,1
2026-02-24 19:15:57,26.77,3,19,1
2026-02-24 19:12:16,35.490000000000002,0.01,19,1
2026-02-24 21:16:53,33.990000000000002,2.96,21,1
2026-02-24 21:35:08,18.18,1.1399999999999999,21,1
2026-02-24 22:27:50,17.120000000000001,2.0499999999999998,22,1
2026-02-24 22:48:52,14.109999999999999,1.54,22,1
2026-02-24 22:33:27,32.210000000000001,8.3800000000000008,22,1
2026-02-24 23:30:03,28.449999999999999,7.4299999999999997,23,1
2026-02-25 04:32:31,25.100000000000001,0.59999999999999998,4,3
2026-02-25 06:50:33,75.260000000000005,20.66,6,3
2026-02-25 07:07:57,39.329999999999998,4.5899999999999999,7,3
2026-02-25 07:44:24,32.899999999999999,0.59999999999999998,7,3
2026-02-25 07:01:08,50.119999999999997,6.0899999999999999,7,3
2026-02-25 07:10:42,62.18,4.54,7,3
2026-02-25 07:38:18,47.969999999999999,1.3899999999999999,7,3
2026-02-25 08:05:11,40.07,1.4099999999999999,8,3
2026-02-25 08:08:07,20.5,2.1000000000000001,8,3
2026-02-25 08:49:54,42.630000000000003,1.6899999999999999,8,3
2026-02-25 08:03:10,85.200000000000003,9.4000000000000004,8,3
2026-02-25 09:54:07,24.210000000000001,2.77,9,3
2026-02-25 09:35:58,24.710000000000001,2.2999999999999998,9,3
2026-02-25 12:29:10,53.039999999999999,5.2599999999999998,12,15
2026-02-25 13:14:46,38.719999999999999,2.8900000000000001,13,15
2026-02-25 14:40:56,11.83,1.6399999999999999,14,14
2026-02-25 14:11:11,29.460000000000001,5.6500000000000004,14,14
2026-02-25 15:14:13,31.190000000000001,7.1699999999999999,15,3
2026-02-25 16:05:11,19.940000000000001,2.4300000000000002,16,3
2026-02-25 17:08:23,29.199999999999999,6.3700000000000001,17,3
2026-02-25 18:16:12,54.030000000000001,0.01,18,3
2026-02-25 18:38:30,19.66,1.3999999999999999,18,3
2026-02-25 18:08:14,15.19,0.02,18,3
2026-02-25 21:46:34,31.469999999999999,2.2000000000000002,21,1
2026-02-25 22:07:45,33.210000000000001,1.96,22,1
2026-02-25 22:33:00,9.6400000000000006,0.83999999999999997,22,1
2026-02-25 22:07:36,33.240000000000002,2.77,22,1
2026-02-25 22:30:00,11.09,1.8700000000000001,22,1
2026-02-26 02:02:16,8.0299999999999994,0.51000000000000001,2,1
2026-02-26 03:50:21,25.170000000000002,4.5199999999999996,3,1
2026-02-26 05:45:41,14.140000000000001,1.78,5,3
2026-02-26 06:12:50,13.19,1.45,6,1
2026-02-26 07:39:43,53.740000000000002,9.5800000000000001,7,1
2026-02-26 11:38:41,7.9000000000000004,0.80000000000000004,11,1
2026-02-26 11:10:13,32.25,2.98,11,1
2026-02-26 11:02:35,11.94,0.91000000000000003,11,1
2026-02-26 13:40:01,8.4000000000000004,1.29,13,3
2026-02-26 15:26:37,3,4.2000000000000002,15,3
2026-02-26 16:34:20,19.309999999999999,4.4000000000000004,16,3
2026-02-26 17:33:36,67.430000000000007,5.6200000000000001,17,3
2026-02-26 17:16:53,35.68,6.75,17,3
2026-02-26 19:49:06,41.270000000000003,1.0800000000000001,19,3
2026-02-26 20:12:04,32.509999999999998,4.2999999999999998,20,3
2026-02-26 20:34:41,50.130000000000003,1.3400000000000001,20,3
2026-02-26 20:31:20,40.670000000000002,2.0299999999999998,20,3
2026-02-26 21:47:13,30.370000000000001,1.79,21,3
2026-02-26 21:07:28,69.180000000000007,12.84,21,3
2026-02-26 21:05:19,33.079999999999998,2.8999999999999999,21,3
2026-02-26 21:34:53,21.850000000000001,2.7999999999999998,21,3
2026-02-26 22:07:18,56.969999999999999,3.7799999999999998,22,3
2026-02-27 01:32:05,13.449999999999999,1.5700000000000001,1,3
2026-02-27 04:20:21,13.34,1.25,4,3
2026-02-27 06:45:54,19.579999999999998,2.3100000000000001,6,1
2026-02-27 07:03:45,9.4900000000000002,1.8,7,1
2026-02-27 08:23:39,37.200000000000003,3.8799999999999999,8,1
2026-02-27 08:35:21,45.030000000000001,7.8600000000000003,8,1
2026-02-27 09:43:00,28.850000000000001,3.8399999999999999,9,1
2026-02-27 09:22:08,39.609999999999999,3.73,9,1
2026-02-27 09:08:24,24.809999999999999,2.7400000000000002,9,1
2026-02-27 09:53:43,20.289999999999999,2.2400000000000002,9,1
2026-02-27 09:18:18,23.98,2.3599999999999999,9,1
2026-02-27 14:57:48,16.940000000000001,1.03,14,1
2026-02-27 14:01:20,19.109999999999999,1.74,14,1
2026-02-27 15:59:09,85.040000000000006,0.02,15,1
2026-02-27 15:56:46,11.85,0.45000000000000001,15,1
2026-02-27 16:17:03,22.210000000000001,1.22,16,1
2026-02-27 18:32:59,15.94,0.01,18,1
2026-02-27 18:32:12,11.210000000000001,4.6100000000000003,18,1
2026-02-27 18:53:14,55.259999999999998,0.01,18,1
2026-02-27 19:17:10,44.609999999999999,3.8599999999999999,19,1
2026-02-27 19:38:12,56.460000000000001,1.45,19,1
2026-02-27 19:58:14,30.449999999999999,4.0099999999999998,19,1
2026-02-27 20:33:54,32.960000000000001,3.6000000000000001,20,1
2026-02-27 20:57:04,11.75,2.1600000000000001,20,1
2026-02-27 20:03:17,43.840000000000003,1.74,20,1
2026-02-27 21:40:49,17.620000000000001,1.74,21,1
2026-02-27 22:32:52,27.52,4.2599999999999998,22,1
2026-02-27 23:13:06,13.24,1,23,1
2026-02-27 23:58:00,22.199999999999999,0.78000000000000003,23,1
2026-02-28 00:07:02,18.199999999999999,0.87,0,1
2026-02-28 00:21:29,15.92,2.7200000000000002,0,1
2026-02-28 01:21:26,11.789999999999999,1.8500000000000001,1,1
2026-02-28 01:49:04,45.840000000000003,4.5499999999999998,1,1
2026-02-28 03:26:42,33.200000000000003,3.6800000000000002,3,1
2026-02-28 09:27:45,43.920000000000002,9.1600000000000001,9,5
2026-02-28 10:11:19,40.659999999999997,4.8399999999999999,10,5
2026-02-28 10:56:59,12.970000000000001,1.1499999999999999,10,5
2026-02-28 10:49:28,16.32,4.5,10,5
2026-02-28 12:05:26,5.0999999999999996,0.59999999999999998,12,5
2026-02-28 13:01:52,14.130000000000001,1.1499999999999999,13,5
2026-02-28 13:54:58,30.210000000000001,0.01,13,5
2026-02-28 14:35:10,23.199999999999999,1.51,14,5
2026-02-28 14:09:11,31.579999999999998,3.6000000000000001,14,5
2026-02-28 16:22:05,21.809999999999999,1.45,16,5
2026-02-28 17:52:25,18.210000000000001,2.0600000000000001,17,5
2026-02-28 18:31:00,22.789999999999999,2.2999999999999998,18,3
2026-02-28 18:06:42,20.170000000000002,2.3999999999999999,18,3
2026-02-28 18:18:59,62.079999999999998,11.83,18,3
2026-02-28 19:42:13,16.710000000000001,0.84999999999999998,19,3
2026-02-28 19:23:45,33.18,3.7200000000000002,19,3
2026-02-28 19:01:10,42.189999999999998,3.7400000000000002,19,3
2026-02-28 19:50:38,28.399999999999999,3.1800000000000002,19,3
2026-02-28 20:27:47,64.409999999999997,10.44,20,2
2026-02-28 20:31:36,35.200000000000003,4.96,20,2
2026-02-28 21:59:15,26.73,4.5099999999999998,21,2
2026-02-28 21:31:42,27.359999999999999,2.9300000000000002,21,2
2026-02-28 21:30:58,24.190000000000001,4.7000000000000002,21,2
2026-02-28 22:48:54,41.43,8.0099999999999998,22,1
2026-02-28 22:49:45,11.380000000000001,1.3300000000000001,22,1
2026-02-28 22:14:53,30.18,1.6599999999999999,22,1
2026-02-28 23:48:31,40.020000000000003,1.45,23,2
2026-02-28 23:48:16,42.189999999999998,5.21,23,2
2026-03-01 00:18:29,31,7.29,0,5
2026-03-01 00:00:30,8.5999999999999996,1.26,0,5
2026-03-01 01:40:00,19.100000000000001,4.1200000000000001,1,5
2026-03-01 01:24:56,37.299999999999997,8.8300000000000001,1,5
2026-03-01 01:23:27,14.199999999999999,2.4399999999999999,1,5
2026-03-01 01:28:38,35.200000000000003,8.1600000000000001,1,5
2026-03-01 01:37:25,15.6,3.0099999999999998,1,5
2026-03-01 01:37:34,4.4000000000000004,0.23000000000000001,1,5
2026-03-01 02:57:54,19.100000000000001,3.8999999999999999,2,1
2026-03-01 02:24:05,19.800000000000001,4.0499999999999998,2,1
2026-03-01 02:00:32,7.9000000000000004,0.64000000000000001,2,1
2026-03-01 03:55:34,8.5999999999999996,1.47,3,5
2026-03-01 03:34:17,27.5,5.9199999999999999,3,5
2026-03-01 09:09:42,31,7.7999999999999998,9,1
2026-03-01 09:49:00,7.2000000000000002,0.98999999999999999,9,1
2026-03-01 09:58:02,7.9000000000000004,1.1200000000000001,9,1
2026-03-01 10:45:15,7.2000000000000002,0.83999999999999997,10,3
2026-03-01 10:56:10,9.3000000000000007,1.8600000000000001,10,3
2026-03-01 10:46:30,7.9000000000000004,1.1699999999999999,10,3
2026-03-01 10:57:46,18.399999999999999,2.8500000000000001,10,3
2026-03-01 11:27:16,8.5999999999999996,1.1599999999999999,11,3
2026-03-01 11:15:47,8.5999999999999996,0.98999999999999999,11,3
2026-03-01 11:39:21,7.2000000000000002,0.97999999999999998,11,3
2026-03-01 11:40:47,14.9,2.4300000000000002,11,3
2026-03-01 12:03:42,12.1,1.46,12,3
2026-03-01 12:45:20,8.5999999999999996,1.0700000000000001,12,3
2026-03-01 12:44:48,13.5,1.6000000000000001,12,3
2026-03-01 13:14:23,8.5999999999999996,1.2,13,3
2026-03-01 13:19:50,21.199999999999999,3.8900000000000001,13,3
2026-03-01 14:01:44,9.3000000000000007,0.92000000000000004,14,3
2026-03-01 14:26:41,17.699999999999999,2.2000000000000002,14,3
2026-03-01 14:48:36,10,1.1499999999999999,14,3
2026-03-01 14:41:17,47.799999999999997,11.199999999999999,14,3
2026-03-01 14:05:03,22.5,3.2999999999999998,14,3
2026-03-01 14:02:09,12.800000000000001,1.8400000000000001,14,3
2026-03-01 15:44:53,9.3000000000000007,1.4099999999999999,15,3
2026-03-01 15:25:44,70,18.399999999999999,15,3
2026-03-01 15:37:44,47.799999999999997,10.619999999999999,15,3
2026-03-01 15:17:34,10,1.1899999999999999,15,3
2026-03-01 16:34:50,10,1.3700000000000001,16,3
2026-03-01 16:10:12,9.3000000000000007,0.93000000000000005,16,3
2026-03-01 16:36:05,17,2.8100000000000001,16,3
2026-03-01 16:46:58,63.200000000000003,16.390000000000001,16,3
2026-03-01 16:30:39,21.199999999999999,2.9100000000000001,16,3
2026-03-01 16:53:24,47.100000000000001,10.279999999999999,16,3
2026-03-01 17:20:23,29.600000000000001,5.0700000000000003,17,3
2026-03-01 17:25:19,33.799999999999997,8.1300000000000008,17,3
2026-03-01 17:04:44,9.3000000000000007,1.3700000000000001,17,3
2026-03-01 17:16:54,70,18.920000000000002,17,3
2026-03-01 17:40:11,4.4000000000000004,0.42999999999999999,17,3
2026-03-01 18:46:49,64,4.8099999999999996,18,3
2026-03-01 18:40:00,10,1.51,18,3
2026-03-01 18:11:27,15.6,1.72,18,3
2026-03-01 19:38:38,39.399999999999999,9.9000000000000004,19,3
2026-03-01 19:43:04,7.2000000000000002,0.90000000000000002,19,3
2026-03-01 19:26:42,8.5999999999999996,1.5,19,3
2026-03-01 19:59:20,47.100000000000001,11.93,19,3
2026-03-01 20:10:45,32.399999999999999,6.2699999999999996,20,3
2026-03-01 20:39:47,7.2000000000000002,0.81000000000000005,20,3
2026-03-01 21:17:18,7.9000000000000004,0.96999999999999997,21,3
2026-03-01 21:38:14,59,14.83,21,3
2026-03-01 22:38:22,5.0999999999999996,0.70999999999999996,22,1
2026-03-01 22:31:27,5.7999999999999998,0.64000000000000001,22,1
2026-03-01 23:07:27,3,0.029999999999999999,23,1
2026-03-02 00:16:36,31,7.9299999999999997,0,1
2026-03-02 00:25:28,16.300000000000001,3.1499999999999999,0,1
2026-03-02 06:45:10,14.199999999999999,2.75,6,1
2026-03-02 07:38:03,5.0999999999999996,0.55000000000000004,7,1
2026-03-02 07:32:22,83,8.1999999999999993,7,1
2026-03-02 07:01:40,9.3000000000000007,1.4399999999999999,7,1
2026-03-02 07:18:33,28.5,6.0999999999999996,7,1
2026-03-02 08:56:18,26.800000000000001,2.9900000000000002,8,1
2026-03-02 08:31:13,10.699999999999999,1.1000000000000001,8,1
2026-03-02 08:35:48,9.3000000000000007,1.1000000000000001,8,1
2026-03-02 08:02:43,14.199999999999999,2.1099999999999999,8,1
2026-03-02 09:43:28,42.200000000000003,8.3300000000000001,9,1
2026-03-02 09:30:01,14.9,1.9099999999999999,9,1
2026-03-02 09:41:15,70,16.510000000000002,9,1
2026-03-02 09:46:30,24.5,3.1000000000000001,9,1
2026-03-02 10:58:02,18.399999999999999,3.1899999999999999,10,1
2026-03-02 10:38:23,6.5,0.73999999999999999,10,1
2026-03-02 10:30:34,29.5,3.5,10,1
2026-03-02 10:51:30,41.5,9.2100000000000009,10,1
2026-03-02 10:40:14,40.5,11.5,10,1
2026-03-02 11:25:31,4.4000000000000004,0.40000000000000002,11,3
2026-03-02 11:57:05,7.2000000000000002,0.29999999999999999,11,3
2026-03-02 11:06:44,8.5999999999999996,0.89000000000000001,11,3
2026-03-02 11:47:07,19.800000000000001,3.5600000000000001,11,3
2026-03-02 11:44:10,53.399999999999999,8.3599999999999994,11,3
2026-03-02 12:43:00,24.5,6.5999999999999996,12,3
2026-03-02 12:01:25,14.199999999999999,1.6000000000000001,12,3
2026-03-02 12:14:33,34.5,10.5,12,3
2026-03-02 12:25:31,5.0999999999999996,0.66000000000000003,12,3
2026-03-02 13:33:25,9.3000000000000007,1.3400000000000001,13,3
2026-03-02 13:20:05,10,1.3500000000000001,13,3
2026-03-02 13:31:57,12.1,1.3400000000000001,13,3
2026-03-02 13:41:14,7.9000000000000004,0.69999999999999996,13,3
2026-03-02 13:16:41,45.700000000000003,10.44,13,3
2026-03-02 13:00:12,15.6,2.0800000000000001,13,3
2026-03-02 13:09:11,16.300000000000001,2.1299999999999999,13,3
2026-03-02 13:49:05,54.799999999999997,13.039999999999999,13,3
2026-03-02 14:18:45,21.899999999999999,3.1699999999999999,14,3
2026-03-02 14:28:29,16.300000000000001,2.0699999999999998,14,3
2026-03-02 14:35:45,9.3000000000000007,1.0700000000000001,14,3
2026-03-02 14:44:04,6.5,0.75,14,3
2026-03-02 14:57:53,19.800000000000001,2.7200000000000002,14,3
2026-03-02 14:25:13,70,12.9,14,3
2026-03-02 14:32:27,16.300000000000001,2.23,14,3
2026-03-02 15:16:08,56.200000000000003,11.59,15,3
2026-03-02 15:17:13,10.699999999999999,0.60999999999999999,15,3
2026-03-02 15:31:44,5.7999999999999998,0.69999999999999996,15,3
2026-03-02 15:35:10,7.2000000000000002,0.73999999999999999,15,3
2026-03-02 15:29:07,12.800000000000001,1.8,15,3
2026-03-02 15:52:11,9.3000000000000007,0.94999999999999996,15,3
2026-03-02 15:03:58,11.4,1.5700000000000001,15,3
2026-03-02 15:39:36,5.7999999999999998,0.5,15,3
2026-03-02 15:52:52,12.800000000000001,1.3999999999999999,15,3
2026-03-02 16:02:24,15.6,2.2999999999999998,16,3
2026-03-02 16:01:01,12.800000000000001,1.5,16,3
2026-03-02 16:49:57,8.5999999999999996,1.3999999999999999,16,3
2026-03-02 16:36:17,14.199999999999999,1.9399999999999999,16,3
2026-03-02 16:31:14,63.200000000000003,15.130000000000001,16,3
2026-03-02 16:34:26,12.1,2.1000000000000001,16,3
2026-03-02 16:53:08,5.7999999999999998,0.68000000000000005,16,3
2026-03-02 16:37:59,5.7999999999999998,0.71999999999999997,16,3
2026-03-02 16:09:35,42.5,12.9,16,3
2026-03-02 17:47:19,28.199999999999999,5.7999999999999998,17,3
2026-03-02 17:41:03,38.700000000000003,7.3399999999999999,17,3
2026-03-02 17:18:07,14.199999999999999,1.5700000000000001,17,3
2026-03-02 17:04:13,5.0999999999999996,0.62,17,3
2026-03-02 17:28:50,70,18.289999999999999,17,3
2026-03-02 17:21:22,12.800000000000001,1.52,17,3
2026-03-02 17:46:16,10,1.52,17,3
2026-03-02 17:14:59,8.5999999999999996,0.81999999999999995,17,3
2026-03-02 17:05:12,33.799999999999997,5.5499999999999998,17,3
2026-03-02 18:01:06,17,3.1000000000000001,18,3
2026-03-02 18:15:02,11.4,1.1000000000000001,18,3
2026-03-02 18:06:15,17,2.3300000000000001,18,3
2026-03-02 18:00:52,10,1.05,18,3
2026-03-02 18:07:58,13.5,1.8999999999999999,18,3
2026-03-02 19:54:26,12.800000000000001,1.76,19,3
2026-03-02 19:22:46,7.2000000000000002,1,19,3
2026-03-02 19:16:08,9.3000000000000007,1.5600000000000001,19,3
2026-03-02 19:23:46,19.100000000000001,3,19,3
2026-03-02 19:58:38,7.2000000000000002,0.87,19,3
2026-03-02 19:59:13,7.2000000000000002,1.25,19,3
2026-03-02 19:21:06,6.5,0.73999999999999999,19,3
2026-03-02 19:02:17,5.0999999999999996,0.29999999999999999,19,3
2026-03-02 19:14:13,8.5999999999999996,0.84999999999999998,19,3
2026-03-02 19:05:29,8.5999999999999996,1.1699999999999999,19,3
2026-03-02 19:20:12,8.5999999999999996,0.97999999999999998,19,3
2026-03-02 20:39:16,10,1.4399999999999999,20,3
2026-03-02 20:43:33,11.4,1.25,20,3
2026-03-02 21:39:47,10.699999999999999,1.47,21,3
2026-03-02 22:33:02,8.5999999999999996,1.3799999999999999,22,3
2026-03-02 22:00:57,7.9000000000000004,1.0600000000000001,22,3
2026-03-03 02:05:07,7.2000000000000002,0.81999999999999995,2,1
2026-03-03 06:13:45,5.7999999999999998,0.69999999999999996,6,3
2026-03-03 06:23:17,27.5,6.2000000000000002,6,3
2026-03-03 07:55:13,34.5,6.7999999999999998,7,3
2026-03-03 07:09:47,37.5,10,7,3
2026-03-03 08:52:36,19.800000000000001,1.8999999999999999,8,3
2026-03-03 08:28:50,9.3000000000000007,0.71999999999999997,8,3
2026-03-03 09:45:41,11.4,1,9,3
2026-03-03 09:07:13,6.5,0.73999999999999999,9,3
2026-03-03 09:22:28,26.100000000000001,4.1900000000000004,9,3
2026-03-03 09:13:55,17.699999999999999,2.0600000000000001,9,3
2026-03-03 09:35:37,10.699999999999999,1.28,9,3
2026-03-03 10:12:09,7.2000000000000002,0.10000000000000001,10,3
2026-03-03 10:47:12,7.2000000000000002,1.04,10,3
2026-03-03 10:16:27,8.5999999999999996,1.1000000000000001,10,3
2026-03-03 10:52:18,13.5,2,10,3
2026-03-03 10:25:19,70,16.359999999999999,10,3
2026-03-03 10:33:28,5.0999999999999996,0.40000000000000002,10,3
2026-03-03 11:54:33,28.899999999999999,2.21,11,3
2026-03-03 11:48:58,21.199999999999999,2.3999999999999999,11,3
2026-03-03 11:26:51,7.9000000000000004,0.88,11,3
2026-03-03 11:20:20,9.3000000000000007,1.1000000000000001,11,3
2026-03-03 11:12:44,13.5,1.46,11,3
2026-03-03 11:21:14,21.5,2.7999999999999998,11,3
2026-03-03 11:47:18,96.5,17.59,11,3
2026-03-03 12:36:00,11.4,1.1200000000000001,12,3
2026-03-03 12:20:38,7.9000000000000004,0.38,12,3
2026-03-03 12:57:24,26.800000000000001,4,12,3
2026-03-03 12:23:46,13.5,1.1499999999999999,12,3
2026-03-03 12:58:32,8.5999999999999996,0.89000000000000001,12,3
2026-03-03 12:00:07,17,1.76,12,3
2026-03-03 12:32:11,59.5,23.199999999999999,12,3
2026-03-03 13:21:18,7.2000000000000002,0.5,13,3
2026-03-03 13:41:31,7.2000000000000002,0.68000000000000005,13,3
2026-03-03 13:43:31,7.9000000000000004,0.94999999999999996,13,3
2026-03-03 13:33:03,17,1.1699999999999999,13,3
2026-03-03 13:47:35,3.7000000000000002,0.19,13,3
2026-03-03 14:41:41,22.600000000000001,2.7999999999999998,14,3
2026-03-03 14:20:27,16.300000000000001,1,14,3
2026-03-03 14:30:16,9.3000000000000007,0.73999999999999999,14,3
2026-03-03 14:31:45,17.699999999999999,1.51,14,3
2026-03-03 14:27:50,12.800000000000001,1.7,14,3
2026-03-03 14:26:54,70.200000000000003,17.129999999999999,14,3
2026-03-03 14:39:56,5.0999999999999996,0.40000000000000002,14,3
2026-03-03 14:11:21,14.199999999999999,1.6299999999999999,14,3
2026-03-03 14:59:57,17.699999999999999,2.8999999999999999,14,3
2026-03-03 14:56:10,22.600000000000001,2.2200000000000002,14,3
2026-03-03 15:08:30,7.9000000000000004,0.57999999999999996,15,15
2026-03-03 15:49:31,10,1.05,15,15
2026-03-03 15:50:01,27.5,2.2999999999999998,15,15
2026-03-03 15:07:05,12.800000000000001,0.35999999999999999,15,15
2026-03-03 15:37:32,19.100000000000001,1.23,15,15
2026-03-03 15:56:54,10,0.78000000000000003,15,15
2026-03-03 15:45:43,12.800000000000001,1.22,15,15
2026-03-03 16:14:32,22.600000000000001,2.1899999999999999,16,15
2026-03-03 16:06:26,12.800000000000001,1.29,16,15
2026-03-03 16:22:59,14.9,2.2999999999999998,16,15
2026-03-03 16:53:26,9.3000000000000007,1.1200000000000001,16,15
2026-03-03 16:46:56,29.5,6.5999999999999996,16,15
2026-03-03 16:37:35,43.5,6.2999999999999998,16,15
2026-03-03 16:50:43,23.300000000000001,2.3900000000000001,16,15
2026-03-03 16:29:52,3.7000000000000002,0.070000000000000007,16,15
2026-03-03 16:13:22,20.5,2.4100000000000001,16,15
2026-03-03 16:30:11,46.5,13.1,16,15
2026-03-03 17:42:22,10,1.1399999999999999,17,12
2026-03-03 17:32:42,10.699999999999999,1.4099999999999999,17,12
2026-03-03 17:32:08,70,18.300000000000001,17,12
2026-03-03 17:43:51,9.3000000000000007,1.1899999999999999,17,12
2026-03-03 17:16:19,11.4,1.1000000000000001,17,12
2026-03-03 17:38:18,21.199999999999999,2.48,17,12
2026-03-03 18:37:49,9.3000000000000007,1.1000000000000001,18,12
2026-03-03 18:55:23,7.2000000000000002,0.93999999999999995,18,12
2026-03-03 18:13:05,40.100000000000001,9.4600000000000009,18,12
2026-03-03 18:17:12,10,0.95999999999999996,18,12
2026-03-03 18:27:11,4.4000000000000004,0.38,18,12
2026-03-03 18:37:16,18.399999999999999,2.6899999999999999,18,12
2026-03-03 18:39:40,7.9000000000000004,0.85999999999999999,18,12
2026-03-03 18:13:14,11.4,1.29,18,12
2026-03-03 19:59:46,9.3000000000000007,1.5800000000000001,19,12
2026-03-03 19:26:21,7.2000000000000002,0.93999999999999995,19,12
2026-03-03 19:43:07,44.299999999999997,9.1699999999999999,19,12
2026-03-03 19:22:36,26.100000000000001,5.8499999999999996,19,12
2026-03-03 19:43:43,8.5999999999999996,1.0600000000000001,19,12
2026-03-03 19:38:19,8.5999999999999996,1.1499999999999999,19,12
2026-03-03 19:53:42,5.0999999999999996,0.40000000000000002,19,12
2026-03-03 19:55:00,9.3000000000000007,1.2,19,12
2026-03-03 19:31:57,15.6,2.8300000000000001,19,12
2026-03-03 19:38:14,10,1.1899999999999999,19,12
2026-03-03 19:15:50,14.199999999999999,2.1699999999999999,19,12
2026-03-03 20:52:16,7.2000000000000002,0.69999999999999996,20,12
2026-03-03 20:20:42,6.5,0.66000000000000003,20,12
2026-03-03 20:30:44,12.1,2.2999999999999998,20,12
2026-03-03 20:32:52,5.0999999999999996,0.5,20,12
2026-03-03 21:09:24,8.5999999999999996,1.0600000000000001,21,9
2026-03-03 21:51:29,8.5999999999999996,1.3100000000000001,21,9
2026-03-03 21:58:50,6.5,0.88,21,9
2026-03-03 21:08:59,21.899999999999999,3.98,21,9
2026-03-03 21:51:38,6.5,0.68999999999999995,21,9
2026-03-03 22:03:09,90.5,24.879999999999999,22,12
2026-03-03 22:18:04,13.5,2,22,12
2026-03-03 23:58:03,11.4,1.71,23,12
2026-03-03 23:08:12,15.6,3.04,23,12
2026-03-03 23:47:50,17.699999999999999,3.23,23,12
2026-03-03 23:27:52,46.399999999999999,10.99,23,12
2026-03-04 00:16:32,21.899999999999999,5,0,12
2026-03-04 02:34:06,12.800000000000001,2.3900000000000001,2,13
2026-03-04 07:25:25,15.6,3,7,8
2026-03-04 07:48:31,12.1,1.6399999999999999,7,8
2026-03-04 08:46:52,10.699999999999999,1.1899999999999999,8,8
2026-03-04 09:12:04,26.800000000000001,3.7599999999999998,9,3
2026-03-04 09:26:08,52.700000000000003,13.09,9,3
2026-03-04 09:04:36,13.5,1.6000000000000001,9,3
2026-03-04 09:54:01,17.5,0.80000000000000004,9,3
2026-03-04 10:21:50,7.9000000000000004,0.40000000000000002,10,3
2026-03-04 10:04:39,30.300000000000001,6.4699999999999998,10,3
2026-03-04 10:22:06,7.9000000000000004,0.77000000000000002,10,3
2026-03-04 10:28:41,10,0.67000000000000004,10,3
2026-03-04 10:59:00,13.5,1.8200000000000001,10,3
2026-03-04 10:02:19,95,0.040000000000000001,10,3
2026-03-04 10:23:19,87,3.98,10,3
2026-03-04 11:54:06,14.199999999999999,1.74,11,3
2026-03-04 11:20:52,5.7999999999999998,0.59999999999999998,11,3
2026-03-04 11:04:08,12.800000000000001,1.3,11,3
2026-03-04 11:09:21,31,4.5999999999999996,11,3
2026-03-04 11:22:57,23.300000000000001,2.3599999999999999,11,3
2026-03-04 12:30:00,8.5999999999999996,0.69999999999999996,12,3
2026-03-04 12:23:39,11.4,1.24,12,3
2026-03-04 12:02:44,7.9000000000000004,0.95999999999999996,12,3
2026-03-04 12:42:33,4.4000000000000004,0.41999999999999998,12,3
2026-03-04 12:21:37,9.3000000000000007,0.97999999999999998,12,3
2026-03-04 12:53:29,5.7999999999999998,0.53000000000000003,12,3
2026-03-04 12:13:49,9.3000000000000007,1.1699999999999999,12,3
2026-03-04 12:58:55,19.100000000000001,1.9099999999999999,12,3
2026-03-04 12:30:15,29.600000000000001,7.0700000000000003,12,3
2026-03-04 12:36:29,26.800000000000001,4.4000000000000004,12,3
2026-03-04 13:50:43,4.4000000000000004,0.33000000000000002,13,3
2026-03-04 13:51:59,10.699999999999999,1.2,13,3
2026-03-04 13:13:25,23.300000000000001,2.8999999999999999,13,3
2026-03-04 13:03:55,15.6,1.74,13,3
2026-03-04 13:29:02,31.699999999999999,4.6799999999999997,13,3
2026-03-04 13:14:14,78.599999999999994,15.98,13,3
2026-03-04 14:04:02,23.300000000000001,2.9700000000000002,14,3
2026-03-04 14:08:38,25.399999999999999,3.5600000000000001,14,3
2026-03-04 14:44:24,17,2.25,14,3
2026-03-04 14:11:57,10,1.3999999999999999,14,3
2026-03-04 14:47:06,19.800000000000001,2.3799999999999999,14,3
2026-03-04 15:55:17,70,19.699999999999999,15,3
2026-03-04 15:14:08,13.5,1.02,15,3
2026-03-04 15:27:33,13.5,1.3200000000000001,15,3
2026-03-04 15:16:32,9.3000000000000007,1.2,15,3
2026-03-04 15:40:35,70,17.260000000000002,15,3
2026-03-04 15:38:37,14.9,1.73,15,3
2026-03-04 15:41:52,6.5,0.33000000000000002,15,3
2026-03-04 15:58:45,12.800000000000001,1.53,15,3
2026-03-04 16:09:19,11.4,1.6000000000000001,16,3
2026-03-04 16:01:26,5.7999999999999998,0.40000000000000002,16,3
2026-03-04 16:27:32,12.800000000000001,2.1200000000000001,16,3
2026-03-04 16:25:21,7.2000000000000002,0.84999999999999998,16,3
2026-03-04 16:57:21,70,16.670000000000002,16,3
2026-03-04 16:30:00,46.5,1.1000000000000001,16,3
2026-03-04 16:39:57,65,3.1099999999999999,16,3
2026-03-04 16:10:41,5.7999999999999998,0.40000000000000002,16,3
2026-03-04 17:08:38,20.5,3.21,17,3
2026-03-04 17:30:18,19.800000000000001,1.78,17,3
2026-03-04 17:13:39,8.5999999999999996,0.78000000000000003,17,3
2026-03-04 17:21:39,19.100000000000001,1.3899999999999999,17,3
2026-03-04 17:48:48,70,16.800000000000001,17,3
2026-03-04 17:53:34,8.5999999999999996,1.24,17,3
2026-03-04 18:02:14,11.4,1.6000000000000001,18,3
2026-03-04 18:59:32,13.5,2.02,18,3
2026-03-04 18:34:03,10,0.98999999999999999,18,3
2026-03-04 18:50:55,13.5,1.7,18,3
2026-03-04 18:10:09,25.399999999999999,2.77,18,3
2026-03-04 18:02:41,9.3000000000000007,1.1100000000000001,18,3
2026-03-04 18:09:43,11.4,1.8,18,3
2026-03-04 18:23:23,39.5,2.1000000000000001,18,3
2026-03-04 18:09:09,29.5,5.9000000000000004,18,3
2026-03-04 19:34:51,17.699999999999999,2.6899999999999999,19,3
2026-03-04 19:35:20,21.199999999999999,3.7999999999999998,19,3
2026-03-04 19:51:38,5.0999999999999996,0.41999999999999998,19,3
2026-03-04 19:37:39,4.4000000000000004,0.37,19,3
2026-03-04 19:15:26,17.699999999999999,3.1800000000000002,19,3
2026-03-04 19:35:28,9.3000000000000007,1.4199999999999999,19,3
2026-03-04 20:46:50,7.2000000000000002,1.3,20,3
2026-03-04 20:21:18,7.9000000000000004,1.2,20,3
2026-03-04 20:54:20,9.3000000000000007,1.8,20,3
2026-03-04 20:06:03,6.5,0.63,20,3
2026-03-04 20:55:48,11.4,1.8600000000000001,20,3
2026-03-04 20:55:29,16.300000000000001,2.2999999999999998,20,3
2026-03-04 21:53:10,10,1.74,21,7
2026-03-04 21:13:50,7.9000000000000004,0.72999999999999998,21,7
2026-03-04 21:00:03,29.600000000000001,6.2999999999999998,21,7
2026-03-04 21:40:27,17.699999999999999,3.1299999999999999,21,7
2026-03-04 21:20:40,7.2000000000000002,1.03,21,7
2026-03-04 21:41:52,11.4,1.95,21,7
2026-03-04 21:48:09,45.5,13.6,21,7
2026-03-04 21:28:29,10.699999999999999,1.4199999999999999,21,7
2026-03-04 21:44:54,17.699999999999999,3.21,21,7
2026-03-04 21:25:57,12.1,2.2000000000000002,21,7
2026-03-04 22:41:02,47.799999999999997,7.3200000000000003,22,7
2026-03-04 22:49:50,8.5999999999999996,1.1499999999999999,22,7
2026-03-05 01:56:36,45,11.710000000000001,1,2
2026-03-05 03:10:01,25.5,4.5999999999999996,3,3
2026-03-05 03:13:19,17.699999999999999,3.6099999999999999,3,3
2026-03-05 05:48:25,9.3000000000000007,1.3300000000000001,5,3
2026-03-05 06:53:50,20.5,4.4000000000000004,6,3
2026-03-05 06:58:37,12.800000000000001,2.1000000000000001,6,3
2026-03-05 07:32:24,14.9,2.1400000000000001,7,3
2026-03-05 07:05:50,29.5,4.4000000000000004,7,3
2026-03-05 07:04:45,8.5999999999999996,1.22,7,3
2026-03-05 08:08:43,13.5,0.81999999999999995,8,3
2026-03-05 08:54:00,12.800000000000001,1.46,8,3
2026-03-05 08:11:58,14.199999999999999,1.6399999999999999,8,3
2026-03-05 08:22:03,11.4,1.77,8,3
2026-03-05 08:11:05,21.5,3.1000000000000001,8,3
2026-03-05 09:11:38,13.5,1.6000000000000001,9,3
2026-03-05 09:03:55,17.699999999999999,1.6399999999999999,9,3
2026-03-05 09:35:41,30.300000000000001,3.5,9,3
2026-03-05 09:26:14,17.699999999999999,1.4199999999999999,9,3
2026-03-05 11:38:42,14.9,1.8500000000000001,11,7
2026-03-05 12:32:11,11.4,1.24,12,9
2026-03-05 12:47:13,10,1.0800000000000001,12,9
2026-03-05 12:35:38,15.6,1.4299999999999999,12,9
2026-03-05 12:51:45,5.7999999999999998,0.53000000000000003,12,9
2026-03-05 12:01:05,45,4.0999999999999996,12,9
2026-03-05 13:07:41,18.399999999999999,1.8300000000000001,13,8
2026-03-05 13:56:49,7.9000000000000004,0.77000000000000002,13,8
2026-03-05 13:47:41,14.9,0.89000000000000001,13,8
2026-03-05 14:49:53,41.5,6.2999999999999998,14,8
2026-03-05 14:30:57,6.5,0.40999999999999998,14,8
2026-03-05 14:34:04,34.5,7.2400000000000002,14,8
2026-03-05 14:14:08,14.199999999999999,2.1200000000000001,14,8
2026-03-05 14:29:37,31.699999999999999,4.2800000000000002,14,8
2026-03-05 14:34:22,6.5,0.34000000000000002,14,8
2026-03-05 14:52:46,14.9,1.02,14,8
2026-03-05 14:45:03,13.5,1.04,14,8
2026-03-05 15:32:36,12.800000000000001,1.01,15,9
2026-03-05 15:02:57,6.5,0.68999999999999995,15,9
2026-03-05 15:08:19,10,0.90000000000000002,15,9
2026-03-05 15:26:43,22.600000000000001,1.8300000000000001,15,9
2026-03-05 15:40:31,6.5,0.56000000000000005,15,9
2026-03-05 15:02:42,63.200000000000003,11.109999999999999,15,9
2026-03-05 15:43:32,15.6,1.21,15,9
2026-03-05 15:19:30,8.5999999999999996,0.84999999999999998,15,9
2026-03-05 16:19:05,17,1.8,16,9
2026-03-05 17:49:49,70,16.600000000000001,17,5
2026-03-05 17:02:55,7.2000000000000002,0.5,17,5
2026-03-05 17:07:45,9.3000000000000007,1.1599999999999999,17,5
2026-03-05 17:35:43,12.800000000000001,1.3999999999999999,17,5
2026-03-05 17:29:59,17.699999999999999,1.8600000000000001,17,5
2026-03-05 17:21:53,19.800000000000001,1.8200000000000001,17,5
2026-03-05 17:52:44,7.2000000000000002,0.97999999999999998,17,5
2026-03-05 17:22:38,31.5,7,17,5
2026-03-05 17:58:52,7.9000000000000004,0.79000000000000004,17,5
2026-03-05 17:30:08,21.899999999999999,2.6400000000000001,17,5
2026-03-05 18:50:26,16.300000000000001,1.76,18,5
2026-03-05 18:21:05,21.199999999999999,2.3700000000000001,18,5
2026-03-05 18:47:04,7.9000000000000004,1.0700000000000001,18,5
2026-03-05 18:02:45,5.7999999999999998,0.35999999999999999,18,5
2026-03-05 19:45:43,16.300000000000001,2,19,7
2026-03-05 19:40:34,10,1.1000000000000001,19,7
2026-03-05 19:20:12,19.100000000000001,2.1299999999999999,19,7
2026-03-05 19:57:08,18.399999999999999,3.0699999999999998,19,7
2026-03-05 19:21:05,10.699999999999999,1.3300000000000001,19,7
2026-03-05 19:35:43,10.699999999999999,1.6299999999999999,19,7
2026-03-05 19:24:20,12.1,1.76,19,7
2026-03-05 19:27:01,18.399999999999999,2.8999999999999999,19,7
2026-03-05 19:27:21,10.699999999999999,1.6499999999999999,19,7
2026-03-05 20:19:15,31,3.9700000000000002,20,5
2026-03-05 20:05:03,17,2.4300000000000002,20,5
2026-03-05 20:04:35,70,2.3700000000000001,20,5
2026-03-05 20:56:50,8.5999999999999996,1.1299999999999999,20,5
2026-03-05 20:36:02,10,1.48,20,5
2026-03-05 20:45:24,23.300000000000001,3.77,20,5
2026-03-05 20:08:59,9.3000000000000007,1.1200000000000001,20,5
2026-03-05 20:57:28,36.600000000000001,9.3399999999999999,20,5
2026-03-05 20:29:12,14.9,1.74,20,5
2026-03-05 20:58:16,8.5999999999999996,1.3,20,5
2026-03-05 20:12:38,8.5999999999999996,0.77000000000000002,20,5
2026-03-05 20:28:13,10.699999999999999,1.52,20,5
2026-03-05 20:55:22,6.5,0.53000000000000003,20,5
2026-03-05 21:33:48,7.9000000000000004,1,21,3
2026-03-05 21:28:59,5.0999999999999996,0.41999999999999998,21,3
2026-03-05 21:28:48,29.600000000000001,4.2300000000000004,21,3
2026-03-05 21:40:14,20.5,3.1699999999999999,21,3
2026-03-05 22:36:38,11.4,1.5600000000000001,22,5
2026-03-05 22:48:42,16.300000000000001,3.2999999999999998,22,5
2026-03-05 22:00:35,19.100000000000001,3.2599999999999998,22,5
2026-03-05 22:24:37,10,1.0700000000000001,22,5
2026-03-05 22:18:39,8.5999999999999996,1.04,22,5
2026-03-05 22:42:44,21.199999999999999,4.2400000000000002,22,5
2026-03-05 22:20:06,18.399999999999999,2.96,22,5
2026-03-05 23:51:36,40.100000000000001,8.8000000000000007,23,8
2026-03-05 23:13:08,14.9,2.6000000000000001,23,8
2026-03-05 23:18:57,7.2000000000000002,1.05,23,8
2026-03-05 23:05:20,27.5,3.8999999999999999,23,8
2026-03-06 00:49:42,35.899999999999999,9.25,0,3
2026-03-06 04:52:27,71.599999999999994,18.670000000000002,4,8
2026-03-06 04:04:23,28.199999999999999,5.6299999999999999,4,8
2026-03-06 06:58:16,14.9,2.4100000000000001,6,9
2026-03-06 07:44:23,8.5999999999999996,1.02,7,8
2026-03-06 08:57:36,6.5,0.81999999999999995,8,8
2026-03-06 08:12:57,67.400000000000006,12.23,8,8
2026-03-06 08:27:30,19.100000000000001,2.8599999999999999,8,8
2026-03-06 08:36:53,22.600000000000001,4.7599999999999998,8,8
2026-03-06 08:01:16,10.699999999999999,1.1200000000000001,8,8
2026-03-06 09:22:06,12.800000000000001,1.7,9,3
2026-03-06 09:36:32,7.9000000000000004,0.59999999999999998,9,3
2026-03-06 09:05:20,6.5,0.5,9,3
2026-03-06 09:57:01,11.4,1.9199999999999999,9,3
2026-03-06 10:07:22,12.800000000000001,1.4199999999999999,10,3
2026-03-06 10:57:01,13.5,1.6000000000000001,10,3
2026-03-06 10:02:43,11.4,1.4199999999999999,10,3
2026-03-06 11:31:13,34.5,6.5999999999999996,11,3
2026-03-06 11:54:35,12.1,1.47,11,3
2026-03-06 11:09:35,20.5,2.1000000000000001,11,3
2026-03-06 11:31:24,7.2000000000000002,0.81000000000000005,11,3
2026-03-06 12:15:33,10.699999999999999,1.2,12,3
2026-03-06 12:18:45,5.7999999999999998,0.68000000000000005,12,3
2026-03-06 12:42:55,12.1,1.24,12,3
2026-03-06 12:51:21,7.2000000000000002,0.77000000000000002,12,3
2026-03-06 12:35:41,7.9000000000000004,0.59999999999999998,12,3
2026-03-06 13:03:50,6.5,0.53000000000000003,13,3
2026-03-06 13:22:19,19.100000000000001,3.1600000000000001,13,3
2026-03-06 14:11:32,5.0999999999999996,0.28000000000000003,14,3
2026-03-06 14:19:04,26.5,5.5,14,3
2026-03-06 14:01:50,10,0.95999999999999996,14,3
2026-03-06 14:27:46,8.5999999999999996,0.75,14,3
2026-03-06 14:50:14,6.5,0.59999999999999998,14,3
2026-03-06 14:08:21,18.399999999999999,2.3999999999999999,14,3
2026-03-06 14:37:13,12.1,1.52,14,3
2026-03-06 14:40:17,19.5,2.1000000000000001,14,3
2026-03-06 14:29:03,17,2.0899999999999999,14,3
2026-03-06 15:07:55,8.5999999999999996,0.80000000000000004,15,3
2026-03-06 15:21:17,5.7999999999999998,0.5,15,3
2026-03-06 15:49:20,19.100000000000001,2.7999999999999998,15,3
2026-03-06 15:02:57,14.9,1.5600000000000001,15,3
2026-03-06 15:37:50,11.4,0.89000000000000001,15,3
2026-03-06 15:55:31,5.0999999999999996,0.29999999999999999,15,3
2026-03-06 16:30:48,11.4,1.8,16,3
2026-03-06 16:04:24,17.699999999999999,2.3999999999999999,16,3
2026-03-06 16:05:47,7.2000000000000002,0.68999999999999995,16,3
2026-03-06 16:25:44,6.5,0.73999999999999999,16,3
2026-03-06 16:19:10,14.9,2,16,3
2026-03-06 16:45:26,7.2000000000000002,0.68999999999999995,16,3
2026-03-06 17:11:50,5.0999999999999996,0.47999999999999998,17,3
2026-03-06 17:37:19,14.199999999999999,1.6200000000000001,17,3
2026-03-06 17:18:11,9.3000000000000007,1.3600000000000001,17,3
2026-03-06 17:44:36,7.9000000000000004,1.0600000000000001,17,3
2026-03-06 17:18:51,17.699999999999999,2.23,17,3
2026-03-06 17:14:52,10,1.5,17,3
2026-03-06 17:01:49,10,1.02,17,3
2026-03-06 18:55:08,5.7999999999999998,0.33000000000000002,18,3
2026-03-06 18:41:24,21.899999999999999,4,18,3
2026-03-06 18:06:43,10.699999999999999,1.3999999999999999,18,3
2026-03-06 18:38:39,7.9000000000000004,0.89000000000000001,18,3
2026-03-06 18:20:23,15.6,2.7000000000000002,18,3
2026-03-06 18:19:03,15.6,2.0600000000000001,18,3
2026-03-06 18:49:06,7.9000000000000004,0.91000000000000003,18,3
2026-03-06 18:27:38,7.2000000000000002,0.81999999999999995,18,3
2026-03-06 18:33:00,9.3000000000000007,0.68999999999999995,18,3
2026-03-06 18:48:32,12.1,1.29,18,3
2026-03-06 19:55:30,10,1.3500000000000001,19,3
2026-03-06 19:31:02,70,17.469999999999999,19,3
2026-03-06 19:14:50,31.5,6.5999999999999996,19,3
2026-03-06 19:39:28,6.5,0.62,19,3
2026-03-06 19:50:04,24.5,4.4000000000000004,19,3
2026-03-06 20:29:22,9.3000000000000007,0.79000000000000004,20,3
2026-03-06 20:16:23,14.199999999999999,2.7200000000000002,20,3
2026-03-06 20:20:10,14.199999999999999,1.5900000000000001,20,3
2026-03-06 20:48:00,4.4000000000000004,0.37,20,3
2026-03-06 20:40:56,6.5,0.69999999999999996,20,3
2026-03-06 20:55:22,17.699999999999999,2.8300000000000001,20,3
2026-03-06 21:18:48,8.5999999999999996,1.01,21,3
2026-03-06 21:02:01,16.300000000000001,1.6799999999999999,21,3
2026-03-06 21:08:12,17.699999999999999,2.6299999999999999,21,3
2026-03-06 21:28:34,7.2000000000000002,0.90000000000000002,21,3
2026-03-06 21:37:34,25.399999999999999,4.1200000000000001,21,3
2026-03-06 21:43:25,19.800000000000001,2.27,21,3
2026-03-06 22:40:16,23.300000000000001,4.54,22,3
2026-03-06 22:05:31,14.199999999999999,2.1000000000000001,22,3
2026-03-06 22:16:47,12.800000000000001,1.23,22,3
2026-03-06 22:28:06,38,9.8300000000000001,22,3
2026-03-06 23:53:24,11.4,1.54,23,3
2026-03-06 23:14:30,12.1,1.8999999999999999,23,3
2026-03-06 23:37:43,7.9000000000000004,1.3,23,3
2026-03-06 23:44:56,12.1,1.8400000000000001,23,3
2026-03-06 23:43:59,10,0.54000000000000004,23,3
2026-03-06 23:59:00,22.600000000000001,3.8700000000000001,23,3
2026-03-06 23:05:57,3,0.040000000000000001,23,3
2026-03-07 00:57:10,12.800000000000001,1.8999999999999999,0,3
2026-03-07 00:58:13,12.800000000000001,1.99,0,3
2026-03-07 00:49:25,26.800000000000001,4.5099999999999998,0,3
2026-03-07 01:47:01,12.800000000000001,1.21,1,3
2026-03-07 02:49:41,9.3000000000000007,1.6000000000000001,2,3
2026-03-07 02:35:54,10,1.3,2,3
2026-03-07 02:13:27,11.4,1.3,2,3
2026-03-07 03:02:13,21.899999999999999,4.6500000000000004,3,3
2026-03-07 05:34:09,10,1.3999999999999999,5,3
2026-03-07 06:03:14,16.300000000000001,1.8500000000000001,6,3
2026-03-07 06:48:46,29.600000000000001,6.8200000000000003,6,3
2026-03-07 07:30:59,33.799999999999997,7.4299999999999997,7,5
2026-03-07 07:04:13,9.3000000000000007,1.22,7,5
2026-03-07 08:30:37,12.1,2.2400000000000002,8,5
2026-03-07 08:39:11,26.800000000000001,6.75,8,5
2026-03-07 08:57:00,25.5,13.1,8,5
2026-03-07 09:39:29,11.4,1.6599999999999999,9,5
2026-03-07 10:02:31,13.5,1.76,10,3
2026-03-07 10:27:30,14.9,2.1899999999999999,10,3
2026-03-07 10:48:55,5.7999999999999998,0.72999999999999998,10,3
2026-03-07 10:50:23,14.199999999999999,1.4199999999999999,10,3
2026-03-07 11:54:23,6.5,0.51000000000000001,11,5
2026-03-07 11:56:05,8.5999999999999996,0.90000000000000002,11,5
2026-03-07 11:27:32,34.5,7.8499999999999996,11,5
2026-03-07 12:31:29,19.800000000000001,3.2000000000000002,12,5
2026-03-07 12:37:56,13.5,2.3300000000000001,12,5
2026-03-07 12:27:03,6.5,0.39000000000000001,12,5
2026-03-07 12:25:51,13.5,1.72,12,5
2026-03-07 12:13:04,8.5999999999999996,1.2,12,5
2026-03-07 12:35:40,12.1,1.54,12,5
2026-03-07 12:08:26,35.899999999999999,6.4199999999999999,12,5
2026-03-07 13:06:48,7.2000000000000002,0.80000000000000004,13,5
2026-03-07 13:19:37,28.199999999999999,4.3600000000000003,13,5
2026-03-07 13:29:42,38.700000000000003,8.5999999999999996,13,5
2026-03-07 13:50:48,75.799999999999997,9.6699999999999999,13,5
2026-03-07 13:52:50,8.5999999999999996,0.40000000000000002,13,5
2026-03-07 13:30:22,50.600000000000001,8.6699999999999999,13,5
2026-03-07 14:29:38,14.199999999999999,1.1499999999999999,14,5
2026-03-07 14:01:14,11.4,0.92000000000000004,14,5
2026-03-07 14:11:21,8.5999999999999996,0.90000000000000002,14,5
2026-03-07 14:32:46,8.5999999999999996,0.93999999999999995,14,5
2026-03-07 14:33:57,8.5999999999999996,0.90000000000000002,14,5
2026-03-07 14:19:46,10.699999999999999,1.3100000000000001,14,5
2026-03-07 15:09:03,11.4,1.3,15,5
2026-03-07 14:55:51,6.5,0.71999999999999997,14,5
2026-03-07 15:53:07,7.9000000000000004,0.80000000000000004,15,5
2026-03-07 15:29:27,10,1.3500000000000001,15,5
2026-03-07 15:53:14,11.4,0.73999999999999999,15,5
2026-03-07 15:32:36,10.699999999999999,1.1599999999999999,15,5
2026-03-07 16:43:43,14.199999999999999,2.0899999999999999,16,3
2026-03-07 16:04:44,10.699999999999999,1.3300000000000001,16,3
2026-03-07 16:30:15,6.5,0.68999999999999995,16,3
2026-03-07 16:03:40,22.5,1.6000000000000001,16,3
2026-03-07 17:44:41,27.5,2.5699999999999998,17,5
2026-03-07 18:07:23,26.800000000000001,4.1299999999999999,18,3
2026-03-07 18:41:01,25.399999999999999,3.9100000000000001,18,3
2026-03-07 18:02:05,26.100000000000001,6.29,18,3
2026-03-07 18:12:27,16.300000000000001,1.48,18,3
2026-03-07 18:21:55,6.5,0.58999999999999997,18,3
2026-03-07 18:00:28,70,18.109999999999999,18,3
2026-03-07 19:12:52,9.3000000000000007,1.1699999999999999,19,3
2026-03-07 19:15:19,12.800000000000001,1.71,19,3
2026-03-07 19:36:28,5.7999999999999998,0.5,19,3
2026-03-07 20:16:33,40.799999999999997,8.1999999999999993,20,3
2026-03-07 20:23:43,23.300000000000001,3.7599999999999998,20,3
2026-03-07 20:45:17,21.899999999999999,3.2400000000000002,20,3
2026-03-07 21:10:23,31.699999999999999,5.7400000000000002,21,3
2026-03-07 22:10:57,12.1,2.3999999999999999,22,3
2026-03-07 22:57:33,9.3000000000000007,1,22,3
2026-03-07 22:44:38,14.199999999999999,2.1200000000000001,22,3
2026-03-07 22:46:02,14.199999999999999,1.5600000000000001,22,3
2026-03-07 22:42:43,5.0999999999999996,0.65000000000000002,22,3
2026-03-07 22:06:38,9.3000000000000007,0.40000000000000002,22,3
2026-03-07 22:30:34,8.5999999999999996,0.56000000000000005,22,3
2026-03-07 22:45:28,33.100000000000001,5.5199999999999996,22,3
2026-03-07 22:47:42,14.199999999999999,1.74,22,3
2026-03-07 22:08:11,8.5999999999999996,1.1899999999999999,22,3
2026-03-07 22:56:12,12.800000000000001,2.2000000000000002,22,3
2026-03-07 22:13:49,10,1.1799999999999999,22,3
2026-03-07 23:18:00,17,2.0299999999999998,23,5
2026-03-07 23:40:38,30.300000000000001,5.1900000000000004,23,5
2026-03-07 23:27:26,21.199999999999999,3.3199999999999998,23,5
2026-03-08 00:19:53,5.7999999999999998,0.71999999999999997,0,5
2026-03-08 00:12:35,19.100000000000001,3.3700000000000001,0,5
2026-03-08 00:54:43,21.899999999999999,4.4299999999999997,0,5
2026-03-08 00:24:05,10.699999999999999,1.3999999999999999,0,5
2026-03-08 00:15:10,12.800000000000001,2.0600000000000001,0,5
2026-03-08 00:25:56,10.699999999999999,1.5,0,5
2026-03-08 01:34:59,16.300000000000001,3.7000000000000002,1,5
2026-03-08 01:01:47,24.699999999999999,4.3799999999999999,1,5
2026-03-08 03:22:45,28.899999999999999,6.5700000000000003,3,5
2026-03-08 03:53:26,16.300000000000001,3.7000000000000002,3,5
2026-03-08 03:36:07,10.699999999999999,1.8500000000000001,3,5
2026-03-08 03:13:12,24.699999999999999,4.8700000000000001,3,5
2026-03-08 03:35:47,26.100000000000001,2.3599999999999999,3,5
2026-03-08 03:42:06,12.1,1.6100000000000001,3,5
2026-03-08 03:08:48,20.5,4.5899999999999999,3,5
2026-03-08 03:23:04,35.200000000000003,8.1099999999999994,3,5
2026-03-08 04:00:29,6.5,0.96999999999999997,4,5
2026-03-08 04:09:06,6.5,1,4,5
2026-03-08 04:12:17,33.100000000000001,6.7000000000000002,4,5
2026-03-08 04:02:42,10.699999999999999,1.5800000000000001,4,5
2026-03-08 05:38:04,29.600000000000001,6.6500000000000004,5,5
2026-03-08 07:35:14,28.899999999999999,6.9500000000000002,7,5
2026-03-08 07:17:38,61.5,8,7,5
2026-03-08 07:38:15,9.3000000000000007,1.3799999999999999,7,5
2026-03-08 09:41:58,34.5,8.8900000000000006,9,5
2026-03-08 09:34:02,17.5,1.3,9,5
2026-03-08 09:36:54,7.9000000000000004,1.04,9,5
2026-03-08 10:14:01,5.0999999999999996,0.59999999999999998,10,5
2026-03-08 10:37:37,9.3000000000000007,1.0600000000000001,10,5
2026-03-08 10:03:00,28.899999999999999,6.8700000000000001,10,5
2026-03-08 11:39:59,44.299999999999997,10.66,11,5
2026-03-08 11:45:47,6.5,0.63,11,5
2026-03-08 11:21:56,16.300000000000001,2.6899999999999999,11,5
2026-03-08 11:21:46,11.4,1.6000000000000001,11,5
2026-03-08 11:48:23,9.3000000000000007,1.8999999999999999,11,5
2026-03-08 11:23:34,16.5,0.5,11,5
2026-03-08 11:48:34,26.100000000000001,5.0899999999999999,11,5
2026-03-08 11:35:30,9.3000000000000007,1.3999999999999999,11,5
2026-03-08 12:54:41,8.5999999999999996,1.1000000000000001,12,5
2026-03-08 12:57:58,11.4,1.5600000000000001,12,5
2026-03-08 12:15:43,6.5,0.90000000000000002,12,5
2026-03-08 12:18:37,12.1,1.78,12,5
2026-03-08 13:37:44,14.199999999999999,2.0699999999999998,13,5
2026-03-08 13:38:07,7.2000000000000002,0.97999999999999998,13,5
2026-03-08 13:10:46,17.699999999999999,2.48,13,5
2026-03-08 13:55:31,100,0.10000000000000001,13,5
2026-03-08 14:09:34,70,15.5,14,5
2026-03-08 14:53:41,9.3000000000000007,1.29,14,5
2026-03-08 14:35:40,9.3000000000000007,0.92000000000000004,14,5
2026-03-08 14:38:33,21.199999999999999,3.4300000000000002,14,5
2026-03-08 14:10:12,8.5999999999999996,1.05,14,5
2026-03-08 14:02:44,10,0.95999999999999996,14,5
2026-03-08 14:50:04,24.5,4.4000000000000004,14,5
2026-03-08 15:26:31,17,0.96999999999999997,15,5
2026-03-08 15:41:05,8.5999999999999996,1,15,5
2026-03-08 15:38:18,12.800000000000001,1.4399999999999999,15,5
2026-03-08 15:56:31,11.4,1.6499999999999999,15,5
2026-03-08 15:41:41,9.3000000000000007,1.1000000000000001,15,5
2026-03-08 16:08:55,19.800000000000001,4.2000000000000002,16,3
2026-03-08 16:40:31,10,0.81999999999999995,16,3
2026-03-08 16:15:34,12.1,1.8400000000000001,16,3
2026-03-08 16:33:42,9.3000000000000007,1.1499999999999999,16,3
2026-03-08 16:47:41,87,0.02,16,3
2026-03-08 17:22:42,70,18.949999999999999,17,3
2026-03-08 18:06:10,7.2000000000000002,1,18,3
2026-03-08 18:05:28,10,0.96999999999999997,18,3
2026-03-08 18:21:12,70,19.23,18,3
2026-03-08 18:46:41,31.699999999999999,7.9000000000000004,18,3
2026-03-08 18:57:02,33.100000000000001,7.1500000000000004,18,3
2026-03-08 18:33:28,8.5999999999999996,1.1100000000000001,18,3
2026-03-08 18:22:59,16.300000000000001,2.2000000000000002,18,3
2026-03-08 19:23:29,43.600000000000001,10.390000000000001,19,3
2026-03-08 19:05:34,8.5999999999999996,1.3700000000000001,19,3
2026-03-08 19:57:27,12.1,2.1000000000000001,19,3
2026-03-08 19:20:06,23.5,2.8999999999999999,19,3
2026-03-08 20:42:02,31.699999999999999,8.0999999999999996,20,3
2026-03-08 20:12:28,18.399999999999999,3.6899999999999999,20,3
2026-03-08 20:54:36,11.4,1.97,20,3
2026-03-08 20:32:37,40.100000000000001,9.4199999999999999,20,3
2026-03-08 21:46:19,21.199999999999999,4.3399999999999999,21,3
2026-03-08 21:02:56,5.0999999999999996,0.62,21,3
2026-03-08 21:45:40,10.699999999999999,1.75,21,3
2026-03-08 21:32:10,70,16.899999999999999,21,3
2026-03-08 22:01:15,40.799999999999997,10.1,22,3
2026-03-08 22:59:54,26.100000000000001,5.4000000000000004,22,3
2026-03-08 22:58:03,41.5,10.9,22,3
2026-03-08 22:02:11,10,1.1699999999999999,22,3
2026-03-08 23:10:24,35.200000000000003,8.7599999999999998,23,3
2026-03-09 07:42:26,10.699999999999999,1.5700000000000001,7,1
2026-03-09 07:34:16,7.2000000000000002,1,7,1
2026-03-09 07:52:52,7.9000000000000004,0.59999999999999998,7,1
2026-03-09 08:45:46,19.100000000000001,2.6699999999999999,8,1
2026-03-09 08:46:45,70,17.399999999999999,8,1
2026-03-09 08:36:56,13.5,2.1699999999999999,8,1
2026-03-09 08:36:30,16.300000000000001,2.25,8,1
2026-03-09 08:38:48,17.5,0.80000000000000004,8,1
2026-03-09 09:25:35,10,0.90000000000000002,9,1
2026-03-09 09:41:28,11.4,0.59999999999999998,9,1
2026-03-09 09:16:57,5.0999999999999996,0.29999999999999999,9,1
2026-03-09 09:53:25,17.699999999999999,2.5,9,1
2026-03-09 09:00:39,6.5,0.67000000000000004,9,1
2026-03-09 09:35:04,12.800000000000001,2.8300000000000001,9,1
2026-03-09 09:20:53,9.3000000000000007,1.0800000000000001,9,1
2026-03-09 09:54:58,36.5,11.1,9,1
2026-03-09 09:10:41,20.5,2.7000000000000002,9,1
2026-03-09 09:22:10,17.5,1.5,9,1
2026-03-09 10:34:12,14.199999999999999,2.2000000000000002,10,1
2026-03-09 11:21:07,14.9,1.55,11,5
2026-03-09 12:41:46,11.4,1.3999999999999999,12,1
2026-03-09 12:48:43,13.5,1.1000000000000001,12,1
2026-03-09 12:19:06,14.199999999999999,0.77000000000000002,12,1
2026-03-09 12:11:36,55.5,13.33,12,1
2026-03-09 13:00:53,17,1.4099999999999999,13,1
2026-03-09 13:57:47,4.4000000000000004,0.27000000000000002,13,1
2026-03-09 13:04:27,11.4,0.78000000000000003,13,1
2026-03-09 13:41:05,13.5,1.8999999999999999,13,1
2026-03-09 13:09:40,14.9,1.27,13,1
2026-03-09 14:14:05,12.800000000000001,2.2799999999999998,14,1
2026-03-09 15:36:48,9.3000000000000007,0.83999999999999997,15,1
2026-03-09 15:45:13,17.699999999999999,1.29,15,1
2026-03-09 15:54:05,10,1.77,15,1
2026-03-09 15:27:38,70,17.84,15,1
2026-03-09 15:13:21,7.9000000000000004,0.90000000000000002,15,1
2026-03-09 15:55:17,30.5,5.2000000000000002,15,1
2026-03-09 15:49:34,32.399999999999999,4.3200000000000003,15,1
2026-03-09 15:58:06,70,19.039999999999999,15,1
2026-03-09 15:16:55,12.800000000000001,1.6299999999999999,15,1
2026-03-09 15:02:55,11.4,1.3899999999999999,15,1
2026-03-09 15:00:55,15.6,1.4099999999999999,15,1
2026-03-09 16:11:30,12.1,1.24,16,1
2026-03-09 16:31:45,8.5999999999999996,0.90000000000000002,16,1
2026-03-09 16:52:41,7.9000000000000004,0.75,16,1
2026-03-09 16:28:05,8.5999999999999996,1.26,16,1
2026-03-09 16:19:57,24,2.9199999999999999,16,1
2026-03-09 17:10:03,10.699999999999999,1.1499999999999999,17,1
2026-03-09 17:16:35,7.2000000000000002,0.84999999999999998,17,1
2026-03-09 17:06:43,8.5999999999999996,1.2,17,1
2026-03-09 17:04:47,32.399999999999999,4.2400000000000002,17,1
2026-03-09 17:28:08,85.299999999999997,10.73,17,1
2026-03-09 17:09:58,10.699999999999999,1.1899999999999999,17,1
2026-03-09 18:46:45,21.5,3.2000000000000002,18,1
2026-03-09 18:36:53,7.2000000000000002,1.3,18,1
2026-03-09 18:19:26,15.6,2.3900000000000001,18,1
2026-03-09 18:51:19,9.3000000000000007,1.52,18,1
2026-03-09 18:24:37,68.099999999999994,15.199999999999999,18,1
2026-03-09 18:12:28,19.100000000000001,2.3999999999999999,18,1
2026-03-09 18:59:27,7.9000000000000004,1.0700000000000001,18,1
2026-03-09 18:26:13,6.5,0.55000000000000004,18,1
2026-03-09 19:32:32,7.9000000000000004,1.3,19,1
2026-03-09 19:57:16,7.2000000000000002,0.98999999999999999,19,1
2026-03-09 20:02:51,9.3000000000000007,1.3999999999999999,20,1
2026-03-09 20:13:18,11.4,1.6699999999999999,20,1
2026-03-09 20:24:07,19.800000000000001,2.4700000000000002,20,1
2026-03-09 20:07:02,24,4.8399999999999999,20,1
2026-03-09 21:56:47,11.4,1.7,21,1
2026-03-09 21:38:21,6.5,0.62,21,1
2026-03-09 21:13:42,31,8.0199999999999996,21,1
2026-03-09 21:56:35,7.2000000000000002,1.03,21,1
2026-03-09 21:10:00,16.300000000000001,3.4199999999999999,21,1
2026-03-09 22:13:58,10,1.6899999999999999,22,3
2026-03-09 22:28:14,28.899999999999999,5.4199999999999999,22,3
2026-03-09 23:16:00,13.5,2.6200000000000001,23,5
2026-03-09 23:17:37,14.199999999999999,2.52,23,5
2026-03-10 00:11:06,7.2000000000000002,1.21,0,5
2026-03-10 00:54:03,11.4,1.95,0,5
2026-03-10 00:15:22,16.300000000000001,2.8900000000000001,0,5
2026-03-10 01:12:23,23.300000000000001,5.2999999999999998,1,5
2026-03-10 06:14:45,20.5,4.71,6,1
2026-03-10 07:16:53,14.199999999999999,2.5899999999999999,7,1
2026-03-10 08:31:35,18.399999999999999,3.3500000000000001,8,1
2026-03-10 08:53:34,5.7999999999999998,0.57999999999999996,8,1
2026-03-10 08:12:44,12.1,1.97,8,1
2026-03-10 09:24:09,14.199999999999999,1.1599999999999999,9,1
2026-03-10 09:47:24,26.100000000000001,2.8900000000000001,9,1
2026-03-10 09:43:56,14.199999999999999,1.46,9,1
2026-03-10 09:05:25,9.3000000000000007,1.8,9,1
2026-03-10 10:13:51,11.4,1.4199999999999999,10,2
2026-03-10 10:22:46,12.800000000000001,1.3999999999999999,10,2
2026-03-10 10:48:00,19.800000000000001,2.1899999999999999,10,2
2026-03-10 11:01:55,17.699999999999999,2.2400000000000002,11,1
2026-03-10 11:08:43,8.5999999999999996,0.82999999999999996,11,1
2026-03-10 11:57:40,20.5,1.8400000000000001,11,1
2026-03-10 11:13:11,26.5,5.4000000000000004,11,1
2026-03-10 11:33:01,7.2000000000000002,0.59999999999999998,11,1
2026-03-10 12:49:20,21.5,3.1000000000000001,12,1
2026-03-10 12:09:25,24,2.8700000000000001,12,1
2026-03-10 12:26:31,13.5,1.21,12,1
2026-03-10 12:49:46,10.699999999999999,0.91000000000000003,12,1
2026-03-10 12:29:06,19.100000000000001,2.2599999999999998,12,1
2026-03-10 12:18:24,36.600000000000001,5.0499999999999998,12,1
2026-03-10 12:48:18,29.600000000000001,5.6399999999999997,12,1
2026-03-10 12:30:16,56.899999999999999,13.49,12,1
2026-03-10 13:59:54,10,1,13,1
2026-03-10 13:51:57,39.399999999999999,5.54,13,1
2026-03-10 13:56:51,5.7999999999999998,0.70999999999999996,13,1
2026-03-10 13:31:46,7.2000000000000002,0.82999999999999996,13,1
2026-03-10 13:38:59,19.800000000000001,1.4199999999999999,13,1
2026-03-10 13:25:07,7.9000000000000004,0.71999999999999997,13,1
2026-03-10 14:26:44,31.699999999999999,7.5999999999999996,14,1
2026-03-10 14:31:07,8.5999999999999996,0.97999999999999998,14,1
2026-03-10 14:25:07,9.3000000000000007,1.1100000000000001,14,1
2026-03-10 14:50:23,9.3000000000000007,1.1299999999999999,14,1
2026-03-10 14:48:40,41.5,9.1999999999999993,14,1
2026-03-10 14:49:58,8.5999999999999996,0.42999999999999999,14,1
2026-03-10 14:35:35,10.699999999999999,0.89000000000000001,14,1
2026-03-10 14:14:29,52.5,11.800000000000001,14,1
2026-03-10 15:15:55,12.800000000000001,1.24,15,1
2026-03-10 15:24:37,14.199999999999999,1.1000000000000001,15,1
2026-03-10 15:10:36,70,17.489999999999998,15,1
2026-03-10 15:08:07,12.1,0.80000000000000004,15,1
2026-03-10 15:34:28,6.5,0.52000000000000002,15,1
2026-03-10 15:57:28,10.699999999999999,0.95999999999999996,15,1
2026-03-10 15:35:13,60.5,15.300000000000001,15,1
2026-03-10 16:43:04,7.9000000000000004,0.67000000000000004,16,1
2026-03-10 16:21:21,7.9000000000000004,1.1000000000000001,16,1
2026-03-10 16:42:22,15.6,1.9199999999999999,16,1
2026-03-10 16:00:24,70,16.699999999999999,16,1
2026-03-10 16:22:11,10,1,16,1
2026-03-10 17:12:04,6.5,0.68999999999999995,17,1
2026-03-10 17:38:11,5.7999999999999998,0.59999999999999998,17,1
2026-03-10 17:42:15,9.3000000000000007,0.81000000000000005,17,1
2026-03-10 17:44:46,23.300000000000001,1.5900000000000001,17,1
2026-03-10 18:55:28,35.899999999999999,5.6100000000000003,18,1
2026-03-10 18:33:36,10.699999999999999,1,18,1
2026-03-10 18:36:24,5.7999999999999998,0.70999999999999996,18,1
2026-03-10 18:23:57,14.9,1.1699999999999999,18,1
2026-03-10 18:44:41,5.7999999999999998,0.46000000000000002,18,1
2026-03-10 18:16:24,35.899999999999999,6.9500000000000002,18,1
2026-03-10 19:52:48,19.800000000000001,3.0499999999999998,19,1
2026-03-10 19:47:01,75.799999999999997,18.5,19,1
2026-03-10 19:08:18,16.300000000000001,2.4100000000000001,19,1
2026-03-10 19:51:26,14.199999999999999,1.5,19,1
2026-03-10 19:07:11,9.3000000000000007,1.22,19,1
2026-03-10 19:54:34,19.800000000000001,3.02,19,1
2026-03-10 20:19:47,13.5,2.4399999999999999,20,1
2026-03-10 20:21:45,5.7999999999999998,0.69999999999999996,20,1
2026-03-10 20:55:13,15.6,2.1600000000000001,20,1
2026-03-10 20:42:42,18.399999999999999,3,20,1
2026-03-10 20:21:50,7.2000000000000002,0.92000000000000004,20,1
2026-03-10 20:31:18,32.399999999999999,6.6699999999999999,20,1
2026-03-10 21:28:40,9.3000000000000007,1.3999999999999999,21,2
2026-03-10 21:04:19,14.9,2.5499999999999998,21,2
2026-03-10 21:51:44,13.5,1.6799999999999999,21,2
2026-03-10 21:49:44,21.899999999999999,4.2800000000000002,21,2
2026-03-10 21:36:57,14.199999999999999,2.2400000000000002,21,2
2026-03-10 21:22:18,39.399999999999999,9.7799999999999994,21,2
2026-03-10 21:46:06,14.199999999999999,2.2999999999999998,21,2
2026-03-10 21:04:50,18.399999999999999,2.8399999999999999,21,2
2026-03-10 22:29:45,11.4,1.6799999999999999,22,3
2026-03-10 22:45:26,7.2000000000000002,0.84999999999999998,22,3
2026-03-10 22:48:47,20.5,3.52,22,3
2026-03-10 22:32:17,7.9000000000000004,0.81000000000000005,22,3
2026-03-10 22:04:53,9.3000000000000007,1.3200000000000001,22,3
2026-03-10 22:24:46,16.300000000000001,2.8300000000000001,22,3
2026-03-10 22:42:04,80.700000000000003,17.359999999999999,22,3
2026-03-10 23:46:19,17,3.4500000000000002,23,3
2026-03-10 23:42:36,7.9000000000000004,1.1499999999999999,23,3
2026-03-10 23:38:13,15.6,2.2999999999999998,23,3
2026-03-11 01:42:26,17,3.3399999999999999,1,2
2026-03-11 03:59:54,33.100000000000001,8.6999999999999993,3,1
2026-03-11 06:31:31,15.6,2.1400000000000001,6,1
2026-03-11 06:40:14,7.9000000000000004,1.24,6,1
2026-03-11 06:48:08,11.4,1.8300000000000001,6,1
2026-03-11 06:55:11,41.5,10.199999999999999,6,1
2026-03-11 06:26:00,22.5,3.3999999999999999,6,1
2026-03-11 07:44:54,16.300000000000001,2.1000000000000001,7,1
2026-03-11 07:09:10,14.9,3,7,1
2026-03-11 07:26:20,14.9,2.3799999999999999,7,1
2026-03-11 07:21:50,40.100000000000001,10.26,7,1
2026-03-11 08:52:56,20.5,3.5899999999999999,8,1
2026-03-11 08:26:35,10.699999999999999,1.1000000000000001,8,1
2026-03-11 08:39:10,10.699999999999999,1.3700000000000001,8,1
2026-03-11 08:04:53,14.9,1.71,8,1
2026-03-11 08:51:46,14.199999999999999,1.6399999999999999,8,1
2026-03-11 09:41:29,8.5999999999999996,1.0900000000000001,9,3
2026-03-11 09:04:18,22.600000000000001,4.1900000000000004,9,3
2026-03-11 09:32:37,11.4,1.3600000000000001,9,3
2026-03-11 10:04:42,16.300000000000001,2.3300000000000001,10,3
2026-03-11 11:16:05,17,1.73,11,3
2026-03-11 11:03:07,12.1,2,11,3
2026-03-11 11:44:36,6.5,0.68000000000000005,11,3
2026-03-11 11:22:17,31,5.7300000000000004,11,3
2026-03-11 11:38:53,10.699999999999999,1.3400000000000001,11,3
2026-03-11 12:21:06,7.2000000000000002,0.32000000000000001,12,3
2026-03-11 12:37:27,13.5,2.1000000000000001,12,3
2026-03-11 12:16:11,12.1,0.82999999999999996,12,3
2026-03-11 12:53:15,18.399999999999999,2.1299999999999999,12,3
2026-03-11 12:54:11,17,2.6200000000000001,12,3
2026-03-11 13:31:58,17.699999999999999,0.85999999999999999,13,3
2026-03-11 13:05:44,6.5,0.81999999999999995,13,3
2026-03-11 13:32:47,45,4.5,13,3
2026-03-11 13:30:51,25.5,11,13,3
2026-03-11 14:08:25,8.5999999999999996,1,14,3
2026-03-11 14:44:38,14.199999999999999,1.26,14,3
2026-03-11 14:08:15,49.899999999999999,10.9,14,3
2026-03-11 14:30:28,24,4.3300000000000001,14,3
2026-03-11 14:28:24,41.5,6.5199999999999996,14,3
2026-03-11 14:37:09,46.399999999999999,8.5199999999999996,14,3
2026-03-11 14:12:53,9.3000000000000007,1.05,14,3
2026-03-11 14:18:34,70,16.399999999999999,14,3
2026-03-11 15:48:20,6.5,0.71999999999999997,15,3
2026-03-11 15:43:28,5.7999999999999998,0.38,15,3
2026-03-11 15:56:16,22.600000000000001,2.7799999999999998,15,3
2026-03-11 15:49:38,17.699999999999999,2.5600000000000001,15,3
2026-03-11 15:46:34,19.800000000000001,3.3599999999999999,15,3
2026-03-11 15:10:18,16.300000000000001,1.48,15,3
2026-03-11 15:45:36,12.1,0.73999999999999999,15,3
2026-03-11 15:09:17,21.899999999999999,2.3799999999999999,15,3
2026-03-11 15:30:36,11.4,1.1299999999999999,15,3
2026-03-11 15:42:12,14.199999999999999,2,15,3
2026-03-11 15:04:52,12.800000000000001,1.1299999999999999,15,3
2026-03-11 15:38:28,28.199999999999999,3.1200000000000001,15,3
2026-03-11 16:20:20,22.600000000000001,2.1299999999999999,16,3
2026-03-11 16:15:51,8.5999999999999996,1.1200000000000001,16,3
2026-03-11 16:57:36,21.899999999999999,3.2999999999999998,16,3
2026-03-11 16:21:39,9.3000000000000007,1.1799999999999999,16,3
2026-03-11 16:52:29,7.9000000000000004,1.1200000000000001,16,3
2026-03-11 16:17:17,10.699999999999999,1.0900000000000001,16,3
2026-03-11 16:37:23,70,19.699999999999999,16,3
2026-03-11 16:06:06,26.100000000000001,4.5599999999999996,16,3
2026-03-11 16:15:38,31.5,7.2000000000000002,16,3
2026-03-11 17:29:23,24,2.46,17,3
2026-03-11 17:56:41,7.9000000000000004,0.88,17,3
2026-03-11 17:49:03,4.4000000000000004,0.40000000000000002,17,3
2026-03-11 17:10:17,27.5,4.5999999999999996,17,3
2026-03-11 17:11:49,6.5,0.55000000000000004,17,3
2026-03-11 17:11:24,14.9,1.8899999999999999,17,3
2026-03-11 17:18:53,47.799999999999997,7.21,17,3
2026-03-11 17:41:51,13.5,1.6699999999999999,17,3
2026-03-11 18:49:26,5.7999999999999998,0.84999999999999998,18,3
2026-03-11 18:19:14,5.7999999999999998,0.67000000000000004,18,3
2026-03-11 18:23:48,13.5,1.1599999999999999,18,3
2026-03-11 18:13:06,105.59999999999999,19.300000000000001,18,3
2026-03-11 18:05:03,26.100000000000001,4.4100000000000001,18,3
2026-03-11 18:00:31,17.699999999999999,2.5499999999999998,18,3
2026-03-11 18:19:51,17.699999999999999,2.9399999999999999,18,3
2026-03-11 19:27:10,25.399999999999999,4,19,3
2026-03-11 19:33:16,5.7999999999999998,0.55000000000000004,19,3
2026-03-11 19:29:36,8.5999999999999996,1.0700000000000001,19,3
2026-03-11 19:52:43,14.9,2.5,19,3
2026-03-11 19:14:42,29.600000000000001,5.3700000000000001,19,3
2026-03-11 19:16:50,19.800000000000001,3.04,19,3
2026-03-11 19:03:59,27.5,5.5899999999999999,19,3
2026-03-11 19:59:20,15.6,2.5800000000000001,19,3
2026-03-11 19:05:21,7.9000000000000004,0.56000000000000005,19,3
2026-03-11 19:31:21,21.899999999999999,4.9000000000000004,19,3
2026-03-11 20:41:34,9.3000000000000007,1.2,20,3
2026-03-11 20:08:38,17.699999999999999,2.6099999999999999,20,3
2026-03-11 21:12:33,54.100000000000001,13.5,21,3
2026-03-11 21:22:07,12.1,2.1800000000000002,21,3
2026-03-11 21:54:28,12.1,1.47,21,3
2026-03-11 21:21:39,11.4,1.51,21,3
2026-03-11 21:01:51,14.199999999999999,2.3900000000000001,21,3
2026-03-11 21:04:26,13.5,2.3999999999999999,21,3
2026-03-11 21:51:21,38,10.17,21,3
2026-03-11 22:21:49,5.7999999999999998,0.69999999999999996,22,3
2026-03-11 22:11:15,8.5999999999999996,0.95999999999999996,22,3
2026-03-11 22:16:33,8.5999999999999996,1.1899999999999999,22,3
2026-03-11 22:34:41,21.199999999999999,4.1699999999999999,22,3
2026-03-11 22:46:34,12.800000000000001,1.5700000000000001,22,3
2026-03-11 22:08:36,18.399999999999999,3.5,22,3
2026-03-11 22:51:02,14.9,2.6499999999999999,22,3
2026-03-11 23:44:00,5.0999999999999996,0.54000000000000004,23,3
2026-03-11 23:51:31,12.800000000000001,2.4199999999999999,23,3
2026-03-11 23:09:49,37.299999999999997,8.6899999999999995,23,3
2026-03-12 00:38:18,7.2000000000000002,0.85999999999999999,0,1
2026-03-12 00:09:26,5.7999999999999998,0.53000000000000003,0,1
2026-03-12 01:06:31,41.5,10.529999999999999,1,3
2026-03-12 01:35:45,5.7999999999999998,0.79000000000000004,1,3
2026-03-12 05:50:46,39.5,10.300000000000001,5,5
2026-03-12 05:06:01,33.799999999999997,8.8699999999999992,5,5
2026-03-12 05:54:57,53.399999999999999,12.07,5,5
2026-03-12 06:14:00,44.5,12.1,6,5
2026-03-12 07:23:53,6.5,0.82999999999999996,7,5
2026-03-12 07:43:12,5.0999999999999996,0.5,7,5
2026-03-12 07:05:12,10.699999999999999,1.74,7,5
2026-03-12 07:34:29,18.5,2,7,5
2026-03-12 08:31:09,18.399999999999999,2.1299999999999999,8,3
2026-03-12 08:41:50,12.1,1.55,8,3
2026-03-12 08:17:41,20.5,2.2000000000000002,8,3
2026-03-12 09:51:58,6.5,0.57999999999999996,9,3
2026-03-12 09:23:15,10.699999999999999,1.1200000000000001,9,3
2026-03-12 09:14:47,83.900000000000006,16.579999999999998,9,3
2026-03-12 09:23:14,9.3000000000000007,1.1599999999999999,9,3
2026-03-12 09:19:22,7.9000000000000004,0.82999999999999996,9,3
2026-03-12 09:22:48,10,1.1100000000000001,9,3
2026-03-12 09:59:40,11.4,1.6000000000000001,9,3
2026-03-12 10:01:25,53.399999999999999,10.25,10,5
2026-03-12 10:21:01,12.800000000000001,1.96,10,5
2026-03-12 10:35:13,12.800000000000001,1.97,10,5
2026-03-12 10:30:14,15.6,2.2400000000000002,10,5
2026-03-12 10:59:42,35.200000000000003,4.4900000000000002,10,5
2026-03-12 10:21:03,11.4,1.0700000000000001,10,5
2026-03-12 11:24:04,13.5,0.95999999999999996,11,5
2026-03-12 11:25:21,15.6,0.85999999999999999,11,5
2026-03-12 11:39:58,8.5999999999999996,0.78000000000000003,11,5
2026-03-12 11:14:08,28.199999999999999,4.7800000000000002,11,5
2026-03-12 11:23:13,8.5999999999999996,0.80000000000000004,11,5
2026-03-12 11:42:14,10,0.71999999999999997,11,5
2026-03-12 11:33:58,13.5,1.9099999999999999,11,5
2026-03-12 12:42:24,13.5,1.0900000000000001,12,3
2026-03-12 12:00:36,18.399999999999999,1.0800000000000001,12,3
2026-03-12 12:35:35,77.599999999999994,13.98,12,3
2026-03-12 12:16:19,5.0999999999999996,0.54000000000000004,12,3
2026-03-12 12:46:10,17,0.96999999999999997,12,3
2026-03-12 13:43:47,45,10.34,13,3
2026-03-12 13:07:45,48.5,11.08,13,3
2026-03-12 13:56:57,13.5,0.81999999999999995,13,3
2026-03-12 13:14:59,24,1.8999999999999999,13,3
2026-03-12 13:57:16,12.1,1.21,13,3
2026-03-12 13:41:57,7.9000000000000004,0.71999999999999997,13,3
2026-03-12 13:01:55,47.5,14.5,13,3
2026-03-12 13:22:40,8.5999999999999996,0.69999999999999996,13,3
2026-03-12 13:19:48,45.700000000000003,9.8900000000000006,13,3
2026-03-12 13:26:31,7.2000000000000002,0.65000000000000002,13,3
2026-03-12 13:51:26,26.100000000000001,2.1499999999999999,13,3
2026-03-12 14:16:44,17.699999999999999,1.22,14,7
2026-03-12 14:32:05,12.1,1.5,14,7
2026-03-12 14:40:42,10,0.71999999999999997,14,7
2026-03-12 14:21:41,24,3,14,7
2026-03-12 14:30:20,22.600000000000001,2.2999999999999998,14,7
2026-03-12 15:17:33,14.199999999999999,1.6000000000000001,15,8
2026-03-12 15:32:43,17,2.2999999999999998,15,8
2026-03-12 15:42:42,8.5999999999999996,0.73999999999999999,15,8
2026-03-12 15:48:12,18.399999999999999,2.04,15,8
2026-03-12 15:21:20,5.7999999999999998,0.48999999999999999,15,8
2026-03-12 15:47:02,28.199999999999999,3,15,8
2026-03-12 15:10:28,38,8.4199999999999999,15,8
2026-03-12 15:50:40,43.5,12.9,15,8
2026-03-12 16:05:58,14.199999999999999,1.8500000000000001,16,9
2026-03-12 16:44:09,19.800000000000001,0.95999999999999996,16,9
2026-03-12 16:28:32,12.800000000000001,1.6799999999999999,16,9
2026-03-12 16:18:50,18.399999999999999,2.2799999999999998,16,9
2026-03-12 16:04:15,14.9,2.7000000000000002,16,9
2026-03-12 17:32:06,16.300000000000001,2.27,17,9
2026-03-12 17:12:01,8.5999999999999996,0.81000000000000005,17,9
2026-03-12 17:17:25,21.199999999999999,3.2000000000000002,17,9
2026-03-12 17:47:06,12.800000000000001,1.8100000000000001,17,9
2026-03-12 17:08:34,10.699999999999999,1.5,17,9
2026-03-12 17:58:53,10,0.66000000000000003,17,9
2026-03-12 17:39:59,37.299999999999997,4.5700000000000003,17,9
2026-03-12 17:12:04,17.699999999999999,1.24,17,9
2026-03-12 17:34:50,8.5999999999999996,1.05,17,9
2026-03-12 17:19:44,12.1,1.5600000000000001,17,9
2026-03-12 18:03:59,22.600000000000001,2.8799999999999999,18,8
2026-03-12 18:23:22,14.9,1.46,18,8
2026-03-12 18:49:29,5.7999999999999998,0.29999999999999999,18,8
2026-03-12 18:23:40,16.300000000000001,2.1200000000000001,18,8
2026-03-12 18:16:14,10.699999999999999,1.6799999999999999,18,8
2026-03-12 18:32:51,16.300000000000001,2.3300000000000001,18,8
2026-03-12 18:52:53,8.5999999999999996,0.83999999999999997,18,8
2026-03-12 18:24:37,9.3000000000000007,0.69999999999999996,18,8
2026-03-12 18:13:12,33.100000000000001,5.8499999999999996,18,8
2026-03-12 19:10:45,7.2000000000000002,0.60999999999999999,19,8
2026-03-12 19:20:26,18.399999999999999,1.6100000000000001,19,8
2026-03-12 20:49:10,10.699999999999999,1.1000000000000001,20,8
2026-03-12 20:44:12,9.3000000000000007,1.6000000000000001,20,8
2026-03-12 20:59:50,7.2000000000000002,1.04,20,8
2026-03-12 20:30:13,15.6,3.1200000000000001,20,8
2026-03-12 20:32:28,22.600000000000001,2.0499999999999998,20,8
2026-03-12 20:29:03,35.200000000000003,6.2300000000000004,20,8
2026-03-12 21:58:06,40.799999999999997,7.71,21,13
2026-03-12 21:57:06,9.3000000000000007,1.46,21,13
2026-03-12 21:14:48,17.699999999999999,3.5899999999999999,21,13
2026-03-12 21:09:40,21.899999999999999,3.1000000000000001,21,13
2026-03-12 21:43:09,10.699999999999999,1.3999999999999999,21,13
2026-03-12 21:40:35,14.9,2.2400000000000002,21,13
2026-03-12 21:55:54,11.4,1.1399999999999999,21,13
2026-03-12 21:06:23,13.5,2.3900000000000001,21,13
2026-03-12 21:01:10,23.300000000000001,4.6100000000000003,21,13
2026-03-12 21:22:58,82.799999999999997,20.649999999999999,21,13
2026-03-12 22:38:39,30.300000000000001,5.5199999999999996,22,12
2026-03-12 22:10:05,24,4.1100000000000003,22,12
2026-03-12 22:04:36,12.800000000000001,1.99,22,12
2026-03-12 22:30:16,9.3000000000000007,0.80000000000000004,22,12
2026-03-12 23:37:40,38,9.2200000000000006,23,12
2026-03-13 00:34:04,6.5,0.83999999999999997,0,3
2026-03-13 00:22:29,10.699999999999999,1.23,0,3
2026-03-13 01:10:34,46.399999999999999,11.390000000000001,1,3
2026-03-13 01:17:44,35.899999999999999,7.3300000000000001,1,3
2026-03-13 06:25:14,14.199999999999999,2.7200000000000002,6,1
2026-03-13 06:08:58,46.5,12.800000000000001,6,1
2026-03-13 07:43:58,13.5,2.0600000000000001,7,1
2026-03-13 07:08:33,35.899999999999999,6.3099999999999996,7,1
2026-03-13 08:01:47,13.5,2.7200000000000002,8,1
2026-03-13 08:25:33,5.7999999999999998,0.53000000000000003,8,1
2026-03-13 08:09:31,7.2000000000000002,0.90000000000000002,8,1
2026-03-13 09:38:07,12.800000000000001,1.8600000000000001,9,1
2026-03-13 09:21:52,8.5999999999999996,0.85999999999999999,9,1
2026-03-13 09:35:04,5.0999999999999996,0.28999999999999998,9,1
2026-03-13 09:36:17,5.0999999999999996,0.34000000000000002,9,1
2026-03-13 09:44:20,8.5999999999999996,0.71999999999999997,9,1
2026-03-13 09:18:53,13.5,1.1200000000000001,9,1
2026-03-13 09:09:48,10,0.90000000000000002,9,1
2026-03-13 09:47:23,45.700000000000003,10.1,9,1
2026-03-13 09:39:25,7.9000000000000004,0.90000000000000002,9,1
2026-03-13 09:34:59,32.5,8.9000000000000004,9,1
2026-03-13 09:14:13,23.300000000000001,4.2999999999999998,9,1
2026-03-13 10:38:10,19.800000000000001,2.2000000000000002,10,1
2026-03-13 10:33:24,47.5,14.800000000000001,10,1
2026-03-13 10:56:43,5.7999999999999998,0.59999999999999998,10,1
2026-03-13 11:18:45,54.799999999999997,11.699999999999999,11,1
2026-03-13 11:45:40,7.2000000000000002,0.80000000000000004,11,1
2026-03-13 11:34:29,49.200000000000003,9.0099999999999998,11,1
2026-03-13 11:39:09,12.800000000000001,1.0600000000000001,11,1
2026-03-13 11:38:21,10,1.1699999999999999,11,1
2026-03-13 11:59:42,19.100000000000001,2.3500000000000001,11,1
2026-03-13 12:24:45,11.4,1.5,12,1
2026-03-13 12:24:24,5.7999999999999998,0.47999999999999998,12,1
2026-03-13 12:09:45,12.1,1.23,12,1
2026-03-13 12:10:17,7.2000000000000002,0.81999999999999995,12,1
2026-03-13 12:45:05,12.800000000000001,1.3200000000000001,12,1
2026-03-13 12:27:54,50.5,12.199999999999999,12,1
2026-03-13 12:19:36,5.0999999999999996,0.5,12,1
2026-03-13 13:14:01,16.300000000000001,2,13,2
2026-03-13 13:27:21,40.100000000000001,9.5,13,2
2026-03-13 12:50:31,12.1,1.72,12,1
2026-03-13 13:56:45,8.5999999999999996,1.04,13,2
2026-03-13 13:36:08,11.4,1.6000000000000001,13,2
2026-03-13 13:08:46,21.199999999999999,4.5999999999999996,13,2
2026-03-13 13:03:56,5.7999999999999998,0.69999999999999996,13,2
2026-03-13 13:45:29,7.9000000000000004,0.82999999999999996,13,2
2026-03-13 14:26:31,7.2000000000000002,0.98999999999999999,14,2
2026-03-13 14:36:17,16.300000000000001,2.54,14,2
2026-03-13 14:51:17,5.7999999999999998,0.72999999999999998,14,2
2026-03-13 14:38:15,7.2000000000000002,0.80000000000000004,14,2
2026-03-13 14:15:13,7.9000000000000004,0.55000000000000004,14,2
2026-03-13 14:02:41,12.800000000000001,1.5800000000000001,14,2
2026-03-13 14:27:59,11.4,1.3700000000000001,14,2
2026-03-13 14:28:36,14.199999999999999,1.47,14,2
2026-03-13 14:34:20,12.800000000000001,1.0800000000000001,14,2
2026-03-13 15:05:59,26.800000000000001,4.0999999999999996,15,3
2026-03-13 15:43:11,19.100000000000001,2.5299999999999998,15,3
2026-03-13 15:24:55,101.40000000000001,20.600000000000001,15,3
2026-03-13 15:20:28,9.3000000000000007,0.89000000000000001,15,3
2026-03-13 16:44:45,45,10.5,16,3
2026-03-13 16:06:47,7.9000000000000004,0.69999999999999996,16,3
2026-03-13 16:48:25,27.5,5.7999999999999998,16,3
2026-03-13 16:35:41,8.5999999999999996,1.1399999999999999,16,3
2026-03-13 16:08:19,15.6,2.2000000000000002,16,3
2026-03-13 16:06:11,70,19.390000000000001,16,3
2026-03-13 16:59:08,14.9,1.6000000000000001,16,3
2026-03-13 16:59:41,25.399999999999999,3.3999999999999999,16,3
2026-03-13 17:53:24,9.3000000000000007,1.0600000000000001,17,3
2026-03-13 17:33:04,19.100000000000001,3.2000000000000002,17,3
2026-03-13 17:24:22,7.9000000000000004,0.69999999999999996,17,3
2026-03-13 17:12:12,18.399999999999999,3.4700000000000002,17,3
2026-03-13 17:06:45,10,0.85999999999999999,17,3
2026-03-13 17:06:39,6.5,0.45000000000000001,17,3
2026-03-13 17:03:18,8.5999999999999996,0.5,17,3
2026-03-13 17:19:39,7.9000000000000004,0.96999999999999997,17,3
2026-03-13 17:50:09,7.9000000000000004,0.70999999999999996,17,3
2026-03-13 17:07:50,19.800000000000001,1.4399999999999999,17,3
2026-03-13 17:50:17,41.5,10.4,17,3
2026-03-13 17:36:10,10,0.83999999999999997,17,3
2026-03-13 18:06:46,7.2000000000000002,0.95999999999999996,18,3
2026-03-13 18:17:35,18.399999999999999,2.8999999999999999,18,3
2026-03-13 18:09:03,5.7999999999999998,0.58999999999999997,18,3
2026-03-13 19:39:02,14.199999999999999,2.04,19,3
2026-03-13 19:55:27,8.5999999999999996,1.05,19,3
2026-03-13 19:46:42,43.600000000000001,10,19,3
2026-03-13 19:00:41,11.4,1.25,19,3
2026-03-13 20:51:58,12.800000000000001,1.76,20,3
2026-03-13 20:51:39,11.4,1.8200000000000001,20,3
2026-03-13 20:44:12,9.3000000000000007,1.3,20,3
2026-03-13 20:09:56,10.699999999999999,1.25,20,3
2026-03-13 20:18:54,15.6,2.0099999999999998,20,3
2026-03-13 21:05:48,9.3000000000000007,1.2,21,3
2026-03-13 21:37:43,15.6,1.6599999999999999,21,3
2026-03-13 21:34:55,38,9.5500000000000007,21,3
2026-03-13 21:05:53,10,1.3500000000000001,21,3
2026-03-13 21:16:56,10.699999999999999,1.03,21,3
2026-03-13 21:11:38,12.800000000000001,1.3799999999999999,21,3
2026-03-13 21:07:20,19.5,1.7,21,3
2026-03-13 22:16:13,10.699999999999999,1.5,22,3
2026-03-13 22:13:42,5.0999999999999996,0.71999999999999997,22,3
2026-03-13 22:44:21,8.5999999999999996,1.27,22,3
2026-03-13 22:04:50,17,2.2000000000000002,22,3
2026-03-13 22:54:50,17.699999999999999,2.7799999999999998,22,3
2026-03-13 22:02:04,28.899999999999999,7.5300000000000002,22,3
2026-03-13 23:10:27,13.5,1.6399999999999999,23,3
2026-03-13 23:45:45,7.2000000000000002,0.78000000000000003,23,3
2026-03-14 00:12:56,10.699999999999999,1.01,0,2
2026-03-14 00:01:02,12.1,1.5900000000000001,0,2
2026-03-14 00:37:52,7.9000000000000004,1.1399999999999999,0,2
2026-03-14 01:32:16,7.2000000000000002,1,1,1
2026-03-14 01:51:09,11.4,2.2599999999999998,1,1
2026-03-14 01:07:17,12.1,2.4700000000000002,1,1
2026-03-14 01:07:56,11.4,1.5,1,1
2026-03-14 01:11:43,13.5,2.3199999999999998,1,1
2026-03-14 02:55:06,9.3000000000000007,1.3200000000000001,2,2
2026-03-14 03:29:39,16.300000000000001,2.7999999999999998,3,3
2026-03-14 03:33:44,12.800000000000001,1.8700000000000001,3,3
2026-03-14 04:34:05,28.899999999999999,5.9800000000000004,4,3
2026-03-14 07:17:57,15.6,3.1699999999999999,7,1
2026-03-14 07:55:36,9.3000000000000007,1.4099999999999999,7,1
2026-03-14 08:19:15,7.2000000000000002,0.95999999999999996,8,1
2026-03-14 08:02:14,12.800000000000001,2.5299999999999998,8,1
2026-03-14 09:41:13,14.9,2.2999999999999998,9,1
2026-03-14 09:42:26,30.300000000000001,5.8499999999999996,9,1
2026-03-14 09:34:31,12.1,1.8100000000000001,9,1
2026-03-14 09:31:49,22.600000000000001,3.5499999999999998,9,1
2026-03-14 11:10:44,24,4.3200000000000003,11,1
2026-03-14 10:00:15,11.4,1.6599999999999999,10,1
2026-03-14 10:26:38,63.899999999999999,15.99,10,1
2026-03-14 11:06:06,5.0999999999999996,0.28999999999999998,11,1
2026-03-14 11:21:00,5.7999999999999998,0.78000000000000003,11,1
2026-03-14 11:45:28,7.9000000000000004,0.69999999999999996,11,1
2026-03-14 11:32:47,10,1.24,11,1
2026-03-14 11:51:51,17,2.3500000000000001,11,1
2026-03-14 11:48:05,13.5,1.6299999999999999,11,1
2026-03-14 12:03:58,17.699999999999999,2.4399999999999999,12,1
2026-03-14 12:25:36,9.3000000000000007,0.81000000000000005,12,1
2026-03-14 12:28:10,10,1.5,12,1
2026-03-14 12:15:27,9.3000000000000007,1.02,12,1
2026-03-14 12:47:55,5.0999999999999996,0.76000000000000001,12,1
2026-03-14 12:24:11,10.699999999999999,1.6200000000000001,12,1
2026-03-14 12:47:47,14.199999999999999,1.77,12,1
2026-03-14 12:07:23,7.2000000000000002,0.46000000000000002,12,1
2026-03-14 13:32:38,9.3000000000000007,0.94999999999999996,13,1
2026-03-14 13:57:53,28.5,4,13,1
2026-03-14 14:01:43,5.7999999999999998,0.63,14,1
2026-03-14 14:30:09,9.3000000000000007,0.92000000000000004,14,1
2026-03-14 14:21:53,8.5999999999999996,1.3,14,1
2026-03-14 15:36:09,12.800000000000001,1.95,15,2
2026-03-14 15:49:03,39.5,9.9000000000000004,15,2
2026-03-14 15:30:21,49.899999999999999,12.380000000000001,15,2
2026-03-14 15:20:10,9.3000000000000007,1.03,15,2
2026-03-14 16:04:18,10.699999999999999,1.24,16,2
2026-03-14 16:19:32,4.4000000000000004,0.29999999999999999,16,2
2026-03-14 16:37:38,9.3000000000000007,0.92000000000000004,16,2
2026-03-14 16:05:21,21.899999999999999,2.8999999999999999,16,2
2026-03-14 16:51:24,11.4,1.21,16,2
2026-03-14 16:04:14,11.4,0.92000000000000004,16,2
2026-03-14 16:38:56,41.5,8.5299999999999994,16,2
2026-03-14 16:04:10,28.199999999999999,3.2999999999999998,16,2
2026-03-14 17:39:05,23.300000000000001,4.4199999999999999,17,2
2026-03-14 17:24:39,6.5,0.62,17,2
2026-03-14 17:18:10,13.5,0.84999999999999998,17,2
2026-03-14 18:42:16,14.9,2.79,18,2
2026-03-14 18:48:25,5.7999999999999998,0.48999999999999999,18,2
2026-03-14 18:23:12,6.5,0.80000000000000004,18,2
2026-03-14 18:57:50,11.4,1.6000000000000001,18,2
2026-03-14 18:03:01,14.9,2.4399999999999999,18,2
2026-03-14 18:51:23,7.9000000000000004,0.94999999999999996,18,2
2026-03-14 18:09:30,13.5,0.57999999999999996,18,2
2026-03-14 18:34:00,36.600000000000001,6,18,2
2026-03-14 18:00:42,12.1,1.8400000000000001,18,2
2026-03-14 18:02:46,19.100000000000001,2.8799999999999999,18,2
2026-03-14 18:51:46,12.1,1.3999999999999999,18,2
2026-03-14 19:58:13,18.399999999999999,3.2999999999999998,19,2
2026-03-14 19:03:24,10,1.6499999999999999,19,2
2026-03-14 19:43:37,16.300000000000001,3.2400000000000002,19,2
2026-03-14 19:47:03,15.6,2.2999999999999998,19,2
2026-03-14 19:54:12,10.699999999999999,1.1599999999999999,19,2
2026-03-14 19:03:56,11.4,1.8200000000000001,19,2
2026-03-14 19:13:35,5.7999999999999998,0.089999999999999997,19,2
2026-03-14 19:08:18,15.6,2.1800000000000002,19,2
2026-03-14 19:24:42,11.4,1.3200000000000001,19,2
2026-03-14 19:59:48,47.799999999999997,10.91,19,2
2026-03-14 19:21:22,14.9,1.5,19,2
2026-03-14 19:29:29,29.600000000000001,5.4299999999999997,19,2
2026-03-14 20:55:53,118.5,28.43,20,2
2026-03-14 20:36:09,13.5,2.3399999999999999,20,2
2026-03-14 20:45:29,26.800000000000001,3.6000000000000001,20,2
2026-03-14 20:44:21,33.799999999999997,7.4199999999999999,20,2
2026-03-14 20:22:23,15.6,1.98,20,2
2026-03-14 21:54:24,7.2000000000000002,0.69999999999999996,21,1
2026-03-14 21:58:04,16.300000000000001,2.4100000000000001,21,1
2026-03-14 21:32:29,12.1,1.53,21,1
2026-03-14 21:08:25,7.2000000000000002,0.88,21,1
2026-03-14 21:25:28,70,16.489999999999998,21,1
2026-03-14 21:16:55,7.2000000000000002,0.87,21,1
2026-03-14 21:28:41,14.9,1.45,21,1
2026-03-14 22:41:07,7.9000000000000004,0.46000000000000002,22,2
2026-03-14 22:47:40,17.699999999999999,3.4300000000000002,22,2
2026-03-14 22:35:43,12.1,1.45,22,2
2026-03-14 23:57:14,8.5999999999999996,0.75,23,2
2026-03-14 23:24:50,36.600000000000001,6.9000000000000004,23,2
2026-03-14 23:31:25,12.1,1.1000000000000001,23,2
2026-03-15 00:23:21,14.9,2.1600000000000001,0,2
2026-03-15 00:36:35,14.199999999999999,1.79,0,2
2026-03-15 00:19:15,10.699999999999999,1.3,0,2
2026-03-15 00:40:09,21.199999999999999,3.7000000000000002,0,2
2026-03-15 01:54:24,5.7999999999999998,0.60999999999999999,1,1
2026-03-15 01:03:21,14.199999999999999,2.0600000000000001,1,1
2026-03-15 02:14:57,10,1.23,2,3
2026-03-15 03:30:41,7.2000000000000002,0.80000000000000004,3,3
2026-03-15 03:30:00,24,4.4900000000000002,3,3
2026-03-15 03:46:46,14.9,2.3500000000000001,3,3
2026-03-15 03:16:31,3.7000000000000002,0.089999999999999997,3,3
2026-03-15 04:34:05,8.5999999999999996,0.68000000000000005,4,3
2026-03-15 06:49:05,6.5,0.77000000000000002,6,3
2026-03-15 07:09:58,5.7999999999999998,0.80000000000000004,7,3
2026-03-15 08:03:51,10.699999999999999,2.1299999999999999,8,3
2026-03-15 09:38:48,7.2000000000000002,0.90000000000000002,9,3
2026-03-15 09:25:27,11.4,1.8999999999999999,9,3
2026-03-15 10:04:07,10,0.62,10,3
2026-03-15 10:57:58,6.5,0.69999999999999996,10,3
2026-03-15 10:42:47,35.899999999999999,9.0999999999999996,10,3
2026-03-15 10:26:06,8.5999999999999996,1.28,10,3
2026-03-15 11:09:22,10.699999999999999,2,11,3
2026-03-15 11:42:12,34.5,3.5699999999999998,11,3
2026-03-15 11:08:38,7.9000000000000004,1.05,11,3
2026-03-15 11:51:01,5.7999999999999998,0.65000000000000002,11,3
2026-03-15 12:44:26,70,15.699999999999999,12,3
2026-03-15 12:06:25,7.9000000000000004,0.82999999999999996,12,3
2026-03-15 12:27:30,47.799999999999997,10.32,12,3
2026-03-15 12:47:22,17.699999999999999,2.7999999999999998,12,3
2026-03-15 12:49:12,5.0999999999999996,0.53000000000000003,12,3
2026-03-15 12:01:23,9.3000000000000007,0.65000000000000002,12,3
2026-03-15 12:44:04,6.5,0.16,12,3
2026-03-15 13:27:45,5.7999999999999998,0.75,13,3
2026-03-15 13:41:43,10,1.54,13,3
2026-03-15 13:23:59,6.5,0.69999999999999996,13,3
2026-03-15 13:35:08,10.699999999999999,1.04,13,3
2026-03-15 13:58:25,33.799999999999997,5.4000000000000004,13,3
2026-03-15 13:12:33,14.9,1.72,13,3
2026-03-15 13:15:54,19.5,1.6000000000000001,13,3
2026-03-15 13:23:06,14.9,0.90000000000000002,13,3
2026-03-15 13:36:42,7.9000000000000004,0.85999999999999999,13,3
2026-03-15 13:37:33,28.899999999999999,5.6100000000000003,13,3
2026-03-15 15:27:16,10.699999999999999,1.3799999999999999,15,3
2026-03-15 14:17:19,5.7999999999999998,0.69999999999999996,14,3
2026-03-15 14:32:52,20.5,2.2999999999999998,14,3
2026-03-15 14:31:23,12.1,1.8,14,3
2026-03-15 14:44:36,5.0999999999999996,0.29999999999999999,14,3
2026-03-15 14:33:21,17.699999999999999,2.9100000000000001,14,3
2026-03-15 14:34:23,13.5,1.6599999999999999,14,3
2026-03-15 14:03:52,7.9000000000000004,0.93999999999999995,14,3
2026-03-15 14:39:39,8.5999999999999996,1.29,14,3
2026-03-15 14:31:06,6.5,0.69999999999999996,14,3
2026-03-15 15:41:13,42.200000000000003,9.8499999999999996,15,3
2026-03-15 15:15:43,7.9000000000000004,1.0900000000000001,15,3
2026-03-15 15:14:27,8.5999999999999996,0.59999999999999998,15,3
2026-03-15 15:39:44,70,18.960000000000001,15,3
2026-03-15 15:36:21,10.699999999999999,1.49,15,3
2026-03-15 15:34:26,11.4,1.7,15,3
2026-03-15 15:43:24,17.699999999999999,2.6600000000000001,15,3
2026-03-15 16:31:11,7.2000000000000002,0.88,16,3
2026-03-15 16:49:05,15.6,2.6600000000000001,16,3
2026-03-15 16:38:18,70,18.399999999999999,16,3
2026-03-15 17:59:12,5.0999999999999996,0.44,17,3
2026-03-15 17:07:22,19.100000000000001,3.1000000000000001,17,3
2026-03-15 17:37:31,9.3000000000000007,1,17,3
2026-03-15 17:44:29,15.6,1.99,17,3
2026-03-15 17:09:30,45.700000000000003,9.9800000000000004,17,3
2026-03-15 18:12:22,6.5,0.76000000000000001,18,3
2026-03-15 18:10:52,66,16.59,18,3
2026-03-15 19:16:57,27.5,4.9800000000000004,19,3
2026-03-15 20:51:40,19.800000000000001,3.2599999999999998,20,3
2026-03-15 20:27:42,9.3000000000000007,1.0900000000000001,20,3
2026-03-15 20:39:27,42.200000000000003,10.85,20,3
2026-03-15 20:56:31,33.5,8.5999999999999996,20,3
2026-03-15 21:40:16,3,0.080000000000000002,21,3
2026-03-15 22:46:55,12.800000000000001,2.3999999999999999,22,3
2026-03-15 22:14:05,7.9000000000000004,1.3,22,3
2026-03-15 22:56:50,83.5,20.969999999999999,22,3
2026-03-15 22:54:51,4.4000000000000004,0.56999999999999995,22,3
2026-03-15 23:00:53,10.699999999999999,1.5600000000000001,23,3
2026-03-16 00:01:28,30.300000000000001,7.4100000000000001,0,3
2026-03-16 00:39:22,33.100000000000001,8.3000000000000007,0,3
2026-03-16 00:28:40,7.9000000000000004,1.22,0,3
2026-03-16 01:45:18,19.100000000000001,3.8599999999999999,1,3
2026-03-16 03:54:19,12.800000000000001,2.3999999999999999,3,3
2026-03-16 05:15:26,10,1.76,5,3
2026-03-16 06:13:41,8.5999999999999996,1.03,6,3
2026-03-16 06:47:38,17,2.8799999999999999,6,3
2026-03-16 07:40:26,15.6,2.3999999999999999,7,8
2026-03-16 07:30:52,7.2000000000000002,0.48999999999999999,7,8
2026-03-16 07:50:16,10.699999999999999,1.0700000000000001,7,8
2026-03-16 07:11:12,35.899999999999999,5.3200000000000003,7,8
2026-03-16 08:04:53,7.2000000000000002,1.1000000000000001,8,9
2026-03-16 08:29:38,24,3,8,9
2026-03-16 08:10:36,21.199999999999999,3.23,8,9
2026-03-16 08:29:41,17.699999999999999,2.7599999999999998,8,9
2026-03-16 08:44:50,36.5,9.0999999999999996,8,9
2026-03-16 09:18:16,8.5999999999999996,0.69999999999999996,9,5
2026-03-16 10:26:00,13.5,1.2,10,5
2026-03-16 10:57:37,20.5,2.3599999999999999,10,5
2026-03-16 11:25:19,14.9,0.80000000000000004,11,5
2026-03-16 11:14:58,70,19.59,11,5
2026-03-16 11:35:41,19.100000000000001,1.29,11,5
2026-03-16 11:16:31,11.4,1.1699999999999999,11,5
2026-03-16 12:33:55,8.5999999999999996,0.80000000000000004,12,5
2026-03-16 12:10:49,24,4.75,12,5
2026-03-16 12:02:58,12.1,0.90000000000000002,12,5
2026-03-16 12:14:46,5.0999999999999996,0.38,12,5
2026-03-16 12:17:45,38,6.46,12,5
2026-03-16 12:59:23,13.5,1.4199999999999999,12,5
2026-03-16 12:32:27,36.5,9.6999999999999993,12,5
2026-03-16 12:50:39,27.5,5.5,12,5
2026-03-16 13:39:09,18.399999999999999,3.6000000000000001,13,5
2026-03-16 14:31:17,13.5,2.0499999999999998,14,5
2026-03-16 14:22:11,24,4.7000000000000002,14,5
2026-03-16 14:25:43,34.5,7.3600000000000003,14,5
2026-03-16 14:02:12,10,1.2,14,5
2026-03-16 14:46:50,12.1,1.71,14,5
2026-03-16 15:56:48,11.4,1.54,15,5
2026-03-16 15:52:35,17.5,0.80000000000000004,15,5
2026-03-16 15:16:05,7.2000000000000002,0.59999999999999998,15,5
2026-03-16 15:25:41,19.100000000000001,2.25,15,5
2026-03-16 16:41:24,11.4,0.77000000000000002,16,5
2026-03-16 16:19:57,45.5,4.4000000000000004,16,5
2026-03-16 16:33:18,17.5,1,16,5
2026-03-16 17:22:55,14.9,1.7,17,5
2026-03-16 17:42:00,64.599999999999994,14.4,17,5
2026-03-16 17:19:58,5.0999999999999996,0.29999999999999999,17,5
2026-03-16 18:34:46,6.5,0.80000000000000004,18,3
2026-03-16 18:19:51,7.9000000000000004,1.1000000000000001,18,3
2026-03-16 18:11:03,15.6,1.8999999999999999,18,3
2026-03-16 18:03:28,12.800000000000001,1.6799999999999999,18,3
2026-03-16 18:53:09,10.699999999999999,1.0600000000000001,18,3
2026-03-16 19:47:21,10.699999999999999,1.7,19,3
2026-03-16 19:11:47,9.3000000000000007,1.23,19,3
2026-03-16 19:45:20,12.800000000000001,1.54,19,3
2026-03-16 20:07:44,9.3000000000000007,1.2,20,9
2026-03-16 20:07:22,14.9,2.7000000000000002,20,9
2026-03-16 20:20:09,7.2000000000000002,1.0900000000000001,20,9
2026-03-16 20:31:21,9.3000000000000007,1.22,20,9
2026-03-16 20:35:02,42.200000000000003,8.1500000000000004,20,9
2026-03-16 20:05:49,8.5999999999999996,1.1100000000000001,20,9
2026-03-16 20:08:46,38.700000000000003,9.5600000000000005,20,9
2026-03-16 20:31:40,8.5999999999999996,1.29,20,9
2026-03-16 20:18:29,22.600000000000001,4.1500000000000004,20,9
2026-03-16 20:49:00,5.7999999999999998,0.51000000000000001,20,9
2026-03-16 21:16:30,28.199999999999999,5.7199999999999998,21,8
2026-03-16 21:16:19,33.5,8.1999999999999993,21,8
2026-03-16 21:09:31,14.199999999999999,2.8999999999999999,21,8
2026-03-16 21:40:25,7.9000000000000004,1.0600000000000001,21,8
2026-03-16 22:47:43,7.2000000000000002,0.83999999999999997,22,3
2026-03-16 22:46:48,7.2000000000000002,0.94999999999999996,22,3
2026-03-16 22:08:37,7.2000000000000002,1,22,3
2026-03-16 22:27:28,9.3000000000000007,1,22,3
2026-03-16 23:20:04,10,1.73,23,5
2026-03-16 23:42:09,19.800000000000001,3.8799999999999999,23,5
2026-03-16 23:23:44,16.300000000000001,2.9900000000000002,23,5
2026-03-16 23:07:06,17,3.1499999999999999,23,5
2026-03-17 00:34:52,7.9000000000000004,1.4199999999999999,0,7
2026-03-17 05:38:50,12.800000000000001,2.5600000000000001,5,9
2026-03-17 06:26:18,31.699999999999999,8.0500000000000007,6,7
2026-03-17 06:25:21,10.699999999999999,1.25,6,7
2026-03-17 06:19:16,51.5,18.399999999999999,6,7
2026-03-17 07:15:04,11.4,1.76,7,8
2026-03-17 08:15:08,7.2000000000000002,0.68000000000000005,8,3
2026-03-17 08:49:27,15.6,2.5499999999999998,8,3
2026-03-17 08:44:55,16.300000000000001,1.2,8,3
2026-03-17 08:34:59,36.600000000000001,7.7999999999999998,8,3
2026-03-17 09:35:45,15.6,1.7,9,3
2026-03-17 09:29:29,25.399999999999999,4.4800000000000004,9,3
2026-03-17 09:10:47,35.899999999999999,6.29,9,3
2026-03-17 09:20:31,7.2000000000000002,0.88,9,3
2026-03-17 10:07:04,8.5999999999999996,0.53000000000000003,10,1
2026-03-17 10:23:01,7.9000000000000004,0.93999999999999995,10,1
2026-03-17 10:17:03,43.600000000000001,2.9300000000000002,10,1
2026-03-17 10:26:42,9.3000000000000007,0.88,10,1
2026-03-17 10:15:47,26.5,27.800000000000001,10,1
2026-03-17 10:54:38,12.800000000000001,1.45,10,1
2026-03-17 10:08:36,16.300000000000001,1.74,10,1
2026-03-17 10:17:33,41.5,7.8300000000000001,10,1
2026-03-17 10:26:58,25.5,4.9000000000000004,10,1
2026-03-17 11:16:35,32.399999999999999,5.7599999999999998,11,2
2026-03-17 11:17:14,11.4,1.3,11,2
2026-03-17 11:49:08,17,1.8500000000000001,11,2
2026-03-17 11:04:10,20.5,2.5099999999999998,11,2
2026-03-17 11:53:37,15.6,1.73,11,2
2026-03-17 12:30:42,21.899999999999999,1.8,12,1
2026-03-17 12:26:38,21.199999999999999,3.2999999999999998,12,1
2026-03-17 12:03:46,84.599999999999994,15.27,12,1
2026-03-17 12:29:19,18.5,1.8,12,1
2026-03-17 13:09:30,15.6,1.3999999999999999,13,1
2026-03-17 13:12:41,9.3000000000000007,0.5,13,1
2026-03-17 13:46:46,6.5,0.62,13,1
2026-03-17 13:00:12,88,10.93,13,1
2026-03-17 13:53:07,70,16.91,13,1
2026-03-17 14:32:23,8.5999999999999996,1.0700000000000001,14,1
2026-03-17 14:02:35,7.9000000000000004,0.67000000000000004,14,1
2026-03-17 14:57:24,13.5,0.71999999999999997,14,1
2026-03-17 14:09:03,41.5,8.4800000000000004,14,1
2026-03-17 15:01:25,24,3.21,15,1
2026-03-17 15:33:44,19.800000000000001,2.7999999999999998,15,1
2026-03-17 15:02:29,13.5,1.79,15,1
2026-03-17 15:18:58,31,4.7999999999999998,15,1
2026-03-17 15:17:44,11.4,1.47,15,1
2026-03-17 15:53:59,22.5,3.2000000000000002,15,1
2026-03-17 15:30:37,11.4,1.1499999999999999,15,1
2026-03-17 15:51:51,46.5,13.699999999999999,15,1
2026-03-17 15:13:21,12.1,0.65000000000000002,15,1
2026-03-17 16:45:49,15.6,2.4199999999999999,16,2
2026-03-17 16:09:31,8.5999999999999996,0.69999999999999996,16,2
2026-03-17 16:16:23,17,1.6399999999999999,16,2
2026-03-17 16:48:36,19.800000000000001,1.1399999999999999,16,2
2026-03-17 16:02:18,5.7999999999999998,0.22,16,2
2026-03-17 16:13:28,11.4,1.29,16,2
2026-03-17 17:38:49,34.5,7.2699999999999996,17,3
2026-03-17 17:14:37,12.1,1.6000000000000001,17,3
2026-03-17 17:01:55,17.699999999999999,3.48,17,3
2026-03-17 17:52:32,19.100000000000001,4.1500000000000004,17,3
2026-03-17 17:22:47,5.0999999999999996,0.34999999999999998,17,3
2026-03-17 17:13:37,10.699999999999999,1,17,3
2026-03-17 17:31:59,5.7999999999999998,0.60999999999999999,17,3
2026-03-17 17:29:58,22.600000000000001,3.8900000000000001,17,3
2026-03-17 18:56:00,9.3000000000000007,0.93000000000000005,18,3
2026-03-17 18:16:23,5.7999999999999998,0.40000000000000002,18,3
2026-03-17 18:29:11,5.7999999999999998,0.59999999999999998,18,3
2026-03-17 18:27:24,11.4,1.6899999999999999,18,3
2026-03-17 19:41:58,7.2000000000000002,0.70999999999999996,19,3
2026-03-17 19:37:10,38.700000000000003,9.3000000000000007,19,3
2026-03-17 19:41:58,9.3000000000000007,1.22,19,3
2026-03-17 19:28:41,10,1.7,19,3
2026-03-17 19:01:32,63.200000000000003,16.98,19,3
2026-03-17 20:14:08,9.3000000000000007,1.5600000000000001,20,2
2026-03-17 20:39:27,7.9000000000000004,1.29,20,2
2026-03-17 20:05:17,27.5,5.8300000000000001,20,2
2026-03-17 20:26:52,11.4,1.8999999999999999,20,2
2026-03-17 20:54:55,7.2000000000000002,0.83999999999999997,20,2
2026-03-17 20:41:57,12.1,1.72,20,2
2026-03-17 20:39:19,13.5,1.6799999999999999,20,2
2026-03-17 20:14:23,33.100000000000001,6.7400000000000002,20,2
2026-03-17 21:20:18,10,1.54,21,1
2026-03-17 21:19:08,19.800000000000001,4,21,1
2026-03-17 21:53:43,7.2000000000000002,0.98999999999999999,21,1
2026-03-17 22:51:34,5.0999999999999996,0.45000000000000001,22,3
2026-03-17 22:06:56,70,17.699999999999999,22,3
2026-03-17 22:32:15,28.199999999999999,6.4299999999999997,22,3
2026-03-17 23:35:49,30.300000000000001,7.4000000000000004,23,3
2026-03-18 00:47:32,10.699999999999999,1.9399999999999999,0,3
2026-03-18 02:57:43,33.100000000000001,8.5,2,3
2026-03-18 03:27:18,9.3000000000000007,1.2,3,2
2026-03-18 06:23:36,31.5,6.9000000000000004,6,1
2026-03-18 06:59:34,70,17.329999999999998,6,1
2026-03-18 07:16:26,16.300000000000001,3.54,7,1
2026-03-18 08:00:01,9.3000000000000007,0.80000000000000004,8,1
2026-03-18 08:28:27,10,1,8,1
2026-03-18 08:46:59,18.399999999999999,2.4300000000000002,8,1
2026-03-18 09:58:55,14.9,3.7000000000000002,9,1
2026-03-18 09:24:35,29.600000000000001,3.7400000000000002,9,1
2026-03-18 09:03:11,39.5,9.4000000000000004,9,1
2026-03-18 09:43:07,54.799999999999997,10.08,9,1
2026-03-18 10:14:20,14.9,1.5,10,1
2026-03-18 10:28:20,8.5999999999999996,1.1699999999999999,10,1
2026-03-18 10:44:19,26.800000000000001,1.5700000000000001,10,1
2026-03-18 10:41:20,11.4,0.84999999999999998,10,1
2026-03-18 11:21:28,7.9000000000000004,1.01,11,1
2026-03-18 11:18:31,10,1.1399999999999999,11,1
2026-03-18 12:43:05,10.699999999999999,1.3,12,1
2026-03-18 12:29:59,10.699999999999999,1.3999999999999999,12,1
2026-03-18 12:58:15,10,1.0600000000000001,12,1
2026-03-18 12:13:17,10.699999999999999,1.2,12,1
2026-03-18 12:12:49,15.6,1.6699999999999999,12,1
2026-03-18 12:50:50,14.9,0.68999999999999995,12,1
2026-03-18 12:26:01,47.5,13,12,1
2026-03-18 12:43:10,70,17.43,12,1
2026-03-18 13:39:06,31,2.2000000000000002,13,1
2026-03-18 13:52:29,19.100000000000001,1.3899999999999999,13,1
2026-03-18 13:49:58,6.5,0.73999999999999999,13,1
2026-03-18 13:33:19,33.100000000000001,4.7400000000000002,13,1
2026-03-18 13:50:17,10,0.75,13,1
2026-03-18 13:04:42,24.699999999999999,2.3199999999999998,13,1
2026-03-18 13:42:18,108,28.93,13,1
2026-03-18 13:58:50,7.2000000000000002,0.63,13,1
2026-03-18 14:42:06,26.100000000000001,3.6299999999999999,14,1
2026-03-18 14:43:11,17,1.79,14,1
2026-03-18 14:21:31,12.800000000000001,0.98999999999999999,14,1
2026-03-18 14:23:09,11.4,1.4099999999999999,14,1
2026-03-18 14:47:03,12.800000000000001,0.91000000000000003,14,1
2026-03-18 14:58:02,8.5999999999999996,0.95999999999999996,14,1
2026-03-18 14:07:53,17.699999999999999,0.54000000000000004,14,1
2026-03-18 14:48:13,24.699999999999999,1.6899999999999999,14,1
2026-03-18 14:29:19,52.700000000000003,11.529999999999999,14,1
2026-03-18 15:07:05,9.3000000000000007,1.1000000000000001,15,1
2026-03-18 15:07:04,19.800000000000001,1.9399999999999999,15,1
2026-03-18 15:22:41,12.1,1.46,15,1
2026-03-18 15:09:53,7.9000000000000004,0.47999999999999998,15,1
2026-03-18 15:43:42,6.5,0.56000000000000005,15,1
2026-03-18 15:36:53,93.299999999999997,17.859999999999999,15,1
2026-03-18 16:16:26,13.5,0.96999999999999997,16,3
2026-03-18 16:15:53,7.2000000000000002,0.88,16,3
2026-03-18 16:19:56,8.5999999999999996,0.46999999999999997,16,3
2026-03-18 16:14:37,5.7999999999999998,0.52000000000000002,16,3
2026-03-18 16:07:53,7.9000000000000004,0.51000000000000001,16,3
2026-03-18 16:51:14,22.600000000000001,1.6000000000000001,16,3
2026-03-18 16:48:51,27.5,3.9399999999999999,16,3
2026-03-18 17:36:34,33.100000000000001,5.3799999999999999,17,3
2026-03-18 17:03:31,8.5999999999999996,0.90000000000000002,17,3
2026-03-18 17:18:34,5.7999999999999998,0.5,17,3
2026-03-18 17:40:11,15.6,1.3,17,3
2026-03-18 17:08:50,7.2000000000000002,0.80000000000000004,17,3
2026-03-18 17:15:29,19.800000000000001,2.4500000000000002,17,3
2026-03-18 17:16:56,48.5,11.5,17,3
2026-03-18 18:45:50,16.300000000000001,2.48,18,3
2026-03-18 18:38:25,12.800000000000001,1.6799999999999999,18,3
2026-03-18 18:59:06,43.5,12.9,18,3
2026-03-18 18:55:54,7.2000000000000002,0.56999999999999995,18,3
2026-03-18 19:19:18,6.5,0.57999999999999996,19,3
2026-03-18 19:41:33,6.5,0.63,19,3
2026-03-18 19:05:55,8.5999999999999996,1.1799999999999999,19,3
2026-03-18 19:49:17,6.5,0.85999999999999999,19,3
2026-03-18 19:05:07,36.600000000000001,6.4000000000000004,19,3
2026-03-18 19:32:05,9.3000000000000007,0.82999999999999996,19,3
2026-03-18 20:29:37,15.6,2.2999999999999998,20,3
2026-03-18 20:13:08,28.199999999999999,5.2199999999999998,20,3
2026-03-18 20:27:25,10,1.3999999999999999,20,3
2026-03-18 20:40:44,15.6,2.5499999999999998,20,3
2026-03-18 20:16:10,21.899999999999999,4.0899999999999999,20,3
2026-03-18 20:08:47,12.1,2.0600000000000001,20,3
2026-03-18 20:46:21,70,19.170000000000002,20,3
2026-03-18 21:47:38,10,1.7,21,3
2026-03-18 21:07:59,16.300000000000001,3.29,21,3
2026-03-18 21:17:18,21.199999999999999,3.5600000000000001,21,3
2026-03-18 21:47:58,31.699999999999999,6.5099999999999998,21,3
2026-03-18 21:12:02,10.699999999999999,1.7,21,3
2026-03-18 22:41:09,50.5,16.100000000000001,22,3
2026-03-18 22:11:13,7.2000000000000002,0.85999999999999999,22,3
2026-03-18 22:47:57,86,11.69,22,3
2026-03-18 22:01:12,12.1,1.4299999999999999,22,3
2026-03-18 22:29:10,16.300000000000001,2.6299999999999999,22,3
2026-03-18 23:00:08,31.699999999999999,5.6699999999999999,23,1
2026-03-19 00:30:49,8.5999999999999996,1.4099999999999999,0,1
2026-03-19 00:17:53,7.2000000000000002,0.81000000000000005,0,1
2026-03-19 01:44:18,19.100000000000001,3.6499999999999999,1,2
2026-03-19 06:42:51,10,1.79,6,3
2026-03-19 07:30:39,13.5,1.9199999999999999,7,1
2026-03-19 07:19:23,9.3000000000000007,1.2,7,1
2026-03-19 07:41:44,12.800000000000001,1.95,7,1
2026-03-19 07:51:31,52.5,14.5,7,1
2026-03-19 07:41:37,14.9,2.0099999999999998,7,1
2026-03-19 08:39:56,15.6,2.1699999999999999,8,1
2026-03-19 08:39:48,26.100000000000001,4.79,8,1
2026-03-19 08:43:31,10,1.25,8,1
2026-03-19 08:39:14,10,1.28,8,1
2026-03-19 09:39:31,10.699999999999999,0.92000000000000004,9,1
2026-03-19 09:29:41,12.1,1.21,9,1
2026-03-19 09:53:44,69.5,22.5,9,1
2026-03-19 09:46:14,33.799999999999997,6.5999999999999996,9,1
2026-03-19 09:31:57,13.5,1.97,9,1
2026-03-19 09:20:12,68.5,24.699999999999999,9,1
2026-03-19 09:01:55,35.5,9.4000000000000004,9,1
2026-03-19 09:48:09,5.0999999999999996,0.46999999999999997,9,1
2026-03-19 09:14:37,11.4,1.8999999999999999,9,1
2026-03-19 10:17:22,11.4,0.79000000000000004,10,1
2026-03-19 10:16:50,12.800000000000001,1.9299999999999999,10,1
2026-03-19 10:43:56,26.100000000000001,2.8999999999999999,10,1
2026-03-19 10:02:17,10.699999999999999,0.97999999999999998,10,1
2026-03-19 10:41:59,15.6,2.4300000000000002,10,1
2026-03-19 11:52:35,10,1.21,11,1
2026-03-19 11:38:35,6.5,0.40999999999999998,11,1
2026-03-19 11:07:22,71.599999999999994,16.949999999999999,11,1
2026-03-19 11:33:20,10,1.1299999999999999,11,1
2026-03-19 11:38:29,32.399999999999999,2.2799999999999998,11,1
2026-03-19 11:15:39,13.5,1.1200000000000001,11,1
2026-03-19 11:24:49,25.399999999999999,2.1299999999999999,11,1
2026-03-19 12:13:19,12.1,1.6399999999999999,12,3
2026-03-19 12:05:43,12.800000000000001,1.7,12,3
2026-03-19 12:56:09,11.4,1.1499999999999999,12,3
2026-03-19 12:45:10,10.699999999999999,1.48,12,3
2026-03-19 12:19:00,7.9000000000000004,0.92000000000000004,12,3
2026-03-19 12:23:07,17,1.6899999999999999,12,3
2026-03-19 12:20:47,9.3000000000000007,0.63,12,3
2026-03-19 13:41:56,7.2000000000000002,0.85999999999999999,13,3
2026-03-19 13:43:16,31,4.3799999999999999,13,3
2026-03-19 13:38:55,35.200000000000003,5.8700000000000001,13,3
2026-03-19 13:52:30,10,0.97999999999999998,13,3
2026-03-19 13:51:30,27.5,3.4100000000000001,13,3
2026-03-19 13:18:07,14.199999999999999,1.27,13,3
2026-03-19 13:20:04,14.199999999999999,1.7,13,3
2026-03-19 13:49:32,45.5,13,13,3
2026-03-19 13:05:44,7.2000000000000002,0.57999999999999996,13,3
2026-03-19 13:44:59,14.9,1.04,13,3
2026-03-19 13:14:51,66.700000000000003,16.940000000000001,13,3
2026-03-19 14:27:06,26.100000000000001,3.7000000000000002,14,3
2026-03-19 14:19:39,10,1.1000000000000001,14,3
2026-03-19 14:51:07,22.600000000000001,2.3100000000000001,14,3
2026-03-19 14:45:58,12.1,1.3600000000000001,14,3
2026-03-19 14:33:56,5.0999999999999996,0.44,14,3
2026-03-19 15:33:21,5.7999999999999998,0.48999999999999999,15,1
2026-03-19 15:46:32,8.5999999999999996,0.71999999999999997,15,1
2026-03-19 15:38:33,20.5,3.9399999999999999,15,1
2026-03-19 15:16:39,6.5,0.46000000000000002,15,1
2026-03-19 15:18:09,41.5,10.699999999999999,15,1
2026-03-19 15:39:48,45.700000000000003,11.48,15,1
2026-03-19 15:42:29,23.300000000000001,3.2200000000000002,15,1
2026-03-19 15:42:06,10,1.1699999999999999,15,1
2026-03-19 15:24:46,5.7999999999999998,0.69999999999999996,15,1
2026-03-19 16:54:40,14.9,1.8500000000000001,16,1
2026-03-19 16:14:33,7.9000000000000004,0.90000000000000002,16,1
2026-03-19 16:23:17,6.5,0.5,16,1
2026-03-19 16:56:33,5.7999999999999998,0.62,16,1
2026-03-19 16:49:23,9.3000000000000007,0.80000000000000004,16,1
2026-03-19 16:10:28,27.5,4.6100000000000003,16,1
2026-03-19 17:09:06,7.2000000000000002,0.69999999999999996,17,3
2026-03-19 17:08:11,31,3.7799999999999998,17,3
2026-03-19 17:43:17,7.9000000000000004,1.03,17,3
2026-03-19 17:34:58,14.199999999999999,1.3,17,3
2026-03-19 17:38:47,9.3000000000000007,0.80000000000000004,17,3
2026-03-19 17:11:40,13.5,1.9299999999999999,17,3
2026-03-19 17:37:29,6.5,0.64000000000000001,17,3
2026-03-19 17:38:47,12.1,1.8999999999999999,17,3
2026-03-19 18:39:48,8.5999999999999996,1,18,2
2026-03-19 18:49:42,11.4,1.3,18,2
2026-03-19 18:18:07,22.600000000000001,3.4199999999999999,18,2
2026-03-19 18:02:43,19.800000000000001,1.55,18,2
2026-03-19 18:01:11,11.4,1.8100000000000001,18,2
2026-03-19 18:56:08,12.1,1.45,18,2
2026-03-19 19:04:06,16.300000000000001,2.48,19,3
2026-03-19 19:51:58,10.699999999999999,1.49,19,3
2026-03-19 19:07:20,12.800000000000001,2.04,19,3
2026-03-19 19:33:27,4.4000000000000004,0.29999999999999999,19,3
2026-03-19 19:49:24,19.5,1.8,19,3
2026-03-19 19:34:12,10.699999999999999,1.25,19,3
2026-03-19 20:45:52,9.3000000000000007,1.3400000000000001,20,3
2026-03-19 20:01:26,21.199999999999999,4.3700000000000001,20,3
2026-03-19 20:32:59,6.5,0.90000000000000002,20,3
2026-03-19 20:28:46,21.199999999999999,3.8399999999999999,20,3
2026-03-19 20:09:25,70,18.5,20,3
2026-03-19 20:28:51,17,2.4399999999999999,20,3
2026-03-19 20:41:43,15.6,2.29,20,3
2026-03-19 20:11:27,14.9,1.8500000000000001,20,3
2026-03-19 21:14:36,20.5,3.54,21,3
2026-03-19 21:16:01,23.300000000000001,3.6499999999999999,21,3
2026-03-19 21:21:48,25.399999999999999,4.5,21,3
2026-03-19 21:27:49,20.5,2.2400000000000002,21,3
2026-03-19 21:46:32,70,17.23,21,3
2026-03-19 21:44:58,8.5999999999999996,1.23,21,3
2026-03-19 21:11:23,19.100000000000001,3.25,21,3
2026-03-19 21:41:48,14.9,2.5600000000000001,21,3
2026-03-19 21:26:17,14.9,2.9500000000000002,21,3
2026-03-19 21:25:31,25.399999999999999,3.3500000000000001,21,3
2026-03-19 21:29:56,13.5,2.3999999999999999,21,3
2026-03-19 21:08:19,16.300000000000001,2.7799999999999998,21,3
2026-03-19 22:40:00,19.100000000000001,3.5,22,3
2026-03-19 22:05:25,10.699999999999999,1.5900000000000001,22,3
2026-03-19 22:48:27,7.9000000000000004,1.1299999999999999,22,3
2026-03-19 22:59:39,41.5,7.5,22,3
2026-03-19 22:15:12,11.4,1.9099999999999999,22,3
2026-03-19 23:09:30,10.699999999999999,0.96999999999999997,23,3
2026-03-19 23:26:58,16.300000000000001,2.1600000000000001,23,3
2026-03-19 23:31:35,9.3000000000000007,1.23,23,3
2026-03-19 23:02:38,22.600000000000001,2.8199999999999998,23,3
2026-03-19 23:30:10,8.5999999999999996,0.90000000000000002,23,3
2026-03-19 23:41:36,70,21.57,23,3
2026-03-20 00:05:52,21.199999999999999,4.7000000000000002,0,1
2026-03-20 01:43:01,9.3000000000000007,1.5800000000000001,1,3
2026-03-20 03:17:46,5.0999999999999996,0.34999999999999998,3,3
2026-03-20 04:04:32,26.100000000000001,5.1100000000000003,4,3
2026-03-20 04:27:01,37.5,10.9,4,3
2026-03-20 06:16:51,35.5,9.1999999999999993,6,2
2026-03-20 07:05:11,14.199999999999999,2.3799999999999999,7,3
2026-03-20 07:35:41,6.5,0.95999999999999996,7,3
2026-03-20 08:53:19,10,1.23,8,3
2026-03-20 08:53:40,14.9,1.72,8,3
2026-03-20 08:22:41,6.5,0.81999999999999995,8,3
2026-03-20 08:44:51,18.399999999999999,2.7200000000000002,8,3
2026-03-20 08:22:11,7.9000000000000004,0.81999999999999995,8,3
2026-03-20 09:11:23,9.3000000000000007,1.02,9,1
2026-03-20 09:30:08,15.6,2.7799999999999998,9,1
2026-03-20 09:12:39,88,0.01,9,1
2026-03-20 10:21:11,14.199999999999999,1.3799999999999999,10,1
2026-03-20 10:53:07,7.9000000000000004,0.90000000000000002,10,1
2026-03-20 10:41:06,6.5,0.96999999999999997,10,1
2026-03-20 10:46:44,12.800000000000001,1.2,10,1
2026-03-20 10:23:43,9.3000000000000007,1.21,10,1
2026-03-20 10:47:23,21.199999999999999,2.3399999999999999,10,1
2026-03-20 11:37:15,7.2000000000000002,0.87,11,1
2026-03-20 11:44:41,6.5,0.69999999999999996,11,1
2026-03-20 11:15:59,14.199999999999999,1.6699999999999999,11,1
2026-03-20 11:20:16,17,2.5299999999999998,11,1
2026-03-20 12:15:39,7.9000000000000004,1,12,1
2026-03-20 12:13:07,21.199999999999999,3.8900000000000001,12,1
2026-03-20 12:03:23,10.699999999999999,1.7,12,1
2026-03-20 12:38:45,21.899999999999999,2.71,12,1
2026-03-20 12:39:23,12.800000000000001,1.3300000000000001,12,1
2026-03-20 12:54:49,10.699999999999999,1.3,12,1
2026-03-20 12:37:56,42.200000000000003,8.9000000000000004,12,1
2026-03-20 13:28:14,6.5,0.84999999999999998,13,1
2026-03-20 13:38:38,32.399999999999999,6.54,13,1
2026-03-20 13:08:36,12.1,1.3999999999999999,13,1
2026-03-20 13:06:54,10,1.1399999999999999,13,1
2026-03-20 13:37:13,10.699999999999999,1.2,13,1
2026-03-20 13:28:00,15.6,2.23,13,1
2026-03-20 13:20:14,11.4,1.27,13,1
2026-03-20 13:12:09,22.600000000000001,4.96,13,1
2026-03-20 14:57:29,21.899999999999999,3.2799999999999998,14,1
2026-03-20 14:53:56,7.2000000000000002,0.67000000000000004,14,1
2026-03-20 14:17:48,16.300000000000001,2.1200000000000001,14,1
2026-03-20 14:45:21,31.5,9.3000000000000007,14,1
2026-03-20 15:54:41,70,14.039999999999999,15,3
2026-03-20 15:27:17,21.899999999999999,3.5,15,3
2026-03-20 15:38:08,70,18.699999999999999,15,3
2026-03-20 15:09:39,12.1,2,15,3
2026-03-20 15:38:03,70,20.350000000000001,15,3
2026-03-20 15:17:22,7.9000000000000004,0.97999999999999998,15,3
2026-03-20 15:53:22,9.3000000000000007,1.3799999999999999,15,3
2026-03-20 15:01:43,7.9000000000000004,0.92000000000000004,15,3
2026-03-20 15:09:18,7.9000000000000004,0.82999999999999996,15,3
2026-03-20 15:57:57,22.600000000000001,3.3399999999999999,15,3
2026-03-20 15:25:19,45.700000000000003,9.1500000000000004,15,3
2026-03-20 16:51:34,19.100000000000001,3.5699999999999998,16,3
2026-03-20 16:13:25,26.800000000000001,5.2999999999999998,16,3
2026-03-20 16:06:01,35.200000000000003,8.5,16,3
2026-03-20 16:10:19,22.5,3.1000000000000001,16,3
2026-03-20 17:34:28,12.1,1.6299999999999999,17,3
2026-03-20 17:34:40,15.6,2.0099999999999998,17,3
2026-03-20 17:31:40,25.399999999999999,1.99,17,3
2026-03-20 18:36:40,9.3000000000000007,0.90000000000000002,18,3
2026-03-20 18:16:47,9.3000000000000007,1,18,3
2026-03-20 18:55:24,12.800000000000001,1.8999999999999999,18,3
2026-03-20 18:01:57,13.5,2.27,18,3
2026-03-20 18:00:42,14.9,1.5700000000000001,18,3
2026-03-20 18:42:39,5.7999999999999998,0.45000000000000001,18,3
2026-03-20 19:14:34,9.3000000000000007,1.0900000000000001,19,3
2026-03-20 19:20:44,13.5,0.97999999999999998,19,3
2026-03-20 18:50:06,5.0999999999999996,0.62,18,3
2026-03-20 19:17:25,10,1.6599999999999999,19,3
2026-03-20 20:03:03,14.199999999999999,2.21,20,3
2026-03-20 20:12:16,70,18.899999999999999,20,3
2026-03-20 20:20:34,10.699999999999999,1.1299999999999999,20,3
2026-03-20 20:26:36,11.4,1.6799999999999999,20,3
2026-03-20 20:08:53,6.5,0.90000000000000002,20,3
2026-03-20 20:23:31,9.3000000000000007,1.0800000000000001,20,3
2026-03-20 20:30:03,7.2000000000000002,0.98999999999999999,20,3
2026-03-20 20:27:55,7.2000000000000002,1.0700000000000001,20,3
2026-03-20 20:04:41,24,4.29,20,3
2026-03-20 20:54:03,38.700000000000003,9.3100000000000005,20,3
2026-03-20 20:52:18,7.9000000000000004,0.71999999999999997,20,3
2026-03-20 21:41:31,10.699999999999999,1.1899999999999999,21,3
2026-03-20 21:09:49,10.699999999999999,0.76000000000000001,21,3
2026-03-20 22:02:33,6.5,0.96999999999999997,22,3
2026-03-20 22:49:11,47.100000000000001,11.359999999999999,22,3
2026-03-20 22:24:41,12.1,1.8300000000000001,22,3
2026-03-20 23:26:48,13.5,1.9199999999999999,23,3
2026-03-20 23:48:24,8.5999999999999996,0.58999999999999997,23,3
2026-03-20 23:21:38,12.800000000000001,1.98,23,3
2026-03-20 23:23:39,12.1,2.1099999999999999,23,3
2026-03-21 00:36:21,8.5999999999999996,1.1200000000000001,0,8
2026-03-21 00:59:17,11.4,1.6699999999999999,0,8
2026-03-21 00:24:49,10.699999999999999,1.8700000000000001,0,8
2026-03-21 00:45:06,70,18.039999999999999,0,8
2026-03-21 00:43:57,10.699999999999999,1.4399999999999999,0,8
2026-03-21 01:48:44,8.5999999999999996,1.7,1,9
2026-03-21 02:57:46,6.5,0.69999999999999996,2,8
2026-03-21 02:20:01,20,1.05,2,8
2026-03-21 08:50:34,11.4,1.5800000000000001,8,2
2026-03-21 08:21:39,40.5,14,8,2
2026-03-21 09:07:28,18.399999999999999,3.48,9,5
2026-03-21 09:44:41,7.9000000000000004,1.3100000000000001,9,5
2026-03-21 10:06:36,7.2000000000000002,0.90000000000000002,10,5
2026-03-21 10:59:47,68.099999999999994,16.149999999999999,10,5
2026-03-21 10:56:12,10.699999999999999,1.3600000000000001,10,5
2026-03-21 11:32:23,19.5,2.2000000000000002,11,1
2026-03-21 11:50:44,22.600000000000001,3.6499999999999999,11,1
2026-03-21 11:12:16,5.0999999999999996,0.59999999999999998,11,1
2026-03-21 11:01:53,35.899999999999999,6.8700000000000001,11,1
2026-03-21 12:22:48,14.199999999999999,2.3599999999999999,12,1
2026-03-21 12:05:25,10,1.3999999999999999,12,1
2026-03-21 12:52:56,17.699999999999999,2.6299999999999999,12,1
2026-03-21 12:10:00,12.1,1.01,12,1
2026-03-21 12:51:50,18.399999999999999,2.6200000000000001,12,1
2026-03-21 12:39:06,26.800000000000001,4.3899999999999997,12,1
2026-03-21 13:03:08,18.399999999999999,2.6299999999999999,13,1
2026-03-21 13:08:19,10.699999999999999,1.23,13,1
2026-03-21 13:16:32,5.7999999999999998,0.66000000000000003,13,1
2026-03-21 13:36:19,17,2.5699999999999998,13,1
2026-03-21 14:34:48,16.300000000000001,2.5,14,1
2026-03-21 14:17:45,62.5,16.600000000000001,14,1
2026-03-21 14:54:11,22.600000000000001,3.5099999999999998,14,1
2026-03-21 14:48:26,20.5,3.2000000000000002,14,1
2026-03-21 14:09:45,12.800000000000001,1.5700000000000001,14,1
2026-03-21 14:22:57,21.199999999999999,3.6000000000000001,14,1
2026-03-21 14:19:22,7.9000000000000004,0.93000000000000005,14,1
2026-03-21 14:51:35,23.300000000000001,3.6600000000000001,14,1
2026-03-21 15:45:04,70,0.029999999999999999,15,2
2026-03-21 15:21:30,10,0.94999999999999996,15,2
2026-03-21 16:43:44,10.699999999999999,1.1000000000000001,16,2
2026-03-21 16:51:33,7.2000000000000002,0.60999999999999999,16,2
2026-03-21 16:09:19,14.199999999999999,1.6699999999999999,16,2
2026-03-21 16:13:10,22.600000000000001,3.1200000000000001,16,2
2026-03-21 16:13:21,35.899999999999999,8.4000000000000004,16,2
2026-03-21 16:13:50,12.1,1.3799999999999999,16,2
2026-03-21 16:46:16,5.0999999999999996,0.26000000000000001,16,2
2026-03-21 17:49:46,12.800000000000001,1.1000000000000001,17,2
2026-03-21 17:59:50,7.9000000000000004,0.72999999999999998,17,2
2026-03-21 17:35:13,14.199999999999999,1.8899999999999999,17,2
2026-03-21 17:16:42,29.600000000000001,2.6899999999999999,17,2
2026-03-21 18:19:16,10.699999999999999,1.3799999999999999,18,1
2026-03-21 18:23:14,9.3000000000000007,1.1200000000000001,18,1
2026-03-21 18:25:15,24,2.5,18,1
2026-03-21 18:50:58,24,3.5299999999999998,18,1
2026-03-21 18:31:42,14.199999999999999,1.8999999999999999,18,1
2026-03-21 18:41:03,14.199999999999999,2.71,18,1
2026-03-21 18:57:07,17.699999999999999,2.2999999999999998,18,1
2026-03-21 18:18:02,70,16.02,18,1
2026-03-21 19:51:50,14.199999999999999,2.0099999999999998,19,3
2026-03-21 19:59:01,17.699999999999999,2.7000000000000002,19,3
2026-03-21 19:13:01,19.100000000000001,2.7599999999999998,19,3
2026-03-21 19:01:03,19.100000000000001,2.0600000000000001,19,3
2026-03-21 19:44:20,21.199999999999999,3.3500000000000001,19,3
2026-03-21 20:35:48,6.5,0.17999999999999999,20,3
2026-03-21 20:15:53,14.9,1.9099999999999999,20,3
2026-03-21 20:40:30,7.9000000000000004,0.85999999999999999,20,3
2026-03-21 20:54:18,27.5,4.0899999999999999,20,3
2026-03-21 20:35:58,10,0.98999999999999999,20,3
2026-03-21 20:02:41,10,1.47,20,3
2026-03-21 20:27:06,16.300000000000001,2.54,20,3
2026-03-21 20:38:26,7.2000000000000002,0.81000000000000005,20,3
2026-03-21 20:32:59,26.100000000000001,3.54,20,3
2026-03-21 20:26:24,6.5,0.62,20,3
2026-03-21 20:04:58,7.2000000000000002,0.65000000000000002,20,3
2026-03-21 20:56:16,19.100000000000001,3.0800000000000001,20,3
2026-03-21 21:59:46,14.9,2.3999999999999999,21,3
2026-03-21 21:20:09,12.800000000000001,1.71,21,3
2026-03-21 21:46:14,6.5,0.58999999999999997,21,3
2026-03-21 21:44:26,7.9000000000000004,1,21,3
2026-03-21 22:04:49,21.899999999999999,3.3500000000000001,22,3
2026-03-21 22:42:25,16.300000000000001,2.6200000000000001,22,3
2026-03-21 22:51:06,7.2000000000000002,1.1499999999999999,22,3
2026-03-21 22:03:09,71.599999999999994,18.850000000000001,22,3
2026-03-21 22:56:54,19.800000000000001,2.7599999999999998,22,3
2026-03-21 23:13:56,28.899999999999999,5.1100000000000003,23,3
2026-03-21 23:18:21,10,1.1299999999999999,23,3
2026-03-21 23:46:49,14.199999999999999,1.8600000000000001,23,3
2026-03-21 23:27:35,29.600000000000001,5,23,3
2026-03-21 23:12:56,10,0.91000000000000003,23,3
2026-03-21 23:49:58,21.899999999999999,4.1500000000000004,23,3
2026-03-22 00:14:43,19.100000000000001,3.3999999999999999,0,3
2026-03-22 00:36:59,15.6,3,0,3
2026-03-22 00:58:53,10,1.3999999999999999,0,3
2026-03-22 00:15:55,14.199999999999999,2.4900000000000002,0,3
2026-03-22 00:35:30,14.199999999999999,1.8500000000000001,0,3
2026-03-22 00:31:57,59,15.74,0,3
2026-03-22 01:04:32,17,2.6899999999999999,1,3
2026-03-22 01:21:21,9.3000000000000007,1.7,1,3
2026-03-22 01:08:18,73.700000000000003,19.030000000000001,1,3
2026-03-22 02:16:15,25.399999999999999,5.2000000000000002,2,3
2026-03-22 02:26:40,11.4,1.5800000000000001,2,3
2026-03-22 02:33:33,16.300000000000001,3.3500000000000001,2,3
2026-03-22 03:52:56,14.199999999999999,2.6499999999999999,3,3
2026-03-22 03:29:14,17.699999999999999,3.0699999999999998,3,3
2026-03-22 04:06:40,7.9000000000000004,0.81000000000000005,4,3
2026-03-22 04:30:30,7.2000000000000002,0.81000000000000005,4,3
2026-03-22 07:31:11,16.300000000000001,3.1099999999999999,7,3
2026-03-22 08:01:35,47.100000000000001,12.029999999999999,8,3
2026-03-22 09:32:30,8.5999999999999996,0.97999999999999998,9,3
2026-03-22 09:52:00,9.3000000000000007,1.3799999999999999,9,3
2026-03-22 11:58:21,10.699999999999999,1.77,11,3
2026-03-22 11:48:40,5.7999999999999998,0.76000000000000001,11,3
2026-03-22 11:14:00,7.9000000000000004,1.0800000000000001,11,3
2026-03-22 12:48:40,46.399999999999999,9.8300000000000001,12,3
2026-03-22 12:48:02,7.9000000000000004,1,12,3
2026-03-22 12:07:48,5.0999999999999996,0.29999999999999999,12,3
2026-03-22 12:05:45,10.699999999999999,1.2,12,3
2026-03-22 12:58:22,19.800000000000001,3.9900000000000002,12,3
2026-03-22 12:43:13,12.800000000000001,1.7,12,3
2026-03-22 13:13:15,70,18.77,13,3
2026-03-22 13:56:54,21.199999999999999,3.5,13,3
2026-03-22 13:14:29,46.5,13.4,13,3
2026-03-22 13:53:40,9.3000000000000007,1.6200000000000001,13,3
2026-03-22 13:27:12,13.5,1.8200000000000001,13,3
2026-03-22 13:56:30,43.600000000000001,9.5899999999999999,13,3
2026-03-22 13:17:05,13.5,1.5800000000000001,13,3
2026-03-22 14:13:44,11.4,0.90000000000000002,14,3
2026-03-22 14:31:40,10.699999999999999,1.27,14,3
2026-03-22 14:33:31,6.5,0.71999999999999997,14,3
2026-03-22 14:17:48,14.9,2.5699999999999998,14,3
2026-03-22 15:30:54,14.9,2.29,15,3
2026-03-22 15:13:27,34.5,11.699999999999999,15,3
2026-03-22 15:29:38,12.1,1.8600000000000001,15,3
2026-03-22 15:42:46,12.1,1.75,15,3
2026-03-22 15:26:28,7.9000000000000004,1.02,15,3
2026-03-22 15:18:42,17,2.7999999999999998,15,3
2026-03-22 15:08:52,15.6,1.95,15,3
2026-03-22 15:48:15,6.5,0.73999999999999999,15,3
2026-03-22 15:41:31,13.5,2,15,3
2026-03-22 15:59:03,20.5,3.02,15,3
2026-03-22 16:40:06,15.6,2.4500000000000002,16,3
2026-03-22 16:56:22,13.5,2,16,3
2026-03-22 16:23:57,7.9000000000000004,0.95999999999999996,16,3
2026-03-22 16:15:35,3.7000000000000002,0.25,16,3
2026-03-22 16:57:57,15.6,2,16,3
2026-03-22 17:13:12,12.1,1.1799999999999999,17,3
2026-03-22 17:22:44,19.100000000000001,3.6800000000000002,17,3
2026-03-22 17:34:27,72.299999999999997,19.390000000000001,17,3
2026-03-22 17:49:35,7.2000000000000002,0.58999999999999997,17,3
2026-03-22 18:39:13,7.2000000000000002,0.90000000000000002,18,3
2026-03-22 18:25:37,10,1.51,18,3
2026-03-22 18:47:48,8.5999999999999996,0.80000000000000004,18,3
2026-03-22 18:34:50,11.4,2,18,3
2026-03-22 18:56:54,26.100000000000001,4.9500000000000002,18,3
2026-03-22 19:31:07,10.699999999999999,1.03,19,3
2026-03-22 19:22:16,9.3000000000000007,1.3799999999999999,19,3
2026-03-22 19:16:01,11.4,1.1399999999999999,19,3
2026-03-22 19:50:19,14.9,2.9300000000000002,19,3
2026-03-22 20:25:59,5.7999999999999998,0.78000000000000003,20,3
2026-03-22 20:50:37,5.7999999999999998,0.63,20,3
2026-03-22 20:31:52,34.5,6.0499999999999998,20,3
2026-03-22 20:39:32,8.5999999999999996,1.3,20,3
2026-03-22 20:08:29,14.199999999999999,2.6200000000000001,20,3
2026-03-22 20:37:47,14.199999999999999,2.27,20,3
2026-03-22 20:41:41,5.7999999999999998,0.68000000000000005,20,3
2026-03-22 21:20:15,7.9000000000000004,0.72999999999999998,21,3
2026-03-22 21:46:21,11.4,2.1299999999999999,21,3
2026-03-22 21:59:44,42.200000000000003,10.449999999999999,21,3
2026-03-22 21:49:07,40.100000000000001,10.31,21,3
2026-03-22 22:35:12,31.699999999999999,7.0700000000000003,22,3
2026-03-22 22:59:34,60,10.359999999999999,22,3
2026-03-22 23:11:05,43.600000000000001,11.24,23,3
2026-03-23 00:25:40,38.5,10.5,0,3
2026-03-23 00:39:24,45,11,0,3
2026-03-23 03:58:21,7.2000000000000002,1.01,3,3
2026-03-23 04:31:26,12.800000000000001,2.2999999999999998,4,7
2026-03-23 06:57:18,10.699999999999999,2,6,3
2026-03-23 06:40:53,11.4,1.5,6,3
2026-03-23 06:55:09,30.300000000000001,6.7999999999999998,6,3
2026-03-23 06:53:54,7.2000000000000002,0.88,6,3
2026-03-23 07:48:08,7.2000000000000002,0.80000000000000004,7,8
2026-03-23 07:35:48,12.1,1.8799999999999999,7,8
2026-03-23 07:12:42,48.5,15.6,7,8
2026-03-23 09:21:06,8.5999999999999996,0.72999999999999998,9,8
2026-03-23 09:46:43,7.2000000000000002,0.41999999999999998,9,8
2026-03-23 09:43:51,6.5,0.69999999999999996,9,8
2026-03-23 09:35:57,5.0999999999999996,0.46000000000000002,9,8
2026-03-23 10:43:36,9.3000000000000007,0.91000000000000003,10,9
2026-03-23 10:04:41,11.4,1.04,10,9
2026-03-23 10:26:20,11.4,1.3,10,9
2026-03-23 10:27:28,27.5,4.6600000000000001,10,9
2026-03-23 10:21:19,17.699999999999999,3.0800000000000001,10,9
2026-03-23 11:06:42,6.5,0.39000000000000001,11,9
2026-03-23 11:21:25,12.1,1.5700000000000001,11,9
2026-03-23 11:01:20,7.9000000000000004,0.84999999999999998,11,9
2026-03-23 11:20:51,10,1.51,11,9
2026-03-23 11:21:18,18.399999999999999,1.79,11,9
2026-03-23 11:48:24,15.6,1.99,11,9
2026-03-23 11:47:23,32.5,7.7999999999999998,11,9
2026-03-23 11:31:19,10.699999999999999,0.52000000000000002,11,9
2026-03-23 11:29:51,12.800000000000001,1.1399999999999999,11,9
2026-03-23 11:42:00,7.9000000000000004,0.80000000000000004,11,9
2026-03-23 13:36:48,14.9,1.3999999999999999,13,8
2026-03-23 13:47:15,19.800000000000001,2.2999999999999998,13,8
2026-03-23 13:37:20,7.2000000000000002,0.64000000000000001,13,8
2026-03-23 13:34:01,10,1.1000000000000001,13,8
2026-03-23 13:29:21,23.5,4.2999999999999998,13,8
2026-03-23 13:35:16,12.1,0.96999999999999997,13,8
2026-03-23 14:09:09,12.800000000000001,1.4099999999999999,14,3
2026-03-23 14:58:26,14.199999999999999,2.1200000000000001,14,3
2026-03-23 14:31:30,70,16.850000000000001,14,3
2026-03-23 14:03:14,19.100000000000001,2.9399999999999999,14,3
2026-03-23 14:41:26,13.5,1.72,14,3
2026-03-23 14:07:44,19.100000000000001,3.2400000000000002,14,3
2026-03-23 14:51:18,10.699999999999999,1.55,14,3
2026-03-23 15:08:19,14.199999999999999,2.7799999999999998,15,5
2026-03-23 15:04:41,5.0999999999999996,0.59999999999999998,15,5
2026-03-23 15:00:05,14.199999999999999,1.7,15,5
2026-03-23 15:06:27,12.800000000000001,1.6100000000000001,15,5
2026-03-23 15:03:39,12.800000000000001,2.1400000000000001,15,5
2026-03-23 15:30:30,10.699999999999999,1.6899999999999999,15,5
2026-03-23 15:19:30,7.9000000000000004,0.70999999999999996,15,5
2026-03-23 16:50:04,14.199999999999999,1.5800000000000001,16,5
2026-03-23 16:23:09,16.300000000000001,3.5,16,5
2026-03-23 16:39:53,17.699999999999999,3.04,16,5
2026-03-23 16:44:49,7.2000000000000002,0.69999999999999996,16,5
2026-03-23 16:50:14,10,1.49,16,5
2026-03-23 17:53:16,8.5999999999999996,0.95999999999999996,17,5
2026-03-23 17:20:15,15.6,1.7,17,5
2026-03-23 17:11:47,17.699999999999999,2.2000000000000002,17,5
2026-03-23 17:56:56,70,18.399999999999999,17,5
2026-03-23 17:14:00,12.800000000000001,0.70999999999999996,17,5
2026-03-23 17:46:12,12.1,1.48,17,5
2026-03-23 18:44:03,11.4,1.9199999999999999,18,3
2026-03-23 18:32:05,4.4000000000000004,0.34000000000000002,18,3
2026-03-23 18:40:48,12.800000000000001,2,18,3
2026-03-23 19:16:40,14.9,2.2000000000000002,19,3
2026-03-23 19:02:51,12.800000000000001,1.99,19,3
2026-03-23 19:49:37,24.699999999999999,5.5,19,3
2026-03-23 19:19:59,37.5,12.5,19,3
2026-03-23 19:44:24,11.4,1.0800000000000001,19,3
2026-03-23 19:01:08,41.5,10.699999999999999,19,3
2026-03-23 19:36:17,12.800000000000001,1.9099999999999999,19,3
2026-03-23 19:31:39,26.100000000000001,4.7199999999999998,19,3
2026-03-23 20:45:53,5.0999999999999996,0.5,20,3
2026-03-23 20:40:08,23.300000000000001,3.9700000000000002,20,3
2026-03-23 21:35:25,23.300000000000001,4.4000000000000004,21,3
2026-03-23 21:14:52,9.3000000000000007,1.0600000000000001,21,3
2026-03-23 21:46:24,10,1.2,21,3
2026-03-23 21:53:35,12.1,2.02,21,3
2026-03-23 21:05:43,12.1,1.26,21,3
2026-03-23 21:37:38,14.9,2.4100000000000001,21,3
2026-03-23 22:36:26,15.6,2.5699999999999998,22,3
2026-03-23 22:50:50,6.5,0.71999999999999997,22,3
2026-03-23 22:23:27,7.2000000000000002,0.83999999999999997,22,3
2026-03-23 22:07:31,16.300000000000001,2.71,22,3
2026-03-23 22:40:17,30.300000000000001,5.29,22,3
2026-03-23 21:39:53,15.6,2.5299999999999998,21,3
2026-03-23 23:12:26,7.2000000000000002,0.70999999999999996,23,3
2026-03-23 23:05:12,14.9,2.4500000000000002,23,3
2026-03-23 23:02:47,5.7999999999999998,0.59999999999999998,23,3
2026-03-24 01:00:34,34.5,8.8000000000000007,1,3
2026-03-24 01:20:23,7.2000000000000002,0.60999999999999999,1,3
2026-03-24 06:59:38,23.5,6.5,6,1
2026-03-24 07:03:01,17.699999999999999,2.8599999999999999,7,1
2026-03-24 07:55:01,64.599999999999994,12.19,7,1
2026-03-24 07:12:02,70,25,7,1
2026-03-24 07:57:28,10,1.1799999999999999,7,1
2026-03-24 08:27:19,14.199999999999999,2.1800000000000002,8,1
2026-03-24 09:59:47,21.899999999999999,3,9,1
2026-03-24 09:02:29,45.5,6.4000000000000004,9,1
2026-03-24 10:38:30,13.5,1.47,10,1
2026-03-24 10:37:30,17.699999999999999,2.3199999999999998,10,1
2026-03-24 10:32:38,39.399999999999999,4.8399999999999999,10,1
2026-03-24 10:21:47,21.199999999999999,1.3400000000000001,10,1
2026-03-24 10:16:20,18.5,1.6000000000000001,10,1
2026-03-24 11:16:22,24.699999999999999,2.5,11,1
2026-03-24 11:44:12,40.799999999999997,9.1099999999999994,11,1
2026-03-24 11:37:20,5.7999999999999998,0.40999999999999998,11,1
2026-03-24 11:57:58,19.800000000000001,2.5899999999999999,11,1
2026-03-24 11:02:13,13.5,2.1400000000000001,11,1
2026-03-24 11:20:52,3,0.14000000000000001,11,1
2026-03-24 11:12:22,12.1,1.01,11,1
2026-03-24 11:03:51,16.300000000000001,1.8300000000000001,11,1
2026-03-24 12:15:06,12.1,1.1899999999999999,12,1
2026-03-24 12:50:30,10,0.93999999999999995,12,1
2026-03-24 12:44:52,7.2000000000000002,0.53000000000000003,12,1
2026-03-24 12:11:01,6.5,0.94999999999999996,12,1
2026-03-24 12:13:21,12.800000000000001,1.0700000000000001,12,1
2026-03-24 12:45:22,55.5,14.1,12,1
2026-03-24 12:04:46,38.5,9.4000000000000004,12,1
2026-03-24 13:39:59,15.6,2.2000000000000002,13,1
2026-03-24 13:37:42,8.5999999999999996,0.90000000000000002,13,1
2026-03-24 13:48:27,11.4,1.6499999999999999,13,1
2026-03-24 13:25:12,12.800000000000001,1.5900000000000001,13,1
2026-03-24 13:04:53,70,15.6,13,1
2026-03-24 13:23:38,10,1.6299999999999999,13,1
2026-03-24 13:51:05,7.2000000000000002,0.80000000000000004,13,1
2026-03-24 13:29:34,63.899999999999999,17.989999999999998,13,1
2026-03-24 14:58:39,13.5,1.46,14,1
2026-03-24 14:40:02,43.600000000000001,10.77,14,1
2026-03-24 14:46:43,75.799999999999997,11.800000000000001,14,1
2026-03-24 14:07:23,10,1.04,14,1
2026-03-24 14:04:16,12.1,1.8999999999999999,14,1
2026-03-24 14:39:32,5.7999999999999998,0.37,14,1
2026-03-24 15:56:00,5.0999999999999996,0.40000000000000002,15,1
2026-03-24 15:01:35,8.5999999999999996,0.71999999999999997,15,1
2026-03-24 15:08:37,8.5999999999999996,1.2,15,1
2026-03-24 15:19:00,10,0.81999999999999995,15,1
2026-03-24 15:08:35,10.699999999999999,1.3,15,1
2026-03-24 16:27:19,12.1,1.4299999999999999,16,1
2026-03-24 16:51:17,14.199999999999999,0.95999999999999996,16,1
2026-03-24 16:34:08,19.100000000000001,1.3999999999999999,16,1
2026-03-24 16:32:17,7.2000000000000002,0.59999999999999998,16,1
2026-03-24 16:26:02,8.5999999999999996,0.83999999999999997,16,1
2026-03-24 15:59:13,14.199999999999999,0.68999999999999995,15,1
2026-03-24 16:07:21,21.5,3.1000000000000001,16,1
2026-03-24 16:55:18,18.399999999999999,2.2799999999999998,16,1
2026-03-24 16:50:24,73.5,23.199999999999999,16,1
2026-03-24 16:12:41,10,0.90000000000000002,16,1
2026-03-24 16:32:31,6.5,0.66000000000000003,16,1
2026-03-24 17:31:19,7.9000000000000004,0.59999999999999998,17,1
2026-03-24 17:40:30,21.899999999999999,1.5,17,1
2026-03-24 17:33:40,13.5,1.8999999999999999,17,1
2026-03-24 18:58:01,4.4000000000000004,0.40000000000000002,18,1
2026-03-24 18:28:15,14.199999999999999,1.26,18,1
2026-03-24 18:15:18,9.3000000000000007,1.1200000000000001,18,1
2026-03-24 18:56:28,21.199999999999999,3.2400000000000002,18,1
2026-03-24 19:44:36,6.5,0.67000000000000004,19,1
2026-03-24 19:18:57,10.699999999999999,1.9399999999999999,19,1
2026-03-24 19:43:01,21.899999999999999,4.1100000000000003,19,1
2026-03-24 19:19:06,40.799999999999997,9.8300000000000001,19,1
2026-03-24 20:33:09,38,9.25,20,1
2026-03-24 20:09:53,7.2000000000000002,0.90000000000000002,20,1
2026-03-24 20:32:14,14.9,2.2999999999999998,20,1
2026-03-24 20:23:56,12.800000000000001,1.26,20,1
2026-03-24 20:07:48,8.5999999999999996,1.1699999999999999,20,1
2026-03-24 20:41:50,6.5,0.57999999999999996,20,1
2026-03-24 20:04:49,16.300000000000001,2.1499999999999999,20,1
2026-03-24 21:47:00,11.4,1.3100000000000001,21,1
2026-03-24 21:46:58,70,17.079999999999998,21,1
2026-03-24 21:11:15,23.300000000000001,4.1500000000000004,21,1
2026-03-24 21:55:42,12.800000000000001,1,21,1
2026-03-24 21:59:20,12.800000000000001,0.96999999999999997,21,1
2026-03-24 22:44:37,42.899999999999999,9.9000000000000004,22,1
2026-03-24 22:09:44,20.5,3,22,1
2026-03-24 22:32:08,5.0999999999999996,0.59999999999999998,22,1
2026-03-24 22:35:56,82.799999999999997,19.93,22,1
2026-03-24 22:32:00,22.600000000000001,3.5,22,1
2026-03-24 22:09:53,19.800000000000001,3.79,22,1
2026-03-24 23:16:16,16.300000000000001,3.4900000000000002,23,1
2026-03-24 23:06:21,10.699999999999999,1.54,23,1
2026-03-25 00:48:18,70,15.81,0,1
2026-03-25 04:54:24,34.5,8.9000000000000004,4,3
2026-03-25 06:47:16,5.7999999999999998,0.68000000000000005,6,3
2026-03-25 06:33:20,6.5,0.93999999999999995,6,3
2026-03-25 08:45:25,23.300000000000001,2.8700000000000001,8,3
2026-03-25 07:59:34,17.699999999999999,3.23,7,3
2026-03-25 08:45:35,9.3000000000000007,1.22,8,3
2026-03-25 09:14:49,18.399999999999999,3.6299999999999999,9,3
2026-03-25 09:10:28,15.6,1.6399999999999999,9,3
2026-03-25 09:04:35,26.5,5.5,9,3
2026-03-25 10:44:47,10,0.92000000000000004,10,3
2026-03-25 10:42:37,17.699999999999999,1.1000000000000001,10,3
2026-03-25 10:42:13,15.6,1.75,10,3
2026-03-25 10:40:32,26.5,16.5,10,3
2026-03-25 11:56:57,8.5999999999999996,0.75,11,3
2026-03-25 11:17:31,6.5,0.80000000000000004,11,3
2026-03-25 11:43:10,36.600000000000001,5.7800000000000002,11,3
2026-03-25 11:14:06,16.300000000000001,1.6000000000000001,11,3
2026-03-25 12:21:56,9.3000000000000007,0.80000000000000004,12,3
2026-03-25 12:22:42,9.3000000000000007,0.51000000000000001,12,3
2026-03-25 12:03:53,24,3.3300000000000001,12,3
2026-03-25 12:19:30,33.5,7.9000000000000004,12,3
2026-03-25 12:24:23,23.5,4.2000000000000002,12,3
2026-03-25 12:45:58,18.399999999999999,1.5600000000000001,12,3
2026-03-25 12:44:14,19.800000000000001,1.1899999999999999,12,3
2026-03-25 13:26:18,11.4,0.59999999999999998,13,3
2026-03-25 13:13:52,15.6,1.75,13,3
2026-03-25 13:23:39,7.9000000000000004,0.58999999999999997,13,3
2026-03-25 13:34:35,21.899999999999999,2.96,13,3
2026-03-25 13:34:11,10,0.98999999999999999,13,3
2026-03-25 13:59:27,18.399999999999999,2.2200000000000002,13,3
2026-03-25 14:30:34,7.9000000000000004,0.68999999999999995,14,3
2026-03-25 14:58:13,21.899999999999999,2.9100000000000001,14,3
2026-03-25 14:29:21,11.4,1.5900000000000001,14,3
2026-03-25 15:00:58,12.800000000000001,1.3999999999999999,15,3
2026-03-25 15:33:54,12.800000000000001,1.23,15,3
2026-03-25 15:18:33,37.299999999999997,7.2599999999999998,15,3
2026-03-25 15:52:06,10,1.0600000000000001,15,3
2026-03-25 15:26:53,8.5999999999999996,0.73999999999999999,15,3
2026-03-25 16:25:52,3,0.16,16,3
2026-03-25 16:04:17,63.899999999999999,15.859999999999999,16,3
2026-03-25 16:56:23,14.199999999999999,2.1899999999999999,16,3
2026-03-25 16:59:56,15.6,2.5,16,3
2026-03-25 17:37:05,7.2000000000000002,0.89000000000000001,17,3
2026-03-25 17:15:31,7.2000000000000002,0.69999999999999996,17,3
2026-03-25 17:48:38,70,18.629999999999999,17,3
2026-03-25 18:24:45,7.9000000000000004,1,18,3
2026-03-25 18:36:38,17,2.4900000000000002,18,3
2026-03-25 19:46:11,12.1,1.78,19,3
2026-03-25 19:09:16,13.5,1.1699999999999999,19,3
2026-03-25 19:21:23,6.5,1,19,3
2026-03-25 19:03:51,10,0.80000000000000004,19,3
2026-03-25 19:46:41,17,2.5,19,3
2026-03-25 20:54:29,22.600000000000001,3.8999999999999999,20,3
2026-03-25 20:55:52,10.699999999999999,1.8700000000000001,20,3
2026-03-25 21:35:38,40.799999999999997,8.5999999999999996,21,3
2026-03-25 21:30:53,7.9000000000000004,1.0800000000000001,21,3
2026-03-25 21:41:21,13.5,2.02,21,3
2026-03-25 21:07:29,13.5,2.02,21,3
2026-03-25 21:40:38,21.899999999999999,3.2999999999999998,21,3
2026-03-25 22:24:04,20.5,3.0899999999999999,22,2
2026-03-25 22:54:54,12.1,1.4099999999999999,22,2
2026-03-25 22:50:34,14.199999999999999,2.3999999999999999,22,2
2026-03-25 22:32:01,39.399999999999999,9.9399999999999995,22,2
2026-03-25 22:12:35,11.4,1.8200000000000001,22,2
2026-03-25 22:58:56,32.399999999999999,7.3099999999999996,22,2
2026-03-25 22:06:12,48.5,12.699999999999999,22,2
2026-03-25 23:12:52,14.9,2.8599999999999999,23,3
2026-03-25 23:13:19,11.4,2.02,23,3
2026-03-25 23:30:14,10.699999999999999,1.51,23,3
2026-03-25 23:05:58,44.299999999999997,11.25,23,3
2026-03-26 00:52:00,14.9,2.7400000000000002,0,3
2026-03-26 01:40:26,19.800000000000001,3.6099999999999999,1,3
2026-03-26 02:59:10,17.699999999999999,4.3899999999999997,2,3
2026-03-26 06:28:00,9.3000000000000007,1.1899999999999999,6,3
2026-03-26 07:49:13,12.800000000000001,1.5,7,3
2026-03-26 08:21:03,6.5,0.80000000000000004,8,3
2026-03-26 08:58:47,12.800000000000001,1.1000000000000001,8,3
2026-03-26 08:55:08,12.800000000000001,1.6399999999999999,8,3
2026-03-26 08:46:58,7.9000000000000004,1.03,8,3
2026-03-26 08:01:53,7.9000000000000004,1.1100000000000001,8,3
2026-03-26 08:47:20,19.5,1.6000000000000001,8,3
2026-03-26 08:01:09,19.100000000000001,3.23,8,3
2026-03-26 09:44:12,10.699999999999999,1.1399999999999999,9,3
2026-03-26 09:47:20,26.800000000000001,3.7999999999999998,9,3
2026-03-26 10:22:47,17.699999999999999,1.8,10,3
2026-03-26 10:40:58,17.699999999999999,1.8999999999999999,10,3
2026-03-26 10:22:11,14.199999999999999,1.5,10,3
2026-03-26 10:40:37,45,8.4700000000000006,10,3
2026-03-26 11:07:31,13.5,1.8,11,3
2026-03-26 11:55:38,10,0.65000000000000002,11,3
2026-03-26 11:25:10,12.800000000000001,1.5900000000000001,11,3
2026-03-26 11:03:09,6.5,0.45000000000000001,11,3
2026-03-26 11:20:21,12.1,1.23,11,3
2026-03-26 12:11:02,5.7999999999999998,0.68000000000000005,12,3
2026-03-26 12:19:46,17,2.5099999999999998,12,3
2026-03-26 12:25:50,15.6,1.45,12,3
2026-03-26 12:54:11,40.100000000000001,8.8000000000000007,12,3
2026-03-26 12:51:57,21.5,2.7000000000000002,12,3
2026-03-26 12:24:01,10.699999999999999,0.67000000000000004,12,3
2026-03-26 12:30:18,6.5,0.41999999999999998,12,3
2026-03-26 12:04:39,40.5,14.1,12,3
2026-03-26 13:00:31,63.899999999999999,13.119999999999999,13,3
2026-03-26 13:28:50,38.700000000000003,8.8800000000000008,13,3
2026-03-26 13:22:11,10.699999999999999,0.90000000000000002,13,3
2026-03-26 13:13:54,18.5,0.90000000000000002,13,3
2026-03-26 14:32:00,6.5,0.58999999999999997,14,3
2026-03-26 14:37:35,22.600000000000001,2.7000000000000002,14,3
2026-03-26 14:52:39,21.199999999999999,2.6000000000000001,14,3
2026-03-26 14:39:03,7.9000000000000004,0.63,14,3
2026-03-26 14:48:46,27.5,4.0999999999999996,14,3
2026-03-26 14:57:46,10.699999999999999,1,14,3
2026-03-26 14:01:24,14.199999999999999,1.1000000000000001,14,3
2026-03-26 15:34:50,10.699999999999999,1.3999999999999999,15,3
2026-03-26 15:22:09,70,16.620000000000001,15,3
2026-03-26 15:43:44,10,1.3999999999999999,15,3
2026-03-26 15:25:33,43.600000000000001,7.3600000000000003,15,3
2026-03-26 15:04:43,22.600000000000001,2.48,15,3
2026-03-26 16:09:22,8.5999999999999996,0.78000000000000003,16,3
2026-03-26 16:08:45,8.5999999999999996,0.85999999999999999,16,3
2026-03-26 16:25:50,12.1,0.90000000000000002,16,3
2026-03-26 16:17:14,21.899999999999999,2.3700000000000001,16,3
2026-03-26 16:13:52,11.4,1.71,16,3
2026-03-26 17:07:43,5.0999999999999996,0.34000000000000002,17,3
2026-03-26 17:50:45,12.1,1.49,17,3
2026-03-26 17:39:41,17,1.8400000000000001,17,3
2026-03-26 17:54:30,19.800000000000001,2.2999999999999998,17,3
2026-03-26 17:58:20,70,16.469999999999999,17,3
2026-03-26 17:45:09,7.9000000000000004,0.65000000000000002,17,3
2026-03-26 17:30:21,28.899999999999999,4.1200000000000001,17,3
2026-03-26 18:09:12,26.100000000000001,1.05,18,3
2026-03-26 18:24:02,10,0.95999999999999996,18,3
2026-03-26 18:43:00,21.899999999999999,1.01,18,3
2026-03-26 18:01:49,5.0999999999999996,0.46000000000000002,18,3
2026-03-26 19:34:34,7.9000000000000004,0.93999999999999995,19,3
2026-03-26 19:09:05,6.5,0.73999999999999999,19,3
2026-03-26 19:33:12,17.699999999999999,3,19,3
2026-03-26 19:10:30,12.800000000000001,1.3799999999999999,19,3
2026-03-26 19:40:55,9.3000000000000007,1.26,19,3
2026-03-26 19:59:34,14.9,1.3899999999999999,19,3
2026-03-26 19:04:14,33.799999999999997,3.73,19,3
2026-03-26 19:01:05,11.4,1.0800000000000001,19,3
2026-03-26 19:08:24,14.199999999999999,1.9099999999999999,19,3
2026-03-26 20:05:33,24,2.6699999999999999,20,3
2026-03-26 20:16:29,10.699999999999999,1.3600000000000001,20,3
2026-03-26 20:11:48,15.6,1.6799999999999999,20,3
2026-03-26 20:54:33,21.199999999999999,3.3999999999999999,20,3
2026-03-26 20:37:02,70,19.399999999999999,20,3
2026-03-26 20:35:22,16.300000000000001,2.7799999999999998,20,3
2026-03-26 20:53:10,13.5,1.77,20,3
2026-03-26 20:06:45,15.6,2.3500000000000001,20,3
2026-03-26 20:34:42,19.100000000000001,3.3300000000000001,20,3
2026-03-26 21:40:20,7.9000000000000004,1,21,3
2026-03-26 21:04:43,9.3000000000000007,1.55,21,3
2026-03-26 21:19:44,10,0.84999999999999998,21,3
2026-03-26 22:22:24,11.4,1.6100000000000001,22,3
2026-03-26 22:52:53,5.7999999999999998,0.88,22,3
2026-03-26 22:53:01,31,7.7300000000000004,22,3
2026-03-26 22:37:29,7.9000000000000004,1.04,22,3
2026-03-26 22:47:59,18.399999999999999,2.3599999999999999,22,3
2026-03-26 22:06:57,5.7999999999999998,0.62,22,3
2026-03-26 23:29:17,10.699999999999999,1.3400000000000001,23,3
2026-03-26 23:29:44,17,1.0700000000000001,23,3
2026-03-26 23:45:27,7.2000000000000002,0.87,23,3
2026-03-26 23:15:05,19.100000000000001,2.2999999999999998,23,3
2026-03-27 00:38:39,6.5,0.66000000000000003,0,3
2026-03-27 01:09:59,65.299999999999997,16.23,1,3
2026-03-27 06:50:41,7.9000000000000004,1.23,6,8
2026-03-27 07:27:29,17,2.5800000000000001,7,5
2026-03-27 07:39:40,10.699999999999999,1.8999999999999999,7,5
2026-03-27 08:35:15,16.300000000000001,2.5,8,9
2026-03-27 08:30:24,12.1,1.74,8,9
2026-03-27 08:55:54,19.100000000000001,3.8100000000000001,8,9
2026-03-27 08:00:28,8.5999999999999996,1.2,8,9
2026-03-27 08:17:07,42.5,17.699999999999999,8,9
2026-03-27 08:49:22,20,0.90000000000000002,8,9
2026-03-27 08:07:24,5.7999999999999998,0.31,8,9
2026-03-27 09:06:06,44.299999999999997,10.199999999999999,9,8
2026-03-27 09:15:53,38,7.7999999999999998,9,8
2026-03-27 09:51:52,10,1.01,9,8
2026-03-27 09:41:24,10,1.1499999999999999,9,8
2026-03-27 09:51:36,22.600000000000001,5,9,8
2026-03-27 09:45:14,59.5,21.100000000000001,9,8
2026-03-27 10:54:56,21.899999999999999,3.4199999999999999,10,7
2026-03-27 10:35:16,47.5,13.300000000000001,10,7
2026-03-27 10:43:42,12.800000000000001,1.0700000000000001,10,7
2026-03-27 11:57:08,15.6,1.5600000000000001,11,7
2026-03-27 11:24:39,16.300000000000001,2.2000000000000002,11,7
2026-03-27 11:48:14,42.5,12.6,11,7
2026-03-27 11:57:12,33.5,8,11,7
2026-03-27 11:54:15,7.2000000000000002,0.46000000000000002,11,7
2026-03-27 12:38:24,15.6,2.1899999999999999,12,7
2026-03-27 13:10:52,12.800000000000001,2.7000000000000002,13,3
2026-03-27 13:32:13,16.300000000000001,2.4199999999999999,13,3
2026-03-27 13:46:00,5.7999999999999998,0.70999999999999996,13,3
2026-03-27 13:10:27,9.3000000000000007,1.2,13,3
2026-03-27 14:02:15,9.3000000000000007,0.80000000000000004,14,3
2026-03-27 14:15:52,8.5999999999999996,0.80000000000000004,14,3
2026-03-27 14:49:46,5.7999999999999998,0.46000000000000002,14,3
2026-03-27 14:32:43,14.199999999999999,2.0499999999999998,14,3
2026-03-27 14:20:55,5.0999999999999996,0.68999999999999995,14,3
2026-03-27 14:18:18,9.3000000000000007,0.54000000000000004,14,3
2026-03-27 14:36:12,14.199999999999999,2.0299999999999998,14,3
2026-03-27 14:05:25,10.699999999999999,1.74,14,3
2026-03-27 15:54:38,70,21.300000000000001,15,3
2026-03-27 15:15:03,28.899999999999999,5.9500000000000002,15,3
2026-03-27 15:54:45,12.800000000000001,1.3200000000000001,15,3
2026-03-27 15:48:20,31.5,10,15,3
2026-03-27 16:29:37,19.100000000000001,2.0800000000000001,16,3
2026-03-27 16:48:24,10.699999999999999,0.84999999999999998,16,3
2026-03-27 16:53:33,8.5999999999999996,0.90000000000000002,16,3
2026-03-27 16:55:08,19.5,2,16,3
2026-03-27 17:36:48,21.199999999999999,2.5099999999999998,17,3
2026-03-27 17:07:49,5.7999999999999998,0.5,17,3
2026-03-27 17:05:06,40.799999999999997,8.7599999999999998,17,3
2026-03-27 17:45:08,37.5,9.5999999999999996,17,3
2026-03-27 18:04:55,10.699999999999999,1.3999999999999999,18,3
2026-03-27 18:01:33,12.1,1.0900000000000001,18,3
2026-03-27 18:49:20,12.1,1.48,18,3
2026-03-27 18:40:42,10.699999999999999,0.85999999999999999,18,3
2026-03-27 18:26:29,19.800000000000001,2.9300000000000002,18,3
2026-03-27 19:21:57,7.9000000000000004,0.92000000000000004,19,3
2026-03-27 19:38:35,15.6,1.99,19,3
2026-03-27 19:43:35,19.800000000000001,2.73,19,3
2026-03-27 20:04:57,5.7999999999999998,0.58999999999999997,20,3
2026-03-27 20:44:02,7.2000000000000002,0.93999999999999995,20,3
2026-03-27 20:32:02,10.699999999999999,1.5800000000000001,20,3
2026-03-27 20:33:11,51.299999999999997,10.130000000000001,20,3
2026-03-27 20:49:43,73.700000000000003,19.280000000000001,20,3
2026-03-27 20:22:19,6.5,0.46000000000000002,20,3
2026-03-27 20:20:11,16.300000000000001,1.73,20,3
2026-03-27 21:14:45,10.699999999999999,1.4199999999999999,21,3
2026-03-27 21:36:16,14.9,1.9099999999999999,21,3
2026-03-27 21:44:03,8.5999999999999996,0.77000000000000002,21,3
2026-03-27 22:56:20,21.899999999999999,4,22,3
2026-03-27 22:46:29,10.699999999999999,0.80000000000000004,22,3
2026-03-27 22:36:11,12.1,1.02,22,3
2026-03-27 22:36:24,11.4,1.8799999999999999,22,3
2026-03-27 22:42:05,5.0999999999999996,0.11,22,3
2026-03-27 22:32:08,19.800000000000001,3.2000000000000002,22,3
2026-03-27 22:05:40,14.9,1.3,22,3
2026-03-27 23:37:13,22.600000000000001,4.0999999999999996,23,3
2026-03-27 23:21:31,59,11.890000000000001,23,3
2026-03-27 23:19:51,14.9,1.6499999999999999,23,3
2026-03-28 00:38:05,56.899999999999999,14.9,0,3
2026-03-28 01:40:48,5.0999999999999996,0.62,1,3
2026-03-28 01:27:21,12.800000000000001,1.55,1,3
2026-03-28 01:09:16,11.4,1.6599999999999999,1,3
2026-03-28 01:38:13,21.899999999999999,4.8399999999999999,1,3
2026-03-28 01:39:58,12.800000000000001,2.4700000000000002,1,3
2026-03-28 01:13:23,16.300000000000001,3.25,1,3
2026-03-28 02:26:45,38.700000000000003,9.5500000000000007,2,1
2026-03-28 02:54:57,14.9,2.0899999999999999,2,1
2026-03-28 03:56:44,10,1.6000000000000001,3,1
2026-03-28 03:48:56,17.699999999999999,3.3799999999999999,3,1
2026-03-28 05:03:08,110.8,22.390000000000001,5,1
2026-03-28 07:21:58,65,9.5999999999999996,7,1
2026-03-28 07:56:09,70,18.239999999999998,7,1
2026-03-28 08:00:58,20.5,4.9299999999999997,8,1
2026-03-28 08:25:05,44.5,12,8,1
2026-03-28 08:30:43,26.5,4.7999999999999998,8,1
2026-03-28 09:42:34,10.699999999999999,1.5,9,3
2026-03-28 09:55:42,7.2000000000000002,0.93999999999999995,9,3
2026-03-28 09:36:20,7.2000000000000002,1,9,3
2026-03-28 09:31:01,9.3000000000000007,1.1000000000000001,9,3
2026-03-28 09:37:32,7.2000000000000002,0.89000000000000001,9,3
2026-03-28 10:09:34,7.9000000000000004,1,10,3
2026-03-28 11:41:55,25.399999999999999,3.5,11,3
2026-03-28 11:55:59,5.7999999999999998,0.73999999999999999,11,3
2026-03-28 11:47:44,7.9000000000000004,0.98999999999999999,11,3
2026-03-28 11:53:20,10.699999999999999,1.1899999999999999,11,3
2026-03-28 12:06:52,17,2.2000000000000002,12,1
2026-03-28 12:46:20,45,10.57,12,1
2026-03-28 12:06:18,30.300000000000001,6.0599999999999996,12,1
2026-03-28 13:20:20,11.4,1.5,13,1
2026-03-28 13:12:50,17,2.8900000000000001,13,1
2026-03-28 13:06:49,11.4,1.8999999999999999,13,1
2026-03-28 13:07:53,20.5,2.1499999999999999,13,1
2026-03-28 13:26:50,10.699999999999999,1.26,13,1
2026-03-28 13:55:11,21.199999999999999,1.98,13,1
2026-03-28 13:12:42,33.799999999999997,8.7100000000000009,13,1
2026-03-28 14:58:37,22.600000000000001,2.6000000000000001,14,1
2026-03-28 14:55:22,15.6,0.98999999999999999,14,1
2026-03-28 14:19:19,6.5,0.55000000000000004,14,1
2026-03-28 14:48:33,16.300000000000001,1.3600000000000001,14,1
2026-03-28 15:04:18,6.5,0.83999999999999997,15,1
2026-03-28 15:59:18,6.5,0.68999999999999995,15,1
2026-03-28 15:20:18,70,3.1899999999999999,15,1
2026-03-28 15:43:26,43.600000000000001,6.6699999999999999,15,1
2026-03-28 16:11:14,24,3.4300000000000002,16,1
2026-03-28 16:27:52,3,0.10000000000000001,16,1
2026-03-28 16:23:58,9.3000000000000007,1.1200000000000001,16,1
2026-03-28 16:31:01,22.600000000000001,2.6800000000000002,16,1
2026-03-28 16:43:28,7.2000000000000002,0.66000000000000003,16,1
2026-03-28 16:38:37,11.4,1.6000000000000001,16,1
2026-03-28 16:52:10,33.799999999999997,8.2100000000000009,16,1
2026-03-28 16:43:49,17.699999999999999,1.8200000000000001,16,1
2026-03-28 17:08:27,12.800000000000001,2,17,2
2026-03-28 17:35:51,9.3000000000000007,1.26,17,2
2026-03-28 17:20:04,54.799999999999997,13.300000000000001,17,2
2026-03-28 17:40:02,9.3000000000000007,0.85999999999999999,17,2
2026-03-28 17:20:19,7.2000000000000002,0.64000000000000001,17,2
2026-03-28 17:42:53,5.7999999999999998,0.70999999999999996,17,2
2026-03-28 17:40:12,16.300000000000001,1.5600000000000001,17,2
2026-03-28 17:33:44,10,0.80000000000000004,17,2
2026-03-28 17:00:55,24.699999999999999,1.01,17,2
2026-03-28 17:56:27,19.100000000000001,2.2999999999999998,17,2
2026-03-28 17:01:06,12.1,0.68000000000000005,17,2
2026-03-28 18:05:19,14.9,2.5,18,3
2026-03-28 18:55:39,24.699999999999999,3.8399999999999999,18,3
2026-03-28 18:23:17,33.100000000000001,8.3000000000000007,18,3
2026-03-28 18:35:16,12.1,1.8999999999999999,18,3
2026-03-28 18:34:07,9.3000000000000007,1.28,18,3
2026-03-28 18:33:18,8.5999999999999996,0.90000000000000002,18,3
2026-03-28 18:02:43,5.7999999999999998,0.47999999999999998,18,3
2026-03-28 18:41:12,16.300000000000001,2.1899999999999999,18,3
2026-03-28 18:24:29,33.100000000000001,6.6500000000000004,18,3
2026-03-28 18:53:04,11.4,0.76000000000000001,18,3
2026-03-28 18:19:22,9.3000000000000007,1.1799999999999999,18,3
2026-03-28 18:23:49,12.800000000000001,0.75,18,3
2026-03-28 18:52:20,43.600000000000001,6.3700000000000001,18,3
2026-03-28 19:51:00,12.1,0.90000000000000002,19,3
2026-03-28 19:10:59,5.0999999999999996,0.40000000000000002,19,3
2026-03-28 19:29:13,8.5999999999999996,0.76000000000000001,19,3
2026-03-28 19:55:13,11.4,1.76,19,3
2026-03-28 19:40:04,39.5,10,19,3
2026-03-28 19:28:57,8.5999999999999996,0.65000000000000002,19,3
2026-03-28 19:41:37,14.199999999999999,1.55,19,3
2026-03-28 20:01:06,42.200000000000003,7.9000000000000004,20,3
2026-03-28 20:03:45,13.5,1.47,20,3
2026-03-28 20:40:17,10,1.49,20,3
2026-03-28 20:40:31,34.5,7.7000000000000002,20,3
2026-03-28 21:40:54,56.899999999999999,11.949999999999999,21,3
2026-03-28 21:13:47,15.6,1.96,21,3
2026-03-28 21:10:47,7.2000000000000002,1.24,21,3
2026-03-28 21:26:37,9.3000000000000007,0.93000000000000005,21,3
2026-03-28 22:26:04,21.899999999999999,3.0800000000000001,22,3
2026-03-28 22:15:25,5.0999999999999996,0.69999999999999996,22,3
2026-03-28 22:05:55,7.2000000000000002,0.67000000000000004,22,3
2026-03-28 22:35:33,5.7999999999999998,0.59999999999999998,22,3
2026-03-28 23:29:29,12.1,1.8,23,3
2026-03-28 23:13:55,5.7999999999999998,0.64000000000000001,23,3
2026-03-28 23:51:06,12.1,2,23,3
2026-03-28 23:16:25,17.699999999999999,2.7799999999999998,23,3
2026-03-28 23:16:12,10.699999999999999,1.54,23,3
2026-03-29 00:32:42,13.5,1.6499999999999999,0,1
2026-03-29 00:15:34,12.1,1.76,0,1
2026-03-29 00:06:38,8.5999999999999996,0.91000000000000003,0,1
2026-03-29 01:54:19,9.3000000000000007,1.1000000000000001,1,1
2026-03-29 01:14:06,21.899999999999999,3.5699999999999998,1,1
2026-03-29 01:27:31,6.5,0.80000000000000004,1,1
2026-03-29 01:11:51,12.1,2.0800000000000001,1,1
2026-03-29 01:22:09,10,1.3300000000000001,1,1
2026-03-29 02:48:25,5.0999999999999996,0.34999999999999998,2,1
2026-03-29 02:28:33,13.5,2.3100000000000001,2,1
2026-03-29 02:28:49,6.5,0.5,2,1
2026-03-29 03:36:45,10.699999999999999,1.1100000000000001,3,2
2026-03-29 03:31:53,7.2000000000000002,0.83999999999999997,3,2
2026-03-29 05:59:56,9.3000000000000007,1.5,5,3
2026-03-29 07:39:20,72.299999999999997,19.32,7,2
2026-03-29 09:20:20,31,7.3099999999999996,9,3
2026-03-29 09:40:28,7.9000000000000004,1.01,9,3
2026-03-29 09:50:08,22.600000000000001,5.7000000000000002,9,3
2026-03-29 10:03:41,4.4000000000000004,0.34999999999999998,10,3
2026-03-29 10:15:08,14.9,2.3999999999999999,10,3
2026-03-29 10:01:24,7.2000000000000002,0.90000000000000002,10,3
2026-03-29 10:15:05,7.9000000000000004,0.79000000000000004,10,3
2026-03-29 11:22:24,10,1.49,11,3
2026-03-29 11:10:20,11.4,1.7,11,3
2026-03-29 11:04:37,10.699999999999999,0.70999999999999996,11,3
2026-03-29 12:42:56,8.5999999999999996,1.1399999999999999,12,3
2026-03-29 12:43:29,13.5,2.4700000000000002,12,3
2026-03-29 12:52:17,5.7999999999999998,0.48999999999999999,12,3
2026-03-29 13:41:46,10,1.3999999999999999,13,3
2026-03-29 13:45:28,7.2000000000000002,0.89000000000000001,13,3
2026-03-29 13:13:26,10.699999999999999,1.8600000000000001,13,3
2026-03-29 13:28:45,14.199999999999999,2.8999999999999999,13,3
2026-03-29 13:59:54,8.5999999999999996,0.46999999999999997,13,3
2026-03-29 14:25:32,49.899999999999999,11.220000000000001,14,2
2026-03-29 14:28:34,9.3000000000000007,1.5,14,2
2026-03-29 14:22:36,14.9,1.8300000000000001,14,2
2026-03-29 14:16:49,70,20.43,14,2
2026-03-29 15:55:02,15.6,2.2000000000000002,15,2
2026-03-29 15:15:40,5.7999999999999998,0.48999999999999999,15,2
2026-03-29 15:03:18,12.800000000000001,1.1899999999999999,15,2
2026-03-29 15:43:00,16.300000000000001,2.8399999999999999,15,2
2026-03-29 16:04:18,6.5,0.46999999999999997,16,2
2026-03-29 16:38:06,70,19.43,16,2
2026-03-29 16:50:45,5.7999999999999998,0.90000000000000002,16,2
2026-03-29 16:55:39,16.300000000000001,2.6499999999999999,16,2
2026-03-29 16:37:36,44.299999999999997,10.6,16,2
2026-03-29 16:11:26,10,0.93000000000000005,16,2
2026-03-29 16:53:27,5.0999999999999996,0.32000000000000001,16,2
2026-03-29 16:04:17,9.3000000000000007,0.56999999999999995,16,2
2026-03-29 16:08:07,6.5,0.5,16,2
2026-03-29 17:00:00,30.300000000000001,4.9100000000000001,17,2
2026-03-29 17:04:30,26.5,5.2000000000000002,17,2
2026-03-29 17:20:05,70,19.32,17,2
2026-03-29 17:57:33,27.5,4.6399999999999997,17,2
2026-03-29 17:00:58,11.4,1.29,17,2
2026-03-29 18:35:10,9.3000000000000007,1.0800000000000001,18,2
2026-03-29 18:01:06,38.700000000000003,8.6799999999999997,18,2
2026-03-29 19:15:12,5.7999999999999998,0.57999999999999996,19,2
2026-03-29 19:19:20,5.0999999999999996,0.52000000000000002,19,2
2026-03-29 20:45:12,7.9000000000000004,0.90000000000000002,20,2
2026-03-29 20:28:02,16.300000000000001,2.8199999999999998,20,2
2026-03-29 20:14:09,7.9000000000000004,0.54000000000000004,20,2
2026-03-29 20:36:51,70.900000000000006,18.190000000000001,20,2
2026-03-29 20:32:32,4.4000000000000004,0.48999999999999999,20,2
2026-03-29 21:21:41,18.399999999999999,3.5,21,3
2026-03-29 21:39:47,70,18.629999999999999,21,3
2026-03-29 21:33:36,35.200000000000003,8.8599999999999994,21,3
2026-03-29 22:54:31,6.5,0.71999999999999997,22,3
2026-03-29 22:43:06,12.800000000000001,1.6599999999999999,22,3
2026-03-29 22:54:23,28.899999999999999,5.6500000000000004,22,3
2026-03-29 23:04:05,70,20.039999999999999,23,3
2026-03-29 23:19:35,70,16.199999999999999,23,3
2026-03-29 23:48:03,21.899999999999999,3.9300000000000002,23,3
2026-03-30 00:44:06,23.300000000000001,5.2000000000000002,0,2
2026-03-30 00:09:34,70,16.530000000000001,0,2
2026-03-30 05:07:16,56.5,17.899999999999999,5,3
2026-03-30 08:19:38,9.3000000000000007,0.83999999999999997,8,3
2026-03-30 08:33:22,9.3000000000000007,1.26,8,3
2026-03-30 08:34:47,10,1.0800000000000001,8,3
2026-03-30 09:34:38,12.800000000000001,1.77,9,3
2026-03-30 09:45:54,7.2000000000000002,0.46000000000000002,9,3
2026-03-30 09:33:48,9.3000000000000007,1.05,9,3
2026-03-30 09:32:13,70,18.02,9,3
2026-03-30 09:46:16,10,1.1000000000000001,9,3
2026-03-30 10:01:42,16.300000000000001,1.8999999999999999,10,1
2026-03-30 10:58:52,18.399999999999999,3.2999999999999998,10,1
2026-03-30 10:34:46,10,1,10,1
2026-03-30 10:03:31,5.0999999999999996,0.56999999999999995,10,1
2026-03-30 10:19:36,26.100000000000001,5.6900000000000004,10,1
2026-03-30 11:42:26,9.3000000000000007,1,11,1
2026-03-30 11:32:02,14.9,1.26,11,1
2026-03-30 11:32:41,9.3000000000000007,0.65000000000000002,11,1
2026-03-30 11:01:25,9.3000000000000007,0.96999999999999997,11,1
2026-03-30 11:34:05,70,20.68,11,1
2026-03-30 11:14:05,10.699999999999999,1.29,11,1
2026-03-30 11:54:38,9.3000000000000007,1.02,11,1
2026-03-30 12:24:16,11.4,1.25,12,1
2026-03-30 12:06:51,20.5,3.6699999999999999,12,1
2026-03-30 12:38:03,26.100000000000001,6.2000000000000002,12,1
2026-03-30 12:14:35,18.5,1.5,12,1
2026-03-30 12:29:00,33.100000000000001,5.9000000000000004,12,1
2026-03-30 13:05:15,6.5,0.68999999999999995,13,2
2026-03-30 13:33:58,18.399999999999999,1.96,13,2
2026-03-30 13:52:53,8.5999999999999996,0.69999999999999996,13,2
2026-03-30 13:05:42,8.5999999999999996,0.51000000000000001,13,2
2026-03-30 13:35:48,12.800000000000001,1.8700000000000001,13,2
2026-03-30 13:29:21,5.0999999999999996,0.44,13,2
2026-03-30 13:01:19,16.300000000000001,2.7999999999999998,13,2
2026-03-30 14:19:03,13.5,1.9199999999999999,14,2
2026-03-30 14:33:47,30.5,8.1999999999999993,14,2
2026-03-30 14:56:34,7.2000000000000002,0.56999999999999995,14,2
2026-03-30 15:41:56,7.9000000000000004,0.63,15,3
2026-03-30 15:01:38,70,16.739999999999998,15,3
2026-03-30 15:06:52,8.5999999999999996,0.58999999999999997,15,3
2026-03-30 16:43:56,10,0.84999999999999998,16,3
2026-03-30 16:51:24,12.800000000000001,1.5600000000000001,16,3
2026-03-30 16:04:43,35.899999999999999,7.8499999999999996,16,3
2026-03-30 16:00:45,70,14.869999999999999,16,3
2026-03-30 16:09:37,8.5999999999999996,1,16,3
2026-03-30 16:26:43,13.5,1.0800000000000001,16,3
2026-03-30 16:15:27,70,17.899999999999999,16,3
2026-03-30 17:03:11,7.9000000000000004,1.1299999999999999,17,1
2026-03-30 17:10:00,7.9000000000000004,0.69999999999999996,17,1
2026-03-30 17:11:00,42.200000000000003,9.7400000000000002,17,1
2026-03-30 17:58:34,11.4,1.3100000000000001,17,1
2026-03-30 17:01:27,9.3000000000000007,1.04,17,1
2026-03-30 18:50:01,6.5,0.68000000000000005,18,2
2026-03-30 18:06:08,21.899999999999999,2.71,18,2
2026-03-30 18:15:53,33.100000000000001,7.5700000000000003,18,2
2026-03-30 18:38:09,7.2000000000000002,0.59999999999999998,18,2
2026-03-30 18:31:10,12.1,1.48,18,2
2026-03-30 19:17:55,5.0999999999999996,0.40000000000000002,19,2
2026-03-30 19:06:42,54.100000000000001,12.4,19,2
2026-03-30 19:58:39,14.199999999999999,2.0600000000000001,19,2
2026-03-30 19:35:06,49.5,19.399999999999999,19,2
2026-03-30 19:24:15,10,1.25,19,2
2026-03-30 20:53:18,17.699999999999999,2.7000000000000002,20,3
2026-03-30 20:52:06,5.7999999999999998,0.57999999999999996,20,3
2026-03-30 20:04:15,8.5999999999999996,1.3,20,3
2026-03-30 20:38:04,7.2000000000000002,0.90000000000000002,20,3
2026-03-30 20:43:04,11.4,1.72,20,3
2026-03-30 20:25:43,10.699999999999999,1.55,20,3
2026-03-30 20:35:35,62.200000000000003,10.48,20,3
2026-03-30 21:34:00,8.5999999999999996,1.5800000000000001,21,2
2026-03-30 21:09:53,7.9000000000000004,1.1699999999999999,21,2
2026-03-30 21:48:25,13.5,2.6000000000000001,21,2
2026-03-30 21:27:42,21.899999999999999,5.4699999999999998,21,2
2026-03-30 21:05:45,12.800000000000001,2.25,21,2
2026-03-30 22:54:37,7.9000000000000004,1.1000000000000001,22,3
2026-03-30 22:51:30,37.299999999999997,8.6799999999999997,22,3
2026-03-30 22:58:28,110.09999999999999,25.100000000000001,22,3
2026-03-30 22:24:55,5.7999999999999998,0.56000000000000005,22,3
2026-03-30 23:22:14,28.899999999999999,6.3700000000000001,23,3
2026-03-31 00:38:50,66,9.3000000000000007,0,3
2026-03-31 04:11:43,47.5,15.800000000000001,4,3
2026-03-31 05:58:47,31.5,8.5999999999999996,5,3
2026-03-31 06:41:27,31,6.0599999999999996,6,3
2026-03-31 06:54:07,5.0999999999999996,0.5,6,3
2026-03-31 06:31:01,9.3000000000000007,1.3899999999999999,6,3
2026-03-31 06:13:35,25.399999999999999,5.6100000000000003,6,3
2026-03-31 06:41:56,36.600000000000001,8.4100000000000001,6,3
2026-03-31 07:35:55,15.6,3.0699999999999998,7,17
2026-03-31 07:54:29,12.800000000000001,2.2400000000000002,7,17
2026-03-31 07:41:06,41.5,12.699999999999999,7,17
2026-03-31 08:49:05,24.699999999999999,0.29999999999999999,8,7
2026-03-31 08:43:31,7.9000000000000004,0.80000000000000004,8,7
2026-03-31 08:40:53,14.199999999999999,1.9099999999999999,8,7
2026-03-31 08:32:03,22.600000000000001,2.8300000000000001,8,7
2026-03-31 09:46:07,7.2000000000000002,0.90000000000000002,9,9
2026-03-31 09:45:31,7.9000000000000004,0.47999999999999998,9,9
2026-03-31 09:56:56,21.199999999999999,2.4300000000000002,9,9
2026-03-31 10:55:00,8.5999999999999996,1.1200000000000001,10,9
2026-03-31 10:11:41,42.200000000000003,7.0999999999999996,10,9
2026-03-31 10:24:34,12.1,1.01,10,9
2026-03-31 10:21:09,14.9,1.6299999999999999,10,9
2026-03-31 11:37:54,14.199999999999999,1.8,11,9
2026-03-31 11:34:18,70,18.719999999999999,11,9
2026-03-31 11:43:34,12.800000000000001,0.71999999999999997,11,9
2026-03-31 11:38:14,4.4000000000000004,0.39000000000000001,11,9
2026-03-31 11:30:29,9.3000000000000007,0.87,11,9
2026-03-31 11:13:00,7.9000000000000004,0.93000000000000005,11,9
2026-03-31 11:40:49,26.100000000000001,3.7799999999999998,11,9
2026-03-31 12:24:18,8.5999999999999996,0.57999999999999996,12,9
2026-03-31 12:10:58,11.4,0.72999999999999998,12,9
2026-03-31 12:43:22,25.399999999999999,3.0499999999999998,12,9
2026-03-31 12:58:26,35.5,9.0999999999999996,12,9
2026-03-31 12:28:10,23.5,3.8999999999999999,12,9
2026-03-31 13:25:47,7.2000000000000002,0.68999999999999995,13,9
2026-03-31 13:49:20,12.800000000000001,1.8999999999999999,13,9
2026-03-31 13:42:01,70,20.600000000000001,13,9
2026-03-31 13:19:47,14.9,1.3500000000000001,13,9
2026-03-31 13:28:52,13.5,1.22,13,9
2026-03-31 13:43:05,19.100000000000001,2.3100000000000001,13,9
2026-03-31 14:48:33,16.300000000000001,1.6899999999999999,14,8
2026-03-31 14:47:39,7.2000000000000002,0.89000000000000001,14,8
2026-03-31 14:53:18,18.399999999999999,2.1499999999999999,14,8
2026-03-31 14:01:13,16.300000000000001,2.2599999999999998,14,8
2026-03-31 14:19:12,31.5,6.0999999999999996,14,8
2026-03-31 15:57:50,24,3.79,15,9
2026-03-31 15:27:20,33.799999999999997,8.2799999999999994,15,9
2026-03-31 15:30:20,72.299999999999997,13.789999999999999,15,9
2026-03-31 15:15:37,8.5999999999999996,0.68999999999999995,15,9
2026-03-31 15:44:17,19.800000000000001,2.3300000000000001,15,9
2026-03-31 15:39:51,4.4000000000000004,0.35999999999999999,15,9
2026-03-31 15:33:38,12.1,1.75,15,9
2026-03-31 16:45:07,7.9000000000000004,0.82999999999999996,16,3
2026-03-31 16:38:01,9.3000000000000007,1.6100000000000001,16,3
2026-03-31 16:44:41,30.300000000000001,4.3799999999999999,16,3
2026-03-31 17:54:26,10.699999999999999,1.6299999999999999,17,3
2026-03-31 17:37:11,9.3000000000000007,1.02,17,3
2026-03-31 17:09:12,17,2.98,17,3
2026-03-31 17:15:18,23.300000000000001,3.96,17,3
2026-03-31 17:07:51,11.4,1.73,17,3
2026-03-31 17:37:55,5.7999999999999998,0.66000000000000003,17,3
2026-03-31 17:28:32,12.800000000000001,1.02,17,3
2026-03-31 18:20:52,17,2.77,18,3
2026-03-31 18:44:42,26.100000000000001,4.9500000000000002,18,3
2026-03-31 18:11:14,23.300000000000001,2.7000000000000002,18,3
2026-03-31 18:11:27,7.2000000000000002,0.83999999999999997,18,3
2026-03-31 18:52:35,14.199999999999999,2,18,3
2026-03-31 18:50:34,14.199999999999999,2.0499999999999998,18,3
2026-03-31 18:18:04,10.699999999999999,1.1799999999999999,18,3
2026-03-31 18:15:41,11.4,1.1799999999999999,18,3
2026-03-31 19:56:11,7.9000000000000004,0.90000000000000002,19,3
2026-03-31 19:01:48,7.2000000000000002,0.5,19,3
2026-03-31 19:37:38,6.5,0.83999999999999997,19,3
2026-03-31 19:23:45,6.5,0.73999999999999999,19,3
2026-03-31 20:03:33,8.5999999999999996,1.3,20,3
2026-03-31 20:44:36,76.5,10.5,20,3
2026-03-31 20:44:06,6.5,0.84999999999999998,20,3
2026-03-31 20:02:27,14.9,2.2400000000000002,20,3
2026-03-31 20:01:39,8.5999999999999996,0.85999999999999999,20,3
2026-03-31 20:56:57,6.5,0.85999999999999999,20,3
2026-03-31 20:11:26,40.799999999999997,9.7200000000000006,20,3
2026-03-31 20:52:07,10,1.47,20,3
2026-03-31 21:07:05,22.600000000000001,4.4000000000000004,21,3
2026-03-31 21:36:08,7.2000000000000002,0.76000000000000001,21,3
2026-03-31 21:57:55,27.5,5.2800000000000002,21,3
2026-03-31 22:03:59,12.1,1.98,22,3
2026-03-31 22:07:07,10.699999999999999,1.28,22,3
2026-03-31 22:07:34,19.800000000000001,3.3100000000000001,22,3
2026-03-31 22:14:02,35.200000000000003,5.7699999999999996,22,3
2026-03-31 22:21:57,10.699999999999999,1.6200000000000001,22,3
2026-03-31 22:12:47,12.800000000000001,2.3599999999999999,22,3
2026-03-31 22:36:18,22.600000000000001,4.5499999999999998,22,3
2026-03-31 22:29:14,5.0999999999999996,0.41999999999999998,22,3
2026-03-31 22:14:57,35.899999999999999,7.7800000000000002,22,3
2026-03-31 22:20:54,19.800000000000001,2.9900000000000002,22,3
2026-03-31 23:47:28,9.3000000000000007,1.7,23,3
2026-03-31 23:50:25,8.5999999999999996,1.3899999999999999,23,3
2026-03-31 23:31:24,7.2000000000000002,1,23,3
2026-03-31 23:27:50,5.0999999999999996,0.46999999999999997,23,3
2026-03-01 00:22:12,33.18,3.1699999999999999,0,5
2026-03-01 00:31:25,57.189999999999998,2.54,0,5
2026-03-01 01:16:59,26.989999999999998,1.6599999999999999,1,5
2026-03-01 03:50:49,39.380000000000003,9.3900000000000006,3,5
2026-03-01 03:55:42,9.7400000000000002,1.3500000000000001,3,5
2026-03-01 03:16:18,14.789999999999999,1.4199999999999999,3,5
2026-03-01 03:28:19,24.199999999999999,6.3399999999999999,3,5
2026-03-01 03:19:05,18.140000000000001,1.95,3,5
2026-03-01 03:15:47,10.68,1.8,3,5
2026-03-01 04:57:04,31.710000000000001,6.9199999999999999,4,5
2026-03-01 04:11:32,25.260000000000002,4.6699999999999999,4,5
2026-03-01 05:02:30,16.199999999999999,0.88,5,5
2026-03-01 05:36:36,36.210000000000001,5.6600000000000001,5,5
2026-03-01 06:55:14,8.0600000000000005,1,6,5
2026-03-01 09:12:12,5.0999999999999996,0.59999999999999998,9,1
2026-03-01 12:51:39,16.09,1.45,12,3
2026-03-01 13:21:07,13.710000000000001,1.8999999999999999,13,3
2026-03-01 13:30:14,29.210000000000001,2.7400000000000002,13,3
2026-03-01 14:39:04,21.050000000000001,2.1400000000000001,14,3
2026-03-01 15:04:17,37.780000000000001,7.7000000000000002,15,3
2026-03-01 15:24:00,25.219999999999999,1.6000000000000001,15,3
2026-03-01 16:59:07,28.129999999999999,2.21,16,3
2026-03-01 18:22:10,20.93,0.68000000000000005,18,3
2026-03-01 19:17:12,27.09,6.3499999999999996,19,3
2026-03-01 20:14:31,14.06,3.6299999999999999,20,3
2026-03-01 22:19:48,29.190000000000001,4.3899999999999997,22,1
2026-03-02 04:47:01,27.399999999999999,3.6400000000000001,4,1
2026-03-02 05:21:04,30.850000000000001,5.2300000000000004,5,1
2026-03-02 06:56:04,17.949999999999999,1.1200000000000001,6,1
2026-03-02 06:02:19,19.43,3.8999999999999999,6,1
2026-03-02 06:57:40,62.090000000000003,5.9199999999999999,6,1
2026-03-02 07:57:54,9.2899999999999991,0.23000000000000001,7,1
2026-03-02 08:46:18,30.699999999999999,3.5299999999999998,8,1
2026-03-02 08:13:37,12.210000000000001,1.3400000000000001,8,1
2026-03-02 09:27:10,14.94,0.84999999999999998,9,1
2026-03-02 09:06:34,19.370000000000001,1.4199999999999999,9,1
2026-03-02 12:38:49,41.109999999999999,5.5700000000000003,12,3
2026-03-02 17:19:39,49.450000000000003,6.3700000000000001,17,3
2026-03-02 18:19:59,33.880000000000003,0.01,18,3
2026-03-02 19:13:06,61.340000000000003,15.33,19,3
2026-03-02 20:21:52,29.199999999999999,1.8100000000000001,20,3
2026-03-02 22:36:47,25.77,2.1499999999999999,22,3
2026-03-03 07:35:02,44.789999999999999,2.6600000000000001,7,3
2026-03-03 11:48:59,20.149999999999999,3.6499999999999999,11,3
2026-03-03 11:34:29,48.18,4.1100000000000003,11,3
2026-03-03 13:56:35,23.210000000000001,1.3100000000000001,13,3
2026-03-03 15:57:55,27,0.31,15,15
2026-03-03 18:06:28,21.199999999999999,1.98,18,12
2026-03-03 20:16:03,74.189999999999998,5.4400000000000004,20,12
2026-03-03 20:12:09,17.039999999999999,3,20,12
2026-03-03 20:10:04,18.359999999999999,1.3100000000000001,20,12
2026-03-03 20:20:31,12.19,1.25,20,12
2026-03-03 21:22:39,67.659999999999997,3.4199999999999999,21,9
2026-03-03 21:12:36,79.879999999999995,5.1799999999999997,21,9
2026-03-03 22:24:52,11.06,0.80000000000000004,22,12
2026-03-03 22:14:46,32.869999999999997,5.6600000000000001,22,12
2026-03-03 22:34:26,12.630000000000001,1.3999999999999999,22,12
2026-03-03 22:42:13,26.629999999999999,2.9199999999999999,22,12
2026-03-04 04:09:49,19.670000000000002,4.2000000000000002,4,12
2026-03-04 04:26:55,65.629999999999995,17.079999999999998,4,12
2026-03-04 05:50:39,28.030000000000001,3.4100000000000001,5,3
2026-03-04 06:52:26,21.399999999999999,3,6,7
2026-03-04 08:33:02,28.199999999999999,2.02,8,8
2026-03-04 08:36:14,25.010000000000002,5.6600000000000001,8,8
2026-03-04 08:19:01,23.18,2.6000000000000001,8,8
2026-03-04 09:29:08,38.310000000000002,7.8499999999999996,9,3
2026-03-04 11:07:26,79.549999999999997,8.1500000000000004,11,3
2026-03-04 12:36:03,29.079999999999998,1.8400000000000001,12,3
2026-03-04 16:24:49,50.950000000000003,9.0999999999999996,16,3
2026-03-04 18:36:44,22.66,2.1000000000000001,18,3
2026-03-04 19:37:15,25.199999999999999,3.79,19,3
2026-03-04 19:41:15,44.280000000000001,0.20000000000000001,19,3
2026-03-04 20:32:58,4.3200000000000003,0.5,20,3
2026-03-04 20:39:31,16.68,1.3,20,3
2026-03-04 20:28:10,23.210000000000001,2.2200000000000002,20,3
2026-03-04 20:36:58,36.689999999999998,2.8999999999999999,20,3
2026-03-04 21:29:45,24.18,2.4900000000000002,21,7
2026-03-04 21:59:02,12.119999999999999,1.1000000000000001,21,7
2026-03-04 22:24:57,12.140000000000001,1.1799999999999999,22,7
2026-03-04 22:45:50,27.940000000000001,2.71,22,7
2026-03-04 22:00:51,21.210000000000001,2.1499999999999999,22,7
2026-03-05 00:18:26,16.059999999999999,1.8899999999999999,0,3
2026-03-05 00:13:58,36.75,6.4299999999999997,0,3
2026-03-05 03:03:53,44.740000000000002,11.289999999999999,3,3
2026-03-05 07:29:07,18.600000000000001,1.05,7,3
2026-03-05 07:16:33,22.32,1.1799999999999999,7,3
2026-03-05 08:59:56,34.039999999999999,1.8899999999999999,8,3
2026-03-05 08:29:21,28.210000000000001,2.3799999999999999,8,3
2026-03-05 08:43:46,67.939999999999998,1.24,8,3
2026-03-05 10:09:44,38.369999999999997,2.9300000000000002,10,3
2026-03-05 11:52:48,47.200000000000003,3.3999999999999999,11,7
2026-03-05 14:45:21,21.5,1.9199999999999999,14,8
2026-03-05 15:03:24,33.079999999999998,1.8200000000000001,15,9
2026-03-05 15:06:00,8.8900000000000006,0.91000000000000003,15,9
2026-03-05 15:10:50,47.189999999999998,10.300000000000001,15,9
2026-03-05 16:16:00,22.039999999999999,2.5699999999999998,16,9
2026-03-05 19:54:28,28.199999999999999,2.4199999999999999,19,7
2026-03-05 19:49:51,22.18,0.92000000000000004,19,7
2026-03-05 19:45:35,16.940000000000001,2.3999999999999999,19,7
2026-03-05 20:23:00,33.909999999999997,0.71999999999999997,20,5
2026-03-05 21:59:07,7.6100000000000003,0.81000000000000005,21,3
2026-03-05 21:11:19,21.41,2.2999999999999998,21,3
2026-03-05 21:32:10,44.210000000000001,1.73,21,3
2026-03-05 22:25:54,21.539999999999999,2.5699999999999998,22,5
2026-03-05 22:49:43,31.109999999999999,1.0700000000000001,22,5
2026-03-05 23:07:16,7.6900000000000004,1.0800000000000001,23,8
2026-03-05 23:58:50,26.629999999999999,4.04,23,8
2026-03-05 23:34:34,19.699999999999999,1.22,23,8
2026-03-06 00:17:58,14.140000000000001,1.6899999999999999,0,3
2026-03-06 00:07:43,14.140000000000001,1.0800000000000001,0,3
2026-03-06 00:21:40,14.119999999999999,1.3400000000000001,0,3
2026-03-06 01:06:19,16.73,2.6000000000000001,1,3
2026-03-06 01:08:48,8.8100000000000005,1.05,1,3
2026-03-06 04:10:26,33.43,1.0800000000000001,4,8
2026-03-06 04:05:46,17.809999999999999,3.3999999999999999,4,8
2026-03-06 06:20:36,16.18,2.0499999999999998,6,9
2026-03-06 06:18:29,26.27,5.3799999999999999,6,9
2026-03-06 07:57:12,21.66,3.6400000000000001,7,8
2026-03-06 07:05:08,14.19,1.0900000000000001,7,8
2026-03-06 08:21:16,35.289999999999999,5.2199999999999998,8,8
2026-03-06 09:17:36,14.92,1.1100000000000001,9,3
2026-03-06 09:08:00,46,3.54,9,3
2026-03-06 13:09:38,28.190000000000001,6.1100000000000003,13,3
2026-03-06 15:30:29,53.079999999999998,3.2200000000000002,15,3
2026-03-06 17:30:14,22.629999999999999,2.3999999999999999,17,3
2026-03-06 18:00:49,58.810000000000002,10.25,18,3
2026-03-06 19:52:16,19.609999999999999,0.47999999999999998,19,3
2026-03-06 21:30:36,7.3799999999999999,0.84999999999999998,21,3
2026-03-06 21:14:30,14.140000000000001,0.81999999999999995,21,3
2026-03-06 22:43:59,20.539999999999999,1.6100000000000001,22,3
2026-03-06 22:58:21,11.119999999999999,0.89000000000000001,22,3
2026-03-07 00:18:28,28.210000000000001,4.8300000000000001,0,3
2026-03-07 00:08:32,20.460000000000001,1.9399999999999999,0,3
2026-03-07 01:10:32,12.15,0.68999999999999995,1,3
2026-03-07 04:33:52,35.009999999999998,7.8099999999999996,4,3
2026-03-07 04:43:17,32.549999999999997,7.1900000000000004,4,3
2026-03-07 07:28:08,21.539999999999999,2.9199999999999999,7,5
2026-03-07 09:58:45,41.310000000000002,9.9100000000000001,9,5
2026-03-07 10:05:03,36.979999999999997,8.2200000000000006,10,3
2026-03-07 10:15:40,32.210000000000001,3.0800000000000001,10,3
2026-03-07 11:57:00,20.73,4.6799999999999997,11,5
2026-03-07 11:54:23,18.550000000000001,3.46,11,5
2026-03-07 11:15:55,10.84,0.97999999999999998,11,5
2026-03-07 11:27:17,20.190000000000001,5.4699999999999998,11,5
2026-03-07 12:01:36,25.199999999999999,5.0700000000000003,12,5
2026-03-07 14:54:48,18.190000000000001,1.98,14,5
2026-03-07 15:05:32,7.2000000000000002,1.1000000000000001,15,5
2026-03-07 16:53:38,9.1999999999999993,0.81000000000000005,16,3
2026-03-07 17:21:44,38.590000000000003,8.2100000000000009,17,5
2026-03-07 18:23:41,13.15,1.3899999999999999,18,3
2026-03-07 18:41:16,24.140000000000001,1.26,18,3
2026-03-07 19:04:38,13.84,1.48,19,3
2026-03-07 19:16:51,35.619999999999997,4.0099999999999998,19,3
2026-03-07 20:06:08,23.699999999999999,2.3399999999999999,20,3
2026-03-07 20:40:13,10.800000000000001,2.2000000000000002,20,3
2026-03-07 20:21:53,18.210000000000001,0.95999999999999996,20,3
2026-03-07 20:56:12,35.200000000000003,9.5700000000000003,20,3
2026-03-07 20:05:59,13.76,2.1899999999999999,20,3
2026-03-07 21:40:40,19.600000000000001,3.9900000000000002,21,3
2026-03-07 22:29:24,8.8800000000000008,1.22,22,3
2026-03-07 22:07:37,31.190000000000001,5.96,22,3
2026-03-07 22:59:23,85.439999999999998,20.440000000000001,22,3
2026-03-07 23:45:24,64.480000000000004,15.779999999999999,23,5
2026-03-07 23:13:30,31.739999999999998,5.7400000000000002,23,5
2026-03-07 23:01:17,10.06,1.3899999999999999,23,5
2026-03-07 23:00:48,27.739999999999998,2.1200000000000001,23,5
2026-03-07 23:35:33,15.199999999999999,2.4399999999999999,23,5
2026-03-07 23:16:05,64.200000000000003,6.5599999999999996,23,5
2026-03-07 23:57:20,32.18,4,23,5
2026-03-08 00:33:33,18.890000000000001,2.2799999999999998,0,5
2026-03-08 00:48:28,53.700000000000003,9.8000000000000007,0,5
2026-03-08 00:32:56,21.199999999999999,5.5800000000000001,0,5
2026-03-08 00:40:36,15.33,1.1299999999999999,0,5
2026-03-08 01:14:17,41.409999999999997,5.3700000000000001,1,5
2026-03-08 01:37:38,48.880000000000003,5.2999999999999998,1,5
2026-03-08 03:27:59,39.810000000000002,4.2400000000000002,3,5
2026-03-08 03:57:09,25.710000000000001,6,3,5
2026-03-08 04:24:46,50.399999999999999,6.3099999999999996,4,5
2026-03-08 04:20:38,12.34,1.8,4,5
2026-03-08 05:27:31,21.579999999999998,3.54,5,5
2026-03-08 05:06:19,20.149999999999999,2.8999999999999999,5,5
2026-03-08 05:27:01,18.359999999999999,2.6499999999999999,5,5
2026-03-08 08:40:10,21.899999999999999,3.6000000000000001,8,5
2026-03-08 08:12:38,8.0899999999999999,0.95999999999999996,8,5
2026-03-08 09:33:50,9.0700000000000003,1.3999999999999999,9,5
2026-03-08 10:38:49,27.399999999999999,6.4100000000000001,10,5
2026-03-08 10:51:56,22.960000000000001,7.04,10,5
2026-03-08 10:19:12,16.620000000000001,1.96,10,5
2026-03-08 11:01:16,33.780000000000001,5.7000000000000002,11,5
2026-03-08 11:33:37,8.7799999999999994,1.23,11,5
2026-03-08 12:41:50,33.060000000000002,5.9500000000000002,12,5
2026-03-08 13:41:47,33.25,5.5300000000000002,13,5
2026-03-08 17:53:58,40.119999999999997,5.5999999999999996,17,3
2026-03-08 17:43:00,16.219999999999999,2.0699999999999998,17,3
2026-03-08 19:47:27,26.890000000000001,3.5899999999999999,19,3
2026-03-08 19:12:55,11.32,2.1200000000000001,19,3
2026-03-08 19:42:44,15.130000000000001,1.6399999999999999,19,3
2026-03-08 21:43:00,12.49,2.2999999999999998,21,3
2026-03-08 21:48:16,11.67,1.3,21,3
2026-03-08 22:33:16,3.5099999999999998,0.5,22,3
2026-03-08 22:35:52,13,2.29,22,3
2026-03-08 22:19:31,10.41,1.78,22,3
2026-03-08 22:32:14,28.23,8.4399999999999995,22,3
2026-03-09 06:48:15,36.450000000000003,2.8100000000000001,6,1
2026-03-09 08:28:31,45.810000000000002,9.3699999999999992,8,1
2026-03-09 08:11:25,45.210000000000001,6.2599999999999998,8,1
2026-03-09 08:11:50,32.82,3.54,8,1
2026-03-09 08:17:51,29.449999999999999,5.6100000000000003,8,1
2026-03-09 09:59:24,19.899999999999999,2.29,9,1
2026-03-09 10:03:06,6,16.32,10,1
2026-03-09 12:20:21,9.3900000000000006,0.89000000000000001,12,1
2026-03-09 13:23:34,24.969999999999999,1.8,13,1
2026-03-09 14:29:58,31.829999999999998,5.9100000000000001,14,1
2026-03-09 15:58:20,6.0199999999999996,0.69999999999999996,15,1
2026-03-09 17:51:00,17.309999999999999,1.8899999999999999,17,1
2026-03-09 17:33:52,20.18,0.01,17,1
2026-03-09 19:32:59,43.390000000000001,0.96999999999999997,19,1
2026-03-09 20:46:38,40.729999999999997,5.4699999999999998,20,1
2026-03-09 20:31:45,28.800000000000001,2.5099999999999998,20,1
2026-03-09 21:34:32,5.0999999999999996,0.5,21,1
2026-03-09 21:03:01,34.899999999999999,1.73,21,1
2026-03-09 22:19:14,10.869999999999999,0.48999999999999999,22,3
2026-03-10 00:02:30,15.890000000000001,1.46,0,5
2026-03-10 01:01:00,33.93,8.6999999999999993,1,5
2026-03-10 06:45:00,25.5,3.5899999999999999,6,1
2026-03-10 06:59:13,12.19,1.6200000000000001,6,1
2026-03-10 07:09:14,30.84,4.9900000000000002,7,1
2026-03-10 08:56:18,17.280000000000001,2.02,8,1
2026-03-10 08:49:44,33.950000000000003,2.54,8,1
2026-03-10 09:37:20,31.420000000000002,1.78,9,1
2026-03-10 12:04:06,41.210000000000001,3.3700000000000001,12,1
2026-03-10 14:19:01,19.199999999999999,1.0700000000000001,14,1
2026-03-10 15:56:19,8.6400000000000006,0.56000000000000005,15,1
2026-03-10 18:22:52,9.5500000000000007,0.80000000000000004,18,1
2026-03-10 19:58:48,45.439999999999998,3.5800000000000001,19,1
2026-03-10 19:49:18,33.740000000000002,1.3700000000000001,19,1
2026-03-10 19:16:31,21.190000000000001,0.01,19,1
2026-03-10 20:13:26,20.18,4.5,20,1
2026-03-10 20:25:05,34.93,0.46000000000000002,20,1
2026-03-10 20:07:08,25.260000000000002,5.0099999999999998,20,1
2026-03-10 20:55:09,9.9800000000000004,0.59999999999999998,20,1
2026-03-10 21:02:04,34.18,2.6000000000000001,21,2
2026-03-10 21:58:53,33.640000000000001,4.9000000000000004,21,2
2026-03-10 22:35:17,14.41,2.0800000000000001,22,3
2026-03-10 22:06:14,24.620000000000001,0.57999999999999996,22,3
2026-03-10 22:54:08,27.289999999999999,2.6299999999999999,22,3
2026-03-10 22:20:21,17.829999999999998,1.2,22,3
2026-03-10 22:49:18,27.050000000000001,1.97,22,3
2026-03-10 23:26:14,37.43,9.75,23,3
2026-03-10 23:27:09,20,1.52,23,3
2026-03-11 07:12:12,14.970000000000001,1.2,7,1
2026-03-11 07:26:59,38.200000000000003,8.7300000000000004,7,1
2026-03-11 07:56:57,59.189999999999998,4.2800000000000002,7,1
2026-03-11 08:44:00,13.359999999999999,1.3500000000000001,8,1
2026-03-11 09:25:53,19.190000000000001,4.6900000000000004,9,3
2026-03-11 13:29:00,14.140000000000001,1.23,13,3
2026-03-11 13:37:05,44.829999999999998,7.5099999999999998,13,3
2026-03-11 14:14:27,19.239999999999998,2.3300000000000001,14,3
2026-03-11 15:13:04,17.149999999999999,1.1299999999999999,15,3
2026-03-11 15:45:51,24.77,2.25,15,3
2026-03-11 18:29:20,29.18,0.01,18,3
2026-03-11 19:51:59,28.41,0.58999999999999997,19,3
2026-03-11 19:36:01,13.369999999999999,1.03,19,3
2026-03-11 20:58:28,45.770000000000003,2.7799999999999998,20,3
2026-03-11 22:26:17,19.850000000000001,5.4000000000000004,22,3
2026-03-11 22:04:57,42.039999999999999,5.8700000000000001,22,3
2026-03-11 23:56:42,7.2000000000000002,0.68999999999999995,23,3
2026-03-11 23:55:12,47.740000000000002,6.4699999999999998,23,3
2026-03-12 00:11:32,17.98,1.6399999999999999,0,1
2026-03-12 01:24:28,18.32,1.46,1,3
2026-03-12 04:20:57,36.600000000000001,9.3300000000000001,4,17
2026-03-12 06:43:39,14.130000000000001,2.2000000000000002,6,5
2026-03-12 07:12:31,35.759999999999998,4.04,7,5
2026-03-12 07:54:37,25.960000000000001,1.4099999999999999,7,5
2026-03-12 08:36:57,37.740000000000002,3.3900000000000001,8,3
2026-03-12 09:03:33,47.009999999999998,5.4000000000000004,9,3
2026-03-12 09:00:38,27.34,1.53,9,3
2026-03-12 09:15:59,44.75,2.7200000000000002,9,3
2026-03-12 09:17:52,78.659999999999997,6.5300000000000002,9,3
2026-03-12 10:07:44,29.280000000000001,6.6299999999999999,10,5
2026-03-12 10:12:27,29.079999999999998,2.8500000000000001,10,5
2026-03-12 11:04:35,17.329999999999998,1.8500000000000001,11,5
2026-03-12 11:44:41,23.199999999999999,2.8900000000000001,11,5
2026-03-12 11:11:53,33.18,2.6600000000000001,11,5
2026-03-12 11:33:44,15.130000000000001,0.96999999999999997,11,5
2026-03-12 12:18:19,8.5199999999999996,1.6299999999999999,12,3
2026-03-12 13:22:49,32.93,3.3999999999999999,13,3
2026-03-12 14:15:07,10.699999999999999,1.1000000000000001,14,7
2026-03-12 14:08:33,36.670000000000002,8.3300000000000001,14,7
2026-03-12 14:38:18,33.969999999999999,2.73,14,7
2026-03-12 14:59:43,46.75,2.7799999999999998,14,7
2026-03-12 15:00:17,39.689999999999998,3.6699999999999999,15,8
2026-03-12 16:28:34,53.75,8.1099999999999994,16,9
2026-03-12 17:17:37,31.98,0.01,17,9
2026-03-12 18:19:33,12.1,1.2,18,8
2026-03-12 19:13:41,42.18,3.4700000000000002,19,8
2026-03-12 19:15:49,31.640000000000001,3.1200000000000001,19,8
2026-03-12 19:48:10,11.859999999999999,1.49,19,8
2026-03-12 19:49:44,21.18,0.67000000000000004,19,8
2026-03-12 20:25:26,29.789999999999999,2.8799999999999999,20,8
2026-03-12 21:24:22,26.640000000000001,4.71,21,13
2026-03-12 21:48:11,28.100000000000001,1.54,21,13
2026-03-12 22:42:24,41.039999999999999,2.2000000000000002,22,12
2026-03-12 23:55:45,20.140000000000001,2.98,23,12
2026-03-13 04:18:36,33.969999999999999,3.5699999999999998,4,1
2026-03-13 06:41:37,43.740000000000002,10.960000000000001,6,1
2026-03-13 06:56:08,32.909999999999997,0.34999999999999998,6,1
2026-03-13 07:52:05,29.140000000000001,2.3799999999999999,7,1
2026-03-13 08:04:01,6.5,0.69999999999999996,8,1
2026-03-13 08:54:56,29.210000000000001,2.3500000000000001,8,1
2026-03-13 09:46:06,16.210000000000001,1.03,9,1
2026-03-13 09:36:32,24.25,3.1000000000000001,9,1
2026-03-13 09:09:26,44.990000000000002,11.550000000000001,9,1
2026-03-13 12:30:45,53.189999999999998,7.4199999999999999,12,1
2026-03-13 12:01:00,19.079999999999998,1.76,12,1
2026-03-13 12:27:26,38.920000000000002,6.1600000000000001,12,1
2026-03-13 13:42:41,10.130000000000001,1.1200000000000001,13,2
2026-03-13 14:55:31,24.640000000000001,1.02,14,2
2026-03-13 14:43:43,46.189999999999998,3.4900000000000002,14,2
2026-03-13 14:57:08,19.66,1.2,14,2
2026-03-13 14:53:24,20.199999999999999,1.25,14,2
2026-03-13 15:44:09,30.620000000000001,2.1200000000000001,15,3
2026-03-13 17:41:04,14.69,1.0600000000000001,17,3
2026-03-13 18:54:03,22.920000000000002,0.01,18,3
2026-03-13 19:26:50,21.030000000000001,0.01,19,3
2026-03-13 20:41:57,10.08,1.2,20,3
2026-03-13 21:05:09,27.199999999999999,5.9400000000000004,21,3
2026-03-13 21:07:16,24.18,1.5900000000000001,21,3
2026-03-13 21:56:39,17.350000000000001,1.6599999999999999,21,3
2026-03-13 22:28:29,12.109999999999999,0.81999999999999995,22,3
2026-03-13 23:38:37,20.969999999999999,6,23,3
2026-03-13 23:19:35,32.810000000000002,1.3200000000000001,23,3
2026-03-13 23:54:15,27.050000000000001,2.6099999999999999,23,3
2026-03-14 00:08:33,51.719999999999999,8.2699999999999996,0,2
2026-03-14 00:15:44,28.039999999999999,2.1499999999999999,0,2
2026-03-14 00:49:01,24.199999999999999,2.1400000000000001,0,2
2026-03-14 01:14:13,11.19,1.2,1,1
2026-03-14 01:15:38,13.779999999999999,1.0700000000000001,1,1
2026-03-14 01:01:00,28.690000000000001,2.8399999999999999,1,1
2026-03-14 02:27:41,37.130000000000003,6.0800000000000001,2,2
2026-03-14 02:19:30,14.6,1.53,2,2
2026-03-14 03:10:34,22,2.3999999999999999,3,3
2026-03-14 03:15:41,25.859999999999999,4.4400000000000004,3,3
2026-03-14 03:37:35,51.170000000000002,4.7000000000000002,3,3
2026-03-14 03:49:50,43.969999999999999,3.0699999999999998,3,3
2026-03-14 04:00:59,31.190000000000001,4.9199999999999999,4,3
2026-03-14 06:42:28,34.920000000000002,8.8000000000000007,6,1
2026-03-14 10:55:14,13.42,1.48,10,1
2026-03-14 12:34:13,28.239999999999998,3.8700000000000001,12,1
2026-03-14 12:18:06,75.370000000000005,16.879999999999999,12,1
2026-03-14 13:43:35,44.539999999999999,6.0599999999999996,13,1
2026-03-14 14:29:40,18.07,2.6600000000000001,14,1
2026-03-14 14:02:57,16.120000000000001,1.5,14,1
2026-03-14 16:08:08,38.57,6.5999999999999996,16,2
2026-03-14 16:57:53,22.190000000000001,4.4000000000000004,16,2
2026-03-14 16:44:55,18.030000000000001,1.4199999999999999,16,2
2026-03-14 16:14:30,27.030000000000001,2.6499999999999999,16,2
2026-03-14 17:23:13,18.940000000000001,2.8700000000000001,17,2
2026-03-14 17:15:31,33.859999999999999,5.5700000000000003,17,2
2026-03-14 17:08:03,19.199999999999999,4.7400000000000002,17,2
2026-03-14 18:03:31,27.440000000000001,5.9199999999999999,18,2
2026-03-14 18:58:30,37.07,8.3900000000000006,18,2
2026-03-14 18:44:38,26.789999999999999,1.52,18,2
2026-03-14 19:30:38,13.869999999999999,1.0900000000000001,19,2
2026-03-14 19:02:04,22.18,1.8700000000000001,19,2
2026-03-14 20:00:57,24.460000000000001,1.26,20,2
2026-03-14 20:44:31,21.199999999999999,3.0600000000000001,20,2
2026-03-14 20:11:30,44.200000000000003,6.5300000000000002,20,2
2026-03-14 21:27:37,12.800000000000001,1.5,21,1
2026-03-14 21:27:15,36.210000000000001,7.3399999999999999,21,1
2026-03-14 22:15:49,20.079999999999998,4.5,22,2
2026-03-14 22:27:24,18.199999999999999,0.48999999999999999,22,2
2026-03-14 22:52:25,14.65,3.3399999999999999,22,2
2026-03-14 22:52:28,31.670000000000002,0.63,22,2
2026-03-14 23:11:06,32.07,2.4199999999999999,23,2
2026-03-14 23:44:26,16.77,3.1499999999999999,23,2
2026-03-14 23:46:35,18.469999999999999,1.6000000000000001,23,2
2026-03-15 00:42:27,24.379999999999999,2.8999999999999999,0,2
2026-03-15 00:20:29,24.260000000000002,2.8399999999999999,0,2
2026-03-15 00:59:44,27.16,3.9900000000000002,0,2
2026-03-15 00:59:38,31.120000000000001,2.8500000000000001,0,2
2026-03-15 01:31:11,26.829999999999998,7.5999999999999996,1,1
2026-03-15 01:08:00,46.759999999999998,5.7300000000000004,1,1
2026-03-15 01:05:44,20.170000000000002,2.2400000000000002,1,1
2026-03-15 03:15:05,28.050000000000001,3.1800000000000002,3,3
2026-03-15 04:33:12,13.199999999999999,1.45,4,3
2026-03-15 04:39:31,28.739999999999998,0.79000000000000004,4,3
2026-03-15 04:03:01,28.199999999999999,1.22,4,3
2026-03-15 04:51:41,40.240000000000002,2.0800000000000001,4,3
2026-03-15 05:37:11,24.949999999999999,3.9399999999999999,5,3
2026-03-15 06:53:59,103.45,11.789999999999999,6,3
2026-03-15 07:25:34,3,2.3999999999999999,7,3
2026-03-15 09:22:27,10.92,1.1399999999999999,9,3
2026-03-15 10:56:39,18.43,1.5700000000000001,10,3
2026-03-15 10:56:17,9.6400000000000006,0.63,10,3
2026-03-15 13:03:49,20.440000000000001,5.0099999999999998,13,3
2026-03-15 13:50:50,29.09,3.1000000000000001,13,3
2026-03-15 14:52:53,13.94,1.71,14,3
2026-03-15 15:42:28,25.219999999999999,4.21,15,3
2026-03-15 16:23:53,23.219999999999999,3.2999999999999998,16,3
2026-03-15 16:44:52,26.190000000000001,2.6299999999999999,16,3
2026-03-15 17:45:38,16.309999999999999,1.21,17,3
2026-03-15 17:25:14,12.35,1.1399999999999999,17,3
2026-03-15 18:26:51,7.8799999999999999,0.54000000000000004,18,3
2026-03-15 18:22:11,12.109999999999999,0.97999999999999998,18,3
2026-03-15 18:47:36,6.0499999999999998,0.59999999999999998,18,3
2026-03-15 19:46:48,16.25,1.26,19,3
2026-03-15 19:09:05,13.08,2.02,19,3
2026-03-15 19:03:10,26.199999999999999,3.1099999999999999,19,3
2026-03-15 22:36:42,16.920000000000002,2.1600000000000001,22,3
2026-03-15 23:14:05,27.640000000000001,1.03,23,3
2026-03-16 00:08:00,26.199999999999999,3.9300000000000002,0,3
2026-03-16 00:07:47,19.190000000000001,4.25,0,3
2026-03-16 03:43:54,16.190000000000001,1.5800000000000001,3,3
2026-03-16 04:26:36,28.260000000000002,3.8399999999999999,4,3
2026-03-16 06:06:30,74.310000000000002,18.809999999999999,6,3
2026-03-16 07:32:15,13.69,1.8,7,8
2026-03-16 07:55:04,44.219999999999999,1.74,7,8
2026-03-16 08:23:27,18.399999999999999,2.3999999999999999,8,9
2026-03-16 08:45:10,29.949999999999999,3.2000000000000002,8,9
2026-03-16 09:50:45,14.94,0.67000000000000004,9,5
2026-03-16 10:46:55,23.210000000000001,3.3199999999999998,10,5
2026-03-16 12:41:10,47.479999999999997,8.3499999999999996,12,5
2026-03-16 15:03:53,8.3399999999999999,1.01,15,5
2026-03-16 17:22:50,33.170000000000002,3.5099999999999998,17,5
2026-03-16 18:06:42,17.02,1.49,18,3
2026-03-16 18:36:51,13.34,0.01,18,3
2026-03-16 19:10:34,25.210000000000001,5.0700000000000003,19,3
2026-03-16 20:59:57,17.27,3.5800000000000001,20,9
2026-03-16 20:16:28,18.399999999999999,3.7999999999999998,20,9
2026-03-16 21:02:41,36.759999999999998,6.5599999999999996,21,8
2026-03-16 21:18:13,21.670000000000002,1.8899999999999999,21,8
2026-03-16 22:13:29,7.9500000000000002,0.64000000000000001,22,3
2026-03-17 07:18:54,22.190000000000001,2.6699999999999999,7,8
2026-03-17 08:35:06,44.18,2.5899999999999999,8,3
2026-03-17 08:00:28,23.93,1.27,8,3
2026-03-17 09:00:36,36.189999999999998,5.7699999999999996,9,3
2026-03-17 09:02:37,47.200000000000003,4.8200000000000003,9,3
2026-03-17 09:03:55,41.18,3.3399999999999999,9,3
2026-03-17 12:26:19,43.950000000000003,3.8799999999999999,12,1
2026-03-17 14:54:26,26.940000000000001,2.0800000000000001,14,1
2026-03-17 14:24:38,80.560000000000002,18.030000000000001,14,1
2026-03-17 15:28:35,66.189999999999998,8.75,15,1
2026-03-17 18:25:59,7.6900000000000004,0.01,18,3
2026-03-17 19:41:00,38.140000000000001,3.54,19,3
2026-03-17 20:40:28,6.0599999999999996,0.88,20,2
2026-03-17 20:42:19,20.390000000000001,1.3,20,2
2026-03-17 20:45:56,31.18,1.0900000000000001,20,2
2026-03-17 20:43:54,36.189999999999998,10.140000000000001,20,2
2026-03-17 21:20:33,12.960000000000001,2.96,21,1
2026-03-17 21:48:50,38.840000000000003,7.0599999999999996,21,1
2026-03-17 21:47:02,23.699999999999999,1.4299999999999999,21,1
2026-03-17 21:17:26,49.109999999999999,1.3899999999999999,21,1
2026-03-17 21:08:40,20.77,0.97999999999999998,21,1
2026-03-17 22:24:20,29.620000000000001,2.3100000000000001,22,3
2026-03-17 22:37:47,63.719999999999999,10.050000000000001,22,3
2026-03-17 23:23:01,12.68,1.0600000000000001,23,3
2026-03-17 23:36:39,9.0999999999999996,0.28999999999999998,23,3
2026-03-18 04:26:20,18.18,5.1100000000000003,4,3
2026-03-18 06:56:10,61.810000000000002,15.4,6,1
2026-03-18 06:46:41,33.25,3.75,6,1
2026-03-18 08:50:32,30.199999999999999,1.3899999999999999,8,1
2026-03-18 08:14:24,14.94,1.3100000000000001,8,1
2026-03-18 08:15:03,25.129999999999999,3.6800000000000002,8,1
2026-03-18 08:20:44,31.98,3.4500000000000002,8,1
2026-03-18 09:49:14,12.800000000000001,1.5,9,1
2026-03-18 12:46:22,25.199999999999999,2.5299999999999998,12,1
2026-03-18 13:36:02,34.229999999999997,4.0899999999999999,13,1
2026-03-18 15:16:13,85.709999999999994,10.460000000000001,15,1
2026-03-18 17:24:12,29.719999999999999,2.8999999999999999,17,3
2026-03-18 20:45:38,39.210000000000001,2.46,20,3
2026-03-18 20:49:40,15.32,2.02,20,3
2026-03-18 21:51:56,26.449999999999999,2.8500000000000001,21,3
2026-03-18 21:34:14,45.939999999999998,6.9500000000000002,21,3
2026-03-18 22:14:16,46.740000000000002,6.6100000000000003,22,3
2026-03-18 23:18:18,21.920000000000002,4.75,23,1
2026-03-19 07:11:06,13.640000000000001,1.52,7,1
2026-03-19 09:08:32,22.920000000000002,2.1000000000000001,9,1
2026-03-19 13:01:03,12.82,1.53,13,3
2026-03-19 17:05:08,9.6199999999999992,0.93999999999999995,17,3
2026-03-19 17:52:24,42.829999999999998,3,17,3
2026-03-19 19:55:25,17.629999999999999,0.56000000000000005,19,3
2026-03-19 19:53:08,21.300000000000001,0.22,19,3
2026-03-19 19:34:57,17.219999999999999,0.01,19,3
2026-03-19 19:58:40,28.66,2.4399999999999999,19,3
2026-03-19 19:48:47,24.059999999999999,0.29999999999999999,19,3
2026-03-19 20:01:42,34.07,8.6999999999999993,20,3
2026-03-19 20:51:26,46.210000000000001,3.2799999999999998,20,3
2026-03-19 20:57:47,35.799999999999997,2.4399999999999999,20,3
2026-03-19 21:09:02,18.890000000000001,0.80000000000000004,21,3
2026-03-19 21:45:40,21.5,2.3999999999999999,21,3
2026-03-19 21:46:08,19.530000000000001,3.3199999999999998,21,3
2026-03-19 21:22:25,22.129999999999999,2.27,21,3
2026-03-19 21:59:29,56.840000000000003,2.23,21,3
2026-03-19 22:01:18,29.899999999999999,4.7000000000000002,22,3
2026-03-19 22:51:29,38.060000000000002,2.8999999999999999,22,3
2026-03-19 22:15:00,19.52,1.8,22,3
2026-03-19 23:05:35,22.760000000000002,3.2999999999999998,23,3
2026-03-19 23:47:38,12.26,2.98,23,3
2026-03-19 23:20:08,39.119999999999997,1.24,23,3
2026-03-20 00:09:32,18.84,1.71,0,1
2026-03-20 06:09:18,7.0800000000000001,0.5,6,2
2026-03-20 07:24:42,34.210000000000001,7.04,7,3
2026-03-20 11:52:35,25.41,3.2200000000000002,11,1
2026-03-20 13:18:29,20.079999999999998,1.29,13,1
2026-03-20 16:44:46,16.440000000000001,1.3100000000000001,16,3
2026-03-20 16:13:12,16.550000000000001,1.8999999999999999,16,3
2026-03-20 18:19:33,3,4.0999999999999996,18,3
2026-03-20 18:47:29,36.829999999999998,0.02,18,3
2026-03-20 19:42:05,45.32,0.38,19,3
2026-03-20 19:47:56,27.68,2.7999999999999998,19,3
2026-03-20 20:19:26,29.5,4.9900000000000002,20,3
2026-03-20 20:16:23,47.920000000000002,8.4900000000000002,20,3
2026-03-20 21:58:12,29.170000000000002,2.27,21,3
2026-03-20 21:51:27,15.869999999999999,1.49,21,3
2026-03-20 21:49:02,31.760000000000002,2.02,21,3
2026-03-20 22:40:47,25.210000000000001,0.55000000000000004,22,3
2026-03-20 22:31:26,10,1.3,22,3
2026-03-20 22:01:11,37.159999999999997,4.1799999999999997,22,3
2026-03-20 23:36:21,21.84,2.46,23,3
2026-03-21 00:23:48,60.079999999999998,1.6299999999999999,0,8
2026-03-21 00:40:03,57.210000000000001,10.26,0,8
2026-03-21 01:46:45,42.200000000000003,1.3300000000000001,1,9
2026-03-21 01:18:14,67.879999999999995,5.6699999999999999,1,9
2026-03-21 01:59:55,18.66,1.8200000000000001,1,9
2026-03-21 01:15:57,14.94,2.0800000000000001,1,9
2026-03-21 02:11:15,30.210000000000001,2.0600000000000001,2,8
2026-03-21 03:39:09,18.84,3,3,8
2026-03-21 03:48:52,46.490000000000002,3.7000000000000002,3,8
2026-03-21 04:37:47,29.440000000000001,7.1500000000000004,4,3
2026-03-21 04:31:17,10.880000000000001,1.55,4,3
2026-03-21 04:44:19,49.350000000000001,11.48,4,3
2026-03-21 09:36:08,14.109999999999999,1.5900000000000001,9,5
2026-03-21 11:58:43,26.190000000000001,2.8500000000000001,11,1
2026-03-21 13:51:06,26.23,2.1000000000000001,13,1
2026-03-21 13:17:27,28.190000000000001,5.7699999999999996,13,1
2026-03-21 17:05:50,27.280000000000001,5.04,17,2
2026-03-21 18:16:49,31.91,2.7400000000000002,18,1
2026-03-21 18:42:33,25.059999999999999,1.8100000000000001,18,1
2026-03-21 19:09:51,19.579999999999998,3.1000000000000001,19,3
2026-03-21 19:15:13,39.210000000000001,3.4100000000000001,19,3
2026-03-21 19:21:30,18.940000000000001,2.1699999999999999,19,3
2026-03-21 20:22:02,30.850000000000001,6.9000000000000004,20,3
2026-03-21 21:35:34,20.190000000000001,2.4900000000000002,21,3
2026-03-21 21:09:46,12.220000000000001,1.74,21,3
2026-03-21 22:03:50,26.210000000000001,6.71,22,3
2026-03-21 23:43:35,25.629999999999999,3.2599999999999998,23,3
2026-03-21 23:53:22,33.630000000000003,3.0600000000000001,23,3
2026-03-21 23:40:03,19.859999999999999,3.1000000000000001,23,3
2026-03-21 23:35:25,26.489999999999998,2.3199999999999998,23,3
2026-03-21 23:53:37,28.579999999999998,0.96999999999999997,23,3
2026-03-22 00:09:28,25.350000000000001,0.56999999999999995,0,3
2026-03-22 00:48:55,17.100000000000001,1.21,0,3
2026-03-22 00:04:09,55.68,6.0199999999999996,0,3
2026-03-22 00:34:37,40.189999999999998,1.79,0,3
2026-03-22 00:21:18,83.719999999999999,11.99,0,3
2026-03-22 00:34:46,43.719999999999999,3.8700000000000001,0,3
2026-03-22 01:55:55,26.190000000000001,0.19,1,3
2026-03-22 01:49:04,28.879999999999999,3.23,1,3
2026-03-22 03:08:11,12.24,0.90000000000000002,3,3
2026-03-22 04:13:36,14.31,1.79,4,3
2026-03-22 06:50:48,22.350000000000001,3.3900000000000001,6,3
2026-03-22 07:08:07,17.449999999999999,3.2000000000000002,7,3
2026-03-22 07:23:12,32.450000000000003,5.3399999999999999,7,3
2026-03-22 08:58:27,24.059999999999999,3.79,8,3
2026-03-22 10:31:18,9.5299999999999994,1.3,10,3
2026-03-22 10:45:55,21.949999999999999,4,10,3
2026-03-22 11:02:28,14.35,1.8600000000000001,11,3
2026-03-22 11:24:14,10.32,1.6399999999999999,11,3
2026-03-22 11:50:23,16.34,1.6399999999999999,11,3
2026-03-22 12:57:20,17.289999999999999,2.6800000000000002,12,3
2026-03-22 13:02:36,49.659999999999997,10.16,13,3
2026-03-22 13:32:36,31.190000000000001,7.6900000000000004,13,3
2026-03-22 14:03:23,27.18,3.27,14,3
2026-03-22 14:12:05,16.210000000000001,1.95,14,3
2026-03-22 18:11:02,13.18,1.6100000000000001,18,3
2026-03-22 19:17:17,22.48,2.5499999999999998,19,3
2026-03-22 19:02:24,26.09,4.5,19,3
2026-03-22 19:15:38,18.940000000000001,3.21,19,3
2026-03-22 19:12:05,21.199999999999999,3.8199999999999998,19,3
2026-03-22 19:53:10,13.199999999999999,1.9399999999999999,19,3
2026-03-22 20:13:37,33.530000000000001,9.4299999999999997,20,3
2026-03-22 20:38:07,19.059999999999999,3.1000000000000001,20,3
2026-03-22 20:00:58,37.439999999999998,7.3200000000000003,20,3
2026-03-22 20:48:39,57.229999999999997,16.960000000000001,20,3
2026-03-22 21:36:08,19.449999999999999,2.2000000000000002,21,3
2026-03-22 21:01:31,26.190000000000001,6.9400000000000004,21,3
2026-03-22 21:59:26,31.739999999999998,5.5599999999999996,21,3
2026-03-22 21:47:58,42.579999999999998,13.18,21,3
2026-03-22 22:04:43,64.680000000000007,3.75,22,3
2026-03-22 23:09:28,18.550000000000001,2.29,23,3
2026-03-22 23:18:03,27.559999999999999,8.5999999999999996,23,3
2026-03-22 23:56:32,36.810000000000002,10.41,23,3
2026-03-23 00:27:55,24.210000000000001,4.8899999999999997,0,3
2026-03-23 00:40:35,39.200000000000003,2.4500000000000002,0,3
2026-03-23 00:09:17,8.1899999999999995,1.3600000000000001,0,3
2026-03-23 05:32:24,78.349999999999994,5.8799999999999999,5,5
2026-03-23 06:27:48,22.219999999999999,2.4100000000000001,6,3
2026-03-23 07:13:50,45.210000000000001,3.4900000000000002,7,8
2026-03-23 07:43:06,45.200000000000003,3.4199999999999999,7,8
2026-03-23 07:37:44,18.93,0.91000000000000003,7,8
2026-03-23 07:21:10,37.189999999999998,6.7000000000000002,7,8
2026-03-23 07:24:59,37.109999999999999,6.3399999999999999,7,8
2026-03-23 08:20:05,74.629999999999995,11.279999999999999,8,9
2026-03-23 08:51:44,19.48,2.7000000000000002,8,9
2026-03-23 09:00:05,29.530000000000001,4.7000000000000002,9,8
2026-03-23 09:24:43,28.93,6.0999999999999996,9,8
2026-03-23 10:37:59,23.629999999999999,1.8200000000000001,10,9
2026-03-23 13:18:00,16.210000000000001,1.1299999999999999,13,8
2026-03-23 14:55:05,10.130000000000001,1.0700000000000001,14,3
2026-03-23 17:18:41,25.5,3.8999999999999999,17,5
2026-03-23 20:27:12,11.4,1.5,20,3
2026-03-23 20:37:20,35.93,5.1200000000000001,20,3
2026-03-23 21:08:09,24.859999999999999,2.23,21,3
2026-03-23 21:51:21,23.649999999999999,1.8300000000000001,21,3
2026-03-23 21:52:27,10.140000000000001,0.81999999999999995,21,3
2026-03-24 06:41:44,23.18,5.8399999999999999,6,1
2026-03-24 07:40:07,33.200000000000003,5.3899999999999997,7,1
2026-03-24 07:49:09,9.9499999999999993,0.87,7,1
2026-03-24 07:55:39,16.210000000000001,2.0499999999999998,7,1
2026-03-24 08:16:10,17.199999999999999,0.91000000000000003,8,1
2026-03-24 08:51:49,10.18,0.01,8,1
2026-03-24 08:56:21,27.75,3.8799999999999999,8,1
2026-03-24 08:55:15,13.94,1.3400000000000001,8,1
2026-03-24 09:19:41,9.2100000000000009,1.25,9,1
2026-03-24 09:41:19,21.190000000000001,5.6600000000000001,9,1
2026-03-24 12:38:19,7.3399999999999999,0.20000000000000001,12,1
2026-03-24 12:30:54,34.619999999999997,5.2599999999999998,12,1
2026-03-24 14:02:19,19.800000000000001,2.7000000000000002,14,1
2026-03-24 16:24:08,37.210000000000001,5.3499999999999996,16,1
2026-03-24 17:19:34,18.120000000000001,1.1000000000000001,17,1
2026-03-24 19:10:21,52.75,0.01,19,1
2026-03-24 20:42:58,21.43,1.3300000000000001,20,1
2026-03-24 20:24:46,70,19.699999999999999,20,1
2026-03-24 20:25:12,24.190000000000001,4.3399999999999999,20,1
2026-03-24 21:10:28,23.039999999999999,2.3900000000000001,21,1
2026-03-24 21:48:54,42.200000000000003,3.6800000000000002,21,1
2026-03-24 21:53:11,18.68,1.6000000000000001,21,1
2026-03-24 21:31:19,28.440000000000001,6,21,1
2026-03-24 21:32:50,21.989999999999998,2.1099999999999999,21,1
2026-03-24 22:21:38,22.600000000000001,4.2999999999999998,22,1
2026-03-24 22:24:40,18.190000000000001,2.6899999999999999,22,1
2026-03-24 22:07:53,41.18,1.8700000000000001,22,1
2026-03-24 22:17:45,20.010000000000002,4.4000000000000004,22,1
2026-03-25 01:03:47,18.98,4.2999999999999998,1,2
2026-03-25 04:33:57,18.07,3.02,4,3
2026-03-25 07:17:44,51.280000000000001,10.859999999999999,7,3
2026-03-25 08:56:27,14.6,1.5800000000000001,8,3
2026-03-25 08:52:46,38.189999999999998,2.4199999999999999,8,3
2026-03-25 09:35:54,34.240000000000002,3.23,9,3
2026-03-25 10:14:57,26.539999999999999,2.0299999999999998,10,3
2026-03-25 10:40:22,18.710000000000001,3.1499999999999999,10,3
2026-03-25 10:33:26,11.19,0.95999999999999996,10,3
2026-03-25 12:25:35,8.3599999999999994,0.65000000000000002,12,3
2026-03-25 13:51:53,30.510000000000002,4.2999999999999998,13,3
2026-03-25 14:59:30,31.989999999999998,4.6100000000000003,14,3
2026-03-25 19:51:58,36.840000000000003,0.01,19,3
2026-03-25 19:53:00,22.550000000000001,1.79,19,3
2026-03-25 20:48:41,41.259999999999998,4.3099999999999996,20,3
2026-03-25 20:03:33,34.079999999999998,2.5899999999999999,20,3
2026-03-25 22:51:38,55.920000000000002,10.289999999999999,22,2
2026-03-26 00:04:34,17.09,1.7,0,3
2026-03-26 04:15:23,61.030000000000001,11.029999999999999,4,3
2026-03-26 06:50:45,17.18,2.5499999999999998,6,3
2026-03-26 06:20:24,18.199999999999999,2.4900000000000002,6,3
2026-03-26 07:27:10,24.010000000000002,2.5099999999999998,7,3
2026-03-26 08:23:23,15.19,0.34000000000000002,8,3
2026-03-26 08:55:05,44.310000000000002,2.8300000000000001,8,3
2026-03-26 09:12:49,24.199999999999999,2.8599999999999999,9,3
2026-03-26 10:49:11,34.18,6.0599999999999996,10,3
2026-03-26 11:31:29,3,12.449999999999999,11,3
2026-03-26 12:47:01,19.199999999999999,2.0499999999999998,12,3
2026-03-26 13:49:53,17.800000000000001,2.04,13,3
2026-03-26 19:46:54,17.530000000000001,1.75,19,3
2026-03-26 19:20:08,29.77,0.01,19,3
2026-03-26 21:18:29,31.379999999999999,2.6600000000000001,21,3
2026-03-26 22:14:55,22.199999999999999,1.45,22,3
2026-03-26 22:24:06,21.09,1.47,22,3
2026-03-26 22:22:08,19.190000000000001,1.5900000000000001,22,3
2026-03-26 23:16:58,20.07,2.8700000000000001,23,3
2026-03-26 23:47:17,33.119999999999997,0.81999999999999995,23,3
2026-03-26 23:02:41,28.420000000000002,2.75,23,3
2026-03-27 00:36:09,42.200000000000003,10.199999999999999,0,3
2026-03-27 03:54:38,16.969999999999999,2.8900000000000001,3,3
2026-03-27 03:39:40,12.99,2.1400000000000001,3,3
2026-03-27 08:07:13,30.190000000000001,5.2800000000000002,8,9
2026-03-27 09:18:28,18.59,2,9,8
2026-03-27 09:19:06,37,2.98,9,8
2026-03-27 10:58:51,8.1999999999999993,0.97999999999999998,10,7
2026-03-27 11:06:25,19.949999999999999,3.5499999999999998,11,7
2026-03-27 12:01:05,33.189999999999998,3.9199999999999999,12,7
2026-03-27 13:09:35,42.689999999999998,7.0800000000000001,13,3
2026-03-27 13:38:23,14.34,1.8500000000000001,13,3
2026-03-27 15:15:39,49.509999999999998,9.25,15,3
2026-03-27 18:04:22,14.18,0.01,18,3
2026-03-27 21:44:49,26.190000000000001,6.1299999999999999,21,3
2026-03-27 21:37:00,33.979999999999997,7.79,21,3
2026-03-27 22:58:46,31.129999999999999,2.29,22,3
2026-03-27 23:57:04,17.809999999999999,1.3700000000000001,23,3
2026-03-27 23:14:42,29.739999999999998,4.0700000000000003,23,3
2026-03-28 00:43:16,36.270000000000003,8.5399999999999991,0,3
2026-03-28 00:57:54,28.190000000000001,1.04,0,3
2026-03-28 00:08:03,43.850000000000001,5.8600000000000003,0,3
2026-03-28 00:59:43,15.85,1.4099999999999999,0,3
2026-03-28 00:16:54,26.039999999999999,3.8999999999999999,0,3
2026-03-28 01:07:38,36,7.5,1,3
2026-03-28 01:35:06,22.760000000000002,4.0099999999999998,1,3
2026-03-28 02:58:06,47.719999999999999,8.5800000000000001,2,1
2026-03-28 02:09:51,26.199999999999999,2.9399999999999999,2,1
2026-03-28 04:28:54,33.299999999999997,7.4699999999999998,4,1
2026-03-28 11:33:05,23.190000000000001,4,11,3
2026-03-28 12:13:11,13.699999999999999,1.22,12,1
2026-03-28 12:00:16,10.449999999999999,1.3,12,1
2026-03-28 13:51:50,26.210000000000001,3.1099999999999999,13,1
2026-03-28 13:45:19,34.210000000000001,3.9500000000000002,13,1
2026-03-28 15:22:13,35.210000000000001,7.4299999999999997,15,1
2026-03-28 17:20:39,29.199999999999999,2.0800000000000001,17,2
2026-03-28 17:35:11,22.210000000000001,3.5499999999999998,17,2
2026-03-28 17:41:48,42.189999999999998,3.6000000000000001,17,2
2026-03-28 17:27:45,44.770000000000003,7.1900000000000004,17,2
2026-03-28 17:49:42,3,11.1,17,2
2026-03-28 18:06:51,36.18,7.1699999999999999,18,3
2026-03-28 19:04:26,28.850000000000001,3.1099999999999999,19,3
2026-03-28 19:09:34,28.390000000000001,3.3199999999999998,19,3
2026-03-28 20:57:18,32.700000000000003,6.9800000000000004,20,3
2026-03-28 22:18:26,22.199999999999999,2.3199999999999998,22,3
2026-03-28 22:33:56,12.34,1.1599999999999999,22,3
2026-03-28 23:31:10,27.149999999999999,2.6499999999999999,23,3
2026-03-28 23:45:56,18,2.9300000000000002,23,3
2026-03-28 23:39:53,25.5,3.5,23,3
2026-03-28 23:56:43,55.740000000000002,3.1200000000000001,23,3
2026-03-28 23:41:16,34.189999999999998,1.76,23,3
2026-03-28 23:35:23,32.189999999999998,3.2599999999999998,23,3
2026-03-29 00:03:48,9.9600000000000009,1.3400000000000001,0,1
2026-03-29 00:57:21,17.190000000000001,0.63,0,1
2026-03-29 00:19:21,37.210000000000001,1.8,0,1
2026-03-29 00:23:26,20.18,1.76,0,1
2026-03-29 01:28:14,36.780000000000001,2.3399999999999999,1,1
2026-03-29 01:39:30,28.199999999999999,4.0499999999999998,1,1
2026-03-29 01:27:37,42.189999999999998,5.2000000000000002,1,1
2026-03-29 01:36:22,25.199999999999999,2.0499999999999998,1,1
2026-03-29 02:08:33,31.699999999999999,4.3399999999999999,2,1
2026-03-29 02:50:00,23.23,3.2000000000000002,2,1
2026-03-29 02:39:11,20.18,4.3300000000000001,2,1
2026-03-29 03:35:52,28.440000000000001,6.1699999999999999,3,2
2026-03-29 03:29:36,50.960000000000001,8,3,2
2026-03-29 03:47:49,12.199999999999999,1.54,3,2
2026-03-29 04:10:24,39.350000000000001,2.8199999999999998,4,2
2026-03-29 04:33:23,31,6.0800000000000001,4,2
2026-03-29 05:00:29,11.369999999999999,1.53,5,3
2026-03-29 05:11:32,27.199999999999999,7.5,5,3
2026-03-29 07:40:47,54.539999999999999,8.1099999999999994,7,2
2026-03-29 08:46:32,21.239999999999998,3.52,8,3
2026-03-29 10:50:16,15.949999999999999,2.4500000000000002,10,3
2026-03-29 10:58:29,20.5,3.6699999999999999,10,3
2026-03-29 12:45:14,27.18,5.6900000000000004,12,3
2026-03-29 14:23:15,22.190000000000001,2.5800000000000001,14,2
2026-03-29 14:05:37,22.640000000000001,2.1000000000000001,14,2
2026-03-29 18:00:46,9.1899999999999995,0.73999999999999999,18,2
2026-03-29 19:01:14,31.199999999999999,4.3399999999999999,19,2
2026-03-29 19:26:59,52.119999999999997,11.529999999999999,19,2
2026-03-29 20:07:34,20.18,4.3799999999999999,20,2
2026-03-29 20:08:09,13.210000000000001,1.97,20,2
2026-03-29 22:07:33,5.9100000000000001,1,22,3
2026-03-29 22:44:38,11.199999999999999,2.3199999999999998,22,3
2026-03-29 23:25:06,37.210000000000001,7.6100000000000003,23,3
2026-03-30 02:20:23,29.190000000000001,4.9900000000000002,2,3
2026-03-30 06:38:19,7.5700000000000003,1.3,6,3
2026-03-30 06:38:04,15.199999999999999,4.21,6,3
2026-03-30 06:45:49,29.199999999999999,6.96,6,3
2026-03-30 07:24:39,19.699999999999999,3.1299999999999999,7,3
2026-03-30 08:02:46,19.190000000000001,2.8199999999999998,8,3
2026-03-30 08:07:20,45.509999999999998,1.45,8,3
2026-03-30 08:15:07,19.18,2.3300000000000001,8,3
2026-03-30 08:45:48,29.440000000000001,3.5699999999999998,8,3
2026-03-30 10:29:35,27.670000000000002,2.3799999999999999,10,1
2026-03-30 10:42:15,46.210000000000001,8.5099999999999998,10,1
2026-03-30 12:39:05,41.18,7.21,12,1
2026-03-30 12:05:58,14.779999999999999,1.3500000000000001,12,1
2026-03-30 12:12:07,65.980000000000004,12.300000000000001,12,1
2026-03-30 15:34:11,3,9.8900000000000006,15,3
2026-03-30 17:33:51,7.3700000000000001,0.90000000000000002,17,1
2026-03-30 19:54:48,41.670000000000002,5.9100000000000001,19,2
2026-03-30 23:08:00,28.199999999999999,8.8699999999999992,23,3
2026-03-30 23:27:20,21.27,5.7000000000000002,23,3
2026-03-31 07:58:36,46.149999999999999,10.76,7,17
2026-03-31 07:22:32,22.210000000000001,4.5300000000000002,7,17
2026-03-31 08:44:10,20.940000000000001,2.7799999999999998,8,7
2026-03-31 09:36:47,18.190000000000001,3.21,9,9
2026-03-31 09:29:40,27.219999999999999,6.75,9,9
2026-03-31 11:40:03,24.219999999999999,3.8599999999999999,11,9
2026-03-31 15:04:08,20.190000000000001,1.6299999999999999,15,9
2026-03-31 18:33:00,50.740000000000002,8.0500000000000007,18,3
2026-03-31 18:11:23,50.93,6.7300000000000004,18,3
2026-03-31 19:47:41,9.1899999999999995,0.67000000000000004,19,3
2026-03-31 21:36:19,14.199999999999999,1.46,21,3
2026-03-31 22:19:33,8.1799999999999997,0.80000000000000004,22,3
