source_row_index,weather_code,weather_name,hour,price,distance,delta_P,delta_L,epsilon,abs_epsilon
31094,1,Clear,23,33.8,8.4,0.5834445110209858,1.42139821455255,2.4362183338826955,2.4362183338826955
31095,1,Clear,23,5.1,0.67,-0.7610778992246442,-0.8068646662202134,1.0601604212160345,1.0601604212160345
31096,1,Clear,23,5.1,0.61,-0.7610778992246442,-0.8241603677527315,1.082885692243006,1.082885692243006
31097,1,Clear,23,9.3,1.15,-0.5643185221155275,-0.6684990539600676,1.1846129938354428,1.1846129938354428
31098,1,Clear,23,70.0,20.64,2.27932295181861,4.949721327186266,2.171575258011164,2.171575258011164
31099,1,Clear,23,17.0,1.57,-0.20359299741548043,-0.5474291432324401,2.688840727244068,2.688840727244068
31100,1,Clear,23,31.7,7.7,0.4850648224664276,1.219615030006504,2.5143341127173087,2.5143341127173087
31101,1,Clear,23,12.8,2.01,-0.400352374524597,-0.4205939986606399,1.0505595206224994,1.0505595206224994
31102,1,Clear,23,70.0,19.79,2.27932295181861,4.704698888808924,2.064077354661467,2.064077354661467
31103,1,Clear,23,36.6,8.39,0.7146174290937304,1.4185155976304638,1.985000001230601,1.985000001230601
31104,1,Clear,23,70.0,19.9,2.27932295181861,4.736407674951874,2.0779888480361337,2.0779888480361337
31105,1,Clear,23,7.2,1.19,-0.6626982106700858,-0.6569685862717222,0.9913540970744886,0.9913540970744886
31106,1,Clear,23,5.1,0.73,-0.7610778992246442,-0.7895689646876951,1.0374351501890628,1.0374351501890628
31107,1,Clear,23,11.4,2.33,-0.4659388335609692,-0.328350257153876,0.7047067844601765,0.7047067844601765
31108,1,Clear,23,9.3,1.83,-0.5643185221155275,-0.4724811032581945,0.8372596055981802,0.8372596055981802
31109,1,Clear,23,5.1,0.71,-0.7610778992246442,-0.7953341985318678,1.0450102405313866,1.0450102405313866
31110,1,Clear,23,6.5,0.89,-0.6954914401882719,-0.7434470939343131,1.0689521839881442,1.0689521839881442
31111,1,Clear,23,7.9,1.0,-0.6299049811518997,-0.7117383077913632,1.1299137633263603,1.1299137633263603
31112,1,Clear,23,17.7,2.96,-0.17079976789729437,-0.1467453910624348,0.8591662205927354,0.8591662205927354
31113,1,Clear,23,9.3,1.25,-0.5643185221155275,-0.6396728847392039,1.133531613212316,1.133531613212316
31114,1,Clear,23,10.7,2.13,-0.49873206307915535,-0.38600259559560346,0.7739678760824723,0.7739678760824723
31115,1,Clear,23,26.8,6.25,0.255512215839125,0.8016355763039806,3.1373669304668574,3.1373669304668574
31116,1,Clear,23,47.8,11.23,1.2393091013847077,2.2371788035029927,1.805182259214705,1.805182259214705
31117,1,Clear,23,42.2,10.9,0.9769632652392193,2.1420524450741425,2.1925619122942552,2.1925619122942552
31118,1,Clear,23,139.0,44.0,5.5117984328969545,11.683514457180024,2.119728179362914,2.119728179362914
31119,1,Clear,23,33.8,8.55,0.5834445110209858,1.4646374683838457,2.510328644314154,2.510328644314154
31120,1,Clear,23,35.9,8.8,0.6818241995755442,1.536702891436005,2.25381101520399,2.25381101520399
31121,1,Clear,23,70.0,17.6,2.27932295181861,4.07340578287201,1.787112168384015,1.787112168384015
31122,1,Clear,23,70.0,17.1,2.27932295181861,3.9292749367676914,1.7238781075900758,1.7238781075900758
31123,1,Clear,23,5.8,0.9,-0.728284669706458,-0.7405644770122268,1.016861273917407,1.016861273917407
31124,1,Clear,23,25.4,5.7,0.1899257568027527,0.6430916455892304,3.3860159696881604,3.3860159696881604
31125,1,Clear,23,5.8,0.65,-0.728284669706458,-0.8126299000643861,1.1158135463594534,1.1158135463594534
31126,1,Clear,23,18.4,2.88,-0.1380065383791083,-0.16980632643912577,1.2304223295034213,1.2304223295034213
31127,1,Clear,23,9.3,1.9,-0.5643185221155275,-0.45230278480358993,0.8015026391619915,0.8015026391619915
31128,1,Clear,23,12.8,2.44,-0.400352374524597,-0.296641471010926,0.7409509469331268,0.7409509469331268
31129,1,Clear,23,17.7,3.63,-0.17079976789729437,0.0463899427173519,-0.2716042491652985,0.2716042491652985
31130,1,Clear,23,10.7,1.77,-0.49873206307915535,-0.48977680479071267,0.9820439491434475,0.9820439491434475
31131,1,Clear,23,66.7,17.9,2.124726298375733,4.1598842905346,1.9578447792144629,1.9578447792144629
31132,1,Clear,23,49.2,11.09,1.3048955604210803,2.1968221665937833,1.683523366333536,1.683523366333536
31133,1,Clear,23,27.5,5.82,0.28830544535731106,0.6776830486542668,2.350573183986799,2.350573183986799
31134,1,Clear,23,11.4,1.93,-0.4659388335609692,-0.4436549340373308,0.9521741955841453,0.9521741955841453
31135,1,Clear,23,6.5,0.7,-0.6954914401882719,-0.7982168154539543,1.1477018541563564,1.1477018541563564
31136,1,Clear,23,35.2,8.6,0.6490309700573583,1.4790505529942772,2.2788597481928567,2.2788597481928567
31137,1,Clear,23,22.6,3.9,0.05875283873000842,0.12422059961368387,2.1142910248902975,2.1142910248902975
31138,1,Clear,23,10.0,1.07,-0.5315252925973414,-0.6915599893367586,1.3010857601101062,1.3010857601101062
31139,1,Clear,23,40.8,10.27,0.9113768062028468,1.960447578982701,2.1510834658506335,2.1510834658506335
31140,1,Clear,23,10.0,1.39,-0.5315252925973414,-0.5993162478299947,1.127540412802159,1.127540412802159
31141,1,Clear,23,6.5,0.5,-0.6954914401882719,-0.8558691538956815,1.2305962438071054,1.2305962438071054
31142,1,Clear,23,18.4,3.94,-0.1380065383791083,0.13575106730202935,-0.9836567810223374,0.9836567810223374
31143,1,Clear,23,7.2,0.96,-0.6626982106700858,-0.7232687754797086,1.0913999220676587,1.0913999220676587
31144,1,Clear,23,5.1,0.6,-0.7610778992246442,-0.8270429846748178,1.0866732374141679,1.0866732374141679
31145,1,Clear,23,14.2,2.52,-0.3347659154882249,-0.273580535634235,0.8172293623000517,0.8172293623000517
31146,1,Clear,23,9.3,1.0,-0.5643185221155275,-0.7117383077913632,1.2612350647701331,1.2612350647701331
31147,1,Clear,23,12.1,2.3,-0.43314560404278313,-0.3369981079201352,0.7780249984641396,0.7780249984641396
31148,1,Clear,23,13.5,2.31,-0.36755914500641096,-0.33411549099804877,0.9090115034200037,0.9090115034200037
31149,1,Clear,23,10.0,1.37,-0.5315252925973414,-0.6050814816741674,1.1383869970089058,1.1383869970089058
31150,1,Clear,23,12.8,2.56,-0.400352374524597,-0.26205006794588953,0.6545485542756275,0.6545485542756275
31151,1,Clear,23,8.6,1.23,-0.5971117516337137,-0.6454381185833766,1.0809335385167698,1.0809335385167698
31152,1,Clear,23,17.0,3.44,-0.20359299741548043,-0.008379778802289097,0.04115946475893837,0.04115946475893837
31153,1,Clear,23,7.2,0.91,-0.6626982106700858,-0.7376818600901404,1.1131490144574783,1.1131490144574783
31154,1,Clear,23,6.5,1.09,-0.6954914401882719,-0.6857947554925857,0.986057794337395,0.986057794337395
31155,1,Clear,23,8.6,0.98,-0.5971117516337137,-0.7175035416355359,1.2016235481422481,1.2016235481422481
31156,1,Clear,23,5.1,0.53,-0.7610778992246442,-0.8472213031294225,1.1131860536123013,1.1131860536123013
31157,1,Clear,23,17.0,3.13,-0.20359299741548043,-0.09774090338696655,0.4800798879516605,0.4800798879516605
31158,1,Clear,23,5.8,1.0,-0.728284669706458,-0.7117383077913632,0.9772803649405883,0.9772803649405883
31159,1,Clear,23,11.4,1.69,-0.4659388335609692,-0.5128377401674037,1.1006546422585266,1.1006546422585266
31160,1,Clear,23,3.0,2.6,-0.8594575877792024,-0.25051960025754405,0.2914857042624695,0.2914857042624695
31161,1,Clear,23,9.3,1.38,-0.5643185221155275,-0.6021988647520811,1.067125818402251,1.067125818402251
31162,1,Clear,23,12.8,2.26,-0.400352374524597,-0.34852857560848066,0.8705545359193758,0.8705545359193758
31163,1,Clear,23,17.7,3.5,-0.17079976789729437,0.008915922730229132,-0.052201023689859294,0.052201023689859294
31164,1,Clear,23,17.7,3.4,-0.17079976789729437,-0.019910246490634585,0.11657068821432504,0.11657068821432504
31165,1,Clear,23,6.5,0.92,-0.6954914401882719,-0.7347992431680541,1.0565180255405322,1.0565180255405322
31166,1,Clear,23,12.1,1.97,-0.43314560404278313,-0.4321244663489853,0.9976425070824523,0.9976425070824523
31167,1,Clear,23,17.7,3.75,-0.17079976789729437,0.08098134578238836,-0.47413030345031976,0.47413030345031976
31168,1,Clear,23,4.4,0.51,-0.7938711287428302,-0.8529865369735952,1.0744647413042716,1.0744647413042716
31169,1,Clear,23,26.8,5.9,0.255512215839125,0.7007439840309578,2.7425067789015563,2.7425067789015563
31170,1,Clear,23,7.2,0.52,-0.6626982106700858,-0.8501039200515088,1.2827919350980714,1.2827919350980714
31171,1,Clear,23,7.2,0.97,-0.6626982106700858,-0.7203861585576221,1.0870501035896947,1.0870501035896947
31172,1,Clear,23,96.8,26.44,3.534835167657735,6.62163914199636,1.8732525925343255,1.8732525925343255
31173,1,Clear,23,10.7,1.5,-0.49873206307915535,-0.5676074616870447,1.138101003939179,1.138101003939179
31174,1,Clear,23,12.8,2.35,-0.400352374524597,-0.3225850233097033,0.8057527414262512,0.8057527414262512
31175,1,Clear,23,8.6,1.7,-0.5971117516337137,-0.5099551232453173,0.8540363204208702,0.8540363204208702
31176,1,Clear,23,7.2,1.1,-0.6626982106700858,-0.6829121385704994,1.0305024633761637,1.0305024633761637
31177,1,Clear,23,8.6,1.09,-0.5971117516337137,-0.6857947554925857,1.1485199439070375,1.1485199439070375
31178,1,Clear,23,12.8,1.83,-0.400352374524597,-0.4724811032581945,1.180163109608748,1.180163109608748
31179,1,Clear,23,7.9,1.28,-0.6299049811518997,-0.6310250339729448,1.0017781298045887,1.0017781298045887
31180,1,Clear,23,20.5,4.8,-0.03962684982454994,0.38365612260145704,-9.68172146663476,9.68172146663476
31181,1,Clear,23,33.1,8.2,0.5506512815028,1.3637458761108225,2.4766052889025887,2.4766052889025887
31182,1,Clear,23,17.0,3.4,-0.20359299741548043,-0.019910246490634585,0.09779435807412837,0.09779435807412837
31183,1,Clear,23,69.5,18.32,2.2558992164484772,4.280954201262228,1.8976708578328463,1.8976708578328463
31184,1,Clear,23,67.4,18.4,2.157519527893919,4.3040151366389185,1.9948904661086981,1.9948904661086981
31185,1,Clear,23,9.3,1.5,-0.5643185221155275,-0.5676074616870447,1.0058281616544988,1.0058281616544988
31186,1,Clear,23,8.6,1.33,-0.5971117516337137,-0.616611949362513,1.0326575346665783,1.0326575346665783
31187,1,Clear,23,12.1,2.2,-0.43314560404278313,-0.3658242771409988,0.8445757586515069,0.8445757586515069
31188,1,Clear,23,5.8,0.65,-0.728284669706458,-0.8126299000643861,1.1158135463594534,1.1158135463594534
31189,1,Clear,23,5.8,0.84,-0.728284669706458,-0.7578601785447451,1.040609819303498,1.040609819303498
31190,1,Clear,23,12.8,1.39,-0.400352374524597,-0.5993162478299947,1.4969718826862453,1.4969718826862453
31191,1,Clear,23,12.1,2.28,-0.43314560404278313,-0.34276334176430795,0.7913351505016132,0.7913351505016132
31192,1,Clear,23,36.6,9.04,0.7146174290937304,1.6058856975660774,2.2471963769518513,2.2471963769518513
31193,1,Clear,23,14.2,2.65,-0.3347659154882249,-0.23610651564711224,0.7052883962298638,0.7052883962298638
31194,1,Clear,23,14.2,2.69,-0.3347659154882249,-0.22457604795876676,0.6708450220544213,0.6708450220544213
31195,1,Clear,23,12.1,2.04,-0.43314560404278313,-0.4119461478943807,0.9510569749512949,0.9510569749512949
31196,1,Clear,23,5.1,0.65,-0.7610778992246442,-0.8126299000643861,1.0677355115583582,1.0677355115583582
31197,1,Clear,23,7.2,1.09,-0.6626982106700858,-0.6857947554925857,1.0348522818541277,1.0348522818541277
31198,1,Clear,23,30.3,5.71,0.4194783634300555,0.6459742625113166,1.5399465594106319,1.5399465594106319
31199,1,Clear,23,7.2,0.58,-0.6626982106700858,-0.8328082185189906,1.2566930242302878,1.2566930242302878
31200,1,Clear,23,32.4,7.84,0.5178580519846137,1.2599716669157133,2.433044464766088,2.433044464766088
31201,1,Clear,23,7.2,0.82,-0.6626982106700858,-0.7636254123889178,1.1522973807591537,1.1522973807591537
31202,1,Clear,23,12.1,1.98,-0.43314560404278313,-0.42924184942689897,0.9909874310637156,0.9909874310637156
31203,1,Clear,23,14.2,3.1,-0.3347659154882249,-0.1063887541532256,0.31780043675613606,0.31780043675613606
31204,1,Clear,23,7.2,1.08,-0.6626982106700858,-0.6886773724146721,1.0392021003320915,1.0392021003320915
31205,1,Clear,23,5.1,0.55,-0.7610778992246442,-0.8414560692852496,1.1056109632699773,1.1056109632699773
31206,1,Clear,23,10.0,1.54,-0.5315252925973414,-0.5560769939986991,1.0461910312515588,1.0461910312515588
31207,1,Clear,23,98.9,26.95,3.6332148562122937,6.768652605022765,1.8629926588154584,1.8629926588154584
31208,1,Clear,23,10.7,1.8,-0.49873206307915535,-0.4811289540244536,0.9647042763883663,0.9647042763883663
31209,1,Clear,23,8.6,1.5,-0.5971117516337137,-0.5676074616870447,0.9505883281212529,0.9505883281212529
31210,1,Clear,23,23.3,3.72,0.09154606824819449,0.0723334950161293,0.7901321859069125,0.7901321859069125
31211,1,Clear,23,10.7,1.57,-0.49873206307915535,-0.5474291432324401,1.097641767510656,1.097641767510656
31212,1,Clear,23,5.8,0.6,-0.728284669706458,-0.8270429846748178,1.1356040008478625,1.1356040008478625
31213,1,Clear,23,7.9,0.95,-0.6299049811518997,-0.726151392401795,1.1527951264552483,1.1527951264552483
31214,1,Clear,23,19.8,3.48,-0.072420079342736,0.0031506888860563884,-0.04350573645667255,0.04350573645667255
31215,1,Clear,23,7.2,1.09,-0.6626982106700858,-0.6857947554925857,1.0348522818541277,1.0348522818541277
31216,1,Clear,23,9.3,1.22,-0.5643185221155275,-0.648320735505463,1.148856027399254,1.148856027399254
31217,1,Clear,23,9.3,1.4,-0.5643185221155275,-0.5964336309079084,1.0569095422776258,1.0569095422776258
31218,1,Clear,23,8.6,1.4,-0.5971117516337137,-0.5964336309079084,0.9988643319714443,0.9988643319714443
31219,1,Clear,23,15.6,2.93,-0.26917945645185265,-0.15539324182869385,0.5772849231400711,0.5772849231400711
31220,1,Clear,23,14.9,2.03,-0.30197268597003873,-0.41482876481646713,1.373729426831756,1.373729426831756
31221,1,Clear,23,7.9,1.17,-0.6299049811518997,-0.6627338201158949,1.052117128688142,1.052117128688142
31222,1,Clear,23,9.3,1.7,-0.5643185221155275,-0.5099551232453173,0.9036654004082453,0.9036654004082453
31223,1,Clear,23,61.8,15.82,1.8951736917484299,3.560299970740636,1.878614074394422,1.878614074394422
31224,1,Clear,23,6.5,0.89,-0.6954914401882719,-0.7434470939343131,1.0689521839881442,1.0689521839881442
31225,1,Clear,23,10.7,1.75,-0.49873206307915535,-0.49554203863488544,0.9936037309801684,0.9936037309801684
31226,1,Clear,23,30.3,5.7,0.4194783634300555,0.6430916455892304,1.5330746509324085,1.5330746509324085
31227,1,Clear,23,10.0,1.72,-0.5315252925973414,-0.5041898894011445,0.9485717733908386,0.9485717733908386
31228,1,Clear,23,7.9,1.35,-0.6299049811518997,-0.6108467155183401,0.9697442214241456,0.9697442214241456
31229,1,Clear,23,38.7,10.21,0.8129971176482887,1.943151877450183,2.3901091839919797,2.3901091839919797
31230,1,Clear,23,8.6,1.27,-0.5971117516337137,-0.6339076508950311,1.061623136976693,1.061623136976693
31231,1,Clear,23,7.2,0.63,-0.6626982106700858,-0.8183951339085588,1.2349439318404682,1.2349439318404682
31232,1,Clear,23,96.8,26.46,3.534835167657735,6.627404375840532,1.87488356924773,1.87488356924773
31233,1,Clear,23,6.5,0.73,-0.6954914401882719,-0.7895689646876951,1.1352676957087438,1.1352676957087438
31234,1,Clear,23,9.3,1.02,-0.5643185221155275,-0.7059730739471903,1.2510187886455078,1.2510187886455078
31235,1,Clear,23,7.2,1.2,-0.6626982106700858,-0.6540859693496358,0.9870042785965247,0.9870042785965247
31236,1,Clear,23,7.9,1.03,-0.6299049811518997,-0.7030904570251041,1.1161849454490278,1.1161849454490278
31237,1,Clear,23,7.9,1.31,-0.6299049811518997,-0.6223771832066857,0.988049311927256,0.988049311927256
31238,1,Clear,23,10.0,1.5,-0.5315252925973414,-0.5676074616870447,1.0678841996650523,1.0678841996650523
31239,1,Clear,23,41.5,10.53,0.9441700357210331,2.0353956189569464,2.1557511273936782,2.1557511273936782
31240,1,Clear,23,18.4,3.33,-0.1380065383791083,-0.04008856494523912,0.2904830844689008,0.2904830844689008
31241,1,Clear,23,20.5,3.76,-0.03962684982454994,0.08386396270447466,-2.116341901407429,2.116341901407429
31242,1,Clear,23,5.8,0.57,-0.728284669706458,-0.835690835441077,1.1474782735409081,1.1474782735409081
31243,1,Clear,23,7.9,1.35,-0.6299049811518997,-0.6108467155183401,0.9697442214241456,0.9697442214241456
31244,1,Clear,23,14.2,2.61,-0.3347659154882249,-0.24763698333545775,0.7397317704053064,0.7397317704053064
31245,1,Clear,23,37.3,9.35,0.7474106586119164,1.695246822150755,2.2681598163172447,2.2681598163172447
31246,1,Clear,23,13.5,2.54,-0.36755914500641096,-0.2678153017900623,0.728631855385862,0.728631855385862
31247,1,Clear,23,10.7,1.47,-0.49873206307915535,-0.5762553124533037,1.1554406766942602,1.1554406766942602
31248,1,Clear,23,12.8,2.2,-0.400352374524597,-0.3658242771409988,0.9137557322481252,0.9137557322481252
31249,1,Clear,23,14.9,1.58,-0.30197268597003873,-0.5445465263103537,1.8032972901541922,1.8032972901541922
31250,1,Clear,23,11.4,1.7,-0.4659388335609692,-0.5099551232453173,1.0944679569804272,1.0944679569804272
31251,1,Clear,23,15.6,3.32,-0.26917945645185265,-0.042971181867325556,0.1596376723311041,0.1596376723311041
31252,1,Clear,23,70.0,16.7,2.27932295181861,3.813970259884236,1.6732908589549245,1.6732908589549245
31253,1,Clear,23,95.4,19.66,3.4692487086213633,4.667224868821801,1.3453128503653746,1.3453128503653746
31254,1,Clear,23,40.1,9.9,0.8785835766846609,1.8537907528655055,2.1099765600681875,2.1099765600681875
31256,1,Clear,23,5.8,0.8,-0.728284669706458,-0.7693906462330904,1.0564421828942254,1.0564421828942254
31257,1,Clear,23,5.1,0.58,-0.7610778992246442,-0.8328082185189906,1.0942483277564916,1.0942483277564916
31258,1,Clear,23,5.8,0.64,-0.728284669706458,-0.8155125169864723,1.1197716372571351,1.1197716372571351
31259,1,Clear,23,70.0,19.9,2.27932295181861,4.736407674951874,2.0779888480361337,2.0779888480361337
31260,1,Clear,23,38.7,8.97,0.8129971176482887,1.5857073791114733,1.9504464956756062,1.9504464956756062
31261,1,Clear,23,9.3,1.4,-0.5643185221155275,-0.5964336309079084,1.0569095422776258,1.0569095422776258
31262,1,Clear,23,10.0,1.52,-0.5315252925973414,-0.561842227842872,1.0570376154583057,1.0570376154583057
31263,1,Clear,23,16.3,2.8,-0.2363862269336665,-0.19286726181581676,0.815898896977353,0.815898896977353
31264,1,Clear,23,10.0,1.5,-0.5315252925973414,-0.5676074616870447,1.0678841996650523,1.0678841996650523
31265,1,Clear,23,7.2,0.7,-0.6626982106700858,-0.7982168154539543,1.2044952024947209,1.2044952024947209
31266,1,Clear,23,17.0,3.35,-0.20359299741548043,-0.034323331101066376,0.16858797471811554,0.16858797471811554
31267,1,Clear,23,7.2,0.69,-0.6626982106700858,-0.8010994323760405,1.2088450209726846,1.2088450209726846
31268,1,Clear,23,19.8,4.05,-0.072420079342736,0.16745985344497938,-2.3123400991105956,2.3123400991105956
31269,1,Clear,23,4.4,0.4,-0.7938711287428302,-0.8846953231165453,1.114406723062903,1.114406723062903
31270,1,Clear,23,5.8,0.6,-0.728284669706458,-0.8270429846748178,1.1356040008478625,1.1356040008478625
31271,1,Clear,23,10.0,1.68,-0.5315252925973414,-0.51572035708949,0.9702649418043321,0.9702649418043321
31272,1,Clear,23,5.8,0.59,-0.728284669706458,-0.8299256015969043,1.1395620917455447,1.1395620917455447
31273,1,Clear,23,16.3,1.93,-0.2363862269336665,-0.4436549340373308,1.8768222657990432,1.8768222657990432
31274,1,Clear,23,12.8,2.01,-0.400352374524597,-0.4205939986606399,1.0505595206224994,1.0505595206224994
31275,1,Clear,23,14.2,2.37,-0.3347659154882249,-0.3168197894655305,0.9463920154579608,0.9463920154579608
31276,1,Clear,23,12.1,1.91,-0.43314560404278313,-0.4494201678815036,1.037572963194873,1.037572963194873
31277,1,Clear,23,7.2,0.96,-0.6626982106700858,-0.7232687754797086,1.0913999220676587,1.0913999220676587
31278,1,Clear,23,10.0,1.47,-0.5315252925973414,-0.5762553124533037,1.0841540759751722,1.0841540759751722
31279,1,Clear,23,57.6,15.58,1.6984143146393131,3.491117164610563,2.0555156268521917,2.0555156268521917
31280,1,Clear,23,26.8,6.55,0.255512215839125,0.8881140839665717,3.475818488951401,3.475818488951401
31281,1,Clear,23,9.3,1.48,-0.5643185221155275,-0.5733726955312174,1.0160444377791242,1.0160444377791242
31282,1,Clear,23,17.0,3.3,-0.20359299741548043,-0.048736415711498296,0.23938159136210332,0.23938159136210332
31283,1,Clear,23,31.7,7.4,0.4850648224664276,1.1331365223439132,2.3360517396050504,2.3360517396050504
31284,1,Clear,23,17.7,2.84,-0.17079976789729437,-0.18133679412747125,1.0616922748777564,1.0616922748777564
31285,1,Clear,23,19.8,3.65,-0.072420079342736,0.05215517656152464,-0.7201756340902986,0.7201756340902986
31286,1,Clear,23,21.9,4.61,0.025959609211822193,0.32888640108181616,12.669158399042422,12.669158399042422
31287,1,Clear,23,70.0,18.42,2.27932295181861,4.309780370483092,1.8908160280860749,1.8908160280860749
31288,1,Clear,23,7.9,1.1,-0.6299049811518997,-0.6829121385704994,1.0841510370685847,1.0841510370685847
31289,1,Clear,23,8.6,1.0,-0.5971117516337137,-0.7117383077913632,1.19196834737221,1.19196834737221
31290,1,Clear,23,7.9,0.97,-0.6299049811518997,-0.7203861585576221,1.1436425812036928,1.1436425812036928
31291,1,Clear,23,6.5,0.72,-0.6954914401882719,-0.7924515816097814,1.1394124151912812,1.1394124151912812
31292,1,Clear,23,8.6,0.99,-0.5971117516337137,-0.7146209247134495,1.196795947757229,1.196795947757229
31293,1,Clear,23,5.1,0.56,-0.7610778992246442,-0.8385734523631633,1.1018234180988153,1.1018234180988153
31294,1,Clear,23,6.5,0.74,-0.6954914401882719,-0.7866863477656088,1.1311229762262065,1.1311229762262065
31295,1,Clear,23,5.1,0.59,-0.7610778992246442,-0.8299256015969043,1.0904607825853299,1.0904607825853299
31296,1,Clear,23,234.7,43.64,9.995101382740396,11.579740247984914,1.1585415499617524,1.1585415499617524
31297,1,Clear,23,7.9,0.89,-0.6299049811518997,-0.7434470939343131,1.1802527622099133,1.1802527622099133
31298,1,Clear,23,67.4,16.98,2.157519527893919,3.8946835337026546,1.8051672225208006,1.8051672225208006
31299,1,Clear,23,11.4,1.55,-0.4659388335609692,-0.5531943770766128,1.1872682361519153,1.1872682361519153
31300,1,Clear,23,59.7,15.7,1.7967940031938718,3.5257085676755993,1.9622219138134445,1.9622219138134445
31301,1,Clear,23,7.9,1.21,-0.6299049811518997,-0.6512033524275493,1.0338120381850315,1.0338120381850315
31302,1,Clear,23,9.3,1.63,-0.5643185221155275,-0.5301334416999219,0.9394223668444341,0.9394223668444341
31303,1,Clear,23,10.7,1.83,-0.49873206307915535,-0.4724811032581945,0.947364603633285,0.947364603633285
31304,1,Clear,23,7.2,0.89,-0.6626982106700858,-0.7434470939343131,1.121848651413406,1.121848651413406
31305,1,Clear,23,12.8,2.37,-0.400352374524597,-0.3168197894655305,0.7913523426500013,0.7913523426500013
31306,1,Clear,23,12.1,2.19,-0.43314560404278313,-0.3687068940630852,0.8512308346702439,0.8512308346702439
31307,1,Clear,23,75.1,17.5,2.518245052593966,4.044579613651146,1.606110417842358,1.606110417842358
31308,1,Clear,23,17.5,0.82,-0.1801692620453475,-0.7636254123889178,4.238377866013116,4.238377866013116
31309,1,Clear,23,5.8,0.87,-0.728284669706458,-0.7492123277784859,1.0287355466104524,1.0287355466104524
31310,1,Clear,23,36.6,8.8,0.7146174290937304,1.536702891436005,2.150385407454775,2.150385407454775
31311,1,Clear,23,5.8,0.59,-0.728284669706458,-0.8299256015969043,1.1395620917455447,1.1395620917455447
31312,1,Clear,23,15.6,2.41,-0.26917945645185265,-0.30528932177718504,1.134147924218694,1.134147924218694
31313,1,Clear,23,6.5,0.8,-0.6954914401882719,-0.7693906462330904,1.1062546593309814,1.1062546593309814
31314,1,Clear,23,7.9,1.3,-0.6299049811518997,-0.6252598001287719,0.9926255845530333,0.9926255845530333
31315,1,Clear,23,9.3,1.33,-0.5643185221155275,-0.616611949362513,1.0926665087138145,1.0926665087138145
31316,1,Clear,23,31.0,6.67,0.45227159294824154,0.922705487031608,2.0401579524743743,2.0401579524743743
31317,1,Clear,23,7.9,1.49,-0.6299049811518997,-0.570490078609131,0.9056764046632598,0.9056764046632598
31318,1,Clear,23,17.0,3.24,-0.20359299741548043,-0.0660321172440164,0.32433393133488775,0.32433393133488775
31319,1,Clear,23,7.2,1.23,-0.6626982106700858,-0.6454381185833766,0.9739548231626328,0.9739548231626328
31320,1,Clear,23,10.0,1.36,-0.5315252925973414,-0.6079640985962539,1.1438102891122792,1.1438102891122792
31321,1,Clear,23,34.5,8.3,0.616237740539172,1.3925720453316865,2.2597967533005483,2.2597967533005483
31322,1,Clear,23,35.9,8.86,0.6818241995755442,1.553998592968523,2.2791778202298087,2.2791778202298087
31323,1,Clear,23,33.1,8.18,0.5506512815028,1.3579806422666498,2.4661354433981186,2.4661354433981186
31324,1,Clear,23,11.4,1.92,-0.4659388335609692,-0.44653755095941716,0.9583608808622445,0.9583608808622445
31325,1,Clear,23,6.5,1.0,-0.6954914401882719,-0.7117383077913632,1.0233602696802324,1.0233602696802324
31326,1,Clear,23,11.4,2.3,-0.4659388335609692,-0.3369981079201352,0.7232668402944743,0.7232668402944743
31327,1,Clear,23,5.8,0.7,-0.728284669706458,-0.7982168154539543,1.0960230918710443,1.0960230918710443
31328,1,Clear,23,23.3,5.2,0.09154606824819449,0.4989607994849119,5.450379344879758,5.450379344879758
31329,1,Clear,23,14.2,1.9,-0.3347659154882249,-0.45230278480358993,1.3511016620194098,1.3511016620194098
31330,1,Clear,23,11.4,1.9,-0.4659388335609692,-0.45230278480358993,0.9707342514184429,0.9707342514184429
31331,1,Clear,23,7.2,0.82,-0.6626982106700858,-0.7636254123889178,1.1522973807591537,1.1522973807591537
31332,1,Clear,23,15.6,2.88,-0.26917945645185265,-0.16980632643912577,0.6308294424745543,0.6308294424745543
31333,1,Clear,23,10.7,1.7,-0.49873206307915535,-0.5099551232453173,1.0225031855719706,1.0225031855719706
31334,1,Clear,23,8.6,1.37,-0.5971117516337137,-0.6050814816741674,1.0133471331265016,1.0133471331265016
31335,1,Clear,23,17.7,2.52,-0.17079976789729437,-0.273580535634235,1.6017617529711454,1.6017617529711454
31336,1,Clear,23,70.0,18.18,2.27932295181861,4.240597564353019,1.8604636789049838,1.8604636789049838
31337,1,Clear,23,6.5,0.54,-0.6954914401882719,-0.8443386862073361,1.2140173658769555,1.2140173658769555
31338,1,Clear,23,12.1,2.48,-0.43314560404278313,-0.2851110033225805,0.6582336301268781,0.6582336301268781
31339,1,Clear,23,7.9,1.08,-0.6299049811518997,-0.6886773724146721,1.0933035823201398,1.0933035823201398
31340,1,Clear,23,32.4,7.94,0.5178580519846137,1.2887978361365768,2.488708693815712,2.488708693815712
31341,1,Clear,23,8.6,0.95,-0.5971117516337137,-0.726151392401795,1.2161063492973057,1.2161063492973057
31342,1,Clear,23,11.4,1.9,-0.4659388335609692,-0.45230278480358993,0.9707342514184429,0.9707342514184429
31343,1,Clear,23,11.4,2.2,-0.4659388335609692,-0.3658242771409988,0.7851336930754663,0.7851336930754663
31344,1,Clear,23,120.0,19.56,4.621696488831903,4.638398699600938,1.0036138701036286,1.0036138701036286
31345,1,Clear,23,14.67,0.01,-0.3127476042402999,-0.9971173830779136,3.188249468769,3.188249468769
31346,1,Clear,23,5.8,0.84,-0.728284669706458,-0.7578601785447451,1.040609819303498,1.040609819303498
31347,1,Clear,23,21.9,4.45,0.025959609211822193,0.28276453032843424,10.892480238094695,10.892480238094695
31348,1,Clear,23,3.7,0.31,-0.8266643582610164,-0.9106388754153225,1.1015823608640345,1.1015823608640345
31349,1,Clear,23,41.5,10.6,0.9441700357210331,2.055573937411551,2.177122615252001,2.177122615252001
31350,1,Clear,23,4.4,0.32,-0.7938711287428302,-0.9077562584932363,1.14345543706918,1.14345543706918
31351,1,Clear,23,9.3,1.96,-0.5643185221155275,-0.4350070832710717,0.7708538107881153,0.7708538107881153
31352,1,Clear,23,12.1,1.83,-0.43314560404278313,-0.4724811032581945,1.0908135713447666,1.0908135713447666
31353,1,Clear,23,10.0,1.82,-0.5315252925973414,-0.47536372018028084,0.8943388523571052,0.8943388523571052
31354,1,Clear,23,6.5,1.12,-0.6954914401882719,-0.6771469047263267,0.9736236358897827,0.9736236358897827
31355,1,Clear,23,14.2,2.55,-0.3347659154882249,-0.26493268486797594,0.79139683166847,0.79139683166847
31356,1,Clear,23,42.9,10.91,1.0097564947574051,2.144935061996229,2.1242102161586507,2.1242102161586507
31357,1,Clear,23,30.3,6.6,0.4194783634300555,0.9025271685770034,2.151546413972534,2.151546413972534
31358,1,Clear,23,11.4,1.59,-0.4659388335609692,-0.5416639093882674,1.1625214950395186,1.1625214950395186
31359,1,Clear,23,10.7,1.98,-0.49873206307915535,-0.42924184942689897,0.8606662398578786,0.8606662398578786
31360,1,Clear,23,7.9,1.35,-0.6299049811518997,-0.6108467155183401,0.9697442214241456,0.9697442214241456
31361,1,Clear,23,8.6,1.26,-0.5971117516337137,-0.6367902678171175,1.066450737361712,1.066450737361712
31362,1,Clear,23,17.0,3.44,-0.20359299741548043,-0.008379778802289097,0.04115946475893837,0.04115946475893837
31363,1,Clear,23,4.4,0.41,-0.7938711287428302,-0.8818127061944588,1.1107756338121182,1.1107756338121182
31364,1,Clear,23,4.4,0.39,-0.7938711287428302,-0.8875779400386316,1.1180378123136874,1.1180378123136874
31365,1,Clear,23,5.1,0.51,-0.7610778992246442,-0.8529865369735952,1.1207611439546252,1.1207611439546252
31366,1,Clear,23,9.3,1.3,-0.5643185221155275,-0.6252598001287719,1.1079909229007523,1.1079909229007523
31367,1,Clear,23,12.1,2.47,-0.43314560404278313,-0.2879936202446668,0.6648887061456147,0.6648887061456147
31368,1,Clear,23,70.0,16.69,2.27932295181861,3.8110876429621503,1.672026177739046,1.672026177739046
31369,1,Clear,23,63.2,16.89,1.9607601507848025,3.8687399814038774,1.9730817049986444,1.9730817049986444
31370,1,Clear,23,35.2,9.07,0.6490309700573583,1.6145335483323369,2.487606328230611,2.487606328230611
31371,1,Clear,23,8.6,1.2,-0.5971117516337137,-0.6540859693496358,1.0954163396718273,1.0954163396718273
31372,1,Clear,23,40.8,10.8,0.9113768062028468,2.113226275853279,2.3187185162828627,2.3187185162828627
31373,1,Clear,23,28.2,7.02,0.32109867487549715,1.023597079304631,3.1877960247002597,3.1877960247002597
31374,1,Clear,23,10.0,1.9,-0.5315252925973414,-0.45230278480358993,0.8509525155301185,0.8509525155301185
31375,1,Clear,23,11.4,1.5,-0.4659388335609692,-0.5676074616870447,1.2182016625424115,1.2182016625424115
31376,1,Clear,23,14.2,2.67,-0.3347659154882249,-0.2303412818029395,0.6880667091421425,0.6880667091421425
31377,1,Clear,23,9.3,1.4,-0.5643185221155275,-0.5964336309079084,1.0569095422776258,1.0569095422776258
31378,1,Clear,23,26.1,6.0,0.22271898632093892,0.7295701532518214,3.2757429678694208,3.2757429678694208
31379,1,Clear,23,29.6,7.71,0.3866851339118694,1.2224976469285904,3.161480852809856,3.161480852809856
31380,1,Clear,23,13.5,2.47,-0.36755914500641096,-0.2879936202446668,0.7835300091353832,0.7835300091353832
31381,1,Clear,23,24.0,5.5,0.12433929776638056,0.5854393071475029,4.708401267051363,4.708401267051363
31382,1,Clear,23,20.5,4.06,-0.03962684982454994,0.17034247036706568,-4.298662929838389,4.298662929838389
31383,1,Clear,23,11.4,1.79,-0.4659388335609692,-0.48401157094653996,1.0387877894775344,1.0387877894775344
31384,1,Clear,23,7.9,0.76,-0.6299049811518997,-0.7809211139214359,1.2397443063450218,1.2397443063450218
31385,1,Clear,23,70.0,18.17,2.27932295181861,4.237714947430933,1.8591989976891055,1.8591989976891055
31386,1,Clear,23,7.9,0.94,-0.6299049811518997,-0.7290340093238813,1.1573713990810257,1.1573713990810257
31387,1,Clear,23,40.8,10.37,0.9113768062028468,1.9892737482035645,2.182712720649167,2.182712720649167
31388,1,Clear,23,33.8,8.79,0.5834445110209858,1.5338202745139182,2.6289051410044864,2.6289051410044864
31389,1,Clear,23,10.0,1.46,-0.5315252925973414,-0.5791379293753901,1.0895773680785457,1.0895773680785457
31390,1,Clear,23,13.5,1.63,-0.36755914500641096,-0.5301334416999219,1.4423078541296404,1.4423078541296404
31391,1,Clear,23,79.3,21.8,2.7150044297030824,5.284104890148285,1.9462601358356397,1.9462601358356397
31392,1,Clear,23,26.1,5.58,0.22271898632093892,0.6085002425241939,2.73214355262619,2.73214355262619
31393,1,Clear,23,14.9,2.81,-0.30197268597003873,-0.18998464489373032,0.6291451304061993,0.6291451304061993
31394,1,Clear,23,24.7,5.12,0.15713252728456661,0.47589986410822094,3.0286527705773323,3.0286527705773323
31395,1,Clear,23,15.6,2.6,-0.26917945645185265,-0.25051960025754405,0.9306787507476588,0.9306787507476588
31396,1,Clear,23,42.9,11.2,1.0097564947574051,2.228530952736733,2.206998384568093,2.206998384568093
31397,1,Clear,23,23.3,3.88,0.09154606824819449,0.11845536576951111,1.2939426895796515,1.2939426895796515
31398,1,Clear,23,41.5,9.22,0.9441700357210331,1.6577728021636324,1.7557989974736312,1.7557989974736312
31399,1,Clear,23,70.9,18.9,2.32148567548485,4.448145982743237,1.9160772903818273,1.9160772903818273
31400,1,Clear,23,10.0,1.26,-0.5315252925973414,-0.6367902678171175,1.1980432101460126,1.1980432101460126
31401,1,Clear,23,31.0,7.2,0.45227159294824154,1.0754841839021856,2.377960943537007,2.377960943537007
31402,1,Clear,23,8.6,1.51,-0.5971117516337137,-0.5647248447649583,0.9457607277362338,0.9457607277362338
31403,1,Clear,23,5.8,0.81,-0.728284669706458,-0.7665080293110041,1.0524840919965437,1.0524840919965437
31404,1,Clear,23,70.0,17.8,2.27932295181861,4.131058121313737,1.8124057927015904,1.8124057927015904
31405,1,Clear,23,35.9,8.72,0.6818241995755442,1.513641956059314,2.2199886085028973,2.2199886085028973
31406,1,Clear,23,70.0,19.45,2.27932295181861,4.606689913457988,2.0210781933215887,2.0210781933215887
31407,1,Clear,23,30.3,7.0,0.4194783634300555,1.0178318454604582,2.4264227531014795,2.4264227531014795
31408,1,Clear,23,7.9,0.9,-0.6299049811518997,-0.7405644770122268,1.175676489584136,1.175676489584136
31409,1,Clear,23,9.3,1.3,-0.5643185221155275,-0.6252598001287719,1.1079909229007523,1.1079909229007523
31410,1,Clear,23,7.9,1.2,-0.6299049811518997,-0.6540859693496358,1.0383883108108092,1.0383883108108092
31411,1,Clear,23,8.6,1.3,-0.5971117516337137,-0.6252598001287719,1.0471403358216356,1.0471403358216356
31412,1,Clear,23,7.9,1.04,-0.6299049811518997,-0.7002078401030176,1.1116086728232502,1.1116086728232502
31413,1,Clear,23,8.6,0.97,-0.5971117516337137,-0.7203861585576221,1.206451148527267,1.206451148527267
31414,1,Clear,23,7.2,0.92,-0.6626982106700858,-0.7347992431680541,1.1087991959795145,1.1087991959795145
31415,1,Clear,23,69.5,18.13,2.2558992164484772,4.226184479742587,1.873392414398717,1.873392414398717
31416,1,Clear,23,45.0,11.2,1.1081361833119636,2.228530952736733,2.0110623462146755,2.0110623462146755
31417,1,Clear,23,17.0,3.4,-0.20359299741548043,-0.019910246490634585,0.09779435807412837,0.09779435807412837
31418,1,Clear,23,26.8,5.17,0.255512215839125,0.4903129487186527,1.918941319922498,1.918941319922498
31419,1,Clear,23,70.0,16.99,2.27932295181861,3.8975661506247405,1.7099666142154089,1.7099666142154089
31420,1,Clear,23,70.0,20.64,2.27932295181861,4.949721327186266,2.171575258011164,2.171575258011164
31421,1,Clear,23,70.0,19.5,2.27932295181861,4.6211029980684195,2.027401599400983,2.027401599400983
31422,1,Clear,23,5.8,0.52,-0.728284669706458,-0.8501039200515088,1.1672687280293175,1.1672687280293175
31424,1,Clear,23,13.5,2.41,-0.36755914500641096,-0.30528932177718504,0.8305855694921158,0.8305855694921158
31425,1,Clear,23,17.0,3.13,-0.20359299741548043,-0.09774090338696655,0.4800798879516605,0.4800798879516605
31426,1,Clear,23,37.3,9.5,0.7474106586119164,1.7384860759820506,2.326011886438373,2.326011886438373
31427,1,Clear,23,70.0,19.66,2.27932295181861,4.667224868821801,2.0476364988550433,2.0476364988550433
31428,1,Clear,23,38.0,9.53,0.7802038881301026,1.7471339267483095,2.2393299409666194,2.2393299409666194
31429,1,Clear,23,21.39,5.37,0.0020673991342867,0.5479652871603802,265.0505546184437,265.0505546184437
31430,1,Clear,23,11.4,1.5,-0.4659388335609692,-0.5676074616870447,1.2182016625424115,1.2182016625424115
31431,1,Clear,23,5.8,0.7,-0.728284669706458,-0.7982168154539543,1.0960230918710443,1.0960230918710443
31432,1,Clear,23,10.7,1.74,-0.49873206307915535,-0.4984246555569718,0.9993836218985288,0.9993836218985288
31433,1,Clear,23,13.5,2.4,-0.36755914500641096,-0.30817193869927145,0.8384281628849047,0.8384281628849047
31434,1,Clear,23,7.9,1.28,-0.6299049811518997,-0.6310250339729448,1.0017781298045887,1.0017781298045887
31435,1,Clear,23,8.6,1.57,-0.5971117516337137,-0.5474291432324401,0.9167951254261189,0.9167951254261189
31436,1,Clear,23,5.1,0.42,-0.7610778992246442,-0.8789300892723725,1.1548490504950826,1.1548490504950826
31437,1,Clear,23,13.5,1.81,-0.36755914500641096,-0.4782463371023672,1.3011411730594422,1.3011411730594422
31438,1,Clear,23,5.8,0.55,-0.728284669706458,-0.8414560692852496,1.1553944553362718,1.1553944553362718
31439,1,Clear,23,7.9,1.0,-0.6299049811518997,-0.7117383077913632,1.1299137633263603,1.1299137633263603
31440,1,Clear,23,25.4,5.52,0.1899257568027527,0.5912045409916755,3.1128191928473963,3.1128191928473963
31441,1,Clear,23,38.0,9.66,0.7802038881301026,1.7846079467354325,2.2873610012538683,2.2873610012538683
31442,1,Clear,23,44.3,10.32,1.0753429537937773,1.974860663593133,1.8364937963520238,1.8364937963520238
31443,1,Clear,23,6.5,0.84,-0.6954914401882719,-0.7578601785447451,1.0896757814008318,1.0896757814008318
31444,1,Clear,23,58.3,15.16,1.7312075441574994,3.3700472538829356,1.9466454298077736,1.9466454298077736
31445,1,Clear,23,7.9,0.86,-0.6299049811518997,-0.7520949447005723,1.1939815800872462,1.1939815800872462
31446,1,Clear,23,37.3,8.68,0.7474106586119164,1.5021114883709683,2.009753903109537,2.009753903109537
31447,1,Clear,23,11.4,1.68,-0.4659388335609692,-0.51572035708949,1.1068413275366258,1.1068413275366258
31448,1,Clear,23,10.0,1.2,-0.5315252925973414,-0.6540859693496358,1.2305829627662528,1.2305829627662528
31449,1,Clear,23,32.4,8.07,0.5178580519846137,1.3262718561237,2.561072191580224,2.561072191580224
31450,1,Clear,23,4.4,0.5,-0.7938711287428302,-0.8558691538956815,1.0780958305550563,1.0780958305550563
31451,1,Clear,23,7.9,1.0,-0.6299049811518997,-0.7117383077913632,1.1299137633263603,1.1299137633263603
31452,1,Clear,23,45.0,10.43,1.1081361833119636,2.006569449736083,1.810760698869077,1.810760698869077
31453,1,Clear,23,9.3,1.2,-0.5643185221155275,-0.6540859693496358,1.1590723035238797,1.1590723035238797
31454,1,Clear,23,5.8,0.5,-0.728284669706458,-0.8558691538956815,1.1751849098246812,1.1751849098246812
31455,1,Clear,23,70.0,19.57,2.27932295181861,4.641281316523024,2.036254367912134,2.036254367912134
31456,1,Clear,23,7.9,1.2,-0.6299049811518997,-0.6540859693496358,1.0383883108108092,1.0383883108108092
31457,1,Clear,23,8.6,1.06,-0.5971117516337137,-0.6944426062588449,1.163002745062095,1.163002745062095
31458,1,Clear,23,14.2,2.34,-0.3347659154882249,-0.3254676402317897,0.9722245460895429,0.9722245460895429
31459,1,Clear,23,9.3,1.35,-0.5643185221155275,-0.6108467155183401,1.0824502325891892,1.0824502325891892
31460,1,Clear,23,12.1,1.62,-0.43314560404278313,-0.5330160586220082,1.2305701677382384,1.2305701677382384
31461,1,Clear,23,19.8,3.89,-0.072420079342736,0.12133798269159755,-1.6754743131024779,1.6754743131024779
31462,1,Clear,23,24.0,4.83,0.12433929776638056,0.3923039733677162,3.1551084847270965,3.1551084847270965
31463,1,Clear,23,6.5,1.01,-0.6954914401882719,-0.7088556908692767,1.0192155501976947,1.0192155501976947
31464,1,Clear,23,50.6,12.0,1.3704820194574525,2.459140306503643,1.7943615980289689,1.7943615980289689
31465,1,Clear,23,10.0,1.51,-0.5315252925973414,-0.5647248447649583,1.062460907561679,1.062460907561679
31466,1,Clear,23,5.8,0.81,-0.728284669706458,-0.7665080293110041,1.0524840919965437,1.0524840919965437
31467,1,Clear,23,41.5,9.62,0.9441700357210331,1.773077479047087,1.8779217852354775,1.8779217852354775
31468,1,Clear,23,19.1,3.64,-0.10521330886092208,0.04927255963943833,-0.46831109270187543,0.46831109270187543
31469,1,Clear,23,6.5,0.88,-0.6954914401882719,-0.7463297108563995,1.0730969034706819,1.0730969034706819
31470,1,Clear,23,8.6,0.99,-0.5971117516337137,-0.7146209247134495,1.196795947757229,1.196795947757229
31471,1,Clear,23,82.0,0.1,2.8414926007018004,-0.9711738307791363,-0.3417829877646955,0.3417829877646955
31472,1,Clear,23,30.3,7.72,0.4194783634300555,1.2253802638506766,2.92120016353358,2.92120016353358
31473,1,Clear,23,5.1,0.39,-0.7610778992246442,-0.8875779400386316,1.1662116860085683,1.1662116860085683
31474,1,Clear,23,70.0,17.97,2.27932295181861,4.180062608989205,1.8339053733715296,1.8339053733715296
31475,1,Clear,23,31.7,7.97,0.4850648224664276,1.297445686902836,2.674788248518341,2.674788248518341
31476,1,Clear,23,4.4,0.52,-0.7938711287428302,-0.8501039200515088,1.0708336520534871,1.0708336520534871
31477,1,Clear,23,33.8,7.84,0.5834445110209858,1.2599716669157133,2.159539841605252,2.159539841605252
31478,1,Clear,23,11.4,1.83,-0.4659388335609692,-0.4724811032581945,1.0140410483651374,1.0140410483651374
31479,1,Clear,23,10.7,1.2,-0.49873206307915535,-0.6540859693496358,1.311497731489992,1.311497731489992
31480,1,Clear,23,12.8,1.7,-0.400352374524597,-0.5099551232453173,1.2737657016543724,1.2737657016543724
31481,1,Clear,23,44.3,10.71,1.0753429537937773,2.0872827235545017,1.9410391040278188,1.9410391040278188
31482,1,Clear,23,24.0,3.9,0.12433929776638056,0.12422059961368387,0.999045368963562,0.999045368963562
31483,1,Clear,23,65.3,17.48,2.0591398393393603,4.038814379806973,1.9614084981730804,1.9614084981730804
31484,1,Clear,23,8.6,1.69,-0.5971117516337137,-0.5128377401674037,0.8588639208058892,0.8588639208058892
31485,1,Clear,23,17.0,2.64,-0.20359299741548043,-0.23898913256919857,1.173857331062737,1.173857331062737
31486,1,Clear,23,28.9,6.9,0.3538919043936832,0.9890056762395947,2.7946547065947747,2.7946547065947747
31487,1,Clear,23,10.0,1.32,-0.5315252925973414,-0.6194945662845993,1.1655034575257726,1.1655034575257726
31488,1,Clear,23,12.1,2.09,-0.43314560404278313,-0.39753306328394894,0.9177815948576113,0.9177815948576113
31489,1,Clear,23,18.4,4.04,-0.1380065383791083,0.16457723652289308,-1.1925321688077866,1.1925321688077866
31490,1,Clear,23,5.1,0.41,-0.7610778992246442,-0.8818127061944588,1.1586365956662446,1.1586365956662446
31491,1,Clear,23,7.2,0.94,-0.6626982106700858,-0.7290340093238813,1.1000995590235865,1.1000995590235865
31492,1,Clear,23,10.0,1.85,-0.5315252925973414,-0.4667158694140217,0.8780689760469851,0.8780689760469851
31493,1,Clear,23,22.6,4.72,0.05875283873000842,0.3605951872247661,6.13749386445543,6.13749386445543
31494,1,Clear,23,29.6,6.9,0.3866851339118694,0.9890056762395947,2.5576511469018666,2.5576511469018666
31495,1,Clear,23,33.8,7.86,0.5834445110209858,1.265736900759886,2.169421216329446,2.169421216329446
31496,1,Clear,23,10.0,1.22,-0.5315252925973414,-0.648320735505463,1.2197363785595061,1.2197363785595061
31497,1,Clear,23,7.9,0.9,-0.6299049811518997,-0.7405644770122268,1.175676489584136,1.175676489584136
31498,1,Clear,23,11.4,1.85,-0.4659388335609692,-0.4667158694140217,1.0016676778089388,1.0016676778089388
31499,1,Clear,23,5.8,0.62,-0.728284669706458,-0.8212777508306451,1.1276878190524988,1.1276878190524988
31500,1,Clear,23,11.4,1.33,-0.4659388335609692,-0.616611949362513,1.3233753122700982,1.3233753122700982
31501,1,Clear,23,37.3,8.1,0.7474106586119164,1.334919706889959,1.786059231974506,1.786059231974506
31502,1,Clear,23,7.2,1.27,-0.6626982106700858,-0.6339076508950311,0.956555549250777,0.956555549250777
31503,1,Clear,23,38.7,9.51,0.8129971176482887,1.741368692904137,2.1419125051037042,2.1419125051037042
31504,1,Clear,23,7.9,0.92,-0.6299049811518997,-0.7347992431680541,1.166523944332581,1.166523944332581
31505,1,Clear,23,10.0,1.6,-0.5315252925973414,-0.5387812924661809,1.0136512786313188,1.0136512786313188
31506,1,Clear,23,26.8,4.85,0.255512215839125,0.3980692072118888,1.5579263242056507,1.5579263242056507
31507,1,Clear,23,10.0,1.7,-0.5315252925973414,-0.5099551232453173,0.9594183575975855,0.9594183575975855
31508,1,Clear,23,8.6,1.12,-0.5971117516337137,-0.6771469047263267,1.1340371427519802,1.1340371427519802
31509,1,Clear,23,25.4,5.46,0.1899257568027527,0.5739088394591574,3.021753600567142,3.021753600567142
31510,1,Clear,23,29.6,7.4,0.3866851339118694,1.1331365223439132,2.9303855332648236,2.9303855332648236
31511,1,Clear,23,7.9,0.97,-0.6299049811518997,-0.7203861585576221,1.1436425812036928,1.1436425812036928
31512,1,Clear,23,14.2,1.63,-0.3347659154882249,-0.5301334416999219,1.5835944377036466,1.5835944377036466
31513,1,Clear,23,9.3,1.25,-0.5643185221155275,-0.6396728847392039,1.133531613212316,1.133531613212316
31514,1,Clear,23,6.5,0.61,-0.6954914401882719,-0.8241603677527315,1.1850043294991934,1.1850043294991934
31515,1,Clear,23,80.0,21.59,2.7477976592212685,5.223569934784471,1.9010023963208562,1.9010023963208562
31516,1,Clear,23,9.3,1.2,-0.5643185221155275,-0.6540859693496358,1.1590723035238797,1.1590723035238797
31517,1,Clear,23,7.2,0.91,-0.6626982106700858,-0.7376818600901404,1.1131490144574783,1.1131490144574783
31518,1,Clear,23,9.3,1.61,-0.5643185221155275,-0.5358986755440945,0.9496386429690592,0.9496386429690592
31519,1,Clear,23,12.8,2.34,-0.400352374524597,-0.3254676402317897,0.8129529408143763,0.8129529408143763
31520,1,Clear,23,15.6,2.62,-0.26917945645185265,-0.2447543664133713,0.9092609430138656,0.9092609430138656
31521,1,Clear,23,7.9,1.19,-0.6299049811518997,-0.6569685862717222,1.0429645834365868,1.0429645834365868
31522,1,Clear,23,7.2,1.02,-0.6626982106700858,-0.7059730739471903,1.065301011199875,1.065301011199875
31523,1,Clear,23,11.4,2.01,-0.4659388335609692,-0.4205939986606399,0.9026807133593516,0.9026807133593516
31524,1,Clear,23,30.3,7.49,0.4194783634300555,1.1590800746426906,2.7631462685344377,2.7631462685344377
31525,1,Clear,23,6.5,0.3,-0.6954914401882719,-0.913521492337409,1.3134906334578547,1.3134906334578547
31526,1,Clear,23,12.1,0.79,-0.43314560404278313,-0.7722732631551769,1.7829414772933885,1.7829414772933885
31527,1,Clear,23,73.0,18.83,2.4198653640394077,4.427967664288633,1.8298405068690107,1.8298405068690107
31528,1,Clear,23,11.4,1.67,-0.4659388335609692,-0.5186029740115764,1.113028012814725,1.113028012814725
31529,1,Clear,23,7.9,0.98,-0.6299049811518997,-0.7175035416355359,1.1390663085779156,1.1390663085779156
31530,1,Clear,23,14.2,2.57,-0.3347659154882249,-0.25916745102380323,0.7741751445807488,0.7741751445807488
31531,1,Clear,23,11.4,0.92,-0.4659388335609692,-0.7347992431680541,1.5770294086721661,1.5770294086721661
31532,1,Clear,23,5.8,0.39,-0.728284669706458,-0.8875779400386316,1.2187239096991815,1.2187239096991815
31533,1,Clear,23,10.0,1.1,-0.5315252925973414,-0.6829121385704994,1.2848158837999861,1.2848158837999861
31534,1,Clear,23,12.1,2.04,-0.43314560404278313,-0.4119461478943807,0.9510569749512949,0.9510569749512949
31535,1,Clear,23,11.4,2.05,-0.4659388335609692,-0.4090635309722944,0.8779339722469548,0.8779339722469548
31536,1,Clear,23,19.1,3.8,-0.10521330886092208,0.09539443039282015,-0.9066764597140352,0.9066764597140352
31537,1,Clear,23,10.7,1.56,-0.49873206307915535,-0.5503117601545264,1.1034216584290164,1.1034216584290164
31538,1,Clear,23,12.8,2.13,-0.400352374524597,-0.38600259559560346,0.964157127965,0.964157127965
31539,1,Clear,23,5.8,0.72,-0.728284669706458,-0.7924515816097814,1.0881069100756802,1.0881069100756802
31540,1,Clear,23,9.3,1.22,-0.5643185221155275,-0.648320735505463,1.148856027399254,1.148856027399254
31541,1,Clear,23,12.8,1.94,-0.400352374524597,-0.44077231711524445,1.1009609163393737,1.1009609163393737
31542,1,Clear,23,19.1,4.3,-0.10521330886092208,0.2395252764971386,-2.276568231627037,2.276568231627037
31543,1,Clear,23,9.3,1.27,-0.5643185221155275,-0.6339076508950311,1.1233153370876905,1.1233153370876905
31544,1,Clear,23,5.8,0.58,-0.728284669706458,-0.8328082185189906,1.1435201826432262,1.1435201826432262
31545,1,Clear,23,5.1,0.39,-0.7610778992246442,-0.8875779400386316,1.1662116860085683,1.1662116860085683
31546,1,Clear,23,9.3,0.9,-0.5643185221155275,-0.7405644770122268,1.31231644539326,1.31231644539326
31547,1,Clear,23,31.0,6.26,0.45227159294824154,0.8045181932260669,1.778838657501394,1.778838657501394
31548,1,Clear,23,30.3,7.7,0.4194783634300555,1.219615030006504,2.907456346577133,2.907456346577133
31549,1,Clear,23,19.1,3.82,-0.10521330886092208,0.1011596642369929,-0.9614721305905553,0.9614721305905553
31550,1,Clear,23,136.4,32.01,5.389995008972264,8.227256767598467,1.526394134670488,1.526394134670488
31551,1,Clear,23,5.8,0.64,-0.728284669706458,-0.8155125169864723,1.1197716372571351,1.1197716372571351
31552,1,Clear,23,8.6,1.62,-0.5971117516337137,-0.5330160586220082,0.8926571235010231,0.8926571235010231
31553,1,Clear,23,10.0,1.68,-0.5315252925973414,-0.51572035708949,0.9702649418043321,0.9702649418043321
31554,1,Clear,23,3.7,0.28,-0.8266643582610164,-0.9192867261815817,1.1120434998738873,1.1120434998738873
31555,1,Clear,23,10.7,1.66,-0.49873206307915535,-0.5214855909336628,1.0456227492454122,1.0456227492454122
31556,1,Clear,23,11.4,1.5,-0.4659388335609692,-0.5676074616870447,1.2182016625424115,1.2182016625424115
31557,1,Clear,23,11.4,2.04,-0.4659388335609692,-0.4119461478943807,0.8841206575250539,0.8841206575250539
31558,1,Clear,23,11.4,1.62,-0.4659388335609692,-0.5330160586220082,1.1439614392052209,1.1439614392052209
31559,1,Clear,23,19.8,3.17,-0.072420079342736,-0.08621043569862107,1.1904217239340582,1.1904217239340582
31560,1,Clear,23,19.8,3.41,-0.072420079342736,-0.01702762956854815,0.23512304492187885,0.23512304492187885
31561,1,Clear,23,14.2,2.91,-0.3347659154882249,-0.1611584756728666,0.4814064640894877,0.4814064640894877
31562,1,Clear,23,14.9,2.43,-0.30197268597003873,-0.2995240879330123,0.991891326100701,0.991891326100701
31563,1,Clear,23,6.5,1.02,-0.6954914401882719,-0.7059730739471903,1.0150708307151572,1.0150708307151572
31564,1,Clear,23,14.2,1.7,-0.3347659154882249,-0.5099551232453173,1.5233185328966221,1.5233185328966221
31565,1,Clear,23,6.5,0.53,-0.6954914401882719,-0.8472213031294225,1.218162085359493,1.218162085359493
31566,1,Clear,23,45.0,11.9,1.1081361833119636,2.4303141372827795,2.1931547528924926,2.1931547528924926
31567,1,Clear,23,15.6,2.9,-0.26917945645185265,-0.16404109259495303,0.6094116347407611,0.6094116347407611
31568,1,Clear,23,7.2,1.03,-0.6626982106700858,-0.7030904570251041,1.0609511927219115,1.0609511927219115
31569,1,Clear,23,21.2,3.8,-0.006833620306363873,0.09539443039282015,-13.959574298265181,13.959574298265181
31570,1,Clear,23,10.0,1.48,-0.5315252925973414,-0.5733726955312174,1.078730783871799,1.078730783871799
31571,1,Clear,23,14.2,2.48,-0.3347659154882249,-0.2851110033225805,0.8516727364754941,0.8516727364754941
31572,1,Clear,23,70.0,18.44,2.27932295181861,4.315545604327265,1.8933453905178323,1.8933453905178323
31573,1,Clear,23,54.1,12.39,1.5344481670483827,2.5715623664650114,1.6758874113106015,1.6758874113106015
31574,1,Clear,23,14.9,2.77,-0.30197268597003873,-0.2015151125820758,0.6673289404793049,0.6673289404793049
31575,1,Clear,23,15.6,4.01,-0.26917945645185265,0.1559293857566339,-0.579276694484761,0.579276694484761
31576,1,Clear,23,61.1,14.13,1.8623804622302438,3.0731377109080396,1.6501127311161146,1.6501127311161146
31577,1,Clear,23,68.8,18.18,2.223105986930291,4.240597564353019,1.9075102983319836,1.9075102983319836
31578,1,Clear,23,20.5,4.35,-0.03962684982454994,0.2539383611075704,-6.408239923988318,6.408239923988318
31579,1,Clear,23,179.4,35.02,7.404436250803695,9.094924461146466,1.2283074839302293,1.2283074839302293
31580,1,Clear,23,18.4,4.23,-0.1380065383791083,0.21934695804253418,-1.5893954056001403,1.5893954056001403
31581,1,Clear,23,33.8,8.51,0.5834445110209858,1.4531070006955,2.4905658948657647,2.4905658948657647
31582,1,Clear,23,70.0,14.86,2.27932295181861,3.283568746220344,1.4405895152332289,1.4405895152332289
31583,1,Clear,23,17.0,3.12,-0.20359299741548043,-0.10062352030905286,0.4942386112804577,0.4942386112804577
31584,1,Clear,23,17.0,2.99,-0.20359299741548043,-0.13809754029617563,0.6783020145548249,0.6783020145548249
31585,1,Clear,23,14.9,2.4,-0.30197268597003873,-0.30817193869927145,1.0205291836555304,1.0205291836555304
31586,1,Clear,23,5.8,0.7,-0.728284669706458,-0.7982168154539543,1.0960230918710443,1.0960230918710443
31587,1,Clear,23,7.9,1.4,-0.6299049811518997,-0.5964336309079084,0.946862858295258,0.946862858295258
31588,1,Clear,23,6.5,0.8,-0.6954914401882719,-0.7693906462330904,1.1062546593309814,1.1062546593309814
31589,1,Clear,23,70.0,18.4,2.27932295181861,4.3040151366389185,1.888286665654317,1.888286665654317
31590,1,Clear,23,7.9,0.82,-0.6299049811518997,-0.7636254123889178,1.2122866705903566,1.2122866705903566
31591,1,Clear,23,6.5,0.84,-0.6954914401882719,-0.7578601785447451,1.0896757814008318,1.0896757814008318
31592,1,Clear,23,4.4,0.57,-0.7938711287428302,-0.835690835441077,1.0526782057995638,1.0526782057995638
31593,1,Clear,23,7.9,1.01,-0.6299049811518997,-0.7088556908692767,1.1253374907005826,1.1253374907005826
31594,1,Clear,23,31.0,7.15,0.45227159294824154,1.0610710992917538,2.346092736832985,2.346092736832985
31595,1,Clear,23,9.3,1.62,-0.5643185221155275,-0.5330160586220082,0.9445305049067466,0.9445305049067466
31596,1,Clear,23,10.0,1.37,-0.5315252925973414,-0.6050814816741674,1.1383869970089058,1.1383869970089058
31597,1,Clear,23,31.7,8.23,0.4850648224664276,1.3723937268770818,2.8292996385489655,2.8292996385489655
31598,1,Clear,23,8.6,1.14,-0.5971117516337137,-0.671381670882154,1.1243819419819419,1.1243819419819419
31599,1,Clear,23,19.8,3.84,-0.072420079342736,0.10692489808116563,-1.4764537549749397,1.4764537549749397
31600,1,Clear,23,12.8,2.18,-0.400352374524597,-0.3715895109851715,0.928156131024375,0.928156131024375
31601,1,Clear,23,42.9,9.98,1.0097564947574051,1.8768516882421964,1.858717124362851,1.858717124362851
31602,1,Clear,23,8.6,1.15,-0.5971117516337137,-0.6684990539600676,1.119554341596923,1.119554341596923
31603,1,Clear,23,11.4,1.44,-0.4659388335609692,-0.5849031632195629,1.255321774211007,1.255321774211007
31604,1,Clear,23,27.5,4.62,0.28830544535731106,0.33176901800390246,1.1507552956300386,1.1507552956300386
31605,1,Clear,23,19.8,4.07,-0.072420079342736,0.17322508728915223,-2.3919483223616123,2.3919483223616123
31606,1,Clear,23,10.7,1.28,-0.49873206307915535,-0.6310250339729448,1.2652586041431084,1.2652586041431084
31607,1,Clear,23,5.8,0.74,-0.728284669706458,-0.7866863477656088,1.0801907282803167,1.0801907282803167
31608,1,Clear,23,47.1,11.35,1.2065158718665219,2.271770206568029,1.8829177962271824,1.8829177962271824
31609,1,Clear,23,8.6,0.97,-0.5971117516337137,-0.7203861585576221,1.206451148527267,1.206451148527267
31610,1,Clear,23,68.1,18.0,2.1903127574121046,4.188710459755464,1.9123800679061487,1.9123800679061487
31611,1,Clear,23,16.3,3.2,-0.2363862269336665,-0.07756258493236189,0.32811803774898907,0.32811803774898907
31612,1,Clear,23,46.4,10.73,1.1737226423483358,2.093047957398674,1.7832560111569375,1.7832560111569375
31613,1,Clear,23,33.1,8.38,0.5506512815028,1.4156329807083776,2.5708338984428196,2.5708338984428196
31614,1,Clear,23,10.7,1.73,-0.49873206307915535,-0.5013072724790582,1.0051635128168892,1.0051635128168892
31615,1,Clear,23,21.9,4.27,0.025959609211822193,0.2308774257308794,8.893717307028496,8.893717307028496
31616,1,Clear,23,68.1,18.04,2.1903127574121046,4.20024092744381,1.9176443698417174,1.9176443698417174
31617,1,Clear,23,26.1,6.46,0.22271898632093892,0.8621705316677943,3.871113755992959,3.871113755992959
31618,1,Clear,23,19.8,4.12,-0.072420079342736,0.18763817189958404,-2.590968880489149,2.590968880489149
31619,1,Clear,23,37.3,9.6,0.7474106586119164,1.7673122452029142,2.364579933185792,2.364579933185792
31620,1,Clear,23,7.9,0.98,-0.6299049811518997,-0.7175035416355359,1.1390663085779156,1.1390663085779156
31621,1,Clear,23,7.2,1.04,-0.6626982106700858,-0.7002078401030176,1.0566013742439473,1.0566013742439473
31622,1,Clear,23,29.6,6.86,0.3866851339118694,0.9774752085512491,2.5278323959928297,2.5278323959928297
31623,1,Clear,23,5.8,0.6,-0.728284669706458,-0.8270429846748178,1.1356040008478625,1.1356040008478625
31624,1,Clear,23,9.3,1.15,-0.5643185221155275,-0.6684990539600676,1.1846129938354428,1.1846129938354428
31625,1,Clear,23,40.8,9.98,0.9113768062028468,1.8768516882421964,2.0593586269348862,2.0593586269348862
31626,1,Clear,23,5.8,0.6,-0.728284669706458,-0.8270429846748178,1.1356040008478625,1.1356040008478625
31627,1,Clear,23,44.3,11.79,1.0753429537937773,2.398605351139829,2.230549186822327,2.230549186822327
31628,1,Clear,23,28.9,7.2,0.3538919043936832,1.0754841839021856,3.0390188940456095,3.0390188940456095
31629,1,Clear,23,16.3,2.33,-0.2363862269336665,-0.328350257153876,1.3890414065706795,1.3890414065706795
31630,1,Clear,23,7.9,1.1,-0.6299049811518997,-0.6829121385704994,1.0841510370685847,1.0841510370685847
31631,1,Clear,23,22.6,5.05,0.05875283873000842,0.4557215456536163,7.756587690134082,7.756587690134082
31632,1,Clear,23,70.0,14.18,2.27932295181861,3.0875507955184713,1.3545911925534722,1.3545911925534722
31633,1,Clear,23,6.5,0.07,-0.6954914401882719,-0.9798216815453955,1.4088191815562165,1.4088191815562165
31634,1,Clear,23,12.1,2.27,-0.43314560404278313,-0.34564595868639425,0.7979902265203498,0.7979902265203498
31635,1,Clear,23,10.0,1.75,-0.5315252925973414,-0.49554203863488544,0.9323018970807186,0.9323018970807186
31636,1,Clear,23,10.0,1.5,-0.5315252925973414,-0.5676074616870447,1.0678841996650523,1.0678841996650523
31637,1,Clear,23,16.3,2.48,-0.2363862269336665,-0.2851110033225805,1.2061235843600435,1.2061235843600435
31638,1,Clear,23,70.0,18.97,2.27932295181861,4.468324301197842,1.9603734949594074,1.9603734949594074
31639,1,Clear,23,13.5,2.2,-0.36755914500641096,-0.3658242771409988,0.9952800307406802,0.9952800307406802
31640,1,Clear,23,5.8,0.56,-0.728284669706458,-0.8385734523631633,1.1514363644385899,1.1514363644385899
31641,1,Clear,23,5.8,0.59,-0.728284669706458,-0.8299256015969043,1.1395620917455447,1.1395620917455447
31642,1,Clear,23,41.5,9.57,0.9441700357210331,1.7586643944366553,1.862656436765247,1.862656436765247
31643,1,Clear,23,15.6,3.42,-0.26917945645185265,-0.01414501264646184,0.05254863366213802,0.05254863366213802
31644,1,Clear,23,19.1,4.35,-0.10521330886092208,0.2539383611075704,-2.4135574088183365,2.4135574088183365
31645,1,Clear,23,48.5,13.03,1.272102330902894,2.7560498494785386,2.166531561594098,2.166531561594098
31646,1,Clear,23,36.6,9.42,0.7146174290937304,1.7154251406053596,2.4004804119888905,2.4004804119888905
31647,1,Clear,23,10.0,1.23,-0.5315252925973414,-0.6454381185833766,1.2143130864561327,1.2143130864561327
31648,1,Clear,23,7.9,1.03,-0.6299049811518997,-0.7030904570251041,1.1161849454490278,1.1161849454490278
31649,1,Clear,23,12.8,1.43,-0.400352374524597,-0.5877857801416492,1.4681710851337453,1.4681710851337453
31650,1,Clear,23,33.8,7.03,0.5834445110209858,1.0264796962267175,1.7593441652753783,1.7593441652753783
31651,1,Clear,23,14.9,1.1,-0.30197268597003873,-0.6829121385704994,2.2615030110314573,2.2615030110314573
31652,1,Clear,23,9.3,1.22,-0.5643185221155275,-0.648320735505463,1.148856027399254,1.148856027399254
31653,1,Clear,23,57.6,9.79,1.6984143146393131,1.8220819667225552,1.0728135950205442,1.0728135950205442
31654,1,Clear,23,31.7,8.01,0.4850648224664276,1.3089761545911816,2.6985592315999756,2.6985592315999756
31655,1,Clear,23,21.2,3.45,-0.006833620306363873,-0.005497161880202662,0.8044289313357633,0.8044289313357633
31656,1,Clear,23,38.0,9.28,0.7802038881301026,1.6750685036961503,2.146962517337295,2.146962517337295
31657,1,Clear,23,9.3,1.45,-0.5643185221155275,-0.5820205462974766,1.0313688519660624,1.0313688519660624
31658,1,Clear,23,35.2,8.84,0.6490309700573583,1.5482333591243502,2.385453746510008,2.385453746510008
31659,1,Clear,23,6.5,0.65,-0.6954914401882719,-0.8126299000643861,1.1684254515690435,1.1684254515690435
31660,1,Clear,23,13.5,2.02,-0.36755914500641096,-0.4177113817385535,1.136446711810878,1.136446711810878
31661,1,Clear,23,8.6,0.71,-0.5971117516337137,-0.7953341985318678,1.3319687585377649,1.3319687585377649
31662,1,Clear,23,9.3,1.32,-0.5643185221155275,-0.6194945662845993,1.0977746467761273,1.0977746467761273
31663,1,Clear,23,20.5,3.91,-0.03962684982454994,0.1271032165357703,-3.207502415622912,3.207502415622912
31664,1,Clear,23,12.8,2.1,-0.400352374524597,-0.3946504463618625,0.9857577261293745,0.9857577261293745
31665,1,Clear,23,10.0,1.5,-0.5315252925973414,-0.5676074616870447,1.0678841996650523,1.0678841996650523
31666,1,Clear,23,8.6,1.74,-0.5971117516337137,-0.4984246555569718,0.8347259188807935,0.8347259188807935
31667,1,Clear,23,70.0,18.55,2.27932295181861,4.347254390470215,1.9072568838924988,1.9072568838924988
31668,1,Clear,23,9.3,1.18,-0.5643185221155275,-0.6598512031938084,1.1692885796485046,1.1692885796485046
31669,1,Clear,23,12.8,1.99,-0.400352374524597,-0.42635923250481256,1.064959919398749,1.064959919398749
31670,1,Clear,23,3.0,0.14,-0.8594575877792024,-0.9596433630907908,1.1165686087785478,1.1165686087785478
31671,1,Clear,23,8.6,1.13,-0.5971117516337137,-0.6742642878042403,1.129209542366961,1.129209542366961
31672,1,Clear,23,5.1,0.47,-0.7610778992246442,-0.8645170046619406,1.135911324639273,1.135911324639273
31673,1,Clear,23,7.2,0.91,-0.6626982106700858,-0.7376818600901404,1.1131490144574783,1.1131490144574783
31674,1,Clear,23,10.7,0.9,-0.49873206307915535,-0.7405644770122268,1.4848944590408046,1.4848944590408046
31675,1,Clear,23,13.5,2.45,-0.36755914500641096,-0.29375885408883956,0.7992151959209608,0.7992151959209608
31676,1,Clear,23,8.6,1.59,-0.5971117516337137,-0.5416639093882674,0.9071399246560806,0.9071399246560806
31677,1,Clear,23,39.4,7.93,0.8457903471664747,1.2859152192144907,1.5203711221374194,1.5203711221374194
31678,1,Clear,23,6.5,0.7,-0.6954914401882719,-0.7982168154539543,1.1477018541563564,1.1477018541563564
31679,1,Clear,23,6.5,0.8,-0.6954914401882719,-0.7693906462330904,1.1062546593309814,1.1062546593309814
31680,1,Clear,23,17.0,3.0,-0.20359299741548043,-0.13521492337408933,0.6641432912260278,0.6641432912260278
31681,1,Clear,23,5.8,0.6,-0.728284669706458,-0.8270429846748178,1.1356040008478625,1.1356040008478625
31682,1,Clear,23,12.8,2.11,-0.400352374524597,-0.39176782943977617,0.9785575267412499,0.9785575267412499
31683,1,Clear,23,10.0,1.18,-0.5315252925973414,-0.6598512031938084,1.2414295469729992,1.2414295469729992
31684,1,Clear,23,5.8,0.56,-0.728284669706458,-0.8385734523631633,1.1514363644385899,1.1514363644385899
31685,1,Clear,23,14.2,3.0,-0.3347659154882249,-0.13521492337408933,0.4039088721947423,0.4039088721947423
31686,1,Clear,23,8.6,1.5,-0.5971117516337137,-0.5676074616870447,0.9505883281212529,0.9505883281212529
31687,1,Clear,23,13.5,2.3,-0.36755914500641096,-0.3369981079201352,0.9168540968127926,0.9168540968127926
31688,1,Clear,23,7.2,1.1,-0.6626982106700858,-0.6829121385704994,1.0305024633761637,1.0305024633761637
31689,1,Clear,23,70.0,18.19,2.27932295181861,4.243480181275106,1.861728360120863,1.861728360120863
31690,1,Clear,23,57.6,15.58,1.6984143146393131,3.491117164610563,2.0555156268521917,2.0555156268521917
31691,1,Clear,23,11.4,1.6,-0.4659388335609692,-0.5387812924661809,1.1563348097614192,1.1563348097614192
31692,1,Clear,23,19.1,2.96,-0.10521330886092208,-0.1467453910624348,1.394741717099807,1.394741717099807
31693,1,Clear,23,5.8,0.86,-0.728284669706458,-0.7520949447005723,1.0326936375081344,1.0326936375081344
31694,1,Clear,23,7.9,1.03,-0.6299049811518997,-0.7030904570251041,1.1161849454490278,1.1161849454490278
31695,1,Clear,23,47.8,12.18,1.2393091013847077,2.5110274111011974,2.0261510290657676,2.0261510290657676
31696,1,Clear,23,12.8,2.33,-0.400352374524597,-0.328350257153876,0.8201531402025011,0.8201531402025011
31697,1,Clear,23,5.8,0.62,-0.728284669706458,-0.8212777508306451,1.1276878190524988,1.1276878190524988
31698,1,Clear,23,9.3,1.05,-0.5643185221155275,-0.6973252231809312,1.2356943744585696,1.2356943744585696
31699,1,Clear,23,19.1,3.64,-0.10521330886092208,0.04927255963943833,-0.46831109270187543,0.46831109270187543
31700,1,Clear,23,12.1,1.82,-0.43314560404278313,-0.47536372018028084,1.0974686473635034,1.0974686473635034
31701,1,Clear,23,7.2,0.79,-0.6626982106700858,-0.7722732631551769,1.1653468361930455,1.1653468361930455
31702,1,Clear,23,8.6,1.32,-0.5971117516337137,-0.6194945662845993,1.0374851350515975,1.0374851350515975
31703,1,Clear,23,19.1,3.86,-0.10521330886092208,0.11269013192533837,-1.0710634723435954,1.0710634723435954
31704,1,Clear,23,70.0,18.62,2.27932295181861,4.367432708924819,1.9161096524036503,1.9161096524036503
31705,1,Clear,23,7.2,1.09,-0.6626982106700858,-0.6857947554925857,1.0348522818541277,1.0348522818541277
31706,1,Clear,23,36.6,9.36,0.7146174290937304,1.6981294390728412,2.376277669614621,2.376277669614621
31707,1,Clear,23,11.4,1.66,-0.4659388335609692,-0.5214855909336628,1.1192146980928241,1.1192146980928241
31708,1,Clear,23,21.2,5.18,-0.006833620306363873,0.493195565640739,-72.17192988926324,72.17192988926324
31709,1,Clear,23,10.0,1.37,-0.5315252925973414,-0.6050814816741674,1.1383869970089058,1.1383869970089058
31710,1,Clear,23,39.4,9.68,0.8457903471664747,1.7903731805796053,2.116804934671607,2.116804934671607
31711,1,Clear,23,10.0,1.46,-0.5315252925973414,-0.5791379293753901,1.0895773680785457,1.0895773680785457
31712,1,Clear,23,14.2,2.31,-0.3347659154882249,-0.33411549099804877,0.9980570767211246,0.9980570767211246
31713,1,Clear,23,13.5,2.94,-0.36755914500641096,-0.15251062490660755,0.4149281196743111,0.4149281196743111
31714,1,Clear,23,5.8,0.7,-0.728284669706458,-0.7982168154539543,1.0960230918710443,1.0960230918710443
31715,1,Clear,23,5.8,0.73,-0.728284669706458,-0.7895689646876951,1.0841488191779984,1.0841488191779984
31716,1,Clear,23,6.5,1.08,-0.6954914401882719,-0.6886773724146721,0.9902025138199325,0.9902025138199325
31717,1,Clear,23,12.8,2.07,-0.400352374524597,-0.40329829712812165,1.0073583242937496,1.0073583242937496
31718,1,Clear,23,5.8,0.78,-0.728284669706458,-0.7751558800772633,1.0643583646895893,1.0643583646895893
31719,1,Clear,23,5.8,0.66,-0.728284669706458,-0.8097472831422996,1.1118554554617714,1.1118554554617714
31720,1,Clear,23,44.3,10.72,1.0753429537937773,2.0901653404765876,1.9437197529425825,1.9437197529425825
31721,1,Clear,23,70.0,21.13,2.27932295181861,5.090969556368497,2.233544637589224,2.233544637589224
31722,1,Clear,23,6.5,0.79,-0.6954914401882719,-0.7722732631551769,1.1103993788135191,1.1103993788135191
31723,1,Clear,23,17.0,2.74,-0.20359299741548043,-0.21016296334833484,1.032270097774762,1.032270097774762
31724,1,Clear,23,4.4,0.37,-0.7938711287428302,-0.8933431738828043,1.1252999908152568,1.1252999908152568
31725,1,Clear,23,45.0,2.85,1.1081361833119636,-0.1784541772053848,-0.16103993344213924,0.16103993344213924
31726,1,Clear,23,10.0,1.37,-0.5315252925973414,-0.6050814816741674,1.1383869970089058,1.1383869970089058
31727,1,Clear,23,70.0,18.39,2.27932295181861,4.301132519716833,1.8870219844384384,1.8870219844384384
31728,1,Clear,23,7.2,1.1,-0.6626982106700858,-0.6829121385704994,1.0305024633761637,1.0305024633761637
31729,1,Clear,23,14.9,1.26,-0.30197268597003873,-0.6367902678171175,2.1087677707390355,2.1087677707390355
31730,1,Clear,23,7.9,1.18,-0.6299049811518997,-0.6598512031938084,1.0475408560623642,1.0475408560623642
31731,1,Clear,23,8.6,1.57,-0.5971117516337137,-0.5474291432324401,0.9167951254261189,0.9167951254261189
31732,1,Clear,23,4.4,0.4,-0.7938711287428302,-0.8846953231165453,1.114406723062903,1.114406723062903
31733,1,Clear,23,8.6,0.86,-0.5971117516337137,-0.7520949447005723,1.2595547527624777,1.2595547527624777
31734,1,Clear,23,7.2,1.24,-0.6626982106700858,-0.6425555016612903,0.9696050046846689,0.9696050046846689
31735,1,Clear,23,12.8,2.08,-0.400352374524597,-0.40041568020603524,1.0001581249056246,1.0001581249056246
31736,1,Clear,23,7.9,1.17,-0.6299049811518997,-0.6627338201158949,1.052117128688142,1.052117128688142
31737,1,Clear,23,22.6,5.23,0.05875283873000842,0.5076086502511711,8.639729776867895,8.639729776867895
31738,1,Clear,23,7.9,1.07,-0.6299049811518997,-0.6915599893367586,1.0978798549459174,1.0978798549459174
31739,1,Clear,23,23.3,4.65,0.09154606824819449,0.34041686877016164,3.7185307385047146,3.7185307385047146
31740,1,Clear,23,7.2,1.05,-0.6626982106700858,-0.6973252231809312,1.0522515557659833,1.0522515557659833
31741,1,Clear,23,10.7,1.41,-0.49873206307915535,-0.5935510139858221,1.190120022204423,1.190120022204423
31742,1,Clear,23,12.8,2.38,-0.400352374524597,-0.3139371725434442,0.7841521432618765,0.7841521432618765
31743,1,Clear,23,5.8,0.6,-0.728284669706458,-0.8270429846748178,1.1356040008478625,1.1356040008478625
31744,1,Clear,23,7.2,0.7,-0.6626982106700858,-0.7982168154539543,1.2044952024947209,1.2044952024947209
31745,1,Clear,23,7.9,1.38,-0.6299049811518997,-0.6021988647520811,0.956015403546813,0.956015403546813
31746,1,Clear,23,18.4,3.42,-0.1380065383791083,-0.01414501264646184,0.10249523546199706,0.10249523546199706
31747,1,Clear,23,13.5,2.78,-0.36755914500641096,-0.1986324956599895,0.5404096139589316,0.5404096139589316
31748,1,Clear,23,8.6,1.13,-0.5971117516337137,-0.6742642878042403,1.129209542366961,1.129209542366961
31749,1,Clear,23,12.1,1.74,-0.43314560404278313,-0.4984246555569718,1.1507092555133973,1.1507092555133973
31750,1,Clear,23,9.3,1.07,-0.5643185221155275,-0.6915599893367586,1.2254780983339444,1.2254780983339444
31751,1,Clear,23,11.4,0.64,-0.4659388335609692,-0.8155125169864723,1.7502565964589438,1.7502565964589438
31752,1,Clear,23,18.4,3.89,-0.1380065383791083,0.12133798269159755,-0.8792190871296133,0.8792190871296133
31753,1,Clear,23,69.5,18.48,2.2558992164484772,4.32707607201561,1.9181158628300081,1.9181158628300081
31754,1,Clear,23,10.7,1.0,-0.49873206307915535,-0.7117383077913632,1.4270955498572004,1.4270955498572004
31755,1,Clear,23,6.5,0.65,-0.6954914401882719,-0.8126299000643861,1.1684254515690435,1.1684254515690435
31756,1,Clear,23,16.3,2.79,-0.2363862269336665,-0.19574987873790306,0.8280934184580618,0.8280934184580618
31757,1,Clear,23,5.1,0.5,-0.7610778992246442,-0.8558691538956815,1.1245486891257872,1.1245486891257872
31758,1,Clear,23,7.2,1.0,-0.6626982106700858,-0.7117383077913632,1.074000648155803,1.074000648155803
31759,1,Clear,23,11.4,1.9,-0.4659388335609692,-0.45230278480358993,0.9707342514184429,0.9707342514184429
31760,1,Clear,23,7.2,1.11,-0.6626982106700858,-0.6800295216484131,1.0261526448982,1.0261526448982
31761,1,Clear,23,12.1,2.17,-0.43314560404278313,-0.374472127907258,0.8645409867077174,0.8645409867077174
31762,1,Clear,23,5.1,0.54,-0.7610778992246442,-0.8443386862073361,1.1093985084411395,1.1093985084411395
31763,1,Clear,23,11.4,1.87,-0.4659388335609692,-0.460950635569849,0.9892943072527405,0.9892943072527405
31764,1,Clear,23,19.8,4.21,-0.072420079342736,0.21358172419836133,-2.9492058851187153,2.9492058851187153
31765,1,Clear,23,42.9,10.69,1.0097564947574051,2.0815174897103286,2.0614053987445904,2.0614053987445904
31766,1,Clear,23,9.3,1.45,-0.5643185221155275,-0.5820205462974766,1.0313688519660624,1.0313688519660624
31767,1,Clear,23,15.6,2.57,-0.26917945645185265,-0.25916745102380323,0.9628054623483489,0.9628054623483489
31768,1,Clear,23,28.2,6.68,0.32109867487549715,0.9255881039536944,2.8825659411786178,2.8825659411786178
31769,1,Clear,23,18.4,3.12,-0.1380065383791083,-0.10062352030905286,0.7291213988183435,0.7291213988183435
31770,1,Clear,23,8.6,1.46,-0.5971117516337137,-0.5791379293753901,0.9698987296613294,0.9698987296613294
31771,1,Clear,23,10.0,1.34,-0.5315252925973414,-0.6137293324404265,1.1546568733190257,1.1546568733190257
31772,1,Clear,23,21.2,3.9,-0.006833620306363873,0.12422059961368387,-18.17786093529403,18.17786093529403
31773,1,Clear,23,28.2,5.98,0.32109867487549715,0.7238049194076488,2.2541510633399438,2.2541510633399438
31774,1,Clear,23,12.1,1.96,-0.43314560404278313,-0.4350070832710717,1.0042975831011889,1.0042975831011889
31775,1,Clear,23,70.9,18.9,2.32148567548485,4.448145982743237,1.9160772903818273,1.9160772903818273
31776,1,Clear,23,7.2,0.98,-0.6626982106700858,-0.7175035416355359,1.0827002851117309,1.0827002851117309
31777,1,Clear,23,8.6,1.42,-0.5971117516337137,-0.5906683970637356,0.9892091312014061,0.9892091312014061
31778,1,Clear,23,12.8,2.2,-0.400352374524597,-0.3658242771409988,0.9137557322481252,0.9137557322481252
31779,1,Clear,23,70.0,18.21,2.27932295181861,4.249245415119279,1.8642577225526205,1.8642577225526205
31780,1,Clear,23,70.0,17.8,2.27932295181861,4.131058121313737,1.8124057927015904,1.8124057927015904
31781,1,Clear,23,7.2,0.7,-0.6626982106700858,-0.7982168154539543,1.2044952024947209,1.2044952024947209
31782,1,Clear,23,40.8,9.68,0.9113768062028468,1.7903731805796053,1.964470862539285,1.964470862539285
31783,1,Clear,23,42.2,10.37,0.9769632652392193,1.9892737482035645,2.036180702983209,2.036180702983209
31784,1,Clear,23,9.3,1.15,-0.5643185221155275,-0.6684990539600676,1.1846129938354428,1.1846129938354428
31785,1,Clear,23,5.8,0.62,-0.728284669706458,-0.8212777508306451,1.1276878190524988,1.1276878190524988
31786,1,Clear,23,18.4,2.99,-0.1380065383791083,-0.13809754029617563,1.000659402939427,1.000659402939427
31787,1,Clear,23,11.4,1.59,-0.4659388335609692,-0.5416639093882674,1.1625214950395186,1.1625214950395186
31788,1,Clear,23,8.6,1.12,-0.5971117516337137,-0.6771469047263267,1.1340371427519802,1.1340371427519802
31789,1,Clear,23,45.0,11.99,1.1081361833119636,2.4562576895815567,2.2165666337510688,2.2165666337510688
31790,1,Clear,23,70.0,17.82,2.27932295181861,4.13682335515791,1.814935155133348,1.814935155133348
31791,1,Clear,23,7.2,0.58,-0.6626982106700858,-0.8328082185189906,1.2566930242302878,1.2566930242302878
31792,1,Clear,23,19.8,3.18,-0.072420079342736,-0.08332781877653463,1.1506176123085496,1.1506176123085496
31793,1,Clear,23,12.1,2.11,-0.43314560404278313,-0.39176782943977617,0.9044714428201378,0.9044714428201378
31794,1,Clear,23,86.3,18.3,3.0429367248849433,4.275188967418056,1.4049549346379213,1.4049549346379213
31795,1,Clear,23,12.8,2.16,-0.400352374524597,-0.3773547448293443,0.942556529800625,0.942556529800625
31796,1,Clear,23,15.6,2.16,-0.26917945645185265,-0.3773547448293443,1.401870520891109,1.401870520891109
31797,1,Clear,23,70.0,17.7,2.27932295181861,4.102231952092873,1.7997589805428023,1.7997589805428023
31798,1,Clear,23,70.0,19.66,2.27932295181861,4.667224868821801,2.0476364988550433,2.0476364988550433
31799,1,Clear,23,19.1,3.87,-0.10521330886092208,0.11557274884742481,-1.0984613077818561,1.0984613077818561
31800,1,Clear,23,70.0,17.02,2.27932295181861,3.906214001391,1.7137606578630453,1.7137606578630453
31801,1,Clear,23,13.5,2.36,-0.36755914500641096,-0.319702406387617,0.86979853645606,0.86979853645606
31802,1,Clear,23,15.6,2.82,-0.26917945645185265,-0.187102027971644,0.6950828656759339,0.6950828656759339
31803,1,Clear,23,18.4,4.1,-0.1380065383791083,0.18187293805541116,-1.317857401479055,1.317857401479055
31804,1,Clear,23,28.9,6.8,0.3538919043936832,0.9601795070187308,2.7131999774444955,2.7131999774444955
31805,1,Clear,23,70.0,18.97,2.27932295181861,4.468324301197842,1.9603734949594074,1.9603734949594074
31806,1,Clear,23,18.4,4.2,-0.1380065383791083,0.210699107276275,-1.526732789264505,1.526732789264505
31807,1,Clear,23,8.6,0.99,-0.5971117516337137,-0.7146209247134495,1.196795947757229,1.196795947757229
31808,1,Clear,23,15.6,2.0,-0.26917945645185265,-0.4234766155827262,1.5732129827614547,1.5732129827614547
31809,1,Clear,23,10.7,1.5,-0.49873206307915535,-0.5676074616870447,1.138101003939179,1.138101003939179
31810,1,Clear,23,7.2,1.11,-0.6626982106700858,-0.6800295216484131,1.0261526448982,1.0261526448982
31811,1,Clear,23,6.5,0.96,-0.6954914401882719,-0.7232687754797086,1.039939147610382,1.039939147610382
31813,1,Clear,23,6.5,0.78,-0.6954914401882719,-0.7751558800772633,1.1145440982960566,1.1145440982960566
31814,1,Clear,23,30.3,6.07,0.4194783634300555,0.749748471706426,1.7873352646266827,1.7873352646266827
31815,1,Clear,23,12.1,2.5,-0.43314560404278313,-0.2793457694784078,0.6449234780894046,0.6449234780894046
31816,1,Clear,23,10.7,1.0,-0.49873206307915535,-0.7117383077913632,1.4270955498572004,1.4270955498572004
31817,1,Clear,23,24.7,5.49,0.15713252728456661,0.5825566902254166,3.7074226469380704,3.7074226469380704
31818,1,Clear,23,126.6,30.5,4.930889795717658,7.791981612363426,1.5802384427919172,1.5802384427919172
31819,1,Clear,23,19.8,4.26,-0.072420079342736,0.2279948088087931,-3.1482264432462514,3.1482264432462514
31820,1,Clear,23,9.3,1.62,-0.5643185221155275,-0.5330160586220082,0.9445305049067466,0.9445305049067466
31821,1,Clear,23,9.3,1.79,-0.5643185221155275,-0.48401157094653996,0.857692157847431,0.857692157847431
31822,1,Clear,23,54.1,14.17,1.5344481670483827,3.084668178596385,2.0102785123918245,2.0102785123918245
31823,1,Clear,23,11.4,1.65,-0.4659388335609692,-0.5243682078557491,1.1254013833709233,1.1254013833709233
31824,1,Clear,23,13.5,2.6,-0.36755914500641096,-0.25051960025754405,0.6815762950291292,0.6815762950291292
31825,1,Clear,23,19.8,4.0,-0.072420079342736,0.15304676883454757,-2.113319540983059,2.113319540983059
31826,1,Clear,23,10.7,1.55,-0.49873206307915535,-0.5531943770766128,1.1092015493473768,1.1092015493473768
31827,1,Clear,23,12.8,2.21,-0.400352374524597,-0.3629416602189125,0.9065555328600005,0.9065555328600005
31828,1,Clear,23,10.7,1.95,-0.49873206307915535,-0.4378897001931581,0.8780059126129599,0.8780059126129599
31829,1,Clear,23,10.7,1.33,-0.49873206307915535,-0.616611949362513,1.2363591495513062,1.2363591495513062
31830,1,Clear,23,5.1,0.35,-0.7610778992246442,-0.8991084077269771,1.1813618666932162,1.1813618666932162
31831,1,Clear,23,10.7,1.65,-0.49873206307915535,-0.5243682078557491,1.0514026401637726,1.0514026401637726
31832,1,Clear,23,21.9,4.71,0.025959609211822193,0.3577125703026798,13.779582249634748,13.779582249634748
31833,1,Clear,23,8.6,1.05,-0.5971117516337137,-0.6973252231809312,1.167830345447114,1.167830345447114
31834,1,Clear,23,40.1,9.87,0.8785835766846609,1.845142902099246,2.1001336139948132,2.1001336139948132
31835,1,Clear,23,70.0,17.9,2.27932295181861,4.1598842905346,1.8250526048603777,1.8250526048603777
31836,1,Clear,23,70.2,18.87,2.2886924459666633,4.439498131976978,1.9397530409997443,1.9397530409997443
31837,1,Clear,23,63.2,14.66,1.9607601507848025,3.225916407778617,1.6452376423946755,1.6452376423946755
31838,1,Clear,23,12.8,2.42,-0.400352374524597,-0.30240670485509874,0.7553513457093768,0.7553513457093768
31839,1,Clear,23,94.7,25.4,3.4364554791031767,6.321846982099377,1.839641753120925,1.839641753120925
31840,1,Clear,23,7.9,1.06,-0.6299049811518997,-0.6944426062588449,1.102456127571695,1.102456127571695
31841,1,Clear,23,70.0,19.54,2.27932295181861,4.632633465756765,2.032460324264498,2.032460324264498
31842,1,Clear,23,133.2,28.21,5.240083102603411,7.131862337205647,1.3610208459599333,1.3610208459599333
31843,1,Clear,23,33.1,8.15,0.5506512815028,1.349332791500391,2.450430675141414,2.450430675141414
31844,1,Clear,23,13.5,2.36,-0.36755914500641096,-0.319702406387617,0.86979853645606,0.86979853645606
31845,1,Clear,23,21.2,3.62,-0.006833620306363873,0.04350732579526559,-6.36665835161327,6.36665835161327
31846,1,Clear,23,21.2,5.28,-0.006833620306363873,0.5220217348616029,-76.39021652629211,76.39021652629211
31847,1,Clear,23,17.7,3.38,-0.17079976789729437,-0.025675480334807328,0.15032503059516192,0.15032503059516192
31848,1,Clear,23,14.2,2.48,-0.3347659154882249,-0.2851110033225805,0.8516727364754941,0.8516727364754941
31849,1,Clear,23,11.4,1.05,-0.4659388335609692,-0.6973252231809312,1.496602500056876,1.496602500056876
31850,1,Clear,23,70.0,18.6,2.27932295181861,4.361667475080647,1.9135802899718928,1.9135802899718928
31851,1,Clear,23,22.6,4.8,0.05875283873000842,0.38365612260145704,6.530001458559346,6.530001458559346
31852,1,Clear,23,7.9,1.37,-0.6299049811518997,-0.6050814816741674,0.9605916761725906,0.9605916761725906
31853,1,Clear,23,28.2,7.0,0.32109867487549715,1.0178318454604582,3.169841313904869,3.169841313904869
31854,1,Clear,23,70.0,18.22,2.27932295181861,4.252128032041364,1.865522403768499,1.865522403768499
31855,1,Clear,23,70.0,18.16,2.27932295181861,4.234832330508846,1.8579343164732263,1.8579343164732263
31856,1,Clear,23,13.5,2.27,-0.36755914500641096,-0.34564595868639425,0.9403818769911588,0.9403818769911588
31857,1,Clear,23,13.5,2.43,-0.36755914500641096,-0.2995240879330123,0.8149003827065382,0.8149003827065382
31858,1,Clear,23,8.6,1.22,-0.5971117516337137,-0.648320735505463,1.0857611389017887,1.0857611389017887
31859,1,Clear,23,109.4,21.35,4.125113298985085,5.154387128654398,1.2495140751461415,1.2495140751461415
31860,1,Clear,23,14.2,2.79,-0.3347659154882249,-0.19574987873790306,0.5847365866158152,0.5847365866158152
31861,1,Clear,23,6.5,0.71,-0.6954914401882719,-0.7953341985318678,1.1435571346738187,1.1435571346738187
31862,1,Clear,23,14.9,2.6,-0.30197268597003873,-0.25051960025754405,0.829610133290003,0.829610133290003
31863,1,Clear,23,24.7,6.1,0.15713252728456661,0.758396322472685,4.826475686343612,4.826475686343612
31864,1,Clear,23,17.7,3.43,-0.17079976789729437,-0.011262395724375405,0.06593917464306936,0.06593917464306936
31865,1,Clear,23,7.9,1.06,-0.6299049811518997,-0.6944426062588449,1.102456127571695,1.102456127571695
31866,1,Clear,23,5.8,0.65,-0.728284669706458,-0.8126299000643861,1.1158135463594534,1.1158135463594534
31867,1,Clear,23,5.8,0.42,-0.728284669706458,-0.8789300892723725,1.206849637006136,1.206849637006136
31868,1,Clear,23,4.4,0.41,-0.7938711287428302,-0.8818127061944588,1.1107756338121182,1.1107756338121182
31869,1,Clear,23,12.8,1.83,-0.400352374524597,-0.4724811032581945,1.180163109608748,1.180163109608748
31870,1,Clear,23,8.6,1.36,-0.5971117516337137,-0.6079640985962539,1.018174733511521,1.018174733511521
31871,1,Clear,23,11.4,1.28,-0.4659388335609692,-0.6310250339729448,1.3543087386605943,1.3543087386605943
31872,1,Clear,23,17.7,3.29,-0.17079976789729437,-0.051619032633584604,0.3022195713089274,0.3022195713089274
31873,1,Clear,23,10.7,1.36,-0.49873206307915535,-0.6079640985962539,1.219019476796225,1.219019476796225
31874,1,Clear,23,7.9,1.1,-0.6299049811518997,-0.6829121385704994,1.0841510370685847,1.0841510370685847
31875,1,Clear,23,12.8,1.8,-0.400352374524597,-0.4811289540244536,1.201763707773123,1.201763707773123
31876,1,Clear,23,19.8,4.68,-0.072420079342736,0.3490647195364206,-4.819999131517564,4.819999131517564
31877,1,Clear,23,70.0,16.28,2.27932295181861,3.6929003491566093,1.620174247888016,1.620174247888016
31878,1,Clear,23,10.7,1.27,-0.49873206307915535,-0.6339076508950311,1.2710384950614686,1.2710384950614686
31879,1,Clear,23,7.9,0.94,-0.6299049811518997,-0.7290340093238813,1.1573713990810257,1.1573713990810257
31880,1,Clear,23,42.9,10.69,1.0097564947574051,2.0815174897103286,2.0614053987445904,2.0614053987445904
31881,1,Clear,23,70.0,18.98,2.27932295181861,4.471206918119928,1.9616381761752861,1.9616381761752861
31882,1,Clear,23,20.5,4.5,-0.03962684982454994,0.297177614938866,-7.499400438203801,7.499400438203801
31883,1,Clear,23,45.0,8.7,1.1081361833119636,1.5078767222151408,1.3607323223653296,1.3607323223653296
31884,1,Clear,23,63.9,16.85,1.993553380302988,3.857209513715532,1.934841350036636,1.934841350036636
31885,1,Clear,23,16.3,3.5,-0.2363862269336665,0.008915922730229132,-0.03771760667228329,0.03771760667228329
31886,1,Clear,23,15.6,3.11,-0.26917945645185265,-0.1035061372311393,0.3845246535359326,0.3845246535359326
31887,1,Clear,23,14.9,2.31,-0.30197268597003873,-0.33411549099804877,1.1064427563200177,1.1064427563200177
31888,1,Clear,23,10.0,1.07,-0.5315252925973414,-0.6915599893367586,1.3010857601101062,1.3010857601101062
31889,1,Clear,23,8.6,1.18,-0.5971117516337137,-0.6598512031938084,1.1050715404418652,1.1050715404418652
31890,1,Clear,23,70.0,19.06,2.27932295181861,4.494267853496619,1.9717556259023163,1.9717556259023163
31891,1,Clear,23,70.0,20.3,2.27932295181861,4.851712351835329,2.128576096671285,2.128576096671285
31892,1,Clear,23,11.4,0.62,-0.4659388335609692,-0.8212777508306451,1.7626299670151424,1.7626299670151424
31893,1,Clear,23,3.0,0.01,-0.8594575877792024,-0.9971173830779136,1.1601705508871212,1.1601705508871212
31894,1,Clear,23,21.9,4.3,0.025959609211822193,0.2395252764971386,9.226844462206197,9.226844462206197
31895,1,Clear,23,43.6,10.98,1.0425497242755914,2.1651133804508333,2.076748312369703,2.076748312369703
31896,1,Clear,23,10.7,1.86,-0.49873206307915535,-0.46383325249193535,0.9300249308782036,0.9300249308782036
31897,1,Clear,23,70.0,21.07,2.27932295181861,5.073673854835979,2.225956550293951,2.225956550293951
31898,1,Clear,23,8.6,1.1,-0.5971117516337137,-0.6829121385704994,1.1436923435220183,1.1436923435220183
31899,1,Clear,23,12.1,1.99,-0.43314560404278313,-0.42635923250481256,0.9843323550449787,0.9843323550449787
31900,1,Clear,23,5.8,0.6,-0.728284669706458,-0.8270429846748178,1.1356040008478625,1.1356040008478625
31901,1,Clear,23,70.0,19.15,2.27932295181861,4.520211405795396,1.9831377568452253,1.9831377568452253
31902,1,Clear,23,10.7,1.6,-0.49873206307915535,-0.5387812924661809,1.0803020947555746,1.0803020947555746
31903,1,Clear,23,45.0,12.03,1.1081361833119636,2.4677881572699016,2.226971914132658,2.226971914132658
31904,1,Clear,23,5.8,0.33,-0.728284669706458,-0.9048736415711498,1.2424724550852726,1.2424724550852726
31905,1,Clear,23,8.6,0.96,-0.5971117516337137,-0.7232687754797086,1.2112787489122865,1.2112787489122865
31906,1,Clear,23,10.0,1.62,-0.5315252925973414,-0.5330160586220082,1.002804694424572,1.002804694424572
31907,1,Clear,23,12.8,2.11,-0.400352374524597,-0.39176782943977617,0.9785575267412499,0.9785575267412499
31908,1,Clear,23,19.8,3.9,-0.072420079342736,0.12422059961368387,-1.7152784247279846,1.7152784247279846
31909,1,Clear,23,11.4,1.3,-0.4659388335609692,-0.6252598001287719,1.3419353681043955,1.3419353681043955
31910,1,Clear,23,42.2,9.95,0.9769632652392193,1.868203837475937,1.912255971076342,1.912255971076342
31911,1,Clear,23,10.7,1.37,-0.49873206307915535,-0.6050814816741674,1.2132395858778644,1.2132395858778644
31912,1,Clear,23,63.2,16.69,1.9607601507848025,3.8110876429621503,1.9436786500565846,1.9436786500565846
31913,1,Clear,23,12.8,2.32,-0.400352374524597,-0.33123287407596247,0.8273533395906262,0.8273533395906262
31914,1,Clear,23,12.8,2.02,-0.400352374524597,-0.4177113817385535,1.0433593212343741,1.0433593212343741
31915,1,Clear,23,45.0,11.76,1.1081361833119636,2.38995750037357,2.156736271556929,2.156736271556929
31916,1,Clear,23,70.0,20.94,2.27932295181861,5.0361998348488575,2.209515694487527,2.209515694487527
31917,1,Clear,23,10.0,1.45,-0.5315252925973414,-0.5820205462974766,1.095000660181919,1.095000660181919
31918,1,Clear,23,11.4,1.0,-0.4659388335609692,-0.7117383077913632,1.5275359264473725,1.5275359264473725
31919,1,Clear,23,10.7,1.75,-0.49873206307915535,-0.49554203863488544,0.9936037309801684,0.9936037309801684
31920,1,Clear,23,21.2,4.38,-0.006833620306363873,0.2625862118738296,-38.42563679303249,38.42563679303249
31921,1,Clear,23,4.4,0.38,-0.7938711287428302,-0.890460556960718,1.1216689015644723,1.1216689015644723
31922,1,Clear,23,14.2,2.81,-0.3347659154882249,-0.18998464489373032,0.567514899528094,0.567514899528094
31923,1,Clear,23,5.1,0.67,-0.7610778992246442,-0.8068646662202134,1.0601604212160345,1.0601604212160345
31924,1,Clear,23,62.5,15.34,1.9279669212666162,3.42193435848049,1.7748926709968562,1.7748926709968562
31925,1,Clear,23,8.6,0.95,-0.5971117516337137,-0.726151392401795,1.2161063492973057,1.2161063492973057
31926,1,Clear,23,12.1,1.72,-0.43314560404278313,-0.5041898894011445,1.164019407550871,1.164019407550871
31927,1,Clear,23,11.4,1.84,-0.4659388335609692,-0.46959848633610807,1.007854363087038,1.007854363087038
31928,1,Clear,23,12.8,2.2,-0.400352374524597,-0.3658242771409988,0.9137557322481252,0.9137557322481252
31929,1,Clear,23,26.1,6.13,0.22271898632093892,0.7670441732389441,3.4439999297304205,3.4439999297304205
31930,1,Clear,23,5.8,0.55,-0.728284669706458,-0.8414560692852496,1.1553944553362718,1.1553944553362718
31931,1,Clear,23,14.2,2.49,-0.3347659154882249,-0.2822283864004941,0.8430618929316335,0.8430618929316335
31932,1,Clear,23,41.5,11.14,0.9441700357210331,2.2112352512042155,2.3419883787304947,2.3419883787304947
31933,1,Clear,23,13.5,2.32,-0.36755914500641096,-0.33123287407596247,0.9011689100272151,0.9011689100272151
31934,1,Clear,23,20.5,4.39,-0.03962684982454994,0.2654688287959159,-6.699216061112446,6.699216061112446
31935,1,Clear,23,16.3,3.29,-0.2363862269336665,-0.051619032633584604,0.21836734442260747,0.21836734442260747
31936,1,Clear,23,8.6,1.52,-0.5971117516337137,-0.561842227842872,0.9409331273512147,0.9409331273512147
31937,1,Clear,23,8.6,1.14,-0.5971117516337137,-0.671381670882154,1.1243819419819419,1.1243819419819419
31938,1,Clear,23,14.2,2.1,-0.3347659154882249,-0.3946504463618625,1.1788847911421974,1.1788847911421974
31939,1,Clear,23,33.1,8.7,0.5506512815028,1.5078767222151408,2.7383514265143383,2.7383514265143383
31940,1,Clear,23,8.6,1.45,-0.5971117516337137,-0.5820205462974766,0.9747263300463487,0.9747263300463487
31941,1,Clear,23,70.0,19.6,2.27932295181861,4.649929167289284,2.040048411559771,2.040048411559771
31942,1,Clear,23,45.0,10.53,1.1081361833119636,2.0353956189569464,1.8367738998230507,1.8367738998230507
31943,1,Clear,23,19.1,2.92,-0.10521330886092208,-0.1582758587507803,1.5043330588528474,1.5043330588528474
31944,1,Clear,23,17.0,3.63,-0.20359299741548043,0.0463899427173519,-0.22785627848821377,0.22785627848821377
31945,1,Clear,23,70.9,18.72,2.32148567548485,4.396258878145683,1.8937264720479094,1.8937264720479094
31946,1,Clear,23,15.6,2.9,-0.26917945645185265,-0.16404109259495303,0.6094116347407611,0.6094116347407611
31947,1,Clear,23,7.9,1.2,-0.6299049811518997,-0.6540859693496358,1.0383883108108092,1.0383883108108092
31948,1,Clear,23,8.6,0.93,-0.5971117516337137,-0.7319166262459676,1.2257615500673438,1.2257615500673438
31949,1,Clear,23,6.5,0.7,-0.6954914401882719,-0.7982168154539543,1.1477018541563564,1.1477018541563564
31950,1,Clear,23,14.9,2.74,-0.30197268597003873,-0.21016296334833484,0.6959667980341337,0.6959667980341337
31951,1,Clear,23,64.6,16.62,2.026346609821174,3.790909324507546,1.8708099128421543,1.8708099128421543
31952,1,Clear,23,21.9,4.9,0.025959609211822193,0.4124822918223209,15.889387565760176,15.889387565760176
31953,1,Clear,23,12.1,0.9,-0.43314560404278313,-0.7405644770122268,1.7097356410872844,1.7097356410872844
31954,1,Clear,23,14.9,2.93,-0.30197268597003873,-0.15539324182869385,0.5145937001868829,0.5145937001868829
31955,1,Clear,23,40.1,9.39,0.8785835766846609,1.7067772898391007,1.9426464768208307,1.9426464768208307
31956,1,Clear,23,15.6,1.36,-0.26917945645185265,-0.6079640985962539,2.2585828302428372,2.2585828302428372
31957,1,Clear,23,46.4,12.2,1.1737226423483358,2.51679264494537,2.1442822640874297,2.1442822640874297
31958,1,Clear,23,42.2,9.82,0.9769632652392193,1.8307298174888145,1.873898315962312,1.873898315962312
31959,1,Clear,23,70.0,21.23,2.27932295181861,5.119795725589362,2.2461914497480118,2.2461914497480118
31960,1,Clear,23,80.0,13.52,2.7477976592212685,2.897298078660771,1.0544073610870863,1.0544073610870863
31961,1,Clear,23,19.1,4.3,-0.10521330886092208,0.2395252764971386,-2.276568231627037,2.276568231627037
31962,1,Clear,23,21.9,5.05,0.025959609211822193,0.4557215456536163,17.555023341648663,17.555023341648663
31963,1,Clear,23,33.1,7.96,0.5506512815028,1.2945630699807495,2.3509671428489485,2.3509671428489485
31964,1,Clear,23,31.0,6.58,0.45227159294824154,0.8967619347328308,1.9827951804071349,1.9827951804071349
31966,1,Clear,23,12.1,2.39,-0.43314560404278313,-0.3110545556213578,0.7181293142955087,0.7181293142955087
31967,1,Clear,23,5.8,0.9,-0.728284669706458,-0.7405644770122268,1.016861273917407,1.016861273917407
31968,1,Clear,23,17.7,3.83,-0.17079976789729437,0.10404228115907933,-0.6091476729736672,0.6091476729736672
31969,1,Clear,23,10.0,1.74,-0.5315252925973414,-0.4984246555569718,0.937725189184092,0.937725189184092
31970,1,Clear,23,4.4,0.2,-0.7938711287428302,-0.9423476615582725,1.1870285080785958,1.1870285080785958
31971,1,Clear,23,9.3,1.1,-0.5643185221155275,-0.6829121385704994,1.2101536841470062,1.2101536841470062
31972,1,Clear,23,14.2,1.9,-0.3347659154882249,-0.45230278480358993,1.3511016620194098,1.3511016620194098
31973,1,Clear,23,7.9,0.8,-0.6299049811518997,-0.7693906462330904,1.2214392158419114,1.2214392158419114
31974,1,Clear,23,17.0,3.0,-0.20359299741548043,-0.13521492337408933,0.6641432912260278,0.6641432912260278
31975,1,Clear,23,34.5,6.65,0.616237740539172,0.9169402531874354,1.4879651031843104,1.4879651031843104
31976,1,Clear,23,55.5,14.94,1.600034626084755,3.3066296815970353,2.0665988271068083,2.0665988271068083
31977,1,Clear,23,7.2,0.72,-0.6626982106700858,-0.7924515816097814,1.1957955655387928,1.1957955655387928
31978,1,Clear,23,8.6,1.5,-0.5971117516337137,-0.5676074616870447,0.9505883281212529,0.9505883281212529
31979,1,Clear,23,21.9,4.68,0.025959609211822193,0.3490647195364206,13.446455094457047,13.446455094457047
31980,1,Clear,23,256.4,46.81,11.011691497804165,12.493529812286294,1.134569544994756,1.134569544994756
31981,1,Clear,23,18.4,3.26,-0.1380065383791083,-0.06026688339984378,0.4366958559187156,0.4366958559187156
31982,1,Clear,23,15.6,3.05,-0.26917945645185265,-0.12080183876365752,0.44877807673731224,0.44877807673731224
31983,1,Clear,23,7.2,0.69,-0.6626982106700858,-0.8010994323760405,1.2088450209726846,1.2088450209726846
31984,1,Clear,23,15.6,2.2,-0.26917945645185265,-0.3658242771409988,1.3590349054235227,1.3590349054235227
31985,1,Clear,23,36.6,9.13,0.7146174290937304,1.6318292498648552,2.283500490513256,2.283500490513256
31986,1,Clear,23,9.3,1.25,-0.5643185221155275,-0.6396728847392039,1.133531613212316,1.133531613212316
31987,1,Clear,23,9.3,1.08,-0.5643185221155275,-0.6886773724146721,1.2203699602716316,1.2203699602716316
31988,1,Clear,23,41.5,10.54,0.9441700357210331,2.038278235879033,2.1588041970877243,2.1588041970877243
31989,1,Clear,23,12.1,1.1,-0.43314560404278313,-0.6829121385704994,1.5766341207125492,1.5766341207125492
31990,1,Clear,23,5.8,0.5,-0.728284669706458,-0.8558691538956815,1.1751849098246812,1.1751849098246812
31991,1,Clear,23,23.3,5.4,0.09154606824819449,0.5566131379266394,6.0801424744706845,6.0801424744706845
31992,1,Clear,23,17.7,2.6,-0.17079976789729437,-0.25051960025754405,1.466744383447798,1.466744383447798
31993,1,Clear,23,6.5,0.9,-0.6954914401882719,-0.7405644770122268,1.064807464505607,1.064807464505607
31994,1,Clear,23,7.9,1.04,-0.6299049811518997,-0.7002078401030176,1.1116086728232502,1.1116086728232502
31995,1,Clear,23,11.4,2.29,-0.4659388335609692,-0.3398807248422215,0.7294535255725734,0.7294535255725734
31996,1,Clear,23,10.7,1.4,-0.49873206307915535,-0.5964336309079084,1.1958999131227832,1.1958999131227832
31997,1,Clear,23,66.7,16.78,2.124726298375733,3.8370311952609275,1.805894339517604,1.805894339517604
31998,1,Clear,23,6.5,0.55,-0.6954914401882719,-0.8414560692852496,1.209872646394418,1.209872646394418
31999,1,Clear,23,8.6,1.13,-0.5971117516337137,-0.6742642878042403,1.129209542366961,1.129209542366961
32000,1,Clear,23,3.0,0.13,-0.8594575877792024,-0.9625259800128773,1.1199226043253614,1.1199226043253614
32001,1,Clear,23,70.0,20.95,2.27932295181861,5.039082451770943,2.210780375703406,2.210780375703406
32002,1,Clear,23,17.0,2.05,-0.20359299741548043,-0.4090635309722944,2.0092220074617893,2.0092220074617893
32003,1,Clear,23,57.6,14.88,1.6984143146393131,3.289333980064517,1.9367088181678818,1.9367088181678818
32004,1,Clear,23,30.3,7.9,0.4194783634300555,1.2772673684482316,3.044894516141606,3.044894516141606
32005,1,Clear,23,57.6,15.19,1.6984143146393131,3.378695104649194,1.9893232620137902,1.9893232620137902
32006,1,Clear,23,16.3,3.2,-0.2363862269336665,-0.07756258493236189,0.32811803774898907,0.32811803774898907
32007,1,Clear,23,32.4,8.08,0.5178580519846137,1.3291544730457863,2.566638614485186,2.566638614485186
32008,1,Clear,23,96.1,26.62,3.502041938139549,6.673526246593915,1.9056100310835253,1.9056100310835253
32009,1,Clear,23,34.5,8.6,0.616237740539172,1.4790505529942772,2.400129780594409,2.400129780594409
32010,1,Clear,23,7.2,0.73,-0.6626982106700858,-0.7895689646876951,1.191445747060829,1.191445747060829
32011,1,Clear,23,34.5,7.3,0.616237740539172,1.1043103531230494,1.7920199956543432,1.7920199956543432
32012,1,Clear,23,12.8,1.87,-0.400352374524597,-0.460950635569849,1.1513623120562482,1.1513623120562482
32013,1,Clear,23,70.0,16.95,2.27932295181861,3.886035682936395,1.7049078893518939,1.7049078893518939
32014,1,Clear,23,68.1,17.81,2.1903127574121046,4.133940738235823,1.8873746337121968,1.8873746337121968
32015,1,Clear,23,61.8,16.35,1.8951736917484299,3.7130786676112137,1.9592286890525796,1.9592286890525796
32016,1,Clear,23,35.9,9.3,0.6818241995755442,1.6808337375403235,2.4652010570858183,2.4652010570858183
32017,1,Clear,23,8.6,1.37,-0.5971117516337137,-0.6050814816741674,1.0133471331265016,1.0133471331265016
32018,1,Clear,23,9.3,1.17,-0.5643185221155275,-0.6627338201158949,1.1743967177108177,1.1743967177108177
32019,1,Clear,23,7.2,1.11,-0.6626982106700858,-0.6800295216484131,1.0261526448982,1.0261526448982
32020,1,Clear,23,26.1,6.4,0.22271898632093892,0.8448748301352762,3.793456696672498,3.793456696672498
32021,1,Clear,23,7.2,0.93,-0.6626982106700858,-0.7319166262459676,1.1044493775015505,1.1044493775015505
32022,1,Clear,23,10.0,1.66,-0.5315252925973414,-0.5214855909336628,0.9811115260110788,0.9811115260110788
32023,1,Clear,23,40.1,10.73,0.8785835766846609,2.093047957398674,2.3822980680981996,2.3822980680981996
32024,1,Clear,23,38.7,9.7,0.8129971176482887,1.7961384144237778,2.209280175087664,2.209280175087664
32025,1,Clear,23,70.0,19.38,2.27932295181861,4.586511595003383,2.0122254248104374,2.0122254248104374
32026,1,Clear,23,8.6,1.15,-0.5971117516337137,-0.6684990539600676,1.119554341596923,1.119554341596923
32027,1,Clear,23,27.5,5.71,0.28830544535731106,0.6459742625113166,2.2405898775540956,2.2405898775540956
32028,1,Clear,23,8.6,1.15,-0.5971117516337137,-0.6684990539600676,1.119554341596923,1.119554341596923
32029,1,Clear,23,8.6,0.9,-0.5971117516337137,-0.7405644770122268,1.2402443512224013,1.2402443512224013
32030,1,Clear,23,23.3,5.56,0.09154606824819449,0.6027350086800211,6.583952978143422,6.583952978143422
32031,1,Clear,23,9.3,1.78,-0.5643185221155275,-0.4868941878686263,0.8628002959097436,0.8628002959097436
32032,1,Clear,23,7.9,0.79,-0.6299049811518997,-0.7722732631551769,1.226015488467689,1.226015488467689
32033,1,Clear,23,40.8,8.45,0.9113768062028468,1.4358112991629817,1.5754310285173205,1.5754310285173205
32034,1,Clear,23,70.0,18.74,2.27932295181861,4.402024111989855,1.931285826994195,1.931285826994195
32035,1,Clear,23,70.0,18.06,2.27932295181861,4.206006161287982,1.8452875043144386,1.8452875043144386
32036,1,Clear,23,24.0,4.88,0.12433929776638056,0.406717057978148,3.2710258565423396,3.2710258565423396
32037,1,Clear,23,7.9,1.37,-0.6299049811518997,-0.6050814816741674,0.9605916761725906,0.9605916761725906
32038,1,Clear,23,38.0,8.55,0.7802038881301026,1.4646374683838457,1.8772496403396681,1.8772496403396681
32039,1,Clear,23,7.9,1.14,-0.6299049811518997,-0.671381670882154,1.0658459465654744,1.0658459465654744
32040,1,Clear,23,70.0,18.6,2.27932295181861,4.361667475080647,1.9135802899718928,1.9135802899718928
32041,1,Clear,23,11.4,1.96,-0.4659388335609692,-0.4350070832710717,0.9336141397498475,0.9336141397498475
32042,1,Clear,23,17.7,3.36,-0.17079976789729437,-0.03144071417898007,0.18407937297599875,0.18407937297599875
32043,1,Clear,23,70.0,0.2,2.27932295181861,-0.9423476615582725,-0.41343314724506186,0.41343314724506186
32044,1,Clear,23,35.9,9.0,0.6818241995755442,1.5943552298777321,2.3383670319567207,2.3383670319567207
32045,1,Clear,23,3.7,0.14,-0.8266643582610164,-0.9596433630907908,1.160862148586533,1.160862148586533
32046,1,Clear,23,10.7,2.08,-0.49873206307915535,-0.40041568020603524,0.8028673306742743,0.8028673306742743
32047,1,Clear,23,83.0,14.32,2.8883400714420664,3.1279074324276803,1.0829429205218224,1.0829429205218224
32048,1,Clear,23,85.0,20.12,2.982035012922598,4.7998252472377745,1.609580446385711,1.609580446385711
32049,1,Clear,23,16.3,3.61,-0.2363862269336665,0.040624708873179156,-0.1718573429600831,0.1718573429600831
32050,1,Clear,23,10.0,1.66,-0.5315252925973414,-0.5214855909336628,0.9811115260110788,0.9811115260110788
32051,1,Clear,23,16.3,2.79,-0.2363862269336665,-0.19574987873790306,0.8280934184580618,0.8280934184580618
32052,1,Clear,23,14.9,3.02,-0.30197268597003873,-0.12944968952991656,0.4286801275223957,0.4286801275223957
32053,1,Clear,23,19.1,3.74,-0.10521330886092208,0.07809872886030204,-0.742289447084476,0.742289447084476
32054,1,Clear,23,10.7,1.9,-0.49873206307915535,-0.45230278480358993,0.906905367204762,0.906905367204762
32055,1,Clear,23,70.0,19.92,2.27932295181861,4.742172908796047,2.0805182104678916,2.0805182104678916
32056,1,Clear,23,6.5,0.32,-0.6954914401882719,-0.9077562584932363,1.30520119449278,1.30520119449278
32057,1,Clear,23,10.7,2.11,-0.49873206307915535,-0.39176782943977617,0.7855276579191931,0.7855276579191931
32058,1,Clear,23,7.2,1.08,-0.6626982106700858,-0.6886773724146721,1.0392021003320915,1.0392021003320915
32059,1,Clear,23,9.3,1.37,-0.5643185221155275,-0.6050814816741674,1.0722339564645638,1.0722339564645638
32060,1,Clear,23,34.5,8.99,0.616237740539172,1.5914726129556458,2.582562716076429,2.582562716076429
32061,1,Clear,23,7.9,1.45,-0.6299049811518997,-0.5820205462974766,0.9239814951663702,0.9239814951663702
32062,1,Clear,23,74.4,19.53,2.4854518230757803,4.629750848834679,1.8627401287164356,1.8627401287164356
32063,1,Clear,23,15.6,2.93,-0.26917945645185265,-0.15539324182869385,0.5772849231400711,0.5772849231400711
32064,1,Clear,23,61.1,16.5,1.8623804622302438,3.756317921442509,2.0169444416014928,2.0169444416014928
32065,1,Clear,23,31.7,8.06,0.4850648224664276,1.3233892392016136,2.7282729604520193,2.7282729604520193
32066,1,Clear,23,16.3,2.47,-0.2363862269336665,-0.2879936202446668,1.2183181058407522,1.2183181058407522
32067,1,Clear,23,70.0,18.29,2.27932295181861,4.272306350495969,1.8743751722796502,1.8743751722796502
32068,1,Clear,23,21.2,4.47,-0.006833620306363873,0.28852976417260684,-42.22209476635844,42.22209476635844
32069,1,Clear,23,5.8,0.46,-0.728284669706458,-0.8673996215840271,1.1910172734154085,1.1910172734154085
32070,1,Clear,23,70.0,17.92,2.27932295181861,4.1656495243787734,1.8275819672921356,1.8275819672921356
32071,1,Clear,23,7.9,1.55,-0.6299049811518997,-0.5531943770766128,0.8782187689085944,0.8782187689085944
32072,1,Clear,23,17.0,3.39,-0.20359299741548043,-0.022792863412720892,0.11195308140292555,0.11195308140292555
32073,1,Clear,23,70.0,20.35,2.27932295181861,4.866125436445762,2.134899502750679,2.134899502750679
32074,1,Clear,23,14.9,3.49,-0.30197268597003873,0.006033305808142824,-0.01997964083659354,0.01997964083659354
32075,1,Clear,23,35.2,7.11,0.6490309700573583,1.0495406316034084,1.617088675307212,1.617088675307212
32076,1,Clear,23,42.9,9.51,1.0097564947574051,1.741368692904137,1.7245431962509954,1.7245431962509954
32077,1,Clear,23,7.9,0.78,-0.6299049811518997,-0.7751558800772633,1.230591761093467,1.230591761093467
32078,1,Clear,23,6.5,0.87,-0.6954914401882719,-0.7492123277784859,1.0772416229532193,1.0772416229532193
32079,1,Clear,23,32.4,8.42,0.5178580519846137,1.4271634483967228,2.755896993253908,2.755896993253908
32080,1,Clear,23,44.3,9.06,1.0753429537937773,1.6116509314102505,1.4987320330917637,1.4987320330917637
32081,1,Clear,23,3.0,0.04,-0.8594575877792024,-0.9884695323116545,1.150108564246681,1.150108564246681
32082,1,Clear,23,70.0,16.51,2.27932295181861,3.759200538364596,1.649261915853228,1.649261915853228
32083,1,Clear,23,110.1,18.43,4.157906528503271,4.312662987405178,1.0372198022829566,1.0372198022829566
32084,1,Clear,23,8.6,1.29,-0.5971117516337137,-0.6281424170508584,1.0519679362066547,1.0519679362066547
32085,1,Clear,23,19.8,3.74,-0.072420079342736,0.07809872886030204,-1.0784126387198667,1.0784126387198667
32086,1,Clear,23,70.0,20.24,2.27932295181861,4.834416650302811,2.1209880093760125,2.1209880093760125
32087,1,Clear,23,70.0,19.85,2.27932295181861,4.721994590341443,2.0716654419567404,2.0716654419567404
32088,1,Clear,23,70.0,19.14,2.27932295181861,4.517328788873311,1.9818730756293468,1.9818730756293468
32089,1,Clear,23,70.0,19.82,2.27932295181861,4.713346739575184,2.0678713983091037,2.0678713983091037
32090,1,Clear,23,59.0,15.6,1.7640007736756858,3.4968823984547357,1.982358766866189,1.982358766866189
32091,1,Clear,23,70.0,17.78,2.27932295181861,4.1252928874695645,1.809876430269833,1.809876430269833
32092,1,Clear,23,75.8,20.4,2.551038282112152,4.8805385210561925,1.9131576955463454,1.9131576955463454
32093,1,Clear,23,70.0,17.21,2.27932295181861,3.9609837229106413,1.7377896009647424,1.7377896009647424
32094,1,Clear,23,12.8,2.57,-0.400352374524597,-0.25916745102380323,0.6473483548875028,0.6473483548875028
32095,1,Clear,23,9.3,1.4,-0.5643185221155275,-0.5964336309079084,1.0569095422776258,1.0569095422776258
32096,1,Clear,23,31.0,8.05,0.45227159294824154,1.3205066222795274,2.9197204575053815,2.9197204575053815
32097,1,Clear,23,70.0,17.28,2.27932295181861,3.981162041365246,1.746642369475894,1.746642369475894
